[{"AddPathComponent":{"pathId":"sUzwaG_path_0","parentPathId":"root","name":"quotes"}},{"AddPathComponent":{"pathId":"sUzwaG_path_1","parentPathId":"root","name":"symbols"}},{"AddRequest":{"requestId":"path_awTj9Fd3tU}_get","pathId":"sUzwaG_path_0","httpMethod":"get"}},{"AddResponse":{"responseId":"response_KlaJ8gvHGQ","requestId":"path_awTj9Fd3tU}_get","httpStatusCode":200}},{"AddRequest":{"requestId":"path_OV779IxB7s}_get","pathId":"sUzwaG_path_1","httpMethod":"get"}},{"AddResponse":{"responseId":"response_x72wymQHQP","requestId":"path_OV779IxB7s}_get","httpStatusCode":200}},{"DefineInlineConcept":{"root":"shape_GFMjSBsFQA","conceptId":"concept_EzmnUErqK69V"}},{"AssignType":{"id":"shape_GFMjSBsFQA","to":{"ListT":{}},"conceptId":"concept_EzmnUErqK69V"}},{"AddTypeParameter":{"parentId":"shape_GFMjSBsFQA","id":"shape_JboS1lwfMC","conceptId":"concept_EzmnUErqK69V"}},{"AssignType":{"id":"shape_JboS1lwfMC","to":{"StringT":{}},"conceptId":"concept_EzmnUErqK69V"}},{"SetResponseBodyShape":{"responseId":"response_x72wymQHQP","bodyDescriptor":{"httpContentType":"application/json","conceptId":"concept_EzmnUErqK69V"}}}]