[{"DefineConcept":{"name":"AccountHolderVerificationNotification","root":"shape_CNI4pohhGt","conceptId":"concept_pT8XSQ_accountholderverificationnotification"}},{"SetConceptName":{"newName":"AccountHolderVerificationNotification","conceptId":"concept_pT8XSQ_accountholderverificationnotification"}},{"DefineConcept":{"name":"KYCShareholderCheckResult","root":"shape_YHpjHbKEHx","conceptId":"concept_IgLFoA_kycshareholdercheckresult"}},{"SetConceptName":{"newName":"KYCShareholderCheckResult","conceptId":"concept_IgLFoA_kycshareholdercheckresult"}},{"DefineConcept":{"name":"CloseAccountResponse","root":"shape_2LKFvqeVC2","conceptId":"concept_v5aLd9_closeaccountresponse"}},{"SetConceptName":{"newName":"CloseAccountResponse","conceptId":"concept_v5aLd9_closeaccountresponse"}},{"DefineConcept":{"name":"UpdateAccountHolderResponse","root":"shape_z7PGuLGjYw","conceptId":"concept_SjH8DC_updateaccountholderresponse"}},{"SetConceptName":{"newName":"UpdateAccountHolderResponse","conceptId":"concept_SjH8DC_updateaccountholderresponse"}},{"DefineConcept":{"name":"AccountCreateNotification","root":"shape_zsDI7PhRXM","conceptId":"concept_UM4Ke7_accountcreatenotification"}},{"SetConceptName":{"newName":"AccountCreateNotification","conceptId":"concept_UM4Ke7_accountcreatenotification"}},{"DefineConcept":{"name":"GenericResponse","root":"shape_wTHUMEzKKn","conceptId":"concept_Lr71wl_genericresponse"}},{"SetConceptName":{"newName":"GenericResponse","conceptId":"concept_Lr71wl_genericresponse"}},{"DefineConcept":{"name":"Name","root":"shape_Z7PdX6FF7x","conceptId":"concept_u3pxUq_name"}},{"SetConceptName":{"newName":"Name","conceptId":"concept_u3pxUq_name"}},{"DefineConcept":{"name":"SuspendAccountHolderResponse","root":"shape_39B0BGIMtA","conceptId":"concept_z3EFjx_suspendaccountholderresponse"}},{"SetConceptName":{"newName":"SuspendAccountHolderResponse","conceptId":"concept_z3EFjx_suspendaccountholderresponse"}},{"DefineConcept":{"name":"FieldType","root":"shape_IQmLc9QyZa","conceptId":"concept_eJVW4G_fieldtype"}},{"SetConceptName":{"newName":"FieldType","conceptId":"concept_eJVW4G_fieldtype"}},{"DefineConcept":{"name":"AccountHolderStatusChangeNotificationContent","root":"shape_5MVW0bP5dn","conceptId":"concept_thB0s8_accountholderstatuschangenotificationcontent"}},{"SetConceptName":{"newName":"AccountHolderStatusChangeNotificationContent","conceptId":"concept_thB0s8_accountholderstatuschangenotificationcontent"}},{"DefineConcept":{"name":"UploadDocumentRequest","root":"shape_WE4Yhzdr5b","conceptId":"concept_OTTUrA_uploaddocumentrequest"}},{"SetConceptName":{"newName":"UploadDocumentRequest","conceptId":"concept_OTTUrA_uploaddocumentrequest"}},{"DefineConcept":{"name":"IndividualDetails","root":"shape_NOPWBOrZKL","conceptId":"concept_Cwn2G7_individualdetails"}},{"SetConceptName":{"newName":"IndividualDetails","conceptId":"concept_Cwn2G7_individualdetails"}},{"DefineConcept":{"name":"CloseAccountRequest","root":"shape_cy0xFPt1SE","conceptId":"concept_qJRz98_closeaccountrequest"}},{"SetConceptName":{"newName":"CloseAccountRequest","conceptId":"concept_qJRz98_closeaccountrequest"}},{"DefineConcept":{"name":"CreateAccountHolderResponse","root":"shape_RHEyh3vOKZ","conceptId":"concept_ebKma5_createaccountholderresponse"}},{"SetConceptName":{"newName":"CreateAccountHolderResponse","conceptId":"concept_ebKma5_createaccountholderresponse"}},{"DefineConcept":{"name":"KYCCheckResult","root":"shape_HAAPRvEJDS","conceptId":"concept_GzobLC_kyccheckresult"}},{"SetConceptName":{"newName":"KYCCheckResult","conceptId":"concept_GzobLC_kyccheckresult"}},{"DefineConcept":{"name":"Address","root":"shape_CnfdxnGNFY","conceptId":"concept_mFTy5Q_address"}},{"SetConceptName":{"newName":"Address","conceptId":"concept_mFTy5Q_address"}},{"DefineConcept":{"name":"UpdateAccountHolderStateRequest","root":"shape_rkfLd736Gb","conceptId":"concept_VzF0hI_updateaccountholderstaterequest"}},{"SetConceptName":{"newName":"UpdateAccountHolderStateRequest","conceptId":"concept_VzF0hI_updateaccountholderstaterequest"}},{"DefineConcept":{"name":"BusinessDetails","root":"shape_uXm4U5jKpp","conceptId":"concept_q5Wo1a_businessdetails"}},{"SetConceptName":{"newName":"BusinessDetails","conceptId":"concept_q5Wo1a_businessdetails"}},{"DefineConcept":{"name":"KYCVerificationResult","root":"shape_UZajujMNAs","conceptId":"concept_8CS1Kt_kycverificationresult"}},{"SetConceptName":{"newName":"KYCVerificationResult","conceptId":"concept_8CS1Kt_kycverificationresult"}},{"DefineConcept":{"name":"AccountPayoutState","root":"shape_HfQuFYLCwf","conceptId":"concept_eOsPWE_accountpayoutstate"}},{"SetConceptName":{"newName":"AccountPayoutState","conceptId":"concept_eOsPWE_accountpayoutstate"}},{"DefineConcept":{"name":"CloseAccountHolderResponse","root":"shape_V9ZbSlZmQM","conceptId":"concept_Vd3kHY_closeaccountholderresponse"}},{"SetConceptName":{"newName":"CloseAccountHolderResponse","conceptId":"concept_Vd3kHY_closeaccountholderresponse"}},{"DefineConcept":{"name":"GetAccountHolderRequest","root":"shape_8k2qUiOKgG","conceptId":"concept_XkClOI_getaccountholderrequest"}},{"SetConceptName":{"newName":"GetAccountHolderRequest","conceptId":"concept_XkClOI_getaccountholderrequest"}},{"DefineConcept":{"name":"AccountEvent","root":"shape_Z11JGu7pKg","conceptId":"concept_5h7pXG_accountevent"}},{"SetConceptName":{"newName":"AccountEvent","conceptId":"concept_5h7pXG_accountevent"}},{"DefineConcept":{"name":"PhoneNumber","root":"shape_xDoBSejt1n","conceptId":"concept_WR0bBP_phonenumber"}},{"SetConceptName":{"newName":"PhoneNumber","conceptId":"concept_WR0bBP_phonenumber"}},{"DefineConcept":{"name":"GetAccountHolderResponse","root":"shape_sqtnUd1ssZ","conceptId":"concept_SiOTuM_getaccountholderresponse"}},{"SetConceptName":{"newName":"GetAccountHolderResponse","conceptId":"concept_SiOTuM_getaccountholderresponse"}},{"DefineConcept":{"name":"DeleteShareholderRequest","root":"shape_lkHCOGSzNC","conceptId":"concept_Xf2jXq_deleteshareholderrequest"}},{"SetConceptName":{"newName":"DeleteShareholderRequest","conceptId":"concept_Xf2jXq_deleteshareholderrequest"}},{"DefineConcept":{"name":"CloseAccountHolderRequest","root":"shape_jff7Ga6Afb","conceptId":"concept_j3D67z_closeaccountholderrequest"}},{"SetConceptName":{"newName":"CloseAccountHolderRequest","conceptId":"concept_j3D67z_closeaccountholderrequest"}},{"DefineConcept":{"name":"DeleteBankAccountRequest","root":"shape_Sce90QY7V1","conceptId":"concept_l2X8xU_deletebankaccountrequest"}},{"SetConceptName":{"newName":"DeleteBankAccountRequest","conceptId":"concept_l2X8xU_deletebankaccountrequest"}},{"DefineConcept":{"name":"UnSuspendAccountHolderRequest","root":"shape_GfwhDM7oIl","conceptId":"concept_F8bWDx_unsuspendaccountholderrequest"}},{"SetConceptName":{"newName":"UnSuspendAccountHolderRequest","conceptId":"concept_F8bWDx_unsuspendaccountholderrequest"}},{"DefineConcept":{"name":"GetUploadedDocumentsResponse","root":"shape_APIew1m6tv","conceptId":"concept_397hJw_getuploadeddocumentsresponse"}},{"SetConceptName":{"newName":"GetUploadedDocumentsResponse","conceptId":"concept_397hJw_getuploadeddocumentsresponse"}},{"DefineConcept":{"name":"Amount","root":"shape_Px3GBCENYa","conceptId":"concept_9zsoBH_amount"}},{"SetConceptName":{"newName":"Amount","conceptId":"concept_9zsoBH_amount"}},{"DefineConcept":{"name":"ShareholderContact","root":"shape_7gnHa7Wdp7","conceptId":"concept_ik1JxC_shareholdercontact"}},{"SetConceptName":{"newName":"ShareholderContact","conceptId":"concept_ik1JxC_shareholdercontact"}},{"DefineConcept":{"name":"PersonalData","root":"shape_bhUpjjPPQw","conceptId":"concept_jJ4rO8_personaldata"}},{"SetConceptName":{"newName":"PersonalData","conceptId":"concept_jJ4rO8_personaldata"}},{"DefineConcept":{"name":"UnSuspendAccountHolderResponse","root":"shape_aAk20uu2v3","conceptId":"concept_faTtWD_unsuspendaccountholderresponse"}},{"SetConceptName":{"newName":"UnSuspendAccountHolderResponse","conceptId":"concept_faTtWD_unsuspendaccountholderresponse"}},{"DefineConcept":{"name":"KYCCheckSummary","root":"shape_3fW48gpsR3","conceptId":"concept_jZzEyT_kycchecksummary"}},{"SetConceptName":{"newName":"KYCCheckSummary","conceptId":"concept_jZzEyT_kycchecksummary"}},{"DefineConcept":{"name":"AccountHolderStatusChangeNotification","root":"shape_DzmlhCBqLO","conceptId":"concept_1cKwvx_accountholderstatuschangenotification"}},{"SetConceptName":{"newName":"AccountHolderStatusChangeNotification","conceptId":"concept_1cKwvx_accountholderstatuschangenotification"}},{"DefineConcept":{"name":"AccountHolderStatus","root":"shape_JXkWs6sgBK","conceptId":"concept_bYY7yG_accountholderstatus"}},{"SetConceptName":{"newName":"AccountHolderStatus","conceptId":"concept_bYY7yG_accountholderstatus"}},{"DefineConcept":{"name":"SuspendAccountHolderRequest","root":"shape_ry1nY2iAfN","conceptId":"concept_7k7jBu_suspendaccountholderrequest"}},{"SetConceptName":{"newName":"SuspendAccountHolderRequest","conceptId":"concept_7k7jBu_suspendaccountholderrequest"}},{"DefineConcept":{"name":"UpdateAccountHolderRequest","root":"shape_eIAMaOHymY","conceptId":"concept_VANkK5_updateaccountholderrequest"}},{"SetConceptName":{"newName":"UpdateAccountHolderRequest","conceptId":"concept_VANkK5_updateaccountholderrequest"}},{"DefineConcept":{"name":"UpdateAccountRequest","root":"shape_Nbq0zloXEE","conceptId":"concept_sBTjXj_updateaccountrequest"}},{"SetConceptName":{"newName":"UpdateAccountRequest","conceptId":"concept_sBTjXj_updateaccountrequest"}},{"DefineConcept":{"name":"AccountHolderUpdateNotification","root":"shape_S4ObUKksNS","conceptId":"concept_szVpNP_accountholderupdatenotification"}},{"SetConceptName":{"newName":"AccountHolderUpdateNotification","conceptId":"concept_szVpNP_accountholderupdatenotification"}},{"DefineConcept":{"name":"BankAccountDetail","root":"shape_10DgtB3Rq4","conceptId":"concept_ceKeyP_bankaccountdetail"}},{"SetConceptName":{"newName":"BankAccountDetail","conceptId":"concept_ceKeyP_bankaccountdetail"}},{"DefineConcept":{"name":"CreateAccountResponse","root":"shape_ntYHaKe7ZZ","conceptId":"concept_Iu8ETd_createaccountresponse"}},{"SetConceptName":{"newName":"CreateAccountResponse","conceptId":"concept_Iu8ETd_createaccountresponse"}},{"DefineConcept":{"name":"GetUploadedDocumentsRequest","root":"shape_tjNwIfS3hw","conceptId":"concept_YQp3dN_getuploadeddocumentsrequest"}},{"SetConceptName":{"newName":"GetUploadedDocumentsRequest","conceptId":"concept_YQp3dN_getuploadeddocumentsrequest"}},{"DefineConcept":{"name":"GetAccountHolderStatusResponse","root":"shape_ACMvgLKqnb","conceptId":"concept_j6Gy6T_getaccountholderstatusresponse"}},{"SetConceptName":{"newName":"GetAccountHolderStatusResponse","conceptId":"concept_j6Gy6T_getaccountholderstatusresponse"}},{"DefineConcept":{"name":"UpdateAccountResponse","root":"shape_kN8OjOJQxT","conceptId":"concept_pxyxX3_updateaccountresponse"}},{"SetConceptName":{"newName":"UpdateAccountResponse","conceptId":"concept_pxyxX3_updateaccountresponse"}},{"DefineConcept":{"name":"AccountHolderCreateNotification","root":"shape_286CGjLm2L","conceptId":"concept_Wu8ILf_accountholdercreatenotification"}},{"SetConceptName":{"newName":"AccountHolderCreateNotification","conceptId":"concept_Wu8ILf_accountholdercreatenotification"}},{"DefineConcept":{"name":"CreateAccountHolderRequest","root":"shape_WNINGRJLQC","conceptId":"concept_9FKSR0_createaccountholderrequest"}},{"SetConceptName":{"newName":"CreateAccountHolderRequest","conceptId":"concept_9FKSR0_createaccountholderrequest"}},{"DefineConcept":{"name":"AccountProcessingState","root":"shape_ZjpnnXlGlA","conceptId":"concept_UuLPn4_accountprocessingstate"}},{"SetConceptName":{"newName":"AccountProcessingState","conceptId":"concept_UuLPn4_accountprocessingstate"}},{"DefineConcept":{"name":"UpdatePayoutScheduleRequest","root":"shape_XFhSL14nI6","conceptId":"concept_qnbWwm_updatepayoutschedulerequest"}},{"SetConceptName":{"newName":"UpdatePayoutScheduleRequest","conceptId":"concept_qnbWwm_updatepayoutschedulerequest"}},{"DefineConcept":{"name":"AccountHolderDetails","root":"shape_XeAYLBUhD2","conceptId":"concept_M5DnVa_accountholderdetails"}},{"SetConceptName":{"newName":"AccountHolderDetails","conceptId":"concept_M5DnVa_accountholderdetails"}},{"DefineConcept":{"name":"PayoutScheduleResponse","root":"shape_S6PWeywSGq","conceptId":"concept_w1uNnB_payoutscheduleresponse"}},{"SetConceptName":{"newName":"PayoutScheduleResponse","conceptId":"concept_w1uNnB_payoutscheduleresponse"}},{"DefineConcept":{"name":"KYCBankAccountCheckResult","root":"shape_kwmoCKBtSE","conceptId":"concept_zkOvvA_kycbankaccountcheckresult"}},{"SetConceptName":{"newName":"KYCBankAccountCheckResult","conceptId":"concept_zkOvvA_kycbankaccountcheckresult"}},{"DefineConcept":{"name":"ErrorFieldType","root":"shape_dvCggcmP3x","conceptId":"concept_COrBcd_errorfieldtype"}},{"SetConceptName":{"newName":"ErrorFieldType","conceptId":"concept_COrBcd_errorfieldtype"}},{"DefineConcept":{"name":"CreateAccountRequest","root":"shape_TUQKjLBSLl","conceptId":"concept_Z8GUYO_createaccountrequest"}},{"SetConceptName":{"newName":"CreateAccountRequest","conceptId":"concept_Z8GUYO_createaccountrequest"}},{"DefineConcept":{"name":"AccountHolderVerificationNotificationContent","root":"shape_HbhGE4XiXn","conceptId":"concept_TQsUgR_accountholderverificationnotificationcontent"}},{"SetConceptName":{"newName":"AccountHolderVerificationNotificationContent","conceptId":"concept_TQsUgR_accountholderverificationnotificationcontent"}},{"DefineConcept":{"name":"DocumentDetail","root":"shape_YGs25r9hNN","conceptId":"concept_IeVJzO_documentdetail"}},{"SetConceptName":{"newName":"DocumentDetail","conceptId":"concept_IeVJzO_documentdetail"}},{"DefineConcept":{"name":"KYCCheckStatusData","root":"shape_nJLIfR1JSY","conceptId":"concept_bqjwv0_kyccheckstatusdata"}},{"SetConceptName":{"newName":"KYCCheckStatusData","conceptId":"concept_bqjwv0_kyccheckstatusdata"}},{"DefineConcept":{"name":"Account","root":"shape_teFLo4m3zn","conceptId":"concept_XOLytz_account"}},{"SetConceptName":{"newName":"Account","conceptId":"concept_XOLytz_account"}},{"AssignType":{"id":"shape_CNI4pohhGt","to":{"AnyT":{}},"conceptId":"concept_pT8XSQ_accountholderverificationnotification"}},{"AssignType":{"id":"shape_YHpjHbKEHx","to":{"AnyT":{}},"conceptId":"concept_IgLFoA_kycshareholdercheckresult"}},{"AssignType":{"id":"shape_2LKFvqeVC2","to":{"AnyT":{}},"conceptId":"concept_v5aLd9_closeaccountresponse"}},{"AssignType":{"id":"shape_z7PGuLGjYw","to":{"AnyT":{}},"conceptId":"concept_SjH8DC_updateaccountholderresponse"}},{"AssignType":{"id":"shape_zsDI7PhRXM","to":{"AnyT":{}},"conceptId":"concept_UM4Ke7_accountcreatenotification"}},{"AssignType":{"id":"shape_wTHUMEzKKn","to":{"AnyT":{}},"conceptId":"concept_Lr71wl_genericresponse"}},{"AssignType":{"id":"shape_Z7PdX6FF7x","to":{"AnyT":{}},"conceptId":"concept_u3pxUq_name"}},{"AssignType":{"id":"shape_39B0BGIMtA","to":{"AnyT":{}},"conceptId":"concept_z3EFjx_suspendaccountholderresponse"}},{"AssignType":{"id":"shape_IQmLc9QyZa","to":{"AnyT":{}},"conceptId":"concept_eJVW4G_fieldtype"}},{"AssignType":{"id":"shape_5MVW0bP5dn","to":{"AnyT":{}},"conceptId":"concept_thB0s8_accountholderstatuschangenotificationcontent"}},{"AssignType":{"id":"shape_WE4Yhzdr5b","to":{"AnyT":{}},"conceptId":"concept_OTTUrA_uploaddocumentrequest"}},{"AssignType":{"id":"shape_NOPWBOrZKL","to":{"AnyT":{}},"conceptId":"concept_Cwn2G7_individualdetails"}},{"AssignType":{"id":"shape_cy0xFPt1SE","to":{"AnyT":{}},"conceptId":"concept_qJRz98_closeaccountrequest"}},{"AssignType":{"id":"shape_RHEyh3vOKZ","to":{"AnyT":{}},"conceptId":"concept_ebKma5_createaccountholderresponse"}},{"AssignType":{"id":"shape_HAAPRvEJDS","to":{"AnyT":{}},"conceptId":"concept_GzobLC_kyccheckresult"}},{"AssignType":{"id":"shape_CnfdxnGNFY","to":{"AnyT":{}},"conceptId":"concept_mFTy5Q_address"}},{"AssignType":{"id":"shape_rkfLd736Gb","to":{"AnyT":{}},"conceptId":"concept_VzF0hI_updateaccountholderstaterequest"}},{"AssignType":{"id":"shape_uXm4U5jKpp","to":{"AnyT":{}},"conceptId":"concept_q5Wo1a_businessdetails"}},{"AssignType":{"id":"shape_UZajujMNAs","to":{"AnyT":{}},"conceptId":"concept_8CS1Kt_kycverificationresult"}},{"AssignType":{"id":"shape_HfQuFYLCwf","to":{"AnyT":{}},"conceptId":"concept_eOsPWE_accountpayoutstate"}},{"AssignType":{"id":"shape_V9ZbSlZmQM","to":{"AnyT":{}},"conceptId":"concept_Vd3kHY_closeaccountholderresponse"}},{"AssignType":{"id":"shape_8k2qUiOKgG","to":{"AnyT":{}},"conceptId":"concept_XkClOI_getaccountholderrequest"}},{"AssignType":{"id":"shape_Z11JGu7pKg","to":{"AnyT":{}},"conceptId":"concept_5h7pXG_accountevent"}},{"AssignType":{"id":"shape_xDoBSejt1n","to":{"AnyT":{}},"conceptId":"concept_WR0bBP_phonenumber"}},{"AssignType":{"id":"shape_sqtnUd1ssZ","to":{"AnyT":{}},"conceptId":"concept_SiOTuM_getaccountholderresponse"}},{"AssignType":{"id":"shape_lkHCOGSzNC","to":{"AnyT":{}},"conceptId":"concept_Xf2jXq_deleteshareholderrequest"}},{"AssignType":{"id":"shape_jff7Ga6Afb","to":{"AnyT":{}},"conceptId":"concept_j3D67z_closeaccountholderrequest"}},{"AssignType":{"id":"shape_Sce90QY7V1","to":{"AnyT":{}},"conceptId":"concept_l2X8xU_deletebankaccountrequest"}},{"AssignType":{"id":"shape_GfwhDM7oIl","to":{"AnyT":{}},"conceptId":"concept_F8bWDx_unsuspendaccountholderrequest"}},{"AssignType":{"id":"shape_APIew1m6tv","to":{"AnyT":{}},"conceptId":"concept_397hJw_getuploadeddocumentsresponse"}},{"AssignType":{"id":"shape_Px3GBCENYa","to":{"AnyT":{}},"conceptId":"concept_9zsoBH_amount"}},{"AssignType":{"id":"shape_7gnHa7Wdp7","to":{"AnyT":{}},"conceptId":"concept_ik1JxC_shareholdercontact"}},{"AssignType":{"id":"shape_bhUpjjPPQw","to":{"AnyT":{}},"conceptId":"concept_jJ4rO8_personaldata"}},{"AssignType":{"id":"shape_aAk20uu2v3","to":{"AnyT":{}},"conceptId":"concept_faTtWD_unsuspendaccountholderresponse"}},{"AssignType":{"id":"shape_3fW48gpsR3","to":{"AnyT":{}},"conceptId":"concept_jZzEyT_kycchecksummary"}},{"AssignType":{"id":"shape_DzmlhCBqLO","to":{"AnyT":{}},"conceptId":"concept_1cKwvx_accountholderstatuschangenotification"}},{"AssignType":{"id":"shape_JXkWs6sgBK","to":{"AnyT":{}},"conceptId":"concept_bYY7yG_accountholderstatus"}},{"AssignType":{"id":"shape_ry1nY2iAfN","to":{"AnyT":{}},"conceptId":"concept_7k7jBu_suspendaccountholderrequest"}},{"AssignType":{"id":"shape_eIAMaOHymY","to":{"AnyT":{}},"conceptId":"concept_VANkK5_updateaccountholderrequest"}},{"AssignType":{"id":"shape_Nbq0zloXEE","to":{"AnyT":{}},"conceptId":"concept_sBTjXj_updateaccountrequest"}},{"AssignType":{"id":"shape_S4ObUKksNS","to":{"AnyT":{}},"conceptId":"concept_szVpNP_accountholderupdatenotification"}},{"AssignType":{"id":"shape_10DgtB3Rq4","to":{"AnyT":{}},"conceptId":"concept_ceKeyP_bankaccountdetail"}},{"AssignType":{"id":"shape_ntYHaKe7ZZ","to":{"AnyT":{}},"conceptId":"concept_Iu8ETd_createaccountresponse"}},{"AssignType":{"id":"shape_tjNwIfS3hw","to":{"AnyT":{}},"conceptId":"concept_YQp3dN_getuploadeddocumentsrequest"}},{"AssignType":{"id":"shape_ACMvgLKqnb","to":{"AnyT":{}},"conceptId":"concept_j6Gy6T_getaccountholderstatusresponse"}},{"AssignType":{"id":"shape_kN8OjOJQxT","to":{"AnyT":{}},"conceptId":"concept_pxyxX3_updateaccountresponse"}},{"AssignType":{"id":"shape_286CGjLm2L","to":{"AnyT":{}},"conceptId":"concept_Wu8ILf_accountholdercreatenotification"}},{"AssignType":{"id":"shape_WNINGRJLQC","to":{"AnyT":{}},"conceptId":"concept_9FKSR0_createaccountholderrequest"}},{"AssignType":{"id":"shape_ZjpnnXlGlA","to":{"AnyT":{}},"conceptId":"concept_UuLPn4_accountprocessingstate"}},{"AssignType":{"id":"shape_XFhSL14nI6","to":{"AnyT":{}},"conceptId":"concept_qnbWwm_updatepayoutschedulerequest"}},{"AssignType":{"id":"shape_XeAYLBUhD2","to":{"AnyT":{}},"conceptId":"concept_M5DnVa_accountholderdetails"}},{"AssignType":{"id":"shape_S6PWeywSGq","to":{"AnyT":{}},"conceptId":"concept_w1uNnB_payoutscheduleresponse"}},{"AssignType":{"id":"shape_kwmoCKBtSE","to":{"AnyT":{}},"conceptId":"concept_zkOvvA_kycbankaccountcheckresult"}},{"AssignType":{"id":"shape_dvCggcmP3x","to":{"AnyT":{}},"conceptId":"concept_COrBcd_errorfieldtype"}},{"AssignType":{"id":"shape_TUQKjLBSLl","to":{"AnyT":{}},"conceptId":"concept_Z8GUYO_createaccountrequest"}},{"AssignType":{"id":"shape_HbhGE4XiXn","to":{"AnyT":{}},"conceptId":"concept_TQsUgR_accountholderverificationnotificationcontent"}},{"AssignType":{"id":"shape_YGs25r9hNN","to":{"AnyT":{}},"conceptId":"concept_IeVJzO_documentdetail"}},{"AssignType":{"id":"shape_nJLIfR1JSY","to":{"AnyT":{}},"conceptId":"concept_bqjwv0_kyccheckstatusdata"}},{"AssignType":{"id":"shape_teFLo4m3zn","to":{"AnyT":{}},"conceptId":"concept_XOLytz_account"}},{"AddPathComponent":{"pathId":"IbHGVz_path_0","parentPathId":"root","name":"closeAccount"}},{"AddPathComponent":{"pathId":"IbHGVz_path_1","parentPathId":"root","name":"closeAccountHolder"}},{"AddPathComponent":{"pathId":"IbHGVz_path_2","parentPathId":"root","name":"createAccount"}},{"AddPathComponent":{"pathId":"IbHGVz_path_3","parentPathId":"root","name":"createAccountHolder"}},{"AddPathComponent":{"pathId":"IbHGVz_path_4","parentPathId":"root","name":"deleteBankAccounts"}},{"AddPathComponent":{"pathId":"IbHGVz_path_5","parentPathId":"root","name":"deleteShareholders"}},{"AddPathComponent":{"pathId":"IbHGVz_path_6","parentPathId":"root","name":"getAccountHolder"}},{"AddPathComponent":{"pathId":"IbHGVz_path_7","parentPathId":"root","name":"getUploadedDocuments"}},{"AddPathComponent":{"pathId":"IbHGVz_path_8","parentPathId":"root","name":"suspendAccountHolder"}},{"AddPathComponent":{"pathId":"IbHGVz_path_9","parentPathId":"root","name":"unSuspendAccountHolder"}},{"AddPathComponent":{"pathId":"IbHGVz_path_10","parentPathId":"root","name":"updateAccount"}},{"AddPathComponent":{"pathId":"IbHGVz_path_11","parentPathId":"root","name":"updateAccountHolder"}},{"AddPathComponent":{"pathId":"IbHGVz_path_12","parentPathId":"root","name":"updateAccountHolderState"}},{"AddPathComponent":{"pathId":"IbHGVz_path_13","parentPathId":"root","name":"uploadDocument"}},{"AddRequest":{"requestId":"path_SuyBWf8LN8}_post","pathId":"IbHGVz_path_6","httpMethod":"post"}},{"DefineInlineConcept":{"root":"shape_d7VtxqQ86w","conceptId":"concept_6D5jN4SwZUVV"}},{"AssignType":{"id":"shape_d7VtxqQ86w","to":{"RefT":{"conceptId":"concept_XkClOI_getaccountholderrequest"}},"conceptId":"concept_6D5jN4SwZUVV"}},{"AddResponse":{"responseId":"response_wpLBSWfnKq","requestId":"path_SuyBWf8LN8}_post","httpStatusCode":400}},{"AddResponse":{"responseId":"response_0GU3PSkhED","requestId":"path_SuyBWf8LN8}_post","httpStatusCode":500}},{"AddResponse":{"responseId":"response_gD6DH0PwLS","requestId":"path_SuyBWf8LN8}_post","httpStatusCode":403}},{"AddResponse":{"responseId":"response_7lVuitXCEM","requestId":"path_SuyBWf8LN8}_post","httpStatusCode":422}},{"AddResponse":{"responseId":"response_TFrFngA7G5","requestId":"path_SuyBWf8LN8}_post","httpStatusCode":401}},{"AddResponse":{"responseId":"response_uChIbG3pxh","requestId":"path_SuyBWf8LN8}_post","httpStatusCode":200}},{"DefineInlineConcept":{"root":"shape_1zQuLOSzol","conceptId":"concept_Z0poMpX8Aqiy"}},{"AssignType":{"id":"shape_1zQuLOSzol","to":{"RefT":{"conceptId":"concept_SiOTuM_getaccountholderresponse"}},"conceptId":"concept_Z0poMpX8Aqiy"}},{"AddRequest":{"requestId":"path_tWv3eD10ku}_post","pathId":"IbHGVz_path_7","httpMethod":"post"}},{"DefineInlineConcept":{"root":"shape_iq0e6njYIC","conceptId":"concept_c2kvL8j4xHni"}},{"AssignType":{"id":"shape_iq0e6njYIC","to":{"RefT":{"conceptId":"concept_YQp3dN_getuploadeddocumentsrequest"}},"conceptId":"concept_c2kvL8j4xHni"}},{"AddResponse":{"responseId":"response_lua9BTDkMG","requestId":"path_tWv3eD10ku}_post","httpStatusCode":400}},{"AddResponse":{"responseId":"response_yBqqD1J5qV","requestId":"path_tWv3eD10ku}_post","httpStatusCode":500}},{"AddResponse":{"responseId":"response_GzTUdFZPaS","requestId":"path_tWv3eD10ku}_post","httpStatusCode":403}},{"AddResponse":{"responseId":"response_BwdaeuLien","requestId":"path_tWv3eD10ku}_post","httpStatusCode":422}},{"AddResponse":{"responseId":"response_GoyGuCgndm","requestId":"path_tWv3eD10ku}_post","httpStatusCode":401}},{"AddResponse":{"responseId":"response_00BtJTkQhx","requestId":"path_tWv3eD10ku}_post","httpStatusCode":200}},{"DefineInlineConcept":{"root":"shape_DuQVr8OvEh","conceptId":"concept_HLC7bUOInEMH"}},{"AssignType":{"id":"shape_DuQVr8OvEh","to":{"RefT":{"conceptId":"concept_397hJw_getuploadeddocumentsresponse"}},"conceptId":"concept_HLC7bUOInEMH"}},{"AddRequest":{"requestId":"path_qxV7jYTaU5}_post","pathId":"IbHGVz_path_3","httpMethod":"post"}},{"DefineInlineConcept":{"root":"shape_ENUdrW7taO","conceptId":"concept_1loZKr7ICLhM"}},{"AssignType":{"id":"shape_ENUdrW7taO","to":{"RefT":{"conceptId":"concept_9FKSR0_createaccountholderrequest"}},"conceptId":"concept_1loZKr7ICLhM"}},{"AddResponse":{"responseId":"response_c6xYaxAHZz","requestId":"path_qxV7jYTaU5}_post","httpStatusCode":400}},{"AddResponse":{"responseId":"response_dGmXnVHlIP","requestId":"path_qxV7jYTaU5}_post","httpStatusCode":500}},{"AddResponse":{"responseId":"response_e9x3IlYA5s","requestId":"path_qxV7jYTaU5}_post","httpStatusCode":403}},{"AddResponse":{"responseId":"response_jBp6r8lX4b","requestId":"path_qxV7jYTaU5}_post","httpStatusCode":422}},{"AddResponse":{"responseId":"response_sbB5WHrlA9","requestId":"path_qxV7jYTaU5}_post","httpStatusCode":401}},{"AddResponse":{"responseId":"response_fV1CcVnCOY","requestId":"path_qxV7jYTaU5}_post","httpStatusCode":200}},{"DefineInlineConcept":{"root":"shape_JEmnVuEUCc","conceptId":"concept_5dLZwdXc2tyM"}},{"AssignType":{"id":"shape_JEmnVuEUCc","to":{"RefT":{"conceptId":"concept_ebKma5_createaccountholderresponse"}},"conceptId":"concept_5dLZwdXc2tyM"}},{"AddRequest":{"requestId":"path_BjuBQk2fuQ}_post","pathId":"IbHGVz_path_9","httpMethod":"post"}},{"DefineInlineConcept":{"root":"shape_9FU7XYsXRx","conceptId":"concept_kZCvaemUtOJz"}},{"AssignType":{"id":"shape_9FU7XYsXRx","to":{"RefT":{"conceptId":"concept_F8bWDx_unsuspendaccountholderrequest"}},"conceptId":"concept_kZCvaemUtOJz"}},{"AddResponse":{"responseId":"response_1thPRrlxi4","requestId":"path_BjuBQk2fuQ}_post","httpStatusCode":400}},{"AddResponse":{"responseId":"response_hoLDHgLj8Y","requestId":"path_BjuBQk2fuQ}_post","httpStatusCode":500}},{"AddResponse":{"responseId":"response_9IHCYf3qnh","requestId":"path_BjuBQk2fuQ}_post","httpStatusCode":403}},{"AddResponse":{"responseId":"response_uxzEa14dZr","requestId":"path_BjuBQk2fuQ}_post","httpStatusCode":422}},{"AddResponse":{"responseId":"response_vckNwh1DD8","requestId":"path_BjuBQk2fuQ}_post","httpStatusCode":401}},{"AddResponse":{"responseId":"response_CVPew8W5zA","requestId":"path_BjuBQk2fuQ}_post","httpStatusCode":200}},{"DefineInlineConcept":{"root":"shape_rvdHlQIb4t","conceptId":"concept_0FwM9oCdN3Ul"}},{"AssignType":{"id":"shape_rvdHlQIb4t","to":{"RefT":{"conceptId":"concept_faTtWD_unsuspendaccountholderresponse"}},"conceptId":"concept_0FwM9oCdN3Ul"}},{"AddRequest":{"requestId":"path_WpE2ForwJC}_post","pathId":"IbHGVz_path_4","httpMethod":"post"}},{"DefineInlineConcept":{"root":"shape_vTpt3ClYPq","conceptId":"concept_CyoeKWMAA4hg"}},{"AssignType":{"id":"shape_vTpt3ClYPq","to":{"RefT":{"conceptId":"concept_l2X8xU_deletebankaccountrequest"}},"conceptId":"concept_CyoeKWMAA4hg"}},{"AddResponse":{"responseId":"response_XfnLYvvmIj","requestId":"path_WpE2ForwJC}_post","httpStatusCode":400}},{"AddResponse":{"responseId":"response_ZFctKstb0O","requestId":"path_WpE2ForwJC}_post","httpStatusCode":500}},{"AddResponse":{"responseId":"response_WEmqIb3ULF","requestId":"path_WpE2ForwJC}_post","httpStatusCode":403}},{"AddResponse":{"responseId":"response_qcVmBq7lBi","requestId":"path_WpE2ForwJC}_post","httpStatusCode":422}},{"AddResponse":{"responseId":"response_HFFpvYBwLC","requestId":"path_WpE2ForwJC}_post","httpStatusCode":401}},{"AddResponse":{"responseId":"response_7QiNao0gjj","requestId":"path_WpE2ForwJC}_post","httpStatusCode":200}},{"DefineInlineConcept":{"root":"shape_OFckJi8wbF","conceptId":"concept_t0apsCFIT8fE"}},{"AssignType":{"id":"shape_OFckJi8wbF","to":{"RefT":{"conceptId":"concept_Lr71wl_genericresponse"}},"conceptId":"concept_t0apsCFIT8fE"}},{"AddRequest":{"requestId":"path_faK8bTkCGK}_post","pathId":"IbHGVz_path_8","httpMethod":"post"}},{"DefineInlineConcept":{"root":"shape_ZixOJJsqLh","conceptId":"concept_BcYKtzh20467"}},{"AssignType":{"id":"shape_ZixOJJsqLh","to":{"RefT":{"conceptId":"concept_7k7jBu_suspendaccountholderrequest"}},"conceptId":"concept_BcYKtzh20467"}},{"AddResponse":{"responseId":"response_8XO0DhOo4Y","requestId":"path_faK8bTkCGK}_post","httpStatusCode":400}},{"AddResponse":{"responseId":"response_FZbwidQSDt","requestId":"path_faK8bTkCGK}_post","httpStatusCode":500}},{"AddResponse":{"responseId":"response_V04AUgeTdP","requestId":"path_faK8bTkCGK}_post","httpStatusCode":403}},{"AddResponse":{"responseId":"response_oIPqBHtz42","requestId":"path_faK8bTkCGK}_post","httpStatusCode":422}},{"AddResponse":{"responseId":"response_aQh1cAMDAn","requestId":"path_faK8bTkCGK}_post","httpStatusCode":401}},{"AddResponse":{"responseId":"response_llTnBiv7CH","requestId":"path_faK8bTkCGK}_post","httpStatusCode":200}},{"DefineInlineConcept":{"root":"shape_jg6lsPuVAD","conceptId":"concept_82FbhORKeA3K"}},{"AssignType":{"id":"shape_jg6lsPuVAD","to":{"RefT":{"conceptId":"concept_z3EFjx_suspendaccountholderresponse"}},"conceptId":"concept_82FbhORKeA3K"}},{"AddRequest":{"requestId":"path_oQJZXiPGPY}_post","pathId":"IbHGVz_path_12","httpMethod":"post"}},{"DefineInlineConcept":{"root":"shape_t3TdOG2dmt","conceptId":"concept_GNoGllxrdNkn"}},{"AssignType":{"id":"shape_t3TdOG2dmt","to":{"RefT":{"conceptId":"concept_VzF0hI_updateaccountholderstaterequest"}},"conceptId":"concept_GNoGllxrdNkn"}},{"AddResponse":{"responseId":"response_aZnmtsPXqA","requestId":"path_oQJZXiPGPY}_post","httpStatusCode":400}},{"AddResponse":{"responseId":"response_3cpXMlY40U","requestId":"path_oQJZXiPGPY}_post","httpStatusCode":500}},{"AddResponse":{"responseId":"response_VGe9ppTSyA","requestId":"path_oQJZXiPGPY}_post","httpStatusCode":403}},{"AddResponse":{"responseId":"response_ct5wiUXML9","requestId":"path_oQJZXiPGPY}_post","httpStatusCode":422}},{"AddResponse":{"responseId":"response_fD1oC6ROuG","requestId":"path_oQJZXiPGPY}_post","httpStatusCode":401}},{"AddResponse":{"responseId":"response_fOMvyEsiGZ","requestId":"path_oQJZXiPGPY}_post","httpStatusCode":200}},{"DefineInlineConcept":{"root":"shape_pX6lgtIY5C","conceptId":"concept_GWM3ekZGPVCF"}},{"AssignType":{"id":"shape_pX6lgtIY5C","to":{"RefT":{"conceptId":"concept_j6Gy6T_getaccountholderstatusresponse"}},"conceptId":"concept_GWM3ekZGPVCF"}},{"AddRequest":{"requestId":"path_Jam3tzfmMX}_post","pathId":"IbHGVz_path_5","httpMethod":"post"}},{"DefineInlineConcept":{"root":"shape_NabVMVEnbd","conceptId":"concept_1i30zre7dTQz"}},{"AssignType":{"id":"shape_NabVMVEnbd","to":{"RefT":{"conceptId":"concept_Xf2jXq_deleteshareholderrequest"}},"conceptId":"concept_1i30zre7dTQz"}},{"AddResponse":{"responseId":"response_qVTk0x6Hpj","requestId":"path_Jam3tzfmMX}_post","httpStatusCode":400}},{"AddResponse":{"responseId":"response_HlNpDMX98Z","requestId":"path_Jam3tzfmMX}_post","httpStatusCode":500}},{"AddResponse":{"responseId":"response_LDTuhummTS","requestId":"path_Jam3tzfmMX}_post","httpStatusCode":403}},{"AddResponse":{"responseId":"response_v9vfFYBnKm","requestId":"path_Jam3tzfmMX}_post","httpStatusCode":422}},{"AddResponse":{"responseId":"response_vyC0QdLi1R","requestId":"path_Jam3tzfmMX}_post","httpStatusCode":401}},{"AddResponse":{"responseId":"response_jWuzLZGMT9","requestId":"path_Jam3tzfmMX}_post","httpStatusCode":200}},{"DefineInlineConcept":{"root":"shape_JnhEckOscZ","conceptId":"concept_9mK6ZcfVQkCs"}},{"AssignType":{"id":"shape_JnhEckOscZ","to":{"RefT":{"conceptId":"concept_Lr71wl_genericresponse"}},"conceptId":"concept_9mK6ZcfVQkCs"}},{"AddRequest":{"requestId":"path_NAEAazs4ji}_post","pathId":"IbHGVz_path_13","httpMethod":"post"}},{"DefineInlineConcept":{"root":"shape_p1btV71ug1","conceptId":"concept_MWxliDAzrynK"}},{"AssignType":{"id":"shape_p1btV71ug1","to":{"RefT":{"conceptId":"concept_OTTUrA_uploaddocumentrequest"}},"conceptId":"concept_MWxliDAzrynK"}},{"AddResponse":{"responseId":"response_NDcI04TZVM","requestId":"path_NAEAazs4ji}_post","httpStatusCode":400}},{"AddResponse":{"responseId":"response_HkPJ3GX6Zo","requestId":"path_NAEAazs4ji}_post","httpStatusCode":500}},{"AddResponse":{"responseId":"response_zASFg6rmlx","requestId":"path_NAEAazs4ji}_post","httpStatusCode":403}},{"AddResponse":{"responseId":"response_3mV6sgxKtj","requestId":"path_NAEAazs4ji}_post","httpStatusCode":422}},{"AddResponse":{"responseId":"response_oR3BbGjVJH","requestId":"path_NAEAazs4ji}_post","httpStatusCode":401}},{"AddResponse":{"responseId":"response_iooi8wln3w","requestId":"path_NAEAazs4ji}_post","httpStatusCode":200}},{"DefineInlineConcept":{"root":"shape_DNqYENHqMB","conceptId":"concept_tLYiaacdNsWS"}},{"AssignType":{"id":"shape_DNqYENHqMB","to":{"RefT":{"conceptId":"concept_SjH8DC_updateaccountholderresponse"}},"conceptId":"concept_tLYiaacdNsWS"}},{"AddRequest":{"requestId":"path_GCcL3IIu77}_post","pathId":"IbHGVz_path_10","httpMethod":"post"}},{"DefineInlineConcept":{"root":"shape_HiR0qkcMIe","conceptId":"concept_3kJsMBIiWURN"}},{"AssignType":{"id":"shape_HiR0qkcMIe","to":{"RefT":{"conceptId":"concept_sBTjXj_updateaccountrequest"}},"conceptId":"concept_3kJsMBIiWURN"}},{"AddResponse":{"responseId":"response_5Kf26LpNsK","requestId":"path_GCcL3IIu77}_post","httpStatusCode":400}},{"AddResponse":{"responseId":"response_HvaNNLrudY","requestId":"path_GCcL3IIu77}_post","httpStatusCode":500}},{"AddResponse":{"responseId":"response_HLPWvcNnMl","requestId":"path_GCcL3IIu77}_post","httpStatusCode":403}},{"AddResponse":{"responseId":"response_sRRnzaC2DB","requestId":"path_GCcL3IIu77}_post","httpStatusCode":422}},{"AddResponse":{"responseId":"response_yRZgC0jjIH","requestId":"path_GCcL3IIu77}_post","httpStatusCode":401}},{"AddResponse":{"responseId":"response_odj1X8C11C","requestId":"path_GCcL3IIu77}_post","httpStatusCode":200}},{"DefineInlineConcept":{"root":"shape_kc2PFGeFUk","conceptId":"concept_JzJ0Z7TH4KpK"}},{"AssignType":{"id":"shape_kc2PFGeFUk","to":{"RefT":{"conceptId":"concept_pxyxX3_updateaccountresponse"}},"conceptId":"concept_JzJ0Z7TH4KpK"}},{"AddRequest":{"requestId":"path_IDkTJjYrAa}_post","pathId":"IbHGVz_path_2","httpMethod":"post"}},{"DefineInlineConcept":{"root":"shape_aIvJfPjCuY","conceptId":"concept_aHLkX2G2upbb"}},{"AssignType":{"id":"shape_aIvJfPjCuY","to":{"RefT":{"conceptId":"concept_Z8GUYO_createaccountrequest"}},"conceptId":"concept_aHLkX2G2upbb"}},{"AddResponse":{"responseId":"response_apbt0Lf9r3","requestId":"path_IDkTJjYrAa}_post","httpStatusCode":400}},{"AddResponse":{"responseId":"response_koY0Mrt558","requestId":"path_IDkTJjYrAa}_post","httpStatusCode":500}},{"AddResponse":{"responseId":"response_qG0ttP2NLh","requestId":"path_IDkTJjYrAa}_post","httpStatusCode":403}},{"AddResponse":{"responseId":"response_jquL5Pfy32","requestId":"path_IDkTJjYrAa}_post","httpStatusCode":422}},{"AddResponse":{"responseId":"response_XaqClT6yA4","requestId":"path_IDkTJjYrAa}_post","httpStatusCode":401}},{"AddResponse":{"responseId":"response_UyHeceYrFb","requestId":"path_IDkTJjYrAa}_post","httpStatusCode":200}},{"DefineInlineConcept":{"root":"shape_1Ov5JqC4BS","conceptId":"concept_cgvL9y8E7F11"}},{"AssignType":{"id":"shape_1Ov5JqC4BS","to":{"RefT":{"conceptId":"concept_Iu8ETd_createaccountresponse"}},"conceptId":"concept_cgvL9y8E7F11"}},{"AddRequest":{"requestId":"path_DftyZkQ4HT}_post","pathId":"IbHGVz_path_11","httpMethod":"post"}},{"DefineInlineConcept":{"root":"shape_dAL6j66IRW","conceptId":"concept_o9Si0tq4cuO5"}},{"AssignType":{"id":"shape_dAL6j66IRW","to":{"RefT":{"conceptId":"concept_VANkK5_updateaccountholderrequest"}},"conceptId":"concept_o9Si0tq4cuO5"}},{"AddResponse":{"responseId":"response_kKaMrCX7Ow","requestId":"path_DftyZkQ4HT}_post","httpStatusCode":400}},{"AddResponse":{"responseId":"response_x2SbUN9RMP","requestId":"path_DftyZkQ4HT}_post","httpStatusCode":500}},{"AddResponse":{"responseId":"response_6i87ltDF97","requestId":"path_DftyZkQ4HT}_post","httpStatusCode":403}},{"AddResponse":{"responseId":"response_l8GwLrqSAr","requestId":"path_DftyZkQ4HT}_post","httpStatusCode":422}},{"AddResponse":{"responseId":"response_zz2R33wXo5","requestId":"path_DftyZkQ4HT}_post","httpStatusCode":401}},{"AddResponse":{"responseId":"response_V7F2dAYUWl","requestId":"path_DftyZkQ4HT}_post","httpStatusCode":200}},{"DefineInlineConcept":{"root":"shape_1kOBZLfeu3","conceptId":"concept_iPxbXWomGpWZ"}},{"AssignType":{"id":"shape_1kOBZLfeu3","to":{"RefT":{"conceptId":"concept_SjH8DC_updateaccountholderresponse"}},"conceptId":"concept_iPxbXWomGpWZ"}},{"AddRequest":{"requestId":"path_8ypqwJAyv0}_post","pathId":"IbHGVz_path_0","httpMethod":"post"}},{"DefineInlineConcept":{"root":"shape_0l4AQgJItR","conceptId":"concept_3OlRGDGmRnxS"}},{"AssignType":{"id":"shape_0l4AQgJItR","to":{"RefT":{"conceptId":"concept_qJRz98_closeaccountrequest"}},"conceptId":"concept_3OlRGDGmRnxS"}},{"AddResponse":{"responseId":"response_MkhC8DpLBy","requestId":"path_8ypqwJAyv0}_post","httpStatusCode":400}},{"AddResponse":{"responseId":"response_o6k1Dz4xRl","requestId":"path_8ypqwJAyv0}_post","httpStatusCode":500}},{"AddResponse":{"responseId":"response_NqnjtlneEw","requestId":"path_8ypqwJAyv0}_post","httpStatusCode":403}},{"AddResponse":{"responseId":"response_UrNXbG32mQ","requestId":"path_8ypqwJAyv0}_post","httpStatusCode":422}},{"AddResponse":{"responseId":"response_G18xaB0lSH","requestId":"path_8ypqwJAyv0}_post","httpStatusCode":401}},{"AddResponse":{"responseId":"response_D7cKKY9Bvv","requestId":"path_8ypqwJAyv0}_post","httpStatusCode":200}},{"DefineInlineConcept":{"root":"shape_1Sl50v0sBq","conceptId":"concept_G3CitW5gCSRg"}},{"AssignType":{"id":"shape_1Sl50v0sBq","to":{"RefT":{"conceptId":"concept_v5aLd9_closeaccountresponse"}},"conceptId":"concept_G3CitW5gCSRg"}},{"AddRequest":{"requestId":"path_LDkzGKSkKS}_post","pathId":"IbHGVz_path_1","httpMethod":"post"}},{"DefineInlineConcept":{"root":"shape_bE9AwmCFFJ","conceptId":"concept_Ks2gNiNhXv1i"}},{"AssignType":{"id":"shape_bE9AwmCFFJ","to":{"RefT":{"conceptId":"concept_j3D67z_closeaccountholderrequest"}},"conceptId":"concept_Ks2gNiNhXv1i"}},{"AddResponse":{"responseId":"response_4P6itXt113","requestId":"path_LDkzGKSkKS}_post","httpStatusCode":400}},{"AddResponse":{"responseId":"response_hV78tpicpK","requestId":"path_LDkzGKSkKS}_post","httpStatusCode":500}},{"AddResponse":{"responseId":"response_zAsLfy2mfz","requestId":"path_LDkzGKSkKS}_post","httpStatusCode":403}},{"AddResponse":{"responseId":"response_cI89MKrSg7","requestId":"path_LDkzGKSkKS}_post","httpStatusCode":422}},{"AddResponse":{"responseId":"response_iS4WHPJvUX","requestId":"path_LDkzGKSkKS}_post","httpStatusCode":401}},{"AddResponse":{"responseId":"response_gSsheNUn9q","requestId":"path_LDkzGKSkKS}_post","httpStatusCode":200}},{"DefineInlineConcept":{"root":"shape_b9S8TOm1ob","conceptId":"concept_a0zHNq4R0bah"}},{"AssignType":{"id":"shape_b9S8TOm1ob","to":{"RefT":{"conceptId":"concept_z3EFjx_suspendaccountholderresponse"}},"conceptId":"concept_a0zHNq4R0bah"}},{"SetRequestBodyShape":{"requestId":"path_SuyBWf8LN8}_post","bodyDescriptor":{"httpContentType":"application/json","conceptId":"concept_6D5jN4SwZUVV"}}},{"SetResponseBodyShape":{"responseId":"response_uChIbG3pxh","bodyDescriptor":{"httpContentType":"application/json","conceptId":"concept_Z0poMpX8Aqiy"}}},{"SetRequestBodyShape":{"requestId":"path_tWv3eD10ku}_post","bodyDescriptor":{"httpContentType":"application/json","conceptId":"concept_c2kvL8j4xHni"}}},{"SetResponseBodyShape":{"responseId":"response_00BtJTkQhx","bodyDescriptor":{"httpContentType":"application/json","conceptId":"concept_HLC7bUOInEMH"}}},{"SetRequestBodyShape":{"requestId":"path_qxV7jYTaU5}_post","bodyDescriptor":{"httpContentType":"application/json","conceptId":"concept_1loZKr7ICLhM"}}},{"SetResponseBodyShape":{"responseId":"response_fV1CcVnCOY","bodyDescriptor":{"httpContentType":"application/json","conceptId":"concept_5dLZwdXc2tyM"}}},{"SetRequestBodyShape":{"requestId":"path_BjuBQk2fuQ}_post","bodyDescriptor":{"httpContentType":"application/json","conceptId":"concept_kZCvaemUtOJz"}}},{"SetResponseBodyShape":{"responseId":"response_CVPew8W5zA","bodyDescriptor":{"httpContentType":"application/json","conceptId":"concept_0FwM9oCdN3Ul"}}},{"SetRequestBodyShape":{"requestId":"path_WpE2ForwJC}_post","bodyDescriptor":{"httpContentType":"application/json","conceptId":"concept_CyoeKWMAA4hg"}}},{"SetResponseBodyShape":{"responseId":"response_7QiNao0gjj","bodyDescriptor":{"httpContentType":"application/json","conceptId":"concept_t0apsCFIT8fE"}}},{"SetRequestBodyShape":{"requestId":"path_faK8bTkCGK}_post","bodyDescriptor":{"httpContentType":"application/json","conceptId":"concept_BcYKtzh20467"}}},{"SetResponseBodyShape":{"responseId":"response_llTnBiv7CH","bodyDescriptor":{"httpContentType":"application/json","conceptId":"concept_82FbhORKeA3K"}}},{"SetRequestBodyShape":{"requestId":"path_oQJZXiPGPY}_post","bodyDescriptor":{"httpContentType":"application/json","conceptId":"concept_GNoGllxrdNkn"}}},{"SetResponseBodyShape":{"responseId":"response_fOMvyEsiGZ","bodyDescriptor":{"httpContentType":"application/json","conceptId":"concept_GWM3ekZGPVCF"}}},{"SetRequestBodyShape":{"requestId":"path_Jam3tzfmMX}_post","bodyDescriptor":{"httpContentType":"application/json","conceptId":"concept_1i30zre7dTQz"}}},{"SetResponseBodyShape":{"responseId":"response_jWuzLZGMT9","bodyDescriptor":{"httpContentType":"application/json","conceptId":"concept_9mK6ZcfVQkCs"}}},{"SetRequestBodyShape":{"requestId":"path_NAEAazs4ji}_post","bodyDescriptor":{"httpContentType":"application/json","conceptId":"concept_MWxliDAzrynK"}}},{"SetResponseBodyShape":{"responseId":"response_iooi8wln3w","bodyDescriptor":{"httpContentType":"application/json","conceptId":"concept_tLYiaacdNsWS"}}},{"SetRequestBodyShape":{"requestId":"path_GCcL3IIu77}_post","bodyDescriptor":{"httpContentType":"application/json","conceptId":"concept_3kJsMBIiWURN"}}},{"SetResponseBodyShape":{"responseId":"response_odj1X8C11C","bodyDescriptor":{"httpContentType":"application/json","conceptId":"concept_JzJ0Z7TH4KpK"}}},{"SetRequestBodyShape":{"requestId":"path_IDkTJjYrAa}_post","bodyDescriptor":{"httpContentType":"application/json","conceptId":"concept_aHLkX2G2upbb"}}},{"SetResponseBodyShape":{"responseId":"response_UyHeceYrFb","bodyDescriptor":{"httpContentType":"application/json","conceptId":"concept_cgvL9y8E7F11"}}},{"SetRequestBodyShape":{"requestId":"path_DftyZkQ4HT}_post","bodyDescriptor":{"httpContentType":"application/json","conceptId":"concept_o9Si0tq4cuO5"}}},{"SetResponseBodyShape":{"responseId":"response_V7F2dAYUWl","bodyDescriptor":{"httpContentType":"application/json","conceptId":"concept_iPxbXWomGpWZ"}}},{"SetRequestBodyShape":{"requestId":"path_8ypqwJAyv0}_post","bodyDescriptor":{"httpContentType":"application/json","conceptId":"concept_3OlRGDGmRnxS"}}},{"SetResponseBodyShape":{"responseId":"response_D7cKKY9Bvv","bodyDescriptor":{"httpContentType":"application/json","conceptId":"concept_G3CitW5gCSRg"}}},{"SetRequestBodyShape":{"requestId":"path_LDkzGKSkKS}_post","bodyDescriptor":{"httpContentType":"application/json","conceptId":"concept_Ks2gNiNhXv1i"}}},{"SetResponseBodyShape":{"responseId":"response_gSsheNUn9q","bodyDescriptor":{"httpContentType":"application/json","conceptId":"concept_a0zHNq4R0bah"}}}]