[{"DefineConcept":{"name":"serviceV3","root":"shape_xBFe1C9spq","conceptId":"concept_8JGRad_servicev3"}},{"SetConceptName":{"newName":"serviceV3","conceptId":"concept_8JGRad_servicev3"}},{"DefineConcept":{"name":"Error","root":"shape_IoD606tXsq","conceptId":"concept_u06B6k_error"}},{"SetConceptName":{"newName":"Error","conceptId":"concept_u06B6k_error"}},{"DefineConcept":{"name":"Forms","root":"shape_K55IFElZeb","conceptId":"concept_5iF91F_forms"}},{"SetConceptName":{"newName":"Forms","conceptId":"concept_5iF91F_forms"}},{"DefineConcept":{"name":"Transactions","root":"shape_cabVdjqG1n","conceptId":"concept_4lPRxl_transactions"}},{"SetConceptName":{"newName":"Transactions","conceptId":"concept_4lPRxl_transactions"}},{"DefineConcept":{"name":"me","root":"shape_pdcVHRms6H","conceptId":"concept_X8V59C_me"}},{"SetConceptName":{"newName":"me","conceptId":"concept_X8V59C_me"}},{"AssignType":{"id":"shape_xBFe1C9spq","to":{"ObjectT":{}},"conceptId":"concept_8JGRad_servicev3"}},{"AddField":{"parentId":"shape_xBFe1C9spq","id":"shape_OvDxecBzCk","conceptId":"concept_8JGRad_servicev3"}},{"SetFieldName":{"id":"shape_OvDxecBzCk","newName":"arranged_balance","conceptId":"concept_8JGRad_servicev3"}},{"AssignType":{"id":"shape_OvDxecBzCk","to":{"NumberT":{}},"conceptId":"concept_8JGRad_servicev3"}},{"AddField":{"parentId":"shape_xBFe1C9spq","id":"shape_SWIHsKhsQw","conceptId":"concept_8JGRad_servicev3"}},{"SetFieldName":{"id":"shape_SWIHsKhsQw","newName":"description","conceptId":"concept_8JGRad_servicev3"}},{"AssignType":{"id":"shape_SWIHsKhsQw","to":{"StringT":{}},"conceptId":"concept_8JGRad_servicev3"}},{"AddField":{"parentId":"shape_xBFe1C9spq","id":"shape_5A56cn4CHx","conceptId":"concept_8JGRad_servicev3"}},{"SetFieldName":{"id":"shape_5A56cn4CHx","newName":"balance_value","conceptId":"concept_8JGRad_servicev3"}},{"AssignType":{"id":"shape_5A56cn4CHx","to":{"NumberT":{}},"conceptId":"concept_8JGRad_servicev3"}},{"AddField":{"parentId":"shape_xBFe1C9spq","id":"shape_4MIjHIHBnd","conceptId":"concept_8JGRad_servicev3"}},{"SetFieldName":{"id":"shape_4MIjHIHBnd","newName":"balance","conceptId":"concept_8JGRad_servicev3"}},{"AssignType":{"id":"shape_4MIjHIHBnd","to":{"NumberT":{}},"conceptId":"concept_8JGRad_servicev3"}},{"AddField":{"parentId":"shape_xBFe1C9spq","id":"shape_nuQNTCNFe9","conceptId":"concept_8JGRad_servicev3"}},{"SetFieldName":{"id":"shape_nuQNTCNFe9","newName":"countable_balance","conceptId":"concept_8JGRad_servicev3"}},{"AssignType":{"id":"shape_nuQNTCNFe9","to":{"NumberT":{}},"conceptId":"concept_8JGRad_servicev3"}},{"AddField":{"parentId":"shape_xBFe1C9spq","id":"shape_4KoznlGAsr","conceptId":"concept_8JGRad_servicev3"}},{"SetFieldName":{"id":"shape_4KoznlGAsr","newName":"currency","conceptId":"concept_8JGRad_servicev3"}},{"AssignType":{"id":"shape_4KoznlGAsr","to":{"StringT":{}},"conceptId":"concept_8JGRad_servicev3"}},{"AddField":{"parentId":"shape_xBFe1C9spq","id":"shape_QRlP1LidK9","conceptId":"concept_8JGRad_servicev3"}},{"SetFieldName":{"id":"shape_QRlP1LidK9","newName":"type","conceptId":"concept_8JGRad_servicev3"}},{"AssignType":{"id":"shape_QRlP1LidK9","to":{"StringT":{}},"conceptId":"concept_8JGRad_servicev3"}},{"AddField":{"parentId":"shape_xBFe1C9spq","id":"shape_Hbmi6W55BZ","conceptId":"concept_8JGRad_servicev3"}},{"SetFieldName":{"id":"shape_Hbmi6W55BZ","newName":"transactions","conceptId":"concept_8JGRad_servicev3"}},{"AssignType":{"id":"shape_Hbmi6W55BZ","to":{"ListT":{}},"conceptId":"concept_8JGRad_servicev3"}},{"AddTypeParameter":{"parentId":"shape_Hbmi6W55BZ","id":"shape_0PfizsvhJV","conceptId":"concept_8JGRad_servicev3"}},{"AssignType":{"id":"shape_0PfizsvhJV","to":{"RefT":{"conceptId":"concept_4lPRxl_transactions"}},"conceptId":"concept_8JGRad_servicev3"}},{"AddField":{"parentId":"shape_xBFe1C9spq","id":"shape_EJytijXuJM","conceptId":"concept_8JGRad_servicev3"}},{"SetFieldName":{"id":"shape_EJytijXuJM","newName":"balance_credit_granted","conceptId":"concept_8JGRad_servicev3"}},{"AssignType":{"id":"shape_EJytijXuJM","to":{"NumberT":{}},"conceptId":"concept_8JGRad_servicev3"}},{"AddField":{"parentId":"shape_xBFe1C9spq","id":"shape_NoqgiZHsee","conceptId":"concept_8JGRad_servicev3"}},{"SetFieldName":{"id":"shape_NoqgiZHsee","newName":"product","conceptId":"concept_8JGRad_servicev3"}},{"AssignType":{"id":"shape_NoqgiZHsee","to":{"StringT":{}},"conceptId":"concept_8JGRad_servicev3"}},{"AssignType":{"id":"shape_IoD606tXsq","to":{"ObjectT":{}},"conceptId":"concept_u06B6k_error"}},{"AddField":{"parentId":"shape_IoD606tXsq","id":"shape_56TE8eAkqQ","conceptId":"concept_u06B6k_error"}},{"SetFieldName":{"id":"shape_56TE8eAkqQ","newName":"code","conceptId":"concept_u06B6k_error"}},{"AssignType":{"id":"shape_56TE8eAkqQ","to":{"IntegerT":{}},"conceptId":"concept_u06B6k_error"}},{"AddField":{"parentId":"shape_IoD606tXsq","id":"shape_IC4GJCaAWv","conceptId":"concept_u06B6k_error"}},{"SetFieldName":{"id":"shape_IC4GJCaAWv","newName":"message","conceptId":"concept_u06B6k_error"}},{"AssignType":{"id":"shape_IC4GJCaAWv","to":{"StringT":{}},"conceptId":"concept_u06B6k_error"}},{"AssignType":{"id":"shape_K55IFElZeb","to":{"ObjectT":{}},"conceptId":"concept_5iF91F_forms"}},{"AddField":{"parentId":"shape_K55IFElZeb","id":"shape_5YZfn94TrW","conceptId":"concept_5iF91F_forms"}},{"SetFieldName":{"id":"shape_5YZfn94TrW","newName":"business","conceptId":"concept_5iF91F_forms"}},{"AssignType":{"id":"shape_5YZfn94TrW","to":{"BooleanT":{}},"conceptId":"concept_5iF91F_forms"}},{"AddField":{"parentId":"shape_K55IFElZeb","id":"shape_bMgutMGzQm","conceptId":"concept_5iF91F_forms"}},{"SetFieldName":{"id":"shape_bMgutMGzQm","newName":"pass2type","conceptId":"concept_5iF91F_forms"}},{"AssignType":{"id":"shape_bMgutMGzQm","to":{"StringT":{}},"conceptId":"concept_5iF91F_forms"}},{"AddField":{"parentId":"shape_K55IFElZeb","id":"shape_SPOR9S67nP","conceptId":"concept_5iF91F_forms"}},{"SetFieldName":{"id":"shape_SPOR9S67nP","newName":"image","conceptId":"concept_5iF91F_forms"}},{"AssignType":{"id":"shape_SPOR9S67nP","to":{"StringT":{}},"conceptId":"concept_5iF91F_forms"}},{"AddField":{"parentId":"shape_K55IFElZeb","id":"shape_1aJA8ND6UL","conceptId":"concept_5iF91F_forms"}},{"SetFieldName":{"id":"shape_1aJA8ND6UL","newName":"passtype","conceptId":"concept_5iF91F_forms"}},{"AssignType":{"id":"shape_1aJA8ND6UL","to":{"StringT":{}},"conceptId":"concept_5iF91F_forms"}},{"AddField":{"parentId":"shape_K55IFElZeb","id":"shape_kwGHbdcLgT","conceptId":"concept_5iF91F_forms"}},{"SetFieldName":{"id":"shape_kwGHbdcLgT","newName":"pass2desc","conceptId":"concept_5iF91F_forms"}},{"AssignType":{"id":"shape_kwGHbdcLgT","to":{"StringT":{}},"conceptId":"concept_5iF91F_forms"}},{"AddField":{"parentId":"shape_K55IFElZeb","id":"shape_hSqq3L4EjW","conceptId":"concept_5iF91F_forms"}},{"SetFieldName":{"id":"shape_hSqq3L4EjW","newName":"service","conceptId":"concept_5iF91F_forms"}},{"AssignType":{"id":"shape_hSqq3L4EjW","to":{"StringT":{}},"conceptId":"concept_5iF91F_forms"}},{"AddField":{"parentId":"shape_K55IFElZeb","id":"shape_e95e2vHdqJ","conceptId":"concept_5iF91F_forms"}},{"SetFieldName":{"id":"shape_e95e2vHdqJ","newName":"pass2","conceptId":"concept_5iF91F_forms"}},{"AssignType":{"id":"shape_e95e2vHdqJ","to":{"StringT":{}},"conceptId":"concept_5iF91F_forms"}},{"AddField":{"parentId":"shape_K55IFElZeb","id":"shape_NZRCuIgm2U","conceptId":"concept_5iF91F_forms"}},{"SetFieldName":{"id":"shape_NZRCuIgm2U","newName":"country_code","conceptId":"concept_5iF91F_forms"}},{"AssignType":{"id":"shape_NZRCuIgm2U","to":{"StringT":{}},"conceptId":"concept_5iF91F_forms"}},{"AddField":{"parentId":"shape_K55IFElZeb","id":"shape_Qg1nObKlti","conceptId":"concept_5iF91F_forms"}},{"SetFieldName":{"id":"shape_Qg1nObKlti","newName":"usertype","conceptId":"concept_5iF91F_forms"}},{"AssignType":{"id":"shape_Qg1nObKlti","to":{"StringT":{}},"conceptId":"concept_5iF91F_forms"}},{"AddField":{"parentId":"shape_K55IFElZeb","id":"shape_lkM6s4Nw5V","conceptId":"concept_5iF91F_forms"}},{"SetFieldName":{"id":"shape_lkM6s4Nw5V","newName":"userdesc","conceptId":"concept_5iF91F_forms"}},{"AssignType":{"id":"shape_lkM6s4Nw5V","to":{"StringT":{}},"conceptId":"concept_5iF91F_forms"}},{"AddField":{"parentId":"shape_K55IFElZeb","id":"shape_U2D9jHZom5","conceptId":"concept_5iF91F_forms"}},{"SetFieldName":{"id":"shape_U2D9jHZom5","newName":"fullname","conceptId":"concept_5iF91F_forms"}},{"AssignType":{"id":"shape_U2D9jHZom5","to":{"StringT":{}},"conceptId":"concept_5iF91F_forms"}},{"AddField":{"parentId":"shape_K55IFElZeb","id":"shape_nAcLflTVWe","conceptId":"concept_5iF91F_forms"}},{"SetFieldName":{"id":"shape_nAcLflTVWe","newName":"documentType","conceptId":"concept_5iF91F_forms"}},{"AssignType":{"id":"shape_nAcLflTVWe","to":{"StringT":{}},"conceptId":"concept_5iF91F_forms"}},{"AddField":{"parentId":"shape_K55IFElZeb","id":"shape_1KOEZBZmsz","conceptId":"concept_5iF91F_forms"}},{"SetFieldName":{"id":"shape_1KOEZBZmsz","newName":"pass","conceptId":"concept_5iF91F_forms"}},{"AssignType":{"id":"shape_1KOEZBZmsz","to":{"StringT":{}},"conceptId":"concept_5iF91F_forms"}},{"AddField":{"parentId":"shape_K55IFElZeb","id":"shape_Dd4hQ79AuJ","conceptId":"concept_5iF91F_forms"}},{"SetFieldName":{"id":"shape_Dd4hQ79AuJ","newName":"swift","conceptId":"concept_5iF91F_forms"}},{"AssignType":{"id":"shape_Dd4hQ79AuJ","to":{"StringT":{}},"conceptId":"concept_5iF91F_forms"}},{"AddField":{"parentId":"shape_K55IFElZeb","id":"shape_DZjlgCEZxT","conceptId":"concept_5iF91F_forms"}},{"SetFieldName":{"id":"shape_DZjlgCEZxT","newName":"user","conceptId":"concept_5iF91F_forms"}},{"AssignType":{"id":"shape_DZjlgCEZxT","to":{"StringT":{}},"conceptId":"concept_5iF91F_forms"}},{"AddField":{"parentId":"shape_K55IFElZeb","id":"shape_UJAfabZkGk","conceptId":"concept_5iF91F_forms"}},{"SetFieldName":{"id":"shape_UJAfabZkGk","newName":"passdesc","conceptId":"concept_5iF91F_forms"}},{"AssignType":{"id":"shape_UJAfabZkGk","to":{"StringT":{}},"conceptId":"concept_5iF91F_forms"}},{"AssignType":{"id":"shape_cabVdjqG1n","to":{"ObjectT":{}},"conceptId":"concept_4lPRxl_transactions"}},{"AddField":{"parentId":"shape_cabVdjqG1n","id":"shape_702wY91yl6","conceptId":"concept_4lPRxl_transactions"}},{"SetFieldName":{"id":"shape_702wY91yl6","newName":"categoryId","conceptId":"concept_4lPRxl_transactions"}},{"AssignType":{"id":"shape_702wY91yl6","to":{"NumberT":{}},"conceptId":"concept_4lPRxl_transactions"}},{"AddField":{"parentId":"shape_cabVdjqG1n","id":"shape_IQlk8zuR3m","conceptId":"concept_4lPRxl_transactions"}},{"SetFieldName":{"id":"shape_IQlk8zuR3m","newName":"description","conceptId":"concept_4lPRxl_transactions"}},{"AssignType":{"id":"shape_IQlk8zuR3m","to":{"StringT":{}},"conceptId":"concept_4lPRxl_transactions"}},{"AddField":{"parentId":"shape_cabVdjqG1n","id":"shape_NpOtF4Vj87","conceptId":"concept_4lPRxl_transactions"}},{"SetFieldName":{"id":"shape_NpOtF4Vj87","newName":"balance","conceptId":"concept_4lPRxl_transactions"}},{"AssignType":{"id":"shape_NpOtF4Vj87","to":{"NumberT":{}},"conceptId":"concept_4lPRxl_transactions"}},{"AddField":{"parentId":"shape_cabVdjqG1n","id":"shape_tibgz7Sxp2","conceptId":"concept_4lPRxl_transactions"}},{"SetFieldName":{"id":"shape_tibgz7Sxp2","newName":"amount","conceptId":"concept_4lPRxl_transactions"}},{"AssignType":{"id":"shape_tibgz7Sxp2","to":{"NumberT":{}},"conceptId":"concept_4lPRxl_transactions"}},{"AddField":{"parentId":"shape_cabVdjqG1n","id":"shape_5vMrzWeexH","conceptId":"concept_4lPRxl_transactions"}},{"SetFieldName":{"id":"shape_5vMrzWeexH","newName":"date2","conceptId":"concept_4lPRxl_transactions"}},{"AssignType":{"id":"shape_5vMrzWeexH","to":{"StringT":{}},"conceptId":"concept_4lPRxl_transactions"}},{"AddField":{"parentId":"shape_cabVdjqG1n","id":"shape_NBq8CCHNJA","conceptId":"concept_4lPRxl_transactions"}},{"SetFieldName":{"id":"shape_NBq8CCHNJA","newName":"date","conceptId":"concept_4lPRxl_transactions"}},{"AssignType":{"id":"shape_NBq8CCHNJA","to":{"StringT":{}},"conceptId":"concept_4lPRxl_transactions"}},{"AddField":{"parentId":"shape_cabVdjqG1n","id":"shape_Qj0BTs0owk","conceptId":"concept_4lPRxl_transactions"}},{"SetFieldName":{"id":"shape_Qj0BTs0owk","newName":"transactionId","conceptId":"concept_4lPRxl_transactions"}},{"AssignType":{"id":"shape_Qj0BTs0owk","to":{"StringT":{}},"conceptId":"concept_4lPRxl_transactions"}},{"AssignType":{"id":"shape_pdcVHRms6H","to":{"ObjectT":{}},"conceptId":"concept_X8V59C_me"}},{"AddField":{"parentId":"shape_pdcVHRms6H","id":"shape_oEbHTSBSuq","conceptId":"concept_X8V59C_me"}},{"SetFieldName":{"id":"shape_oEbHTSBSuq","newName":"date_renewal","conceptId":"concept_X8V59C_me"}},{"AssignType":{"id":"shape_oEbHTSBSuq","to":{"StringT":{}},"conceptId":"concept_X8V59C_me"}},{"AddField":{"parentId":"shape_pdcVHRms6H","id":"shape_cCz5WbuIMm","conceptId":"concept_X8V59C_me"}},{"SetFieldName":{"id":"shape_cCz5WbuIMm","newName":"remaining_calls","conceptId":"concept_X8V59C_me"}},{"AssignType":{"id":"shape_cCz5WbuIMm","to":{"IntegerT":{}},"conceptId":"concept_X8V59C_me"}},{"AddPathComponent":{"pathId":"V1oWMS_path_0","parentPathId":"root","name":"forms"}},{"AddPathComponent":{"pathId":"V1oWMS_path_1","parentPathId":"root","name":"me"}},{"AddPathComponent":{"pathId":"V1oWMS_path_2","parentPathId":"root","name":"serviceV3"}},{"AddRequest":{"requestId":"path_U9k1mDvtE5}_get","pathId":"V1oWMS_path_0","httpMethod":"get"}},{"AddResponse":{"responseId":"response_1lSncJvoTp","requestId":"path_U9k1mDvtE5}_get","httpStatusCode":200}},{"DefineInlineConcept":{"root":"shape_vY411zcKqO","conceptId":"concept_4QlZzW4SaqLQ"}},{"AssignType":{"id":"shape_vY411zcKqO","to":{"ListT":{}},"conceptId":"concept_4QlZzW4SaqLQ"}},{"AddTypeParameter":{"parentId":"shape_vY411zcKqO","id":"shape_lToBs9LAyM","conceptId":"concept_4QlZzW4SaqLQ"}},{"AssignType":{"id":"shape_lToBs9LAyM","to":{"RefT":{"conceptId":"concept_5iF91F_forms"}},"conceptId":"concept_4QlZzW4SaqLQ"}},{"AddRequest":{"requestId":"path_PQpr1dZppQ}_post","pathId":"V1oWMS_path_1","httpMethod":"post"}},{"AddResponse":{"responseId":"response_WYS5Boec2I","requestId":"path_PQpr1dZppQ}_post","httpStatusCode":200}},{"DefineInlineConcept":{"root":"shape_uejkz6K7c9","conceptId":"concept_ylhwyWX1LmWD"}},{"AssignType":{"id":"shape_uejkz6K7c9","to":{"RefT":{"conceptId":"concept_X8V59C_me"}},"conceptId":"concept_ylhwyWX1LmWD"}},{"AddRequest":{"requestId":"path_J8sCJchQfX}_post","pathId":"V1oWMS_path_2","httpMethod":"post"}},{"AddResponse":{"responseId":"response_AE7vghBz9w","requestId":"path_J8sCJchQfX}_post","httpStatusCode":200}},{"DefineInlineConcept":{"root":"shape_aH7kf1gmwW","conceptId":"concept_GQauC9V0cBCp"}},{"AssignType":{"id":"shape_aH7kf1gmwW","to":{"ListT":{}},"conceptId":"concept_GQauC9V0cBCp"}},{"AddTypeParameter":{"parentId":"shape_aH7kf1gmwW","id":"shape_VIttGWV1fj","conceptId":"concept_GQauC9V0cBCp"}},{"AssignType":{"id":"shape_VIttGWV1fj","to":{"RefT":{"conceptId":"concept_8JGRad_servicev3"}},"conceptId":"concept_GQauC9V0cBCp"}},{"SetResponseBodyShape":{"responseId":"response_1lSncJvoTp","bodyDescriptor":{"httpContentType":"application/json","conceptId":"concept_4QlZzW4SaqLQ"}}},{"SetResponseBodyShape":{"responseId":"response_WYS5Boec2I","bodyDescriptor":{"httpContentType":"application/json","conceptId":"concept_ylhwyWX1LmWD"}}},{"SetResponseBodyShape":{"responseId":"response_AE7vghBz9w","bodyDescriptor":{"httpContentType":"application/json","conceptId":"concept_GQauC9V0cBCp"}}}]