[{"DefineConcept":{"name":"ApiResponse","root":"shape_cMakw34oBm","conceptId":"concept_lAKJ4c_apiresponse"}},{"SetConceptName":{"newName":"ApiResponse","conceptId":"concept_lAKJ4c_apiresponse"}},{"DefineConcept":{"name":"Queue","root":"shape_uQ1H6R2gwz","conceptId":"concept_YiESO5_queue"}},{"SetConceptName":{"newName":"Queue","conceptId":"concept_YiESO5_queue"}},{"DefineConcept":{"name":"QueueMessage","root":"shape_bMrPxZFslL","conceptId":"concept_GzxyDQ_queuemessage"}},{"SetConceptName":{"newName":"QueueMessage","conceptId":"concept_GzxyDQ_queuemessage"}},{"AssignType":{"id":"shape_cMakw34oBm","to":{"ObjectT":{}},"conceptId":"concept_lAKJ4c_apiresponse"}},{"AddField":{"parentId":"shape_cMakw34oBm","id":"shape_ZBf7woWA1L","conceptId":"concept_lAKJ4c_apiresponse"}},{"SetFieldName":{"id":"shape_ZBf7woWA1L","newName":"count","conceptId":"concept_lAKJ4c_apiresponse"}},{"AssignType":{"id":"shape_ZBf7woWA1L","to":{"IntegerT":{}},"conceptId":"concept_lAKJ4c_apiresponse"}},{"AddField":{"parentId":"shape_cMakw34oBm","id":"shape_7xOdr7YRPG","conceptId":"concept_lAKJ4c_apiresponse"}},{"SetFieldName":{"id":"shape_7xOdr7YRPG","newName":"message","conceptId":"concept_lAKJ4c_apiresponse"}},{"AssignType":{"id":"shape_7xOdr7YRPG","to":{"StringT":{}},"conceptId":"concept_lAKJ4c_apiresponse"}},{"AddField":{"parentId":"shape_cMakw34oBm","id":"shape_qUQwIIhuqo","conceptId":"concept_lAKJ4c_apiresponse"}},{"SetFieldName":{"id":"shape_qUQwIIhuqo","newName":"queueMessages","conceptId":"concept_lAKJ4c_apiresponse"}},{"AssignType":{"id":"shape_qUQwIIhuqo","to":{"ListT":{}},"conceptId":"concept_lAKJ4c_apiresponse"}},{"AddTypeParameter":{"parentId":"shape_qUQwIIhuqo","id":"shape_38i7j46WAI","conceptId":"concept_lAKJ4c_apiresponse"}},{"AssignType":{"id":"shape_38i7j46WAI","to":{"RefT":{"conceptId":"concept_GzxyDQ_queuemessage"}},"conceptId":"concept_lAKJ4c_apiresponse"}},{"AddField":{"parentId":"shape_cMakw34oBm","id":"shape_yNOgkh6Ltq","conceptId":"concept_lAKJ4c_apiresponse"}},{"SetFieldName":{"id":"shape_yNOgkh6Ltq","newName":"queues","conceptId":"concept_lAKJ4c_apiresponse"}},{"AssignType":{"id":"shape_yNOgkh6Ltq","to":{"ListT":{}},"conceptId":"concept_lAKJ4c_apiresponse"}},{"AddTypeParameter":{"parentId":"shape_yNOgkh6Ltq","id":"shape_RHjUvcVbkl","conceptId":"concept_lAKJ4c_apiresponse"}},{"AssignType":{"id":"shape_RHjUvcVbkl","to":{"RefT":{"conceptId":"concept_YiESO5_queue"}},"conceptId":"concept_lAKJ4c_apiresponse"}},{"AssignType":{"id":"shape_uQ1H6R2gwz","to":{"ObjectT":{}},"conceptId":"concept_YiESO5_queue"}},{"AddField":{"parentId":"shape_uQ1H6R2gwz","id":"shape_88TtSo62Jm","conceptId":"concept_YiESO5_queue"}},{"SetFieldName":{"id":"shape_88TtSo62Jm","newName":"name","conceptId":"concept_YiESO5_queue"}},{"AssignType":{"id":"shape_88TtSo62Jm","to":{"StringT":{}},"conceptId":"concept_YiESO5_queue"}},{"AssignType":{"id":"shape_bMrPxZFslL","to":{"ObjectT":{}},"conceptId":"concept_GzxyDQ_queuemessage"}},{"AddField":{"parentId":"shape_bMrPxZFslL","id":"shape_ixRTBZGx1S","conceptId":"concept_GzxyDQ_queuemessage"}},{"SetFieldName":{"id":"shape_ixRTBZGx1S","newName":"sendingRegion","conceptId":"concept_GzxyDQ_queuemessage"}},{"AssignType":{"id":"shape_ixRTBZGx1S","to":{"StringT":{}},"conceptId":"concept_GzxyDQ_queuemessage"}},{"AddField":{"parentId":"shape_bMrPxZFslL","id":"shape_4NogNMCK0B","conceptId":"concept_GzxyDQ_queuemessage"}},{"SetFieldName":{"id":"shape_4NogNMCK0B","newName":"createDate","conceptId":"concept_GzxyDQ_queuemessage"}},{"AssignType":{"id":"shape_4NogNMCK0B","to":{"IntegerT":{}},"conceptId":"concept_GzxyDQ_queuemessage"}},{"AddField":{"parentId":"shape_bMrPxZFslL","id":"shape_sLwm17e81b","conceptId":"concept_GzxyDQ_queuemessage"}},{"SetFieldName":{"id":"shape_sLwm17e81b","newName":"data","conceptId":"concept_GzxyDQ_queuemessage"}},{"AssignType":{"id":"shape_sLwm17e81b","to":{"StringT":{}},"conceptId":"concept_GzxyDQ_queuemessage"}},{"AddField":{"parentId":"shape_bMrPxZFslL","id":"shape_ZRQHtoOdFg","conceptId":"concept_GzxyDQ_queuemessage"}},{"SetFieldName":{"id":"shape_ZRQHtoOdFg","newName":"receivingRegion","conceptId":"concept_GzxyDQ_queuemessage"}},{"AssignType":{"id":"shape_ZRQHtoOdFg","to":{"StringT":{}},"conceptId":"concept_GzxyDQ_queuemessage"}},{"AddField":{"parentId":"shape_bMrPxZFslL","id":"shape_rzNiP3UaWL","conceptId":"concept_GzxyDQ_queuemessage"}},{"SetFieldName":{"id":"shape_rzNiP3UaWL","newName":"contentType","conceptId":"concept_GzxyDQ_queuemessage"}},{"AssignType":{"id":"shape_rzNiP3UaWL","to":{"StringT":{}},"conceptId":"concept_GzxyDQ_queuemessage"}},{"AddField":{"parentId":"shape_bMrPxZFslL","id":"shape_WDKV5v6r4H","conceptId":"concept_GzxyDQ_queuemessage"}},{"SetFieldName":{"id":"shape_WDKV5v6r4H","newName":"queueName","conceptId":"concept_GzxyDQ_queuemessage"}},{"AssignType":{"id":"shape_WDKV5v6r4H","to":{"StringT":{}},"conceptId":"concept_GzxyDQ_queuemessage"}},{"AddField":{"parentId":"shape_bMrPxZFslL","id":"shape_WQIO064Kno","conceptId":"concept_GzxyDQ_queuemessage"}},{"SetFieldName":{"id":"shape_WQIO064Kno","newName":"messageId","conceptId":"concept_GzxyDQ_queuemessage"}},{"AssignType":{"id":"shape_WQIO064Kno","to":{"StringT":{}},"conceptId":"concept_GzxyDQ_queuemessage"}},{"AddField":{"parentId":"shape_bMrPxZFslL","id":"shape_mIKZgIaptG","conceptId":"concept_GzxyDQ_queuemessage"}},{"SetFieldName":{"id":"shape_mIKZgIaptG","newName":"queueMessageId","conceptId":"concept_GzxyDQ_queuemessage"}},{"AssignType":{"id":"shape_mIKZgIaptG","to":{"StringT":{}},"conceptId":"concept_GzxyDQ_queuemessage"}},{"AddField":{"parentId":"shape_bMrPxZFslL","id":"shape_ZcxlsflKc8","conceptId":"concept_GzxyDQ_queuemessage"}},{"SetFieldName":{"id":"shape_ZcxlsflKc8","newName":"href","conceptId":"concept_GzxyDQ_queuemessage"}},{"AssignType":{"id":"shape_ZcxlsflKc8","to":{"StringT":{}},"conceptId":"concept_GzxyDQ_queuemessage"}},{"AddPathComponent":{"pathId":"XoSFxR_path_0","parentPathId":"root","name":"queues"}},{"AddPathParameter":{"pathId":"XoSFxR_path_1","parentPathId":"XoSFxR_path_0","name":"queueName"}},{"AddPathComponent":{"pathId":"XoSFxR_path_2","parentPathId":"XoSFxR_path_1","name":"config"}},{"AddPathComponent":{"pathId":"XoSFxR_path_3","parentPathId":"XoSFxR_path_1","name":"data"}},{"AddPathParameter":{"pathId":"XoSFxR_path_4","parentPathId":"XoSFxR_path_3","name":"queueMessageId"}},{"AddPathComponent":{"pathId":"XoSFxR_path_5","parentPathId":"XoSFxR_path_1","name":"messages"}},{"AddPathParameter":{"pathId":"XoSFxR_path_6","parentPathId":"XoSFxR_path_5","name":"queueMessageId"}},{"AddPathComponent":{"pathId":"XoSFxR_path_7","parentPathId":"root","name":"status"}},{"AddRequest":{"requestId":"path_MXXrwu7xv6}_delete","pathId":"XoSFxR_path_6","httpMethod":"delete"}},{"AddResponse":{"responseId":"response_WpyLR1xRcP","requestId":"path_MXXrwu7xv6}_delete","httpStatusCode":200}},{"DefineInlineConcept":{"root":"shape_MEKDEwcUNN","conceptId":"concept_Yln2QxUvroIa"}},{"AssignType":{"id":"shape_MEKDEwcUNN","to":{"RefT":{"conceptId":"concept_lAKJ4c_apiresponse"}},"conceptId":"concept_Yln2QxUvroIa"}},{"AddResponse":{"responseId":"response_nCh4x7ErZy","requestId":"path_MXXrwu7xv6}_delete","httpStatusCode":400}},{"AddRequest":{"requestId":"path_2CEg6NlezN}_get","pathId":"XoSFxR_path_0","httpMethod":"get"}},{"AddResponse":{"responseId":"response_cDdHJ50yt0","requestId":"path_2CEg6NlezN}_get","httpStatusCode":200}},{"DefineInlineConcept":{"root":"shape_Iy5cKMM8qZ","conceptId":"concept_9hTjb2obhr97"}},{"AssignType":{"id":"shape_Iy5cKMM8qZ","to":{"RefT":{"conceptId":"concept_lAKJ4c_apiresponse"}},"conceptId":"concept_9hTjb2obhr97"}},{"AddRequest":{"requestId":"path_2CEg6NlezN}_post","pathId":"XoSFxR_path_0","httpMethod":"post"}},{"AddResponse":{"responseId":"response_v9FgNw7583","requestId":"path_2CEg6NlezN}_post","httpStatusCode":200}},{"DefineInlineConcept":{"root":"shape_5qIxa9Mj5U","conceptId":"concept_ovFbwShcEW8p"}},{"AssignType":{"id":"shape_5qIxa9Mj5U","to":{"RefT":{"conceptId":"concept_lAKJ4c_apiresponse"}},"conceptId":"concept_ovFbwShcEW8p"}},{"AddResponse":{"responseId":"response_WscUNDNmLF","requestId":"path_2CEg6NlezN}_post","httpStatusCode":400}},{"AddRequest":{"requestId":"path_geaFxOuztv}_get","pathId":"XoSFxR_path_5","httpMethod":"get"}},{"AddResponse":{"responseId":"response_wKReEreRaD","requestId":"path_geaFxOuztv}_get","httpStatusCode":200}},{"DefineInlineConcept":{"root":"shape_P2xnfUFeia","conceptId":"concept_0HZZ3FureuHk"}},{"AssignType":{"id":"shape_P2xnfUFeia","to":{"RefT":{"conceptId":"concept_lAKJ4c_apiresponse"}},"conceptId":"concept_0HZZ3FureuHk"}},{"AddResponse":{"responseId":"response_T2sMwlh8fB","requestId":"path_geaFxOuztv}_get","httpStatusCode":400}},{"AddRequest":{"requestId":"path_geaFxOuztv}_post","pathId":"XoSFxR_path_5","httpMethod":"post"}},{"DefineInlineConcept":{"root":"shape_d9TjfkT9ih","conceptId":"concept_queuesqueuenamemessages_post_body"}},{"AssignType":{"id":"shape_d9TjfkT9ih","to":{"ListT":{}},"conceptId":"concept_queuesqueuenamemessages_post_body"}},{"AddResponse":{"responseId":"response_JOubm4YoF3","requestId":"path_geaFxOuztv}_post","httpStatusCode":200}},{"DefineInlineConcept":{"root":"shape_VawKwcL5OJ","conceptId":"concept_RmBqp3h6XR5L"}},{"AssignType":{"id":"shape_VawKwcL5OJ","to":{"RefT":{"conceptId":"concept_lAKJ4c_apiresponse"}},"conceptId":"concept_RmBqp3h6XR5L"}},{"AddRequest":{"requestId":"path_qcVEXC8GGN}_get","pathId":"XoSFxR_path_2","httpMethod":"get"}},{"AddResponse":{"responseId":"response_he2kBRamuK","requestId":"path_qcVEXC8GGN}_get","httpStatusCode":200}},{"DefineInlineConcept":{"root":"shape_j1UiNjjozD","conceptId":"concept_VKnDPLPdlobB"}},{"AssignType":{"id":"shape_j1UiNjjozD","to":{"RefT":{"conceptId":"concept_lAKJ4c_apiresponse"}},"conceptId":"concept_VKnDPLPdlobB"}},{"AddResponse":{"responseId":"response_0zMqzWY8b1","requestId":"path_qcVEXC8GGN}_get","httpStatusCode":400}},{"AddRequest":{"requestId":"path_qcVEXC8GGN}_put","pathId":"XoSFxR_path_2","httpMethod":"put"}},{"AddResponse":{"responseId":"response_cmCIVhBRz8","requestId":"path_qcVEXC8GGN}_put","httpStatusCode":200}},{"DefineInlineConcept":{"root":"shape_P0YooKvrdu","conceptId":"concept_qtnlPj6SZxnd"}},{"AssignType":{"id":"shape_P0YooKvrdu","to":{"RefT":{"conceptId":"concept_lAKJ4c_apiresponse"}},"conceptId":"concept_qtnlPj6SZxnd"}},{"AddResponse":{"responseId":"response_w7mgkr19vU","requestId":"path_qcVEXC8GGN}_put","httpStatusCode":400}},{"AddRequest":{"requestId":"path_xwQgCSplEZ}_get","pathId":"XoSFxR_path_7","httpMethod":"get"}},{"AddResponse":{"responseId":"response_qN6bhl8ePM","requestId":"path_xwQgCSplEZ}_get","httpStatusCode":200}},{"DefineInlineConcept":{"root":"shape_lHV2C26s2W","conceptId":"concept_xeyUsSFM8Cys"}},{"AssignType":{"id":"shape_lHV2C26s2W","to":{"ObjectT":{}},"conceptId":"concept_xeyUsSFM8Cys"}},{"AddRequest":{"requestId":"path_jMN5bPtL0L}_delete","pathId":"XoSFxR_path_1","httpMethod":"delete"}},{"AddResponse":{"responseId":"response_kLoObbs6Ef","requestId":"path_jMN5bPtL0L}_delete","httpStatusCode":200}},{"DefineInlineConcept":{"root":"shape_YhNAYEn25A","conceptId":"concept_GkRy82DWb4Sm"}},{"AssignType":{"id":"shape_YhNAYEn25A","to":{"RefT":{"conceptId":"concept_lAKJ4c_apiresponse"}},"conceptId":"concept_GkRy82DWb4Sm"}},{"AddResponse":{"responseId":"response_rJzjZjN5ew","requestId":"path_jMN5bPtL0L}_delete","httpStatusCode":400}},{"AddRequest":{"requestId":"path_5mWmOnJFFf}_get","pathId":"XoSFxR_path_4","httpMethod":"get"}},{"AddResponse":{"responseId":"response_A67XhVHYCR","requestId":"path_5mWmOnJFFf}_get","httpStatusCode":200}},{"DefineInlineConcept":{"root":"shape_dmXJsGmJj8","conceptId":"concept_SJgzhXRQpcbz"}},{"AssignType":{"id":"shape_dmXJsGmJj8","to":{"RefT":{"conceptId":"concept_lAKJ4c_apiresponse"}},"conceptId":"concept_SJgzhXRQpcbz"}},{"AddResponse":{"responseId":"response_VmMZaKyo05","requestId":"path_5mWmOnJFFf}_get","httpStatusCode":400}},{"AddResponse":{"responseId":"response_nI4T4es0Ub","requestId":"path_5mWmOnJFFf}_get","httpStatusCode":404}},{"SetResponseBodyShape":{"responseId":"response_WpyLR1xRcP","bodyDescriptor":{"httpContentType":"application/json","conceptId":"concept_Yln2QxUvroIa"}}},{"SetResponseBodyShape":{"responseId":"response_cDdHJ50yt0","bodyDescriptor":{"httpContentType":"application/json","conceptId":"concept_9hTjb2obhr97"}}},{"SetResponseBodyShape":{"responseId":"response_v9FgNw7583","bodyDescriptor":{"httpContentType":"application/json","conceptId":"concept_ovFbwShcEW8p"}}},{"SetResponseBodyShape":{"responseId":"response_wKReEreRaD","bodyDescriptor":{"httpContentType":"application/json","conceptId":"concept_0HZZ3FureuHk"}}},{"SetRequestBodyShape":{"requestId":"path_geaFxOuztv}_post","bodyDescriptor":{"httpContentType":"application/octet-stream","conceptId":"concept_queuesqueuenamemessages_post_body"}}},{"SetResponseBodyShape":{"responseId":"response_JOubm4YoF3","bodyDescriptor":{"httpContentType":"application/json","conceptId":"concept_RmBqp3h6XR5L"}}},{"SetResponseBodyShape":{"responseId":"response_he2kBRamuK","bodyDescriptor":{"httpContentType":"application/json","conceptId":"concept_VKnDPLPdlobB"}}},{"SetResponseBodyShape":{"responseId":"response_cmCIVhBRz8","bodyDescriptor":{"httpContentType":"application/json","conceptId":"concept_qtnlPj6SZxnd"}}},{"SetResponseBodyShape":{"responseId":"response_qN6bhl8ePM","bodyDescriptor":{"httpContentType":"application/json","conceptId":"concept_xeyUsSFM8Cys"}}},{"SetResponseBodyShape":{"responseId":"response_kLoObbs6Ef","bodyDescriptor":{"httpContentType":"application/json","conceptId":"concept_GkRy82DWb4Sm"}}},{"SetResponseBodyShape":{"responseId":"response_A67XhVHYCR","bodyDescriptor":{"httpContentType":"application/json","conceptId":"concept_SJgzhXRQpcbz"}}}]