[{"DefineConcept":{"name":"API","root":"shape_JBuP1inxU7","conceptId":"concept_lwhQGA_api"}},{"SetConceptName":{"newName":"API","conceptId":"concept_lwhQGA_api"}},{"DefineConcept":{"name":"APIs","root":"shape_2kznGroEC0","conceptId":"concept_tftqnO_apis"}},{"SetConceptName":{"newName":"APIs","conceptId":"concept_tftqnO_apis"}},{"DefineConcept":{"name":"ApiVersion","root":"shape_NoWyla0wO1","conceptId":"concept_71YnLS_apiversion"}},{"SetConceptName":{"newName":"ApiVersion","conceptId":"concept_71YnLS_apiversion"}},{"DefineConcept":{"name":"Metrics","root":"shape_m84IUAOQ0M","conceptId":"concept_vpKttf_metrics"}},{"SetConceptName":{"newName":"Metrics","conceptId":"concept_vpKttf_metrics"}},{"AssignType":{"id":"shape_JBuP1inxU7","to":{"ObjectT":{}},"conceptId":"concept_lwhQGA_api"}},{"AddField":{"parentId":"shape_JBuP1inxU7","id":"shape_799iEKiV24","conceptId":"concept_lwhQGA_api"}},{"SetFieldName":{"id":"shape_799iEKiV24","newName":"added","conceptId":"concept_lwhQGA_api"}},{"AssignType":{"id":"shape_799iEKiV24","to":{"StringT":{}},"conceptId":"concept_lwhQGA_api"}},{"AddField":{"parentId":"shape_JBuP1inxU7","id":"shape_nZxLQjlznN","conceptId":"concept_lwhQGA_api"}},{"SetFieldName":{"id":"shape_nZxLQjlznN","newName":"preferred","conceptId":"concept_lwhQGA_api"}},{"AssignType":{"id":"shape_nZxLQjlznN","to":{"StringT":{}},"conceptId":"concept_lwhQGA_api"}},{"AddField":{"parentId":"shape_JBuP1inxU7","id":"shape_Al3Vzl6E1y","conceptId":"concept_lwhQGA_api"}},{"SetFieldName":{"id":"shape_Al3Vzl6E1y","newName":"versions","conceptId":"concept_lwhQGA_api"}},{"AssignType":{"id":"shape_Al3Vzl6E1y","to":{"ObjectT":{}},"conceptId":"concept_lwhQGA_api"}},{"AssignType":{"id":"shape_2kznGroEC0","to":{"ObjectT":{}},"conceptId":"concept_tftqnO_apis"}},{"AssignType":{"id":"shape_NoWyla0wO1","to":{"ObjectT":{}},"conceptId":"concept_71YnLS_apiversion"}},{"AddField":{"parentId":"shape_NoWyla0wO1","id":"shape_yoECFuNch6","conceptId":"concept_71YnLS_apiversion"}},{"SetFieldName":{"id":"shape_yoECFuNch6","newName":"swaggerYamlUrl","conceptId":"concept_71YnLS_apiversion"}},{"AssignType":{"id":"shape_yoECFuNch6","to":{"StringT":{}},"conceptId":"concept_71YnLS_apiversion"}},{"AddField":{"parentId":"shape_NoWyla0wO1","id":"shape_1MrMOe1YZ7","conceptId":"concept_71YnLS_apiversion"}},{"SetFieldName":{"id":"shape_1MrMOe1YZ7","newName":"info","conceptId":"concept_71YnLS_apiversion"}},{"AssignType":{"id":"shape_1MrMOe1YZ7","to":{"ObjectT":{}},"conceptId":"concept_71YnLS_apiversion"}},{"AddField":{"parentId":"shape_NoWyla0wO1","id":"shape_aMGqzSTgWd","conceptId":"concept_71YnLS_apiversion"}},{"SetFieldName":{"id":"shape_aMGqzSTgWd","newName":"added","conceptId":"concept_71YnLS_apiversion"}},{"AssignType":{"id":"shape_aMGqzSTgWd","to":{"StringT":{}},"conceptId":"concept_71YnLS_apiversion"}},{"AddField":{"parentId":"shape_NoWyla0wO1","id":"shape_oJ8p91V4XJ","conceptId":"concept_71YnLS_apiversion"}},{"SetFieldName":{"id":"shape_oJ8p91V4XJ","newName":"updated","conceptId":"concept_71YnLS_apiversion"}},{"AssignType":{"id":"shape_oJ8p91V4XJ","to":{"StringT":{}},"conceptId":"concept_71YnLS_apiversion"}},{"AddField":{"parentId":"shape_NoWyla0wO1","id":"shape_9kRIyNBH89","conceptId":"concept_71YnLS_apiversion"}},{"SetFieldName":{"id":"shape_9kRIyNBH89","newName":"externalDocs","conceptId":"concept_71YnLS_apiversion"}},{"AssignType":{"id":"shape_9kRIyNBH89","to":{"ObjectT":{}},"conceptId":"concept_71YnLS_apiversion"}},{"AddField":{"parentId":"shape_NoWyla0wO1","id":"shape_8weAQRth7r","conceptId":"concept_71YnLS_apiversion"}},{"SetFieldName":{"id":"shape_8weAQRth7r","newName":"swaggerUrl","conceptId":"concept_71YnLS_apiversion"}},{"AssignType":{"id":"shape_8weAQRth7r","to":{"StringT":{}},"conceptId":"concept_71YnLS_apiversion"}},{"AssignType":{"id":"shape_m84IUAOQ0M","to":{"ObjectT":{}},"conceptId":"concept_vpKttf_metrics"}},{"AddField":{"parentId":"shape_m84IUAOQ0M","id":"shape_CfYsQ8JL3y","conceptId":"concept_vpKttf_metrics"}},{"SetFieldName":{"id":"shape_CfYsQ8JL3y","newName":"numAPIs","conceptId":"concept_vpKttf_metrics"}},{"AssignType":{"id":"shape_CfYsQ8JL3y","to":{"IntegerT":{}},"conceptId":"concept_vpKttf_metrics"}},{"AddField":{"parentId":"shape_m84IUAOQ0M","id":"shape_J6NbOM29wq","conceptId":"concept_vpKttf_metrics"}},{"SetFieldName":{"id":"shape_J6NbOM29wq","newName":"numEndpoints","conceptId":"concept_vpKttf_metrics"}},{"AssignType":{"id":"shape_J6NbOM29wq","to":{"IntegerT":{}},"conceptId":"concept_vpKttf_metrics"}},{"AddField":{"parentId":"shape_m84IUAOQ0M","id":"shape_dy1avLgPAd","conceptId":"concept_vpKttf_metrics"}},{"SetFieldName":{"id":"shape_dy1avLgPAd","newName":"numSpecs","conceptId":"concept_vpKttf_metrics"}},{"AssignType":{"id":"shape_dy1avLgPAd","to":{"IntegerT":{}},"conceptId":"concept_vpKttf_metrics"}},{"AddPathComponent":{"pathId":"5sgRmh_path_0","parentPathId":"root","name":"list.json"}},{"AddPathComponent":{"pathId":"5sgRmh_path_1","parentPathId":"root","name":"metrics.json"}},{"AddRequest":{"requestId":"path_SYBAkULF4q}_get","pathId":"5sgRmh_path_0","httpMethod":"get"}},{"AddResponse":{"responseId":"response_UOQzdqPGTx","requestId":"path_SYBAkULF4q}_get","httpStatusCode":200}},{"DefineInlineConcept":{"root":"shape_47KZiw53fw","conceptId":"concept_Lo734CFfHM9I"}},{"AssignType":{"id":"shape_47KZiw53fw","to":{"RefT":{"conceptId":"concept_tftqnO_apis"}},"conceptId":"concept_Lo734CFfHM9I"}},{"AddRequest":{"requestId":"path_FwSPvPgh1n}_get","pathId":"5sgRmh_path_1","httpMethod":"get"}},{"AddResponse":{"responseId":"response_JyNWXqOX7d","requestId":"path_FwSPvPgh1n}_get","httpStatusCode":200}},{"DefineInlineConcept":{"root":"shape_0122S3fy8k","conceptId":"concept_zvpelBJCNngV"}},{"AssignType":{"id":"shape_0122S3fy8k","to":{"RefT":{"conceptId":"concept_vpKttf_metrics"}},"conceptId":"concept_zvpelBJCNngV"}},{"SetResponseBodyShape":{"responseId":"response_UOQzdqPGTx","bodyDescriptor":{"httpContentType":"application/json; charset=utf-8","conceptId":"concept_Lo734CFfHM9I"}}},{"SetResponseBodyShape":{"responseId":"response_JyNWXqOX7d","bodyDescriptor":{"httpContentType":"application/json; charset=utf-8","conceptId":"concept_zvpelBJCNngV"}}}]