[{"DefineConcept":{"name":"TweetEntity","root":"shape_QAoekUi6Cq","conceptId":"concept_vCZeFn_tweetentity"}},{"SetConceptName":{"newName":"TweetEntity","conceptId":"concept_vCZeFn_tweetentity"}},{"DefineConcept":{"name":"TwitterResponseEntity","root":"shape_6SAh0iVXFZ","conceptId":"concept_yZjqxq_twitterresponseentity"}},{"SetConceptName":{"newName":"TwitterResponseEntity","conceptId":"concept_yZjqxq_twitterresponseentity"}},{"AssignType":{"id":"shape_QAoekUi6Cq","to":{"ObjectT":{}},"conceptId":"concept_vCZeFn_tweetentity"}},{"AddField":{"parentId":"shape_QAoekUi6Cq","id":"shape_K8so7G7bks","conceptId":"concept_vCZeFn_tweetentity"}},{"SetFieldName":{"id":"shape_K8so7G7bks","newName":"favoritedCount","conceptId":"concept_vCZeFn_tweetentity"}},{"AssignType":{"id":"shape_K8so7G7bks","to":{"IntegerT":{}},"conceptId":"concept_vCZeFn_tweetentity"}},{"AddField":{"parentId":"shape_QAoekUi6Cq","id":"shape_y8iqwtHJhT","conceptId":"concept_vCZeFn_tweetentity"}},{"SetFieldName":{"id":"shape_y8iqwtHJhT","newName":"retweeted","conceptId":"concept_vCZeFn_tweetentity"}},{"AssignType":{"id":"shape_y8iqwtHJhT","to":{"BooleanT":{}},"conceptId":"concept_vCZeFn_tweetentity"}},{"AddField":{"parentId":"shape_QAoekUi6Cq","id":"shape_wzCFPVcedB","conceptId":"concept_vCZeFn_tweetentity"}},{"SetFieldName":{"id":"shape_wzCFPVcedB","newName":"userProfileImageURL","conceptId":"concept_vCZeFn_tweetentity"}},{"AssignType":{"id":"shape_wzCFPVcedB","to":{"StringT":{}},"conceptId":"concept_vCZeFn_tweetentity"}},{"AddField":{"parentId":"shape_QAoekUi6Cq","id":"shape_gCxrJUWZ7M","conceptId":"concept_vCZeFn_tweetentity"}},{"SetFieldName":{"id":"shape_gCxrJUWZ7M","newName":"source","conceptId":"concept_vCZeFn_tweetentity"}},{"AssignType":{"id":"shape_gCxrJUWZ7M","to":{"StringT":{}},"conceptId":"concept_vCZeFn_tweetentity"}},{"AddField":{"parentId":"shape_QAoekUi6Cq","id":"shape_cOra3Wc3LM","conceptId":"concept_vCZeFn_tweetentity"}},{"SetFieldName":{"id":"shape_cOra3Wc3LM","newName":"sentiment","conceptId":"concept_vCZeFn_tweetentity"}},{"AssignType":{"id":"shape_cOra3Wc3LM","to":{"StringT":{}},"conceptId":"concept_vCZeFn_tweetentity"}},{"AddField":{"parentId":"shape_QAoekUi6Cq","id":"shape_g9751cdGJX","conceptId":"concept_vCZeFn_tweetentity"}},{"SetFieldName":{"id":"shape_g9751cdGJX","newName":"text","conceptId":"concept_vCZeFn_tweetentity"}},{"AssignType":{"id":"shape_g9751cdGJX","to":{"StringT":{}},"conceptId":"concept_vCZeFn_tweetentity"}},{"AddField":{"parentId":"shape_QAoekUi6Cq","id":"shape_uWwLoqYlVi","conceptId":"concept_vCZeFn_tweetentity"}},{"SetFieldName":{"id":"shape_uWwLoqYlVi","newName":"userScreenName","conceptId":"concept_vCZeFn_tweetentity"}},{"AssignType":{"id":"shape_uWwLoqYlVi","to":{"StringT":{}},"conceptId":"concept_vCZeFn_tweetentity"}},{"AddField":{"parentId":"shape_QAoekUi6Cq","id":"shape_JXiolcKUC6","conceptId":"concept_vCZeFn_tweetentity"}},{"SetFieldName":{"id":"shape_JXiolcKUC6","newName":"sentimentScore","conceptId":"concept_vCZeFn_tweetentity"}},{"AssignType":{"id":"shape_JXiolcKUC6","to":{"NumberT":{}},"conceptId":"concept_vCZeFn_tweetentity"}},{"AddField":{"parentId":"shape_QAoekUi6Cq","id":"shape_S2Gy6gWebN","conceptId":"concept_vCZeFn_tweetentity"}},{"SetFieldName":{"id":"shape_S2Gy6gWebN","newName":"statusId","conceptId":"concept_vCZeFn_tweetentity"}},{"AssignType":{"id":"shape_S2Gy6gWebN","to":{"IntegerT":{}},"conceptId":"concept_vCZeFn_tweetentity"}},{"AddField":{"parentId":"shape_QAoekUi6Cq","id":"shape_opG6rtPjfd","conceptId":"concept_vCZeFn_tweetentity"}},{"SetFieldName":{"id":"shape_opG6rtPjfd","newName":"createdAt","conceptId":"concept_vCZeFn_tweetentity"}},{"AssignType":{"id":"shape_opG6rtPjfd","to":{"IntegerT":{}},"conceptId":"concept_vCZeFn_tweetentity"}},{"AddField":{"parentId":"shape_QAoekUi6Cq","id":"shape_PEcriwkAdL","conceptId":"concept_vCZeFn_tweetentity"}},{"SetFieldName":{"id":"shape_PEcriwkAdL","newName":"retweetCount","conceptId":"concept_vCZeFn_tweetentity"}},{"AssignType":{"id":"shape_PEcriwkAdL","to":{"IntegerT":{}},"conceptId":"concept_vCZeFn_tweetentity"}},{"AddField":{"parentId":"shape_QAoekUi6Cq","id":"shape_gXz88eLZut","conceptId":"concept_vCZeFn_tweetentity"}},{"SetFieldName":{"id":"shape_gXz88eLZut","newName":"favorited","conceptId":"concept_vCZeFn_tweetentity"}},{"AssignType":{"id":"shape_gXz88eLZut","to":{"BooleanT":{}},"conceptId":"concept_vCZeFn_tweetentity"}},{"AddField":{"parentId":"shape_QAoekUi6Cq","id":"shape_OQiiPhIXjL","conceptId":"concept_vCZeFn_tweetentity"}},{"SetFieldName":{"id":"shape_OQiiPhIXjL","newName":"userId","conceptId":"concept_vCZeFn_tweetentity"}},{"AssignType":{"id":"shape_OQiiPhIXjL","to":{"IntegerT":{}},"conceptId":"concept_vCZeFn_tweetentity"}},{"AddField":{"parentId":"shape_QAoekUi6Cq","id":"shape_2xhjAMgGwA","conceptId":"concept_vCZeFn_tweetentity"}},{"SetFieldName":{"id":"shape_2xhjAMgGwA","newName":"userName","conceptId":"concept_vCZeFn_tweetentity"}},{"AssignType":{"id":"shape_2xhjAMgGwA","to":{"StringT":{}},"conceptId":"concept_vCZeFn_tweetentity"}},{"AssignType":{"id":"shape_6SAh0iVXFZ","to":{"ObjectT":{}},"conceptId":"concept_yZjqxq_twitterresponseentity"}},{"AddField":{"parentId":"shape_6SAh0iVXFZ","id":"shape_xGnQm6SwPq","conceptId":"concept_yZjqxq_twitterresponseentity"}},{"SetFieldName":{"id":"shape_xGnQm6SwPq","newName":"startTime","conceptId":"concept_yZjqxq_twitterresponseentity"}},{"AssignType":{"id":"shape_xGnQm6SwPq","to":{"StringT":{}},"conceptId":"concept_yZjqxq_twitterresponseentity"}},{"AddField":{"parentId":"shape_6SAh0iVXFZ","id":"shape_uCHDCh0sa3","conceptId":"concept_yZjqxq_twitterresponseentity"}},{"SetFieldName":{"id":"shape_uCHDCh0sa3","newName":"query","conceptId":"concept_yZjqxq_twitterresponseentity"}},{"AssignType":{"id":"shape_uCHDCh0sa3","to":{"StringT":{}},"conceptId":"concept_yZjqxq_twitterresponseentity"}},{"AddField":{"parentId":"shape_6SAh0iVXFZ","id":"shape_R8C0ve16sS","conceptId":"concept_yZjqxq_twitterresponseentity"}},{"SetFieldName":{"id":"shape_R8C0ve16sS","newName":"endTime","conceptId":"concept_yZjqxq_twitterresponseentity"}},{"AssignType":{"id":"shape_R8C0ve16sS","to":{"StringT":{}},"conceptId":"concept_yZjqxq_twitterresponseentity"}},{"AddField":{"parentId":"shape_6SAh0iVXFZ","id":"shape_s48xuD31EC","conceptId":"concept_yZjqxq_twitterresponseentity"}},{"SetFieldName":{"id":"shape_s48xuD31EC","newName":"numofTweets","conceptId":"concept_yZjqxq_twitterresponseentity"}},{"AssignType":{"id":"shape_s48xuD31EC","to":{"IntegerT":{}},"conceptId":"concept_yZjqxq_twitterresponseentity"}},{"AddField":{"parentId":"shape_6SAh0iVXFZ","id":"shape_C1FMaOvGBQ","conceptId":"concept_yZjqxq_twitterresponseentity"}},{"SetFieldName":{"id":"shape_C1FMaOvGBQ","newName":"processTime","conceptId":"concept_yZjqxq_twitterresponseentity"}},{"AssignType":{"id":"shape_C1FMaOvGBQ","to":{"StringT":{}},"conceptId":"concept_yZjqxq_twitterresponseentity"}},{"AddField":{"parentId":"shape_6SAh0iVXFZ","id":"shape_5o2wvDYkkH","conceptId":"concept_yZjqxq_twitterresponseentity"}},{"SetFieldName":{"id":"shape_5o2wvDYkkH","newName":"log","conceptId":"concept_yZjqxq_twitterresponseentity"}},{"AssignType":{"id":"shape_5o2wvDYkkH","to":{"StringT":{}},"conceptId":"concept_yZjqxq_twitterresponseentity"}},{"AddField":{"parentId":"shape_6SAh0iVXFZ","id":"shape_nNZYmHKQOg","conceptId":"concept_yZjqxq_twitterresponseentity"}},{"SetFieldName":{"id":"shape_nNZYmHKQOg","newName":"tweets","conceptId":"concept_yZjqxq_twitterresponseentity"}},{"AssignType":{"id":"shape_nNZYmHKQOg","to":{"ListT":{}},"conceptId":"concept_yZjqxq_twitterresponseentity"}},{"AddTypeParameter":{"parentId":"shape_nNZYmHKQOg","id":"shape_SVQpL2esH2","conceptId":"concept_yZjqxq_twitterresponseentity"}},{"AssignType":{"id":"shape_SVQpL2esH2","to":{"RefT":{"conceptId":"concept_vCZeFn_tweetentity"}},"conceptId":"concept_yZjqxq_twitterresponseentity"}},{"AddPathComponent":{"pathId":"zt5JGs_path_0","parentPathId":"root","name":"twitter-word2vec"}},{"AddPathComponent":{"pathId":"zt5JGs_path_1","parentPathId":"zt5JGs_path_0","name":"search"}},{"AddRequest":{"requestId":"path_5rG3YXO5g1}_get","pathId":"zt5JGs_path_1","httpMethod":"get"}},{"AddResponse":{"responseId":"response_njEgxRhXxd","requestId":"path_5rG3YXO5g1}_get","httpStatusCode":200}},{"DefineInlineConcept":{"root":"shape_5mvDZu2UKv","conceptId":"concept_cjkCdVI9IhaV"}},{"AssignType":{"id":"shape_5mvDZu2UKv","to":{"RefT":{"conceptId":"concept_yZjqxq_twitterresponseentity"}},"conceptId":"concept_cjkCdVI9IhaV"}},{"AddResponse":{"responseId":"response_IFUOeoF0uP","requestId":"path_5rG3YXO5g1}_get","httpStatusCode":401}},{"AddResponse":{"responseId":"response_jghMvPlZVw","requestId":"path_5rG3YXO5g1}_get","httpStatusCode":403}},{"AddResponse":{"responseId":"response_9xLu9D4xCc","requestId":"path_5rG3YXO5g1}_get","httpStatusCode":404}},{"SetResponseBodyShape":{"responseId":"response_njEgxRhXxd","bodyDescriptor":{"httpContentType":"application/json","conceptId":"concept_cjkCdVI9IhaV"}}}]