[{"DefineConcept":{"name":"Hit","root":"shape_Dt4NsYTAa3","conceptId":"concept_xroZUj_hit"}},{"SetConceptName":{"newName":"Hit","conceptId":"concept_xroZUj_hit"}},{"DefineConcept":{"name":"Error","root":"shape_CM1mxDNILS","conceptId":"concept_6Q9uKg_error"}},{"SetConceptName":{"newName":"Error","conceptId":"concept_6Q9uKg_error"}},{"DefineConcept":{"name":"ScrapeResult","root":"shape_C0BZ6xt76s","conceptId":"concept_2wxUmu_scraperesult"}},{"SetConceptName":{"newName":"ScrapeResult","conceptId":"concept_2wxUmu_scraperesult"}},{"DefineConcept":{"name":"Field","root":"shape_mKZFQygaHA","conceptId":"concept_ScxUkx_field"}},{"SetConceptName":{"newName":"Field","conceptId":"concept_ScxUkx_field"}},{"DefineConcept":{"name":"OrganicResult","root":"shape_GbrItaUSFK","conceptId":"concept_jJ7zax_organicresult"}},{"SetConceptName":{"newName":"OrganicResult","conceptId":"concept_jJ7zax_organicresult"}},{"DefineConcept":{"name":"Cursor","root":"shape_awptjkvtmc","conceptId":"concept_CzRBeK_cursor"}},{"SetConceptName":{"newName":"Cursor","conceptId":"concept_CzRBeK_cursor"}},{"AssignType":{"id":"shape_Dt4NsYTAa3","to":{"ObjectT":{}},"conceptId":"concept_xroZUj_hit"}},{"AssignType":{"id":"shape_CM1mxDNILS","to":{"AnyT":{}},"conceptId":"concept_6Q9uKg_error"}},{"AssignType":{"id":"shape_C0BZ6xt76s","to":{"ObjectT":{}},"conceptId":"concept_2wxUmu_scraperesult"}},{"AddField":{"parentId":"shape_C0BZ6xt76s","id":"shape_ia2lrDxxE8","conceptId":"concept_2wxUmu_scraperesult"}},{"SetFieldName":{"id":"shape_ia2lrDxxE8","newName":"count","conceptId":"concept_2wxUmu_scraperesult"}},{"AssignType":{"id":"shape_ia2lrDxxE8","to":{"IntegerT":{}},"conceptId":"concept_2wxUmu_scraperesult"}},{"AddField":{"parentId":"shape_C0BZ6xt76s","id":"shape_g8Z8UOaehx","conceptId":"concept_2wxUmu_scraperesult"}},{"SetFieldName":{"id":"shape_g8Z8UOaehx","newName":"previous","conceptId":"concept_2wxUmu_scraperesult"}},{"AssignType":{"id":"shape_g8Z8UOaehx","to":{"RefT":{"conceptId":"concept_CzRBeK_cursor"}},"conceptId":"concept_2wxUmu_scraperesult"}},{"AddField":{"parentId":"shape_C0BZ6xt76s","id":"shape_bfs0YnczUj","conceptId":"concept_2wxUmu_scraperesult"}},{"SetFieldName":{"id":"shape_bfs0YnczUj","newName":"items","conceptId":"concept_2wxUmu_scraperesult"}},{"AssignType":{"id":"shape_bfs0YnczUj","to":{"ListT":{}},"conceptId":"concept_2wxUmu_scraperesult"}},{"AddTypeParameter":{"parentId":"shape_bfs0YnczUj","id":"shape_HR2KY3Wu73","conceptId":"concept_2wxUmu_scraperesult"}},{"AssignType":{"id":"shape_HR2KY3Wu73","to":{"RefT":{"conceptId":"concept_xroZUj_hit"}},"conceptId":"concept_2wxUmu_scraperesult"}},{"AddField":{"parentId":"shape_C0BZ6xt76s","id":"shape_w8wc5ZBRiE","conceptId":"concept_2wxUmu_scraperesult"}},{"SetFieldName":{"id":"shape_w8wc5ZBRiE","newName":"total","conceptId":"concept_2wxUmu_scraperesult"}},{"AssignType":{"id":"shape_w8wc5ZBRiE","to":{"IntegerT":{}},"conceptId":"concept_2wxUmu_scraperesult"}},{"AddField":{"parentId":"shape_C0BZ6xt76s","id":"shape_8IR4LH5DeJ","conceptId":"concept_2wxUmu_scraperesult"}},{"SetFieldName":{"id":"shape_8IR4LH5DeJ","newName":"cursor","conceptId":"concept_2wxUmu_scraperesult"}},{"AssignType":{"id":"shape_8IR4LH5DeJ","to":{"RefT":{"conceptId":"concept_CzRBeK_cursor"}},"conceptId":"concept_2wxUmu_scraperesult"}},{"AssignType":{"id":"shape_mKZFQygaHA","to":{"StringT":{}},"conceptId":"concept_ScxUkx_field"}},{"AssignType":{"id":"shape_GbrItaUSFK","to":{"ObjectT":{}},"conceptId":"concept_jJ7zax_organicresult"}},{"AddField":{"parentId":"shape_GbrItaUSFK","id":"shape_IWaRMy4e27","conceptId":"concept_jJ7zax_organicresult"}},{"SetFieldName":{"id":"shape_IWaRMy4e27","newName":"count","conceptId":"concept_jJ7zax_organicresult"}},{"AssignType":{"id":"shape_IWaRMy4e27","to":{"IntegerT":{}},"conceptId":"concept_jJ7zax_organicresult"}},{"AddField":{"parentId":"shape_GbrItaUSFK","id":"shape_hZDDHHhNqv","conceptId":"concept_jJ7zax_organicresult"}},{"SetFieldName":{"id":"shape_hZDDHHhNqv","newName":"items","conceptId":"concept_jJ7zax_organicresult"}},{"AssignType":{"id":"shape_hZDDHHhNqv","to":{"ListT":{}},"conceptId":"concept_jJ7zax_organicresult"}},{"AddTypeParameter":{"parentId":"shape_hZDDHHhNqv","id":"shape_OGrjiQ5LgX","conceptId":"concept_jJ7zax_organicresult"}},{"AssignType":{"id":"shape_OGrjiQ5LgX","to":{"RefT":{"conceptId":"concept_xroZUj_hit"}},"conceptId":"concept_jJ7zax_organicresult"}},{"AddField":{"parentId":"shape_GbrItaUSFK","id":"shape_n7WWUfwSKm","conceptId":"concept_jJ7zax_organicresult"}},{"SetFieldName":{"id":"shape_n7WWUfwSKm","newName":"total","conceptId":"concept_jJ7zax_organicresult"}},{"AssignType":{"id":"shape_n7WWUfwSKm","to":{"IntegerT":{}},"conceptId":"concept_jJ7zax_organicresult"}},{"AssignType":{"id":"shape_awptjkvtmc","to":{"StringT":{}},"conceptId":"concept_CzRBeK_cursor"}},{"AddPathComponent":{"pathId":"18fJyd_path_0","parentPathId":"root","name":"search"}},{"AddPathComponent":{"pathId":"18fJyd_path_1","parentPathId":"18fJyd_path_0","name":"v1"}},{"AddPathComponent":{"pathId":"18fJyd_path_2","parentPathId":"18fJyd_path_1","name":"fields"}},{"AddPathComponent":{"pathId":"18fJyd_path_3","parentPathId":"18fJyd_path_1","name":"organic"}},{"AddPathComponent":{"pathId":"18fJyd_path_4","parentPathId":"18fJyd_path_1","name":"scrape"}},{"AddRequest":{"requestId":"path_pGYVpZZdSz}_get","pathId":"18fJyd_path_2","httpMethod":"get"}},{"AddResponse":{"responseId":"response_VJDeoF7UI7","requestId":"path_pGYVpZZdSz}_get","httpStatusCode":200}},{"DefineInlineConcept":{"root":"shape_G7gtBMneBQ","conceptId":"concept_bk8wDqdhbYct"}},{"AssignType":{"id":"shape_G7gtBMneBQ","to":{"ListT":{}},"conceptId":"concept_bk8wDqdhbYct"}},{"AddTypeParameter":{"parentId":"shape_G7gtBMneBQ","id":"shape_tv3IfNmiBo","conceptId":"concept_bk8wDqdhbYct"}},{"AssignType":{"id":"shape_tv3IfNmiBo","to":{"RefT":{"conceptId":"concept_ScxUkx_field"}},"conceptId":"concept_bk8wDqdhbYct"}},{"AddRequest":{"requestId":"path_DU8zOq7d5n}_get","pathId":"18fJyd_path_3","httpMethod":"get"}},{"AddResponse":{"responseId":"response_cuOcB9YLfl","requestId":"path_DU8zOq7d5n}_get","httpStatusCode":200}},{"DefineInlineConcept":{"root":"shape_ZmdOs1kxvb","conceptId":"concept_W4tlvEUCOQqR"}},{"AssignType":{"id":"shape_ZmdOs1kxvb","to":{"RefT":{"conceptId":"concept_jJ7zax_organicresult"}},"conceptId":"concept_W4tlvEUCOQqR"}},{"AddRequest":{"requestId":"path_FhESIxKk13}_get","pathId":"18fJyd_path_4","httpMethod":"get"}},{"AddResponse":{"responseId":"response_BKtmm43hos","requestId":"path_FhESIxKk13}_get","httpStatusCode":200}},{"DefineInlineConcept":{"root":"shape_dv1dCt3IkD","conceptId":"concept_ZnZ0jXl0q2fu"}},{"AssignType":{"id":"shape_dv1dCt3IkD","to":{"RefT":{"conceptId":"concept_2wxUmu_scraperesult"}},"conceptId":"concept_ZnZ0jXl0q2fu"}},{"SetResponseBodyShape":{"responseId":"response_VJDeoF7UI7","bodyDescriptor":{"httpContentType":"application/json","conceptId":"concept_bk8wDqdhbYct"}}},{"SetResponseBodyShape":{"responseId":"response_cuOcB9YLfl","bodyDescriptor":{"httpContentType":"application/json","conceptId":"concept_W4tlvEUCOQqR"}}},{"SetResponseBodyShape":{"responseId":"response_BKtmm43hos","bodyDescriptor":{"httpContentType":"application/json","conceptId":"concept_ZnZ0jXl0q2fu"}}}]