[{"DefineConcept":{"name":"Address","root":"shape_Q5y1X3h7vM","conceptId":"concept_ZIyzOA_address"}},{"SetConceptName":{"newName":"Address","conceptId":"concept_ZIyzOA_address"}},{"DefineConcept":{"name":"OAuth2Error","root":"shape_zbth02pe72","conceptId":"concept_n9bRF0_oauth2error"}},{"SetConceptName":{"newName":"OAuth2Error","conceptId":"concept_n9bRF0_oauth2error"}},{"DefineConcept":{"name":"ProblemDetail","root":"shape_ADOHDAPB8F","conceptId":"concept_FPqSnZ_problemdetail"}},{"SetConceptName":{"newName":"ProblemDetail","conceptId":"concept_FPqSnZ_problemdetail"}},{"DefineConcept":{"name":"Session","root":"shape_WkFA5muWLr","conceptId":"concept_9G94Ut_session"}},{"SetConceptName":{"newName":"Session","conceptId":"concept_9G94Ut_session"}},{"DefineConcept":{"name":"UserInfo","root":"shape_trYk6PgzkA","conceptId":"concept_9FpjJE_userinfo"}},{"SetConceptName":{"newName":"UserInfo","conceptId":"concept_9FpjJE_userinfo"}},{"DefineConcept":{"name":"Client","root":"shape_qPXEkmcIzU","conceptId":"concept_m6Bfqr_client"}},{"SetConceptName":{"newName":"Client","conceptId":"concept_m6Bfqr_client"}},{"DefineConcept":{"name":"Token","root":"shape_eYZ5CdjQ2c","conceptId":"concept_2EcXFv_token"}},{"SetConceptName":{"newName":"Token","conceptId":"concept_2EcXFv_token"}},{"AssignType":{"id":"shape_Q5y1X3h7vM","to":{"AnyT":{}},"conceptId":"concept_ZIyzOA_address"}},{"AssignType":{"id":"shape_zbth02pe72","to":{"AnyT":{}},"conceptId":"concept_n9bRF0_oauth2error"}},{"AssignType":{"id":"shape_ADOHDAPB8F","to":{"AnyT":{}},"conceptId":"concept_FPqSnZ_problemdetail"}},{"AssignType":{"id":"shape_WkFA5muWLr","to":{"AnyT":{}},"conceptId":"concept_9G94Ut_session"}},{"AssignType":{"id":"shape_trYk6PgzkA","to":{"AnyT":{}},"conceptId":"concept_9FpjJE_userinfo"}},{"AssignType":{"id":"shape_qPXEkmcIzU","to":{"AnyT":{}},"conceptId":"concept_m6Bfqr_client"}},{"AssignType":{"id":"shape_eYZ5CdjQ2c","to":{"AnyT":{}},"conceptId":"concept_2EcXFv_token"}},{"AddPathComponent":{"pathId":"DMQQCC_path_0","parentPathId":"root","name":"authorize"}},{"AddPathComponent":{"pathId":"DMQQCC_path_1","parentPathId":"root","name":"client"}},{"AddPathParameter":{"pathId":"DMQQCC_path_2","parentPathId":"DMQQCC_path_1","name":"client_id"}},{"AddPathComponent":{"pathId":"DMQQCC_path_3","parentPathId":"root","name":"token"}},{"AddPathComponent":{"pathId":"DMQQCC_path_4","parentPathId":"root","name":"userinfo"}},{"AddPathParameter":{"pathId":"DMQQCC_path_5","parentPathId":"root","name":""}},{"AddPathComponent":{"pathId":"DMQQCC_path_6","parentPathId":"DMQQCC_path_5","name":"iframe"}},{"AddRequest":{"requestId":"path_4JuIoxU5sR}_get","pathId":"DMQQCC_path_1","httpMethod":"get"}},{"AddResponse":{"responseId":"response_UdBguhUZIN","requestId":"path_4JuIoxU5sR}_get","httpStatusCode":200}},{"DefineInlineConcept":{"root":"shape_yQNE30H87I","conceptId":"concept_pRHE49j0NPVG"}},{"AssignType":{"id":"shape_yQNE30H87I","to":{"ListT":{}},"conceptId":"concept_pRHE49j0NPVG"}},{"AddTypeParameter":{"parentId":"shape_yQNE30H87I","id":"shape_YsGCEwQrJU","conceptId":"concept_pRHE49j0NPVG"}},{"AssignType":{"id":"shape_YsGCEwQrJU","to":{"RefT":{"conceptId":"concept_m6Bfqr_client"}},"conceptId":"concept_pRHE49j0NPVG"}},{"AddRequest":{"requestId":"path_4JuIoxU5sR}_post","pathId":"DMQQCC_path_1","httpMethod":"post"}},{"DefineInlineConcept":{"root":"shape_hXES046hrw","conceptId":"concept_client_post_body"}},{"AssignType":{"id":"shape_hXES046hrw","to":{"RefT":{"conceptId":"concept_m6Bfqr_client"}},"conceptId":"concept_client_post_body"}},{"AddResponse":{"responseId":"response_0DiM0DNOoV","requestId":"path_4JuIoxU5sR}_post","httpStatusCode":201}},{"AddRequest":{"requestId":"path_P7hAZNbRHR}_get","pathId":"DMQQCC_path_0","httpMethod":"get"}},{"AddResponse":{"responseId":"response_JUgw9hEdgS","requestId":"path_P7hAZNbRHR}_get","httpStatusCode":302}},{"AddResponse":{"responseId":"response_D0DoolNa1o","requestId":"path_P7hAZNbRHR}_get","httpStatusCode":303}},{"AddRequest":{"requestId":"path_wBvmzrJ3JZ}_get","pathId":"DMQQCC_path_6","httpMethod":"get"}},{"AddResponse":{"responseId":"response_NQQpiBGQrZ","requestId":"path_wBvmzrJ3JZ}_get","httpStatusCode":200}},{"AddRequest":{"requestId":"path_qjmYMOHe5l}_get","pathId":"DMQQCC_path_4","httpMethod":"get"}},{"AddResponse":{"responseId":"response_g6U0F5q4QD","requestId":"path_qjmYMOHe5l}_get","httpStatusCode":200}},{"DefineInlineConcept":{"root":"shape_sJzphsSQv5","conceptId":"concept_AzdYym8s7e0x"}},{"AssignType":{"id":"shape_sJzphsSQv5","to":{"RefT":{"conceptId":"concept_9FpjJE_userinfo"}},"conceptId":"concept_AzdYym8s7e0x"}},{"AddResponse":{"responseId":"response_lbfGnTx5sh","requestId":"path_qjmYMOHe5l}_get","httpStatusCode":401}},{"DefineInlineConcept":{"root":"shape_0nWp1hsSNk","conceptId":"concept_RhWuwCNki3pF"}},{"AssignType":{"id":"shape_0nWp1hsSNk","to":{"RefT":{"conceptId":"concept_n9bRF0_oauth2error"}},"conceptId":"concept_RhWuwCNki3pF"}},{"AddRequest":{"requestId":"path_XOu5FV4i5w}_delete","pathId":"DMQQCC_path_2","httpMethod":"delete"}},{"AddResponse":{"responseId":"response_200LjzFtkG","requestId":"path_XOu5FV4i5w}_delete","httpStatusCode":204}},{"AddRequest":{"requestId":"path_XOu5FV4i5w}_get","pathId":"DMQQCC_path_2","httpMethod":"get"}},{"AddResponse":{"responseId":"response_DruCwyMAee","requestId":"path_XOu5FV4i5w}_get","httpStatusCode":200}},{"DefineInlineConcept":{"root":"shape_8O26eKZRzN","conceptId":"concept_GdKb2hBfqfMW"}},{"AssignType":{"id":"shape_8O26eKZRzN","to":{"RefT":{"conceptId":"concept_m6Bfqr_client"}},"conceptId":"concept_GdKb2hBfqfMW"}},{"AddRequest":{"requestId":"path_XOu5FV4i5w}_put","pathId":"DMQQCC_path_2","httpMethod":"put"}},{"DefineInlineConcept":{"root":"shape_DApV8HWGj5","conceptId":"concept_clientclient_id_put_body"}},{"AssignType":{"id":"shape_DApV8HWGj5","to":{"RefT":{"conceptId":"concept_m6Bfqr_client"}},"conceptId":"concept_clientclient_id_put_body"}},{"AddResponse":{"responseId":"response_Nf2pzjdF0G","requestId":"path_XOu5FV4i5w}_put","httpStatusCode":200}},{"DefineInlineConcept":{"root":"shape_F19wzGz3sZ","conceptId":"concept_3vsObQDRYnGp"}},{"AssignType":{"id":"shape_F19wzGz3sZ","to":{"RefT":{"conceptId":"concept_m6Bfqr_client"}},"conceptId":"concept_3vsObQDRYnGp"}},{"AddRequest":{"requestId":"path_0REq7uKMnG}_post","pathId":"DMQQCC_path_3","httpMethod":"post"}},{"AddResponse":{"responseId":"response_e7E5pXGPGX","requestId":"path_0REq7uKMnG}_post","httpStatusCode":200}},{"DefineInlineConcept":{"root":"shape_SSH7eRbmn9","conceptId":"concept_32ubhtgeJetp"}},{"AssignType":{"id":"shape_SSH7eRbmn9","to":{"RefT":{"conceptId":"concept_2EcXFv_token"}},"conceptId":"concept_32ubhtgeJetp"}},{"AddResponse":{"responseId":"response_hosuD9Dz72","requestId":"path_0REq7uKMnG}_post","httpStatusCode":400}},{"DefineInlineConcept":{"root":"shape_1tSwsbVLF5","conceptId":"concept_1fAlaW2Nuyis"}},{"AssignType":{"id":"shape_1tSwsbVLF5","to":{"RefT":{"conceptId":"concept_n9bRF0_oauth2error"}},"conceptId":"concept_1fAlaW2Nuyis"}},{"AddResponse":{"responseId":"response_Sr2mzBjogu","requestId":"path_0REq7uKMnG}_post","httpStatusCode":401}},{"DefineInlineConcept":{"root":"shape_HhTaN8A4kK","conceptId":"concept_MUCBBqTbEK9o"}},{"AssignType":{"id":"shape_HhTaN8A4kK","to":{"RefT":{"conceptId":"concept_n9bRF0_oauth2error"}},"conceptId":"concept_MUCBBqTbEK9o"}},{"SetResponseBodyShape":{"responseId":"response_UdBguhUZIN","bodyDescriptor":{"httpContentType":"application/json","conceptId":"concept_pRHE49j0NPVG"}}},{"SetRequestBodyShape":{"requestId":"path_4JuIoxU5sR}_post","bodyDescriptor":{"httpContentType":"application/json","conceptId":"concept_client_post_body"}}},{"SetResponseBodyShape":{"responseId":"response_g6U0F5q4QD","bodyDescriptor":{"httpContentType":"application/x-www-form-urlencoded","conceptId":"concept_AzdYym8s7e0x"}}},{"SetResponseBodyShape":{"responseId":"response_lbfGnTx5sh","bodyDescriptor":{"httpContentType":"application/x-www-form-urlencoded","conceptId":"concept_RhWuwCNki3pF"}}},{"SetResponseBodyShape":{"responseId":"response_DruCwyMAee","bodyDescriptor":{"httpContentType":"application/json","conceptId":"concept_GdKb2hBfqfMW"}}},{"SetRequestBodyShape":{"requestId":"path_XOu5FV4i5w}_put","bodyDescriptor":{"httpContentType":"application/json","conceptId":"concept_clientclient_id_put_body"}}},{"SetResponseBodyShape":{"responseId":"response_Nf2pzjdF0G","bodyDescriptor":{"httpContentType":"application/json","conceptId":"concept_3vsObQDRYnGp"}}},{"SetResponseBodyShape":{"responseId":"response_e7E5pXGPGX","bodyDescriptor":{"httpContentType":"application/x-www-form-urlencoded","conceptId":"concept_32ubhtgeJetp"}}},{"SetResponseBodyShape":{"responseId":"response_hosuD9Dz72","bodyDescriptor":{"httpContentType":"application/x-www-form-urlencoded","conceptId":"concept_1fAlaW2Nuyis"}}},{"SetResponseBodyShape":{"responseId":"response_Sr2mzBjogu","bodyDescriptor":{"httpContentType":"application/x-www-form-urlencoded","conceptId":"concept_MUCBBqTbEK9o"}}}]