[{"DefineConcept":{"name":"BuyRecommendationResponse","root":"shape_8otRkAVfnv","conceptId":"concept_16RGGI_buyrecommendationresponse"}},{"SetConceptName":{"newName":"BuyRecommendationResponse","conceptId":"concept_16RGGI_buyrecommendationresponse"}},{"DefineConcept":{"name":"KeywordSearchResponse","root":"shape_mMFDX249s8","conceptId":"concept_Uai80e_keywordsearchresponse"}},{"SetConceptName":{"newName":"KeywordSearchResponse","conceptId":"concept_Uai80e_keywordsearchresponse"}},{"DefineConcept":{"name":"ProductDetailsResponse","root":"shape_bSsr82cL8k","conceptId":"concept_veIRUZ_productdetailsresponse"}},{"SetConceptName":{"newName":"ProductDetailsResponse","conceptId":"concept_veIRUZ_productdetailsresponse"}},{"DefineConcept":{"name":"SortOptionResponse","root":"shape_ViESUb34HA","conceptId":"concept_3bnZpj_sortoptionresponse"}},{"SetConceptName":{"newName":"SortOptionResponse","conceptId":"concept_3bnZpj_sortoptionresponse"}},{"AssignType":{"id":"shape_8otRkAVfnv","to":{"ObjectT":{}},"conceptId":"concept_16RGGI_buyrecommendationresponse"}},{"AddField":{"parentId":"shape_8otRkAVfnv","id":"shape_81xztepDRb","conceptId":"concept_16RGGI_buyrecommendationresponse"}},{"SetFieldName":{"id":"shape_81xztepDRb","newName":"buyRecommendations","conceptId":"concept_16RGGI_buyrecommendationresponse"}},{"AssignType":{"id":"shape_81xztepDRb","to":{"ListT":{}},"conceptId":"concept_16RGGI_buyrecommendationresponse"}},{"AddTypeParameter":{"parentId":"shape_81xztepDRb","id":"shape_za5ZHSpVXE","conceptId":"concept_16RGGI_buyrecommendationresponse"}},{"AssignType":{"id":"shape_za5ZHSpVXE","to":{"StringT":{}},"conceptId":"concept_16RGGI_buyrecommendationresponse"}},{"AddField":{"parentId":"shape_8otRkAVfnv","id":"shape_kZy8aWLGEG","conceptId":"concept_16RGGI_buyrecommendationresponse"}},{"SetFieldName":{"id":"shape_kZy8aWLGEG","newName":"numberOfProducts","conceptId":"concept_16RGGI_buyrecommendationresponse"}},{"AssignType":{"id":"shape_kZy8aWLGEG","to":{"IntegerT":{}},"conceptId":"concept_16RGGI_buyrecommendationresponse"}},{"AddField":{"parentId":"shape_8otRkAVfnv","id":"shape_7IKMa9TmAt","conceptId":"concept_16RGGI_buyrecommendationresponse"}},{"SetFieldName":{"id":"shape_7IKMa9TmAt","newName":"responseMessage","conceptId":"concept_16RGGI_buyrecommendationresponse"}},{"AssignType":{"id":"shape_7IKMa9TmAt","to":{"StringT":{}},"conceptId":"concept_16RGGI_buyrecommendationresponse"}},{"AddField":{"parentId":"shape_8otRkAVfnv","id":"shape_ZUtHgKIHRY","conceptId":"concept_16RGGI_buyrecommendationresponse"}},{"SetFieldName":{"id":"shape_ZUtHgKIHRY","newName":"responseStatus","conceptId":"concept_16RGGI_buyrecommendationresponse"}},{"AssignType":{"id":"shape_ZUtHgKIHRY","to":{"StringT":{}},"conceptId":"concept_16RGGI_buyrecommendationresponse"}},{"AssignType":{"id":"shape_mMFDX249s8","to":{"ObjectT":{}},"conceptId":"concept_Uai80e_keywordsearchresponse"}},{"AddField":{"parentId":"shape_mMFDX249s8","id":"shape_6FrDFr7kD2","conceptId":"concept_Uai80e_keywordsearchresponse"}},{"SetFieldName":{"id":"shape_6FrDFr7kD2","newName":"domainCode","conceptId":"concept_Uai80e_keywordsearchresponse"}},{"AssignType":{"id":"shape_6FrDFr7kD2","to":{"StringT":{}},"conceptId":"concept_Uai80e_keywordsearchresponse"}},{"AddField":{"parentId":"shape_mMFDX249s8","id":"shape_O6vJ3qPYUw","conceptId":"concept_Uai80e_keywordsearchresponse"}},{"SetFieldName":{"id":"shape_O6vJ3qPYUw","newName":"keyword","conceptId":"concept_Uai80e_keywordsearchresponse"}},{"AssignType":{"id":"shape_O6vJ3qPYUw","to":{"StringT":{}},"conceptId":"concept_Uai80e_keywordsearchresponse"}},{"AddField":{"parentId":"shape_mMFDX249s8","id":"shape_69WUbzpFC8","conceptId":"concept_Uai80e_keywordsearchresponse"}},{"SetFieldName":{"id":"shape_69WUbzpFC8","newName":"responseStatus","conceptId":"concept_Uai80e_keywordsearchresponse"}},{"AssignType":{"id":"shape_69WUbzpFC8","to":{"StringT":{}},"conceptId":"concept_Uai80e_keywordsearchresponse"}},{"AddField":{"parentId":"shape_mMFDX249s8","id":"shape_1EbqxVBgie","conceptId":"concept_Uai80e_keywordsearchresponse"}},{"SetFieldName":{"id":"shape_1EbqxVBgie","newName":"numberOfProducts","conceptId":"concept_Uai80e_keywordsearchresponse"}},{"AssignType":{"id":"shape_1EbqxVBgie","to":{"IntegerT":{}},"conceptId":"concept_Uai80e_keywordsearchresponse"}},{"AddField":{"parentId":"shape_mMFDX249s8","id":"shape_tLCt9xj9YB","conceptId":"concept_Uai80e_keywordsearchresponse"}},{"SetFieldName":{"id":"shape_tLCt9xj9YB","newName":"foundProducts","conceptId":"concept_Uai80e_keywordsearchresponse"}},{"AssignType":{"id":"shape_tLCt9xj9YB","to":{"ListT":{}},"conceptId":"concept_Uai80e_keywordsearchresponse"}},{"AddTypeParameter":{"parentId":"shape_tLCt9xj9YB","id":"shape_l9NrTyyOMe","conceptId":"concept_Uai80e_keywordsearchresponse"}},{"AssignType":{"id":"shape_l9NrTyyOMe","to":{"StringT":{}},"conceptId":"concept_Uai80e_keywordsearchresponse"}},{"AddField":{"parentId":"shape_mMFDX249s8","id":"shape_pSER9RJFwG","conceptId":"concept_Uai80e_keywordsearchresponse"}},{"SetFieldName":{"id":"shape_pSER9RJFwG","newName":"responseMessage","conceptId":"concept_Uai80e_keywordsearchresponse"}},{"AssignType":{"id":"shape_pSER9RJFwG","to":{"StringT":{}},"conceptId":"concept_Uai80e_keywordsearchresponse"}},{"AddField":{"parentId":"shape_mMFDX249s8","id":"shape_TMvZqz6yNE","conceptId":"concept_Uai80e_keywordsearchresponse"}},{"SetFieldName":{"id":"shape_TMvZqz6yNE","newName":"sortStrategy","conceptId":"concept_Uai80e_keywordsearchresponse"}},{"AssignType":{"id":"shape_TMvZqz6yNE","to":{"StringT":{}},"conceptId":"concept_Uai80e_keywordsearchresponse"}},{"AssignType":{"id":"shape_bSsr82cL8k","to":{"ObjectT":{}},"conceptId":"concept_veIRUZ_productdetailsresponse"}},{"AddField":{"parentId":"shape_bSsr82cL8k","id":"shape_Lj5a3ycpk4","conceptId":"concept_veIRUZ_productdetailsresponse"}},{"SetFieldName":{"id":"shape_Lj5a3ycpk4","newName":"priceSaving","conceptId":"concept_veIRUZ_productdetailsresponse"}},{"AssignType":{"id":"shape_Lj5a3ycpk4","to":{"StringT":{}},"conceptId":"concept_veIRUZ_productdetailsresponse"}},{"AddField":{"parentId":"shape_bSsr82cL8k","id":"shape_DsZmRyR63r","conceptId":"concept_veIRUZ_productdetailsresponse"}},{"SetFieldName":{"id":"shape_DsZmRyR63r","newName":"asin","conceptId":"concept_veIRUZ_productdetailsresponse"}},{"AssignType":{"id":"shape_DsZmRyR63r","to":{"StringT":{}},"conceptId":"concept_veIRUZ_productdetailsresponse"}},{"AddField":{"parentId":"shape_bSsr82cL8k","id":"shape_R97egE8hao","conceptId":"concept_veIRUZ_productdetailsresponse"}},{"SetFieldName":{"id":"shape_R97egE8hao","newName":"features","conceptId":"concept_veIRUZ_productdetailsresponse"}},{"AssignType":{"id":"shape_R97egE8hao","to":{"ListT":{}},"conceptId":"concept_veIRUZ_productdetailsresponse"}},{"AddTypeParameter":{"parentId":"shape_R97egE8hao","id":"shape_iVL4bri5PO","conceptId":"concept_veIRUZ_productdetailsresponse"}},{"AssignType":{"id":"shape_iVL4bri5PO","to":{"StringT":{}},"conceptId":"concept_veIRUZ_productdetailsresponse"}},{"AddField":{"parentId":"shape_bSsr82cL8k","id":"shape_mDXBMuCWpm","conceptId":"concept_veIRUZ_productdetailsresponse"}},{"SetFieldName":{"id":"shape_mDXBMuCWpm","newName":"price","conceptId":"concept_veIRUZ_productdetailsresponse"}},{"AssignType":{"id":"shape_mDXBMuCWpm","to":{"NumberT":{}},"conceptId":"concept_veIRUZ_productdetailsresponse"}},{"AddField":{"parentId":"shape_bSsr82cL8k","id":"shape_QAWS1vVBui","conceptId":"concept_veIRUZ_productdetailsresponse"}},{"SetFieldName":{"id":"shape_QAWS1vVBui","newName":"warehouseAvailability","conceptId":"concept_veIRUZ_productdetailsresponse"}},{"AssignType":{"id":"shape_QAWS1vVBui","to":{"StringT":{}},"conceptId":"concept_veIRUZ_productdetailsresponse"}},{"AddField":{"parentId":"shape_bSsr82cL8k","id":"shape_76Kh0G4Uia","conceptId":"concept_veIRUZ_productdetailsresponse"}},{"SetFieldName":{"id":"shape_76Kh0G4Uia","newName":"productTitle","conceptId":"concept_veIRUZ_productdetailsresponse"}},{"AssignType":{"id":"shape_76Kh0G4Uia","to":{"StringT":{}},"conceptId":"concept_veIRUZ_productdetailsresponse"}},{"AddField":{"parentId":"shape_bSsr82cL8k","id":"shape_ndSa006Yna","conceptId":"concept_veIRUZ_productdetailsresponse"}},{"SetFieldName":{"id":"shape_ndSa006Yna","newName":"answeredQuestions","conceptId":"concept_veIRUZ_productdetailsresponse"}},{"AssignType":{"id":"shape_ndSa006Yna","to":{"IntegerT":{}},"conceptId":"concept_veIRUZ_productdetailsresponse"}},{"AddField":{"parentId":"shape_bSsr82cL8k","id":"shape_Wai84CyKaz","conceptId":"concept_veIRUZ_productdetailsresponse"}},{"SetFieldName":{"id":"shape_Wai84CyKaz","newName":"priceShippingInformation","conceptId":"concept_veIRUZ_productdetailsresponse"}},{"AssignType":{"id":"shape_Wai84CyKaz","to":{"StringT":{}},"conceptId":"concept_veIRUZ_productdetailsresponse"}},{"AddField":{"parentId":"shape_bSsr82cL8k","id":"shape_1eYEM8DxQz","conceptId":"concept_veIRUZ_productdetailsresponse"}},{"SetFieldName":{"id":"shape_1eYEM8DxQz","newName":"retailPrice","conceptId":"concept_veIRUZ_productdetailsresponse"}},{"AssignType":{"id":"shape_1eYEM8DxQz","to":{"NumberT":{}},"conceptId":"concept_veIRUZ_productdetailsresponse"}},{"AddField":{"parentId":"shape_bSsr82cL8k","id":"shape_lUbI1qjFXr","conceptId":"concept_veIRUZ_productdetailsresponse"}},{"SetFieldName":{"id":"shape_lUbI1qjFXr","newName":"fulfilledBy","conceptId":"concept_veIRUZ_productdetailsresponse"}},{"AssignType":{"id":"shape_lUbI1qjFXr","to":{"StringT":{}},"conceptId":"concept_veIRUZ_productdetailsresponse"}},{"AddField":{"parentId":"shape_bSsr82cL8k","id":"shape_VW43kFtlyJ","conceptId":"concept_veIRUZ_productdetailsresponse"}},{"SetFieldName":{"id":"shape_VW43kFtlyJ","newName":"countReview","conceptId":"concept_veIRUZ_productdetailsresponse"}},{"AssignType":{"id":"shape_VW43kFtlyJ","to":{"IntegerT":{}},"conceptId":"concept_veIRUZ_productdetailsresponse"}},{"AddField":{"parentId":"shape_bSsr82cL8k","id":"shape_q29BJzlMhU","conceptId":"concept_veIRUZ_productdetailsresponse"}},{"SetFieldName":{"id":"shape_q29BJzlMhU","newName":"responseStatus","conceptId":"concept_veIRUZ_productdetailsresponse"}},{"AssignType":{"id":"shape_q29BJzlMhU","to":{"StringT":{}},"conceptId":"concept_veIRUZ_productdetailsresponse"}},{"AddField":{"parentId":"shape_bSsr82cL8k","id":"shape_asV2VqNByM","conceptId":"concept_veIRUZ_productdetailsresponse"}},{"SetFieldName":{"id":"shape_asV2VqNByM","newName":"responseMessage","conceptId":"concept_veIRUZ_productdetailsresponse"}},{"AssignType":{"id":"shape_asV2VqNByM","to":{"StringT":{}},"conceptId":"concept_veIRUZ_productdetailsresponse"}},{"AddField":{"parentId":"shape_bSsr82cL8k","id":"shape_zGeZ5yQKrv","conceptId":"concept_veIRUZ_productdetailsresponse"}},{"SetFieldName":{"id":"shape_zGeZ5yQKrv","newName":"sizeSelection","conceptId":"concept_veIRUZ_productdetailsresponse"}},{"AssignType":{"id":"shape_zGeZ5yQKrv","to":{"ListT":{}},"conceptId":"concept_veIRUZ_productdetailsresponse"}},{"AddTypeParameter":{"parentId":"shape_zGeZ5yQKrv","id":"shape_pIkh6i5EHj","conceptId":"concept_veIRUZ_productdetailsresponse"}},{"AssignType":{"id":"shape_pIkh6i5EHj","to":{"StringT":{}},"conceptId":"concept_veIRUZ_productdetailsresponse"}},{"AddField":{"parentId":"shape_bSsr82cL8k","id":"shape_ZKtGY0RZrG","conceptId":"concept_veIRUZ_productdetailsresponse"}},{"SetFieldName":{"id":"shape_ZKtGY0RZrG","newName":"manufacturer","conceptId":"concept_veIRUZ_productdetailsresponse"}},{"AssignType":{"id":"shape_ZKtGY0RZrG","to":{"StringT":{}},"conceptId":"concept_veIRUZ_productdetailsresponse"}},{"AddField":{"parentId":"shape_bSsr82cL8k","id":"shape_soXlNlKRZN","conceptId":"concept_veIRUZ_productdetailsresponse"}},{"SetFieldName":{"id":"shape_soXlNlKRZN","newName":"soldBy","conceptId":"concept_veIRUZ_productdetailsresponse"}},{"AssignType":{"id":"shape_soXlNlKRZN","to":{"StringT":{}},"conceptId":"concept_veIRUZ_productdetailsresponse"}},{"AddField":{"parentId":"shape_bSsr82cL8k","id":"shape_ApDVNMqceU","conceptId":"concept_veIRUZ_productdetailsresponse"}},{"SetFieldName":{"id":"shape_ApDVNMqceU","newName":"prime","conceptId":"concept_veIRUZ_productdetailsresponse"}},{"AssignType":{"id":"shape_ApDVNMqceU","to":{"BooleanT":{}},"conceptId":"concept_veIRUZ_productdetailsresponse"}},{"AddField":{"parentId":"shape_bSsr82cL8k","id":"shape_mBWLzFacX7","conceptId":"concept_veIRUZ_productdetailsresponse"}},{"SetFieldName":{"id":"shape_mBWLzFacX7","newName":"productRating","conceptId":"concept_veIRUZ_productdetailsresponse"}},{"AssignType":{"id":"shape_mBWLzFacX7","to":{"StringT":{}},"conceptId":"concept_veIRUZ_productdetailsresponse"}},{"AssignType":{"id":"shape_ViESUb34HA","to":{"ObjectT":{}},"conceptId":"concept_3bnZpj_sortoptionresponse"}},{"AddField":{"parentId":"shape_ViESUb34HA","id":"shape_GxWYNCalSC","conceptId":"concept_3bnZpj_sortoptionresponse"}},{"SetFieldName":{"id":"shape_GxWYNCalSC","newName":"responseMessage","conceptId":"concept_3bnZpj_sortoptionresponse"}},{"AssignType":{"id":"shape_GxWYNCalSC","to":{"StringT":{}},"conceptId":"concept_3bnZpj_sortoptionresponse"}},{"AddField":{"parentId":"shape_ViESUb34HA","id":"shape_nwxu9mPFhP","conceptId":"concept_3bnZpj_sortoptionresponse"}},{"SetFieldName":{"id":"shape_nwxu9mPFhP","newName":"responseStatus","conceptId":"concept_3bnZpj_sortoptionresponse"}},{"AssignType":{"id":"shape_nwxu9mPFhP","to":{"StringT":{}},"conceptId":"concept_3bnZpj_sortoptionresponse"}},{"AddField":{"parentId":"shape_ViESUb34HA","id":"shape_aaT1Q72yCZ","conceptId":"concept_3bnZpj_sortoptionresponse"}},{"SetFieldName":{"id":"shape_aaT1Q72yCZ","newName":"resultSize","conceptId":"concept_3bnZpj_sortoptionresponse"}},{"AssignType":{"id":"shape_aaT1Q72yCZ","to":{"IntegerT":{}},"conceptId":"concept_3bnZpj_sortoptionresponse"}},{"AddField":{"parentId":"shape_ViESUb34HA","id":"shape_DcWdJuNzcM","conceptId":"concept_3bnZpj_sortoptionresponse"}},{"SetFieldName":{"id":"shape_DcWdJuNzcM","newName":"sortOptions","conceptId":"concept_3bnZpj_sortoptionresponse"}},{"AssignType":{"id":"shape_DcWdJuNzcM","to":{"ListT":{}},"conceptId":"concept_3bnZpj_sortoptionresponse"}},{"AddTypeParameter":{"parentId":"shape_DcWdJuNzcM","id":"shape_yn5UO8W9ad","conceptId":"concept_3bnZpj_sortoptionresponse"}},{"AssignType":{"id":"shape_yn5UO8W9ad","to":{"ObjectT":{}},"conceptId":"concept_3bnZpj_sortoptionresponse"}},{"AddPathComponent":{"pathId":"Ull8Lq_path_0","parentPathId":"root","name":"amz"}},{"AddPathComponent":{"pathId":"Ull8Lq_path_1","parentPathId":"Ull8Lq_path_0","name":"amazon-lookup-buy-recommendations"}},{"AddPathComponent":{"pathId":"Ull8Lq_path_2","parentPathId":"Ull8Lq_path_0","name":"amazon-lookup-product"}},{"AddPathComponent":{"pathId":"Ull8Lq_path_3","parentPathId":"Ull8Lq_path_0","name":"amazon-search-by-keyword"}},{"AddPathComponent":{"pathId":"Ull8Lq_path_4","parentPathId":"Ull8Lq_path_0","name":"sort-options"}},{"AddRequest":{"requestId":"path_S1d6DDrTzJ}_get","pathId":"Ull8Lq_path_1","httpMethod":"get"}},{"AddResponse":{"responseId":"response_NUJhSE25fJ","requestId":"path_S1d6DDrTzJ}_get","httpStatusCode":200}},{"DefineInlineConcept":{"root":"shape_MvknpeZ3VV","conceptId":"concept_dHOGoobOFcaL"}},{"AssignType":{"id":"shape_MvknpeZ3VV","to":{"RefT":{"conceptId":"concept_16RGGI_buyrecommendationresponse"}},"conceptId":"concept_dHOGoobOFcaL"}},{"AddResponse":{"responseId":"response_OdfmNEdMOb","requestId":"path_S1d6DDrTzJ}_get","httpStatusCode":400}},{"AddResponse":{"responseId":"response_l2oBKSTYYA","requestId":"path_S1d6DDrTzJ}_get","httpStatusCode":404}},{"AddResponse":{"responseId":"response_sjydqS6lYH","requestId":"path_S1d6DDrTzJ}_get","httpStatusCode":406}},{"AddRequest":{"requestId":"path_zu6AvJ0YLW}_get","pathId":"Ull8Lq_path_2","httpMethod":"get"}},{"AddResponse":{"responseId":"response_Ot8gexMEEg","requestId":"path_zu6AvJ0YLW}_get","httpStatusCode":200}},{"DefineInlineConcept":{"root":"shape_ZW5Lls9v2a","conceptId":"concept_2V2vfCHteHoj"}},{"AssignType":{"id":"shape_ZW5Lls9v2a","to":{"RefT":{"conceptId":"concept_veIRUZ_productdetailsresponse"}},"conceptId":"concept_2V2vfCHteHoj"}},{"AddResponse":{"responseId":"response_2Raj5pj3Wr","requestId":"path_zu6AvJ0YLW}_get","httpStatusCode":400}},{"AddResponse":{"responseId":"response_1vgqR1zQSR","requestId":"path_zu6AvJ0YLW}_get","httpStatusCode":404}},{"AddResponse":{"responseId":"response_ojTyWRY1q4","requestId":"path_zu6AvJ0YLW}_get","httpStatusCode":406}},{"AddRequest":{"requestId":"path_ueOu1onDpV}_get","pathId":"Ull8Lq_path_3","httpMethod":"get"}},{"AddResponse":{"responseId":"response_aDy0BK07Ev","requestId":"path_ueOu1onDpV}_get","httpStatusCode":200}},{"DefineInlineConcept":{"root":"shape_I99KYWWQC4","conceptId":"concept_h6WYsKrGJ6NU"}},{"AssignType":{"id":"shape_I99KYWWQC4","to":{"RefT":{"conceptId":"concept_Uai80e_keywordsearchresponse"}},"conceptId":"concept_h6WYsKrGJ6NU"}},{"AddResponse":{"responseId":"response_oF3hjX9fTH","requestId":"path_ueOu1onDpV}_get","httpStatusCode":400}},{"AddResponse":{"responseId":"response_aFNY5ste2F","requestId":"path_ueOu1onDpV}_get","httpStatusCode":404}},{"AddRequest":{"requestId":"path_W0UlFpkmH2}_get","pathId":"Ull8Lq_path_4","httpMethod":"get"}},{"AddResponse":{"responseId":"response_ro9gnPa3Js","requestId":"path_W0UlFpkmH2}_get","httpStatusCode":200}},{"DefineInlineConcept":{"root":"shape_KoFiU8HYAm","conceptId":"concept_2Vy79ejxpM9z"}},{"AssignType":{"id":"shape_KoFiU8HYAm","to":{"RefT":{"conceptId":"concept_3bnZpj_sortoptionresponse"}},"conceptId":"concept_2Vy79ejxpM9z"}},{"SetResponseBodyShape":{"responseId":"response_NUJhSE25fJ","bodyDescriptor":{"httpContentType":"application/json","conceptId":"concept_dHOGoobOFcaL"}}},{"SetResponseBodyShape":{"responseId":"response_Ot8gexMEEg","bodyDescriptor":{"httpContentType":"application/json","conceptId":"concept_2V2vfCHteHoj"}}},{"SetResponseBodyShape":{"responseId":"response_aDy0BK07Ev","bodyDescriptor":{"httpContentType":"application/json","conceptId":"concept_h6WYsKrGJ6NU"}}},{"SetResponseBodyShape":{"responseId":"response_ro9gnPa3Js","bodyDescriptor":{"httpContentType":"application/json","conceptId":"concept_2Vy79ejxpM9z"}}}]