[{"DefineConcept":{"name":"ServicesPatchDescription","root":"shape_MUwl0IBvrK","conceptId":"concept_1EIFMX_servicespatchdescription"}},{"SetConceptName":{"newName":"ServicesPatchDescription","conceptId":"concept_1EIFMX_servicespatchdescription"}},{"DefineConcept":{"name":"MoveResourcesParameters","root":"shape_7jC673GoXE","conceptId":"concept_oCv0B2_moveresourcesparameters"}},{"SetConceptName":{"newName":"MoveResourcesParameters","conceptId":"concept_oCv0B2_moveresourcesparameters"}},{"DefineConcept":{"name":"ServicesProperties","root":"shape_vvM8d6GFCn","conceptId":"concept_PtX2rh_servicesproperties"}},{"SetConceptName":{"newName":"ServicesProperties","conceptId":"concept_PtX2rh_servicesproperties"}},{"DefineConcept":{"name":"ServicesNameAvailabilityInfo","root":"shape_s76gfDlVak","conceptId":"concept_hCfGqr_servicesnameavailabilityinfo"}},{"SetConceptName":{"newName":"ServicesNameAvailabilityInfo","conceptId":"concept_hCfGqr_servicesnameavailabilityinfo"}},{"DefineConcept":{"name":"OperationListResult","root":"shape_gBn4cx4dCb","conceptId":"concept_PUhi5L_operationlistresult"}},{"SetConceptName":{"newName":"OperationListResult","conceptId":"concept_PUhi5L_operationlistresult"}},{"DefineConcept":{"name":"ErrorDetailsInternal","root":"shape_fA2F3qOGdq","conceptId":"concept_J73QXq_errordetailsinternal"}},{"SetConceptName":{"newName":"ErrorDetailsInternal","conceptId":"concept_J73QXq_errordetailsinternal"}},{"DefineConcept":{"name":"ServicesDescription","root":"shape_YgiP5L3xqX","conceptId":"concept_rn64LZ_servicesdescription"}},{"SetConceptName":{"newName":"ServicesDescription","conceptId":"concept_rn64LZ_servicesdescription"}},{"DefineConcept":{"name":"CheckNameAvailabilityParameters","root":"shape_zD4at7gnyw","conceptId":"concept_dOtWz6_checknameavailabilityparameters"}},{"SetConceptName":{"newName":"CheckNameAvailabilityParameters","conceptId":"concept_dOtWz6_checknameavailabilityparameters"}},{"DefineConcept":{"name":"ErrorDetails","root":"shape_pavgJ7dNzi","conceptId":"concept_usgSxz_errordetails"}},{"SetConceptName":{"newName":"ErrorDetails","conceptId":"concept_usgSxz_errordetails"}},{"DefineConcept":{"name":"ServiceAccessPolicyEntry","root":"shape_ibc8cn1bJX","conceptId":"concept_m8G5GX_serviceaccesspolicyentry"}},{"SetConceptName":{"newName":"ServiceAccessPolicyEntry","conceptId":"concept_m8G5GX_serviceaccesspolicyentry"}},{"DefineConcept":{"name":"Resource","root":"shape_kzuCZb3Cuu","conceptId":"concept_pvgWIv_resource"}},{"SetConceptName":{"newName":"Resource","conceptId":"concept_pvgWIv_resource"}},{"DefineConcept":{"name":"Operation","root":"shape_8GOyOqz9QY","conceptId":"concept_AewDVN_operation"}},{"SetConceptName":{"newName":"Operation","conceptId":"concept_AewDVN_operation"}},{"DefineConcept":{"name":"ServiceCosmosDbConfigurationInfo","root":"shape_d0TCGcZr6y","conceptId":"concept_JnkQqh_servicecosmosdbconfigurationinfo"}},{"SetConceptName":{"newName":"ServiceCosmosDbConfigurationInfo","conceptId":"concept_JnkQqh_servicecosmosdbconfigurationinfo"}},{"DefineConcept":{"name":"OperationResultsDescription","root":"shape_4CkVMU58oH","conceptId":"concept_YOrIGU_operationresultsdescription"}},{"SetConceptName":{"newName":"OperationResultsDescription","conceptId":"concept_YOrIGU_operationresultsdescription"}},{"DefineConcept":{"name":"ServicesDescriptionListResult","root":"shape_MaVA51pkeo","conceptId":"concept_4NmqVb_servicesdescriptionlistresult"}},{"SetConceptName":{"newName":"ServicesDescriptionListResult","conceptId":"concept_4NmqVb_servicesdescriptionlistresult"}},{"DefineConcept":{"name":"ServiceAccessPoliciesInfo","root":"shape_uzV6Vs0Z2d","conceptId":"concept_b5oXlp_serviceaccesspoliciesinfo"}},{"SetConceptName":{"newName":"ServiceAccessPoliciesInfo","conceptId":"concept_b5oXlp_serviceaccesspoliciesinfo"}},{"DefineConcept":{"name":"OperationDisplay","root":"shape_w7V5Amrdv9","conceptId":"concept_UaPZRB_operationdisplay"}},{"SetConceptName":{"newName":"OperationDisplay","conceptId":"concept_UaPZRB_operationdisplay"}},{"AssignType":{"id":"shape_MUwl0IBvrK","to":{"ObjectT":{}},"conceptId":"concept_1EIFMX_servicespatchdescription"}},{"AddField":{"parentId":"shape_MUwl0IBvrK","id":"shape_ERZbWL9xCW","conceptId":"concept_1EIFMX_servicespatchdescription"}},{"SetFieldName":{"id":"shape_ERZbWL9xCW","newName":"tags","conceptId":"concept_1EIFMX_servicespatchdescription"}},{"AssignType":{"id":"shape_ERZbWL9xCW","to":{"ObjectT":{}},"conceptId":"concept_1EIFMX_servicespatchdescription"}},{"AssignType":{"id":"shape_7jC673GoXE","to":{"ObjectT":{}},"conceptId":"concept_oCv0B2_moveresourcesparameters"}},{"AddField":{"parentId":"shape_7jC673GoXE","id":"shape_kkLRXr17E8","conceptId":"concept_oCv0B2_moveresourcesparameters"}},{"SetFieldName":{"id":"shape_kkLRXr17E8","newName":"resourceIdsToMove","conceptId":"concept_oCv0B2_moveresourcesparameters"}},{"AssignType":{"id":"shape_kkLRXr17E8","to":{"ListT":{}},"conceptId":"concept_oCv0B2_moveresourcesparameters"}},{"AddTypeParameter":{"parentId":"shape_kkLRXr17E8","id":"shape_BlqoXRSNo9","conceptId":"concept_oCv0B2_moveresourcesparameters"}},{"AssignType":{"id":"shape_BlqoXRSNo9","to":{"StringT":{}},"conceptId":"concept_oCv0B2_moveresourcesparameters"}},{"AddField":{"parentId":"shape_7jC673GoXE","id":"shape_30b8eOYanD","conceptId":"concept_oCv0B2_moveresourcesparameters"}},{"SetFieldName":{"id":"shape_30b8eOYanD","newName":"targetResourceGroupName","conceptId":"concept_oCv0B2_moveresourcesparameters"}},{"AssignType":{"id":"shape_30b8eOYanD","to":{"StringT":{}},"conceptId":"concept_oCv0B2_moveresourcesparameters"}},{"AddField":{"parentId":"shape_7jC673GoXE","id":"shape_m6VPTj8Rxm","conceptId":"concept_oCv0B2_moveresourcesparameters"}},{"SetFieldName":{"id":"shape_m6VPTj8Rxm","newName":"targetSubscriptionId","conceptId":"concept_oCv0B2_moveresourcesparameters"}},{"AssignType":{"id":"shape_m6VPTj8Rxm","to":{"StringT":{}},"conceptId":"concept_oCv0B2_moveresourcesparameters"}},{"AssignType":{"id":"shape_vvM8d6GFCn","to":{"ObjectT":{}},"conceptId":"concept_PtX2rh_servicesproperties"}},{"AddField":{"parentId":"shape_vvM8d6GFCn","id":"shape_FjfUADOKo8","conceptId":"concept_PtX2rh_servicesproperties"}},{"SetFieldName":{"id":"shape_FjfUADOKo8","newName":"accessPolicies","conceptId":"concept_PtX2rh_servicesproperties"}},{"AssignType":{"id":"shape_FjfUADOKo8","to":{"RefT":{"conceptId":"concept_b5oXlp_serviceaccesspoliciesinfo"}},"conceptId":"concept_PtX2rh_servicesproperties"}},{"AddField":{"parentId":"shape_vvM8d6GFCn","id":"shape_vkXkBkG3of","conceptId":"concept_PtX2rh_servicesproperties"}},{"SetFieldName":{"id":"shape_vkXkBkG3of","newName":"cosmosDbConfiguration","conceptId":"concept_PtX2rh_servicesproperties"}},{"AssignType":{"id":"shape_vkXkBkG3of","to":{"RefT":{"conceptId":"concept_JnkQqh_servicecosmosdbconfigurationinfo"}},"conceptId":"concept_PtX2rh_servicesproperties"}},{"AddField":{"parentId":"shape_vvM8d6GFCn","id":"shape_E3pwLwlaP3","conceptId":"concept_PtX2rh_servicesproperties"}},{"SetFieldName":{"id":"shape_E3pwLwlaP3","newName":"provisioningState","conceptId":"concept_PtX2rh_servicesproperties"}},{"AssignType":{"id":"shape_E3pwLwlaP3","to":{"StringT":{}},"conceptId":"concept_PtX2rh_servicesproperties"}},{"AssignType":{"id":"shape_s76gfDlVak","to":{"ObjectT":{}},"conceptId":"concept_hCfGqr_servicesnameavailabilityinfo"}},{"AddField":{"parentId":"shape_s76gfDlVak","id":"shape_73NsjBC522","conceptId":"concept_hCfGqr_servicesnameavailabilityinfo"}},{"SetFieldName":{"id":"shape_73NsjBC522","newName":"message","conceptId":"concept_hCfGqr_servicesnameavailabilityinfo"}},{"AssignType":{"id":"shape_73NsjBC522","to":{"StringT":{}},"conceptId":"concept_hCfGqr_servicesnameavailabilityinfo"}},{"AddField":{"parentId":"shape_s76gfDlVak","id":"shape_nyLuMQOphX","conceptId":"concept_hCfGqr_servicesnameavailabilityinfo"}},{"SetFieldName":{"id":"shape_nyLuMQOphX","newName":"nameAvailable","conceptId":"concept_hCfGqr_servicesnameavailabilityinfo"}},{"AssignType":{"id":"shape_nyLuMQOphX","to":{"BooleanT":{}},"conceptId":"concept_hCfGqr_servicesnameavailabilityinfo"}},{"AddField":{"parentId":"shape_s76gfDlVak","id":"shape_yd6axiGqs4","conceptId":"concept_hCfGqr_servicesnameavailabilityinfo"}},{"SetFieldName":{"id":"shape_yd6axiGqs4","newName":"reason","conceptId":"concept_hCfGqr_servicesnameavailabilityinfo"}},{"AssignType":{"id":"shape_yd6axiGqs4","to":{"StringT":{}},"conceptId":"concept_hCfGqr_servicesnameavailabilityinfo"}},{"AssignType":{"id":"shape_gBn4cx4dCb","to":{"ObjectT":{}},"conceptId":"concept_PUhi5L_operationlistresult"}},{"AddField":{"parentId":"shape_gBn4cx4dCb","id":"shape_1Ovehvcgbm","conceptId":"concept_PUhi5L_operationlistresult"}},{"SetFieldName":{"id":"shape_1Ovehvcgbm","newName":"nextLink","conceptId":"concept_PUhi5L_operationlistresult"}},{"AssignType":{"id":"shape_1Ovehvcgbm","to":{"StringT":{}},"conceptId":"concept_PUhi5L_operationlistresult"}},{"AddField":{"parentId":"shape_gBn4cx4dCb","id":"shape_pSy8a1xtOc","conceptId":"concept_PUhi5L_operationlistresult"}},{"SetFieldName":{"id":"shape_pSy8a1xtOc","newName":"value","conceptId":"concept_PUhi5L_operationlistresult"}},{"AssignType":{"id":"shape_pSy8a1xtOc","to":{"ListT":{}},"conceptId":"concept_PUhi5L_operationlistresult"}},{"AddTypeParameter":{"parentId":"shape_pSy8a1xtOc","id":"shape_UgeOpt45iC","conceptId":"concept_PUhi5L_operationlistresult"}},{"AssignType":{"id":"shape_UgeOpt45iC","to":{"RefT":{"conceptId":"concept_AewDVN_operation"}},"conceptId":"concept_PUhi5L_operationlistresult"}},{"AssignType":{"id":"shape_fA2F3qOGdq","to":{"ObjectT":{}},"conceptId":"concept_J73QXq_errordetailsinternal"}},{"AddField":{"parentId":"shape_fA2F3qOGdq","id":"shape_V2tcmIZH0r","conceptId":"concept_J73QXq_errordetailsinternal"}},{"SetFieldName":{"id":"shape_V2tcmIZH0r","newName":"code","conceptId":"concept_J73QXq_errordetailsinternal"}},{"AssignType":{"id":"shape_V2tcmIZH0r","to":{"StringT":{}},"conceptId":"concept_J73QXq_errordetailsinternal"}},{"AddField":{"parentId":"shape_fA2F3qOGdq","id":"shape_GeTXkmUyJa","conceptId":"concept_J73QXq_errordetailsinternal"}},{"SetFieldName":{"id":"shape_GeTXkmUyJa","newName":"message","conceptId":"concept_J73QXq_errordetailsinternal"}},{"AssignType":{"id":"shape_GeTXkmUyJa","to":{"StringT":{}},"conceptId":"concept_J73QXq_errordetailsinternal"}},{"AddField":{"parentId":"shape_fA2F3qOGdq","id":"shape_ZBSpr1Cz1n","conceptId":"concept_J73QXq_errordetailsinternal"}},{"SetFieldName":{"id":"shape_ZBSpr1Cz1n","newName":"target","conceptId":"concept_J73QXq_errordetailsinternal"}},{"AssignType":{"id":"shape_ZBSpr1Cz1n","to":{"StringT":{}},"conceptId":"concept_J73QXq_errordetailsinternal"}},{"AssignType":{"id":"shape_YgiP5L3xqX","to":{"ObjectT":{}},"conceptId":"concept_rn64LZ_servicesdescription"}},{"AddField":{"parentId":"shape_YgiP5L3xqX","id":"shape_CR9NscQHec","conceptId":"concept_rn64LZ_servicesdescription"}},{"SetFieldName":{"id":"shape_CR9NscQHec","newName":"properties","conceptId":"concept_rn64LZ_servicesdescription"}},{"AssignType":{"id":"shape_CR9NscQHec","to":{"RefT":{"conceptId":"concept_PtX2rh_servicesproperties"}},"conceptId":"concept_rn64LZ_servicesdescription"}},{"AssignType":{"id":"shape_zD4at7gnyw","to":{"ObjectT":{}},"conceptId":"concept_dOtWz6_checknameavailabilityparameters"}},{"AddField":{"parentId":"shape_zD4at7gnyw","id":"shape_iD6qDnHXlU","conceptId":"concept_dOtWz6_checknameavailabilityparameters"}},{"SetFieldName":{"id":"shape_iD6qDnHXlU","newName":"name","conceptId":"concept_dOtWz6_checknameavailabilityparameters"}},{"AssignType":{"id":"shape_iD6qDnHXlU","to":{"StringT":{}},"conceptId":"concept_dOtWz6_checknameavailabilityparameters"}},{"AddField":{"parentId":"shape_zD4at7gnyw","id":"shape_mag9JfjDkk","conceptId":"concept_dOtWz6_checknameavailabilityparameters"}},{"SetFieldName":{"id":"shape_mag9JfjDkk","newName":"type","conceptId":"concept_dOtWz6_checknameavailabilityparameters"}},{"AssignType":{"id":"shape_mag9JfjDkk","to":{"StringT":{}},"conceptId":"concept_dOtWz6_checknameavailabilityparameters"}},{"AssignType":{"id":"shape_pavgJ7dNzi","to":{"ObjectT":{}},"conceptId":"concept_usgSxz_errordetails"}},{"AddField":{"parentId":"shape_pavgJ7dNzi","id":"shape_E0bgUMRbWq","conceptId":"concept_usgSxz_errordetails"}},{"SetFieldName":{"id":"shape_E0bgUMRbWq","newName":"error","conceptId":"concept_usgSxz_errordetails"}},{"AssignType":{"id":"shape_E0bgUMRbWq","to":{"RefT":{"conceptId":"concept_J73QXq_errordetailsinternal"}},"conceptId":"concept_usgSxz_errordetails"}},{"AssignType":{"id":"shape_ibc8cn1bJX","to":{"AnyT":{}},"conceptId":"concept_m8G5GX_serviceaccesspolicyentry"}},{"AssignType":{"id":"shape_kzuCZb3Cuu","to":{"AnyT":{}},"conceptId":"concept_pvgWIv_resource"}},{"AssignType":{"id":"shape_8GOyOqz9QY","to":{"ObjectT":{}},"conceptId":"concept_AewDVN_operation"}},{"AddField":{"parentId":"shape_8GOyOqz9QY","id":"shape_O9ccQfZSz7","conceptId":"concept_AewDVN_operation"}},{"SetFieldName":{"id":"shape_O9ccQfZSz7","newName":"display","conceptId":"concept_AewDVN_operation"}},{"AssignType":{"id":"shape_O9ccQfZSz7","to":{"RefT":{"conceptId":"concept_UaPZRB_operationdisplay"}},"conceptId":"concept_AewDVN_operation"}},{"AddField":{"parentId":"shape_8GOyOqz9QY","id":"shape_aaGUTmyw5E","conceptId":"concept_AewDVN_operation"}},{"SetFieldName":{"id":"shape_aaGUTmyw5E","newName":"name","conceptId":"concept_AewDVN_operation"}},{"AssignType":{"id":"shape_aaGUTmyw5E","to":{"StringT":{}},"conceptId":"concept_AewDVN_operation"}},{"AddField":{"parentId":"shape_8GOyOqz9QY","id":"shape_BLmboYTXjg","conceptId":"concept_AewDVN_operation"}},{"SetFieldName":{"id":"shape_BLmboYTXjg","newName":"origin","conceptId":"concept_AewDVN_operation"}},{"AssignType":{"id":"shape_BLmboYTXjg","to":{"StringT":{}},"conceptId":"concept_AewDVN_operation"}},{"AssignType":{"id":"shape_d0TCGcZr6y","to":{"ObjectT":{}},"conceptId":"concept_JnkQqh_servicecosmosdbconfigurationinfo"}},{"AddField":{"parentId":"shape_d0TCGcZr6y","id":"shape_oCgJvs7ee6","conceptId":"concept_JnkQqh_servicecosmosdbconfigurationinfo"}},{"SetFieldName":{"id":"shape_oCgJvs7ee6","newName":"offerThroughput","conceptId":"concept_JnkQqh_servicecosmosdbconfigurationinfo"}},{"AssignType":{"id":"shape_oCgJvs7ee6","to":{"IntegerT":{}},"conceptId":"concept_JnkQqh_servicecosmosdbconfigurationinfo"}},{"AssignType":{"id":"shape_4CkVMU58oH","to":{"ObjectT":{}},"conceptId":"concept_YOrIGU_operationresultsdescription"}},{"AddField":{"parentId":"shape_4CkVMU58oH","id":"shape_gBajXW8CIm","conceptId":"concept_YOrIGU_operationresultsdescription"}},{"SetFieldName":{"id":"shape_gBajXW8CIm","newName":"name","conceptId":"concept_YOrIGU_operationresultsdescription"}},{"AssignType":{"id":"shape_gBajXW8CIm","to":{"StringT":{}},"conceptId":"concept_YOrIGU_operationresultsdescription"}},{"AddField":{"parentId":"shape_4CkVMU58oH","id":"shape_vggFnlV0a4","conceptId":"concept_YOrIGU_operationresultsdescription"}},{"SetFieldName":{"id":"shape_vggFnlV0a4","newName":"startTime","conceptId":"concept_YOrIGU_operationresultsdescription"}},{"AssignType":{"id":"shape_vggFnlV0a4","to":{"StringT":{}},"conceptId":"concept_YOrIGU_operationresultsdescription"}},{"AddField":{"parentId":"shape_4CkVMU58oH","id":"shape_ozcBaK5R5k","conceptId":"concept_YOrIGU_operationresultsdescription"}},{"SetFieldName":{"id":"shape_ozcBaK5R5k","newName":"id","conceptId":"concept_YOrIGU_operationresultsdescription"}},{"AssignType":{"id":"shape_ozcBaK5R5k","to":{"StringT":{}},"conceptId":"concept_YOrIGU_operationresultsdescription"}},{"AddField":{"parentId":"shape_4CkVMU58oH","id":"shape_b52TNLwta1","conceptId":"concept_YOrIGU_operationresultsdescription"}},{"SetFieldName":{"id":"shape_b52TNLwta1","newName":"properties","conceptId":"concept_YOrIGU_operationresultsdescription"}},{"AssignType":{"id":"shape_b52TNLwta1","to":{"AnyT":{}},"conceptId":"concept_YOrIGU_operationresultsdescription"}},{"AddField":{"parentId":"shape_4CkVMU58oH","id":"shape_3casEDanx3","conceptId":"concept_YOrIGU_operationresultsdescription"}},{"SetFieldName":{"id":"shape_3casEDanx3","newName":"status","conceptId":"concept_YOrIGU_operationresultsdescription"}},{"AssignType":{"id":"shape_3casEDanx3","to":{"StringT":{}},"conceptId":"concept_YOrIGU_operationresultsdescription"}},{"AssignType":{"id":"shape_MaVA51pkeo","to":{"ObjectT":{}},"conceptId":"concept_4NmqVb_servicesdescriptionlistresult"}},{"AddField":{"parentId":"shape_MaVA51pkeo","id":"shape_abus7BEy3k","conceptId":"concept_4NmqVb_servicesdescriptionlistresult"}},{"SetFieldName":{"id":"shape_abus7BEy3k","newName":"nextLink","conceptId":"concept_4NmqVb_servicesdescriptionlistresult"}},{"AssignType":{"id":"shape_abus7BEy3k","to":{"StringT":{}},"conceptId":"concept_4NmqVb_servicesdescriptionlistresult"}},{"AddField":{"parentId":"shape_MaVA51pkeo","id":"shape_diiye477uA","conceptId":"concept_4NmqVb_servicesdescriptionlistresult"}},{"SetFieldName":{"id":"shape_diiye477uA","newName":"value","conceptId":"concept_4NmqVb_servicesdescriptionlistresult"}},{"AssignType":{"id":"shape_diiye477uA","to":{"ListT":{}},"conceptId":"concept_4NmqVb_servicesdescriptionlistresult"}},{"AddTypeParameter":{"parentId":"shape_diiye477uA","id":"shape_OA5DeCYF30","conceptId":"concept_4NmqVb_servicesdescriptionlistresult"}},{"AssignType":{"id":"shape_OA5DeCYF30","to":{"RefT":{"conceptId":"concept_rn64LZ_servicesdescription"}},"conceptId":"concept_4NmqVb_servicesdescriptionlistresult"}},{"AssignType":{"id":"shape_uzV6Vs0Z2d","to":{"ListT":{}},"conceptId":"concept_b5oXlp_serviceaccesspoliciesinfo"}},{"AddTypeParameter":{"parentId":"shape_uzV6Vs0Z2d","id":"shape_WXo7JhanU1","conceptId":"concept_b5oXlp_serviceaccesspoliciesinfo"}},{"AssignType":{"id":"shape_WXo7JhanU1","to":{"RefT":{"conceptId":"concept_m8G5GX_serviceaccesspolicyentry"}},"conceptId":"concept_b5oXlp_serviceaccesspoliciesinfo"}},{"AssignType":{"id":"shape_w7V5Amrdv9","to":{"ObjectT":{}},"conceptId":"concept_UaPZRB_operationdisplay"}},{"AddField":{"parentId":"shape_w7V5Amrdv9","id":"shape_ri91uVpATH","conceptId":"concept_UaPZRB_operationdisplay"}},{"SetFieldName":{"id":"shape_ri91uVpATH","newName":"description","conceptId":"concept_UaPZRB_operationdisplay"}},{"AssignType":{"id":"shape_ri91uVpATH","to":{"StringT":{}},"conceptId":"concept_UaPZRB_operationdisplay"}},{"AddField":{"parentId":"shape_w7V5Amrdv9","id":"shape_9ZINiwf5W9","conceptId":"concept_UaPZRB_operationdisplay"}},{"SetFieldName":{"id":"shape_9ZINiwf5W9","newName":"operation","conceptId":"concept_UaPZRB_operationdisplay"}},{"AssignType":{"id":"shape_9ZINiwf5W9","to":{"StringT":{}},"conceptId":"concept_UaPZRB_operationdisplay"}},{"AddField":{"parentId":"shape_w7V5Amrdv9","id":"shape_MmKVQaJ2tk","conceptId":"concept_UaPZRB_operationdisplay"}},{"SetFieldName":{"id":"shape_MmKVQaJ2tk","newName":"provider","conceptId":"concept_UaPZRB_operationdisplay"}},{"AssignType":{"id":"shape_MmKVQaJ2tk","to":{"StringT":{}},"conceptId":"concept_UaPZRB_operationdisplay"}},{"AddField":{"parentId":"shape_w7V5Amrdv9","id":"shape_dAVEJ80Tuy","conceptId":"concept_UaPZRB_operationdisplay"}},{"SetFieldName":{"id":"shape_dAVEJ80Tuy","newName":"resource","conceptId":"concept_UaPZRB_operationdisplay"}},{"AssignType":{"id":"shape_dAVEJ80Tuy","to":{"StringT":{}},"conceptId":"concept_UaPZRB_operationdisplay"}},{"AddPathComponent":{"pathId":"RznirV_path_0","parentPathId":"root","name":"providers"}},{"AddPathComponent":{"pathId":"RznirV_path_1","parentPathId":"RznirV_path_0","name":"Microsoft.HealthcareApis"}},{"AddPathComponent":{"pathId":"RznirV_path_2","parentPathId":"RznirV_path_1","name":"operations"}},{"AddPathComponent":{"pathId":"RznirV_path_3","parentPathId":"root","name":"subscriptions"}},{"AddPathParameter":{"pathId":"RznirV_path_4","parentPathId":"RznirV_path_3","name":""}},{"AddPathComponent":{"pathId":"RznirV_path_5","parentPathId":"RznirV_path_4","name":"providers"}},{"AddPathComponent":{"pathId":"RznirV_path_6","parentPathId":"RznirV_path_5","name":"Microsoft.HealthcareApis"}},{"AddPathComponent":{"pathId":"RznirV_path_7","parentPathId":"RznirV_path_6","name":"checkNameAvailability"}},{"AddPathComponent":{"pathId":"RznirV_path_8","parentPathId":"RznirV_path_6","name":"locations"}},{"AddPathParameter":{"pathId":"RznirV_path_9","parentPathId":"RznirV_path_8","name":""}},{"AddPathComponent":{"pathId":"RznirV_path_10","parentPathId":"RznirV_path_9","name":"moveResourcesStatus"}},{"AddPathParameter":{"pathId":"RznirV_path_11","parentPathId":"RznirV_path_10","name":"operationResultId"}},{"AddPathComponent":{"pathId":"RznirV_path_12","parentPathId":"RznirV_path_9","name":"operationresults"}},{"AddPathParameter":{"pathId":"RznirV_path_13","parentPathId":"RznirV_path_12","name":"operationResultId"}},{"AddPathComponent":{"pathId":"RznirV_path_14","parentPathId":"RznirV_path_6","name":"services"}},{"AddPathComponent":{"pathId":"RznirV_path_15","parentPathId":"RznirV_path_4","name":"resourceGroups"}},{"AddPathParameter":{"pathId":"RznirV_path_16","parentPathId":"RznirV_path_15","name":""}},{"AddPathComponent":{"pathId":"RznirV_path_17","parentPathId":"RznirV_path_16","name":"providers"}},{"AddPathComponent":{"pathId":"RznirV_path_18","parentPathId":"RznirV_path_17","name":"Microsoft.HealthcareApis"}},{"AddPathComponent":{"pathId":"RznirV_path_19","parentPathId":"RznirV_path_18","name":"moveResources"}},{"AddPathComponent":{"pathId":"RznirV_path_20","parentPathId":"RznirV_path_18","name":"services"}},{"AddPathParameter":{"pathId":"RznirV_path_21","parentPathId":"RznirV_path_20","name":"resourceName"}},{"AddRequest":{"requestId":"path_FMwUvTwyLC}_get","pathId":"RznirV_path_20","httpMethod":"get"}},{"AddResponse":{"responseId":"response_8uxumDoOOd","requestId":"path_FMwUvTwyLC}_get","httpStatusCode":200}},{"DefineInlineConcept":{"root":"shape_90SAhStKZm","conceptId":"concept_XuwE2wajZkjZ"}},{"AssignType":{"id":"shape_90SAhStKZm","to":{"RefT":{"conceptId":"concept_4NmqVb_servicesdescriptionlistresult"}},"conceptId":"concept_XuwE2wajZkjZ"}},{"AddRequest":{"requestId":"path_6OqMRYo8x9}_get","pathId":"RznirV_path_13","httpMethod":"get"}},{"AddResponse":{"responseId":"response_yp2dpugCet","requestId":"path_6OqMRYo8x9}_get","httpStatusCode":200}},{"DefineInlineConcept":{"root":"shape_M2JyFp1Tg4","conceptId":"concept_270XapkkUDKT"}},{"AssignType":{"id":"shape_M2JyFp1Tg4","to":{"RefT":{"conceptId":"concept_YOrIGU_operationresultsdescription"}},"conceptId":"concept_270XapkkUDKT"}},{"AddResponse":{"responseId":"response_d2kybvFuJ0","requestId":"path_6OqMRYo8x9}_get","httpStatusCode":404}},{"DefineInlineConcept":{"root":"shape_ryO5ito4HV","conceptId":"concept_GNK2TlfAoIdQ"}},{"AssignType":{"id":"shape_ryO5ito4HV","to":{"RefT":{"conceptId":"concept_usgSxz_errordetails"}},"conceptId":"concept_GNK2TlfAoIdQ"}},{"AddRequest":{"requestId":"path_siNh0qyTL6}_post","pathId":"RznirV_path_19","httpMethod":"post"}},{"DefineInlineConcept":{"root":"shape_ugnMf6mhDC","conceptId":"concept_subscriptionssubscriptionidresourcegroupsresourcegroupnameprovidersmicrosofthealthcareapismoveresources_post_body"}},{"AssignType":{"id":"shape_ugnMf6mhDC","to":{"RefT":{"conceptId":"concept_oCv0B2_moveresourcesparameters"}},"conceptId":"concept_subscriptionssubscriptionidresourcegroupsresourcegroupnameprovidersmicrosofthealthcareapismoveresources_post_body"}},{"AddResponse":{"responseId":"response_eBnmr5LG5y","requestId":"path_siNh0qyTL6}_post","httpStatusCode":202}},{"AddRequest":{"requestId":"path_hU0ggKrFv6}_get","pathId":"RznirV_path_2","httpMethod":"get"}},{"AddResponse":{"responseId":"response_Pnt9BQFMID","requestId":"path_hU0ggKrFv6}_get","httpStatusCode":200}},{"DefineInlineConcept":{"root":"shape_VOpYB5rC4K","conceptId":"concept_p1xSIp6UVYSb"}},{"AssignType":{"id":"shape_VOpYB5rC4K","to":{"RefT":{"conceptId":"concept_PUhi5L_operationlistresult"}},"conceptId":"concept_p1xSIp6UVYSb"}},{"AddRequest":{"requestId":"path_l6qfkV0egX}_get","pathId":"RznirV_path_11","httpMethod":"get"}},{"AddResponse":{"responseId":"response_KYoziqgYY8","requestId":"path_l6qfkV0egX}_get","httpStatusCode":200}},{"DefineInlineConcept":{"root":"shape_aSgzvAZKG1","conceptId":"concept_381prFV4UdFk"}},{"AssignType":{"id":"shape_aSgzvAZKG1","to":{"RefT":{"conceptId":"concept_YOrIGU_operationresultsdescription"}},"conceptId":"concept_381prFV4UdFk"}},{"AddResponse":{"responseId":"response_HFN9CgKXHV","requestId":"path_l6qfkV0egX}_get","httpStatusCode":404}},{"DefineInlineConcept":{"root":"shape_qumjlyN098","conceptId":"concept_GSRNivtp4BL6"}},{"AssignType":{"id":"shape_qumjlyN098","to":{"RefT":{"conceptId":"concept_usgSxz_errordetails"}},"conceptId":"concept_GSRNivtp4BL6"}},{"AddRequest":{"requestId":"path_IqF9xKf4md}_delete","pathId":"RznirV_path_21","httpMethod":"delete"}},{"AddResponse":{"responseId":"response_cVd6L12cmi","requestId":"path_IqF9xKf4md}_delete","httpStatusCode":202}},{"AddResponse":{"responseId":"response_K7Gm0K3iwU","requestId":"path_IqF9xKf4md}_delete","httpStatusCode":204}},{"AddRequest":{"requestId":"path_IqF9xKf4md}_get","pathId":"RznirV_path_21","httpMethod":"get"}},{"AddResponse":{"responseId":"response_nuzMGyq2Sp","requestId":"path_IqF9xKf4md}_get","httpStatusCode":200}},{"DefineInlineConcept":{"root":"shape_kmYVyNetKH","conceptId":"concept_qQDjay7f2VTP"}},{"AssignType":{"id":"shape_kmYVyNetKH","to":{"RefT":{"conceptId":"concept_rn64LZ_servicesdescription"}},"conceptId":"concept_qQDjay7f2VTP"}},{"AddRequest":{"requestId":"path_IqF9xKf4md}_patch","pathId":"RznirV_path_21","httpMethod":"patch"}},{"DefineInlineConcept":{"root":"shape_NTu0PNizhu","conceptId":"concept_subscriptionssubscriptionidresourcegroupsresourcegroupnameprovidersmicrosofthealthcareapisservicesresourcename_patch_body"}},{"AssignType":{"id":"shape_NTu0PNizhu","to":{"RefT":{"conceptId":"concept_1EIFMX_servicespatchdescription"}},"conceptId":"concept_subscriptionssubscriptionidresourcegroupsresourcegroupnameprovidersmicrosofthealthcareapisservicesresourcename_patch_body"}},{"AddResponse":{"responseId":"response_nsUNZ5Lh50","requestId":"path_IqF9xKf4md}_patch","httpStatusCode":200}},{"DefineInlineConcept":{"root":"shape_dooiuUJD97","conceptId":"concept_8xlMqyHJkpzc"}},{"AssignType":{"id":"shape_dooiuUJD97","to":{"RefT":{"conceptId":"concept_rn64LZ_servicesdescription"}},"conceptId":"concept_8xlMqyHJkpzc"}},{"AddRequest":{"requestId":"path_IqF9xKf4md}_put","pathId":"RznirV_path_21","httpMethod":"put"}},{"DefineInlineConcept":{"root":"shape_I6iXfDzYFY","conceptId":"concept_subscriptionssubscriptionidresourcegroupsresourcegroupnameprovidersmicrosofthealthcareapisservicesresourcename_put_body"}},{"AssignType":{"id":"shape_I6iXfDzYFY","to":{"RefT":{"conceptId":"concept_rn64LZ_servicesdescription"}},"conceptId":"concept_subscriptionssubscriptionidresourcegroupsresourcegroupnameprovidersmicrosofthealthcareapisservicesresourcename_put_body"}},{"AddResponse":{"responseId":"response_OF8jaulMPZ","requestId":"path_IqF9xKf4md}_put","httpStatusCode":200}},{"DefineInlineConcept":{"root":"shape_bJmnvjWirN","conceptId":"concept_0yvWqzTAXCSH"}},{"AssignType":{"id":"shape_bJmnvjWirN","to":{"RefT":{"conceptId":"concept_rn64LZ_servicesdescription"}},"conceptId":"concept_0yvWqzTAXCSH"}},{"AddResponse":{"responseId":"response_DRj7NUWP6P","requestId":"path_IqF9xKf4md}_put","httpStatusCode":201}},{"DefineInlineConcept":{"root":"shape_4kSPPMxwlj","conceptId":"concept_IPBltGrzKw2f"}},{"AssignType":{"id":"shape_4kSPPMxwlj","to":{"RefT":{"conceptId":"concept_rn64LZ_servicesdescription"}},"conceptId":"concept_IPBltGrzKw2f"}},{"AddRequest":{"requestId":"path_09gheO7zvd}_post","pathId":"RznirV_path_7","httpMethod":"post"}},{"DefineInlineConcept":{"root":"shape_gcYZxRz2YC","conceptId":"concept_subscriptionssubscriptionidprovidersmicrosofthealthcareapischecknameavailability_post_body"}},{"AssignType":{"id":"shape_gcYZxRz2YC","to":{"RefT":{"conceptId":"concept_dOtWz6_checknameavailabilityparameters"}},"conceptId":"concept_subscriptionssubscriptionidprovidersmicrosofthealthcareapischecknameavailability_post_body"}},{"AddResponse":{"responseId":"response_9hXV7PcgJq","requestId":"path_09gheO7zvd}_post","httpStatusCode":200}},{"DefineInlineConcept":{"root":"shape_iTsomhgEMD","conceptId":"concept_WW028ifCs4c4"}},{"AssignType":{"id":"shape_iTsomhgEMD","to":{"RefT":{"conceptId":"concept_hCfGqr_servicesnameavailabilityinfo"}},"conceptId":"concept_WW028ifCs4c4"}},{"AddRequest":{"requestId":"path_ejpbkJkBT3}_get","pathId":"RznirV_path_14","httpMethod":"get"}},{"AddResponse":{"responseId":"response_pzr0n3dgzk","requestId":"path_ejpbkJkBT3}_get","httpStatusCode":200}},{"DefineInlineConcept":{"root":"shape_R2Fgo1EiQS","conceptId":"concept_uAXPePVOWa1C"}},{"AssignType":{"id":"shape_R2Fgo1EiQS","to":{"RefT":{"conceptId":"concept_4NmqVb_servicesdescriptionlistresult"}},"conceptId":"concept_uAXPePVOWa1C"}},{"SetResponseBodyShape":{"responseId":"response_8uxumDoOOd","bodyDescriptor":{"httpContentType":"application/json","conceptId":"concept_XuwE2wajZkjZ"}}},{"SetResponseBodyShape":{"responseId":"response_yp2dpugCet","bodyDescriptor":{"httpContentType":"application/json","conceptId":"concept_270XapkkUDKT"}}},{"SetResponseBodyShape":{"responseId":"response_d2kybvFuJ0","bodyDescriptor":{"httpContentType":"application/json","conceptId":"concept_GNK2TlfAoIdQ"}}},{"SetRequestBodyShape":{"requestId":"path_siNh0qyTL6}_post","bodyDescriptor":{"httpContentType":"application/json","conceptId":"concept_subscriptionssubscriptionidresourcegroupsresourcegroupnameprovidersmicrosofthealthcareapismoveresources_post_body"}}},{"SetResponseBodyShape":{"responseId":"response_Pnt9BQFMID","bodyDescriptor":{"httpContentType":"application/json","conceptId":"concept_p1xSIp6UVYSb"}}},{"SetResponseBodyShape":{"responseId":"response_KYoziqgYY8","bodyDescriptor":{"httpContentType":"application/json","conceptId":"concept_381prFV4UdFk"}}},{"SetResponseBodyShape":{"responseId":"response_HFN9CgKXHV","bodyDescriptor":{"httpContentType":"application/json","conceptId":"concept_GSRNivtp4BL6"}}},{"SetResponseBodyShape":{"responseId":"response_nuzMGyq2Sp","bodyDescriptor":{"httpContentType":"application/json","conceptId":"concept_qQDjay7f2VTP"}}},{"SetRequestBodyShape":{"requestId":"path_IqF9xKf4md}_patch","bodyDescriptor":{"httpContentType":"application/json","conceptId":"concept_subscriptionssubscriptionidresourcegroupsresourcegroupnameprovidersmicrosofthealthcareapisservicesresourcename_patch_body"}}},{"SetResponseBodyShape":{"responseId":"response_nsUNZ5Lh50","bodyDescriptor":{"httpContentType":"application/json","conceptId":"concept_8xlMqyHJkpzc"}}},{"SetRequestBodyShape":{"requestId":"path_IqF9xKf4md}_put","bodyDescriptor":{"httpContentType":"application/json","conceptId":"concept_subscriptionssubscriptionidresourcegroupsresourcegroupnameprovidersmicrosofthealthcareapisservicesresourcename_put_body"}}},{"SetResponseBodyShape":{"responseId":"response_OF8jaulMPZ","bodyDescriptor":{"httpContentType":"application/json","conceptId":"concept_0yvWqzTAXCSH"}}},{"SetResponseBodyShape":{"responseId":"response_DRj7NUWP6P","bodyDescriptor":{"httpContentType":"application/json","conceptId":"concept_IPBltGrzKw2f"}}},{"SetRequestBodyShape":{"requestId":"path_09gheO7zvd}_post","bodyDescriptor":{"httpContentType":"application/json","conceptId":"concept_subscriptionssubscriptionidprovidersmicrosofthealthcareapischecknameavailability_post_body"}}},{"SetResponseBodyShape":{"responseId":"response_9hXV7PcgJq","bodyDescriptor":{"httpContentType":"application/json","conceptId":"concept_WW028ifCs4c4"}}},{"SetResponseBodyShape":{"responseId":"response_pzr0n3dgzk","bodyDescriptor":{"httpContentType":"application/json","conceptId":"concept_uAXPePVOWa1C"}}}]