[{"AddPathComponent":{"pathId":"Uz0v8x_path_0","parentPathId":"root","name":"v2"}},{"AddPathComponent":{"pathId":"Uz0v8x_path_1","parentPathId":"Uz0v8x_path_0","name":"incidents"}},{"AddPathParameter":{"pathId":"Uz0v8x_path_2","parentPathId":"Uz0v8x_path_1","name":"id"}},{"AddPathComponent":{"pathId":"Uz0v8x_path_3","parentPathId":"Uz0v8x_path_0","name":"locations"}},{"AddPathComponent":{"pathId":"Uz0v8x_path_4","parentPathId":"Uz0v8x_path_3","name":"markers"}},{"AddRequest":{"requestId":"path_u9EFdW7G97}_get","pathId":"Uz0v8x_path_1","httpMethod":"get"}},{"AddResponse":{"responseId":"response_jOkN7Nm5JA","requestId":"path_u9EFdW7G97}_get","httpStatusCode":200}},{"AddRequest":{"requestId":"path_s0ESn5Mv3E}_get","pathId":"Uz0v8x_path_2","httpMethod":"get"}},{"AddResponse":{"responseId":"response_asa2vjhOeU","requestId":"path_s0ESn5Mv3E}_get","httpStatusCode":200}},{"AddRequest":{"requestId":"path_WPYCkdDYdY}_get","pathId":"Uz0v8x_path_3","httpMethod":"get"}},{"AddResponse":{"responseId":"response_PRWKFACiuN","requestId":"path_WPYCkdDYdY}_get","httpStatusCode":200}},{"AddRequest":{"requestId":"path_hczm65Y3lS}_get","pathId":"Uz0v8x_path_4","httpMethod":"get"}},{"AddResponse":{"responseId":"response_I5zYUYHplj","requestId":"path_hczm65Y3lS}_get","httpStatusCode":200}}]