[{"DefineConcept":{"name":"getContainerStatus","root":"shape_CMzigLQVjV","conceptId":"concept_B1gvz1_getcontainerstatus"}},{"SetConceptName":{"newName":"getContainerStatus","conceptId":"concept_B1gvz1_getcontainerstatus"}},{"DefineConcept":{"name":"HostConfig","root":"shape_MUOEW0tFzq","conceptId":"concept_xjV23z_hostconfig"}},{"SetConceptName":{"newName":"HostConfig","conceptId":"concept_xjV23z_hostconfig"}},{"DefineConcept":{"name":"Volume","root":"shape_OmrFNPf2Le","conceptId":"concept_cWq4tz_volume"}},{"SetConceptName":{"newName":"Volume","conceptId":"concept_cWq4tz_volume"}},{"DefineConcept":{"name":"ContainersUsageInfoAvailableSizes","root":"shape_1NCW3EWW9D","conceptId":"concept_75N49j_containersusageinfoavailablesizes"}},{"SetConceptName":{"newName":"ContainersUsageInfoAvailableSizes","conceptId":"concept_75N49j_containersusageinfoavailablesizes"}},{"DefineConcept":{"name":"ImageInfo","root":"shape_B5RNYEqj0I","conceptId":"concept_tXTTdb_imageinfo"}},{"SetConceptName":{"newName":"ImageInfo","conceptId":"concept_tXTTdb_imageinfo"}},{"DefineConcept":{"name":"ContainersUsageInfo","root":"shape_PPaW9P8kOZ","conceptId":"concept_xnESN3_containersusageinfo"}},{"SetConceptName":{"newName":"ContainersUsageInfo","conceptId":"concept_xnESN3_containersusageinfo"}},{"DefineConcept":{"name":"Route","root":"shape_sZ6K0x02qf","conceptId":"concept_8wHvDA_route"}},{"SetConceptName":{"newName":"Route","conceptId":"concept_8wHvDA_route"}},{"DefineConcept":{"name":"ContainerInfo","root":"shape_boiAeBg3qj","conceptId":"concept_EV8glA_containerinfo"}},{"SetConceptName":{"newName":"ContainerInfo","conceptId":"concept_EV8glA_containerinfo"}},{"DefineConcept":{"name":"ContainersGroupsNameOrIdPatchUpdatedInfo","root":"shape_SI8LxLL9W9","conceptId":"concept_ivmgC4_containersgroupsnameoridpatchupdatedinfo"}},{"SetConceptName":{"newName":"ContainersGroupsNameOrIdPatchUpdatedInfo","conceptId":"concept_ivmgC4_containersgroupsnameoridpatchupdatedinfo"}},{"DefineConcept":{"name":"Binding","root":"shape_eoALgLbl4V","conceptId":"concept_en9jLl_binding"}},{"SetConceptName":{"newName":"Binding","conceptId":"concept_en9jLl_binding"}},{"DefineConcept":{"name":"ContainerId","root":"shape_Zm3R1TxZId","conceptId":"concept_xzafeD_containerid"}},{"SetConceptName":{"newName":"ContainerId","conceptId":"concept_xzafeD_containerid"}},{"DefineConcept":{"name":"Network","root":"shape_lOTbvljcxK","conceptId":"concept_FyOW5l_network"}},{"SetConceptName":{"newName":"Network","conceptId":"concept_FyOW5l_network"}},{"DefineConcept":{"name":"ContainersQuotaList","root":"shape_H5cR0uSG5i","conceptId":"concept_xSM6U5_containersquotalist"}},{"SetConceptName":{"newName":"ContainersQuotaList","conceptId":"concept_xSM6U5_containersquotalist"}},{"DefineConcept":{"name":"ContainersGroupsPostRequiredAttributes","root":"shape_3h8gpfU2e5","conceptId":"concept_XLWGpG_containersgroupspostrequiredattributes"}},{"SetConceptName":{"newName":"ContainersGroupsPostRequiredAttributes","conceptId":"concept_XLWGpG_containersgroupspostrequiredattributes"}},{"DefineConcept":{"name":"ContainersGroupsNameOrIdMaproutePostInfo","root":"shape_VvsNgunYpj","conceptId":"concept_9uF4qd_containersgroupsnameoridmaproutepostinfo"}},{"SetConceptName":{"newName":"ContainersGroupsNameOrIdMaproutePostInfo","conceptId":"concept_9uF4qd_containersgroupsnameoridmaproutepostinfo"}},{"DefineConcept":{"name":"UpdateVolume","root":"shape_x7mt7roXu2","conceptId":"concept_Upamc8_updatevolume"}},{"SetConceptName":{"newName":"UpdateVolume","conceptId":"concept_Upamc8_updatevolume"}},{"DefineConcept":{"name":"Container","root":"shape_FJCZKg0fDA","conceptId":"concept_48tv27_container"}},{"SetConceptName":{"newName":"Container","conceptId":"concept_48tv27_container"}},{"DefineConcept":{"name":"FloatingIP","root":"shape_CIeHDgI7py","conceptId":"concept_32rimg_floatingip"}},{"SetConceptName":{"newName":"FloatingIP","conceptId":"concept_32rimg_floatingip"}},{"DefineConcept":{"name":"ContainersGroupsNameOrIdGetDetails","root":"shape_70wD4FfDMq","conceptId":"concept_mAcbz0_containersgroupsnameoridgetdetails"}},{"SetConceptName":{"newName":"ContainersGroupsNameOrIdGetDetails","conceptId":"concept_mAcbz0_containersgroupsnameoridgetdetails"}},{"DefineConcept":{"name":"ImageDetail","root":"shape_aQuZCtf2qJ","conceptId":"concept_GSnq0N_imagedetail"}},{"SetConceptName":{"newName":"ImageDetail","conceptId":"concept_GSnq0N_imagedetail"}},{"DefineConcept":{"name":"Group","root":"shape_6EM5dereIu","conceptId":"concept_oQw2cz_group"}},{"SetConceptName":{"newName":"Group","conceptId":"concept_oQw2cz_group"}},{"DefineConcept":{"name":"Port","root":"shape_RTtSyDXrKU","conceptId":"concept_aT2fgm_port"}},{"SetConceptName":{"newName":"Port","conceptId":"concept_aT2fgm_port"}},{"DefineConcept":{"name":"ContainerConfig","root":"shape_c3NnCRZulR","conceptId":"concept_PQxHAW_containerconfig"}},{"SetConceptName":{"newName":"ContainerConfig","conceptId":"concept_PQxHAW_containerconfig"}},{"DefineConcept":{"name":"Fileshare","root":"shape_RRbuGkNEJZ","conceptId":"concept_JM7QdD_fileshare"}},{"SetConceptName":{"newName":"Fileshare","conceptId":"concept_JM7QdD_fileshare"}},{"DefineConcept":{"name":"Namespace","root":"shape_1a2nu7cI0w","conceptId":"concept_psDv9D_namespace"}},{"SetConceptName":{"newName":"Namespace","conceptId":"concept_psDv9D_namespace"}},{"DefineConcept":{"name":"ContainersGroupsPostCreatedInfo","root":"shape_FvtNVFnM6l","conceptId":"concept_MC1HEg_containersgroupspostcreatedinfo"}},{"SetConceptName":{"newName":"ContainersGroupsPostCreatedInfo","conceptId":"concept_MC1HEg_containersgroupspostcreatedinfo"}},{"DefineConcept":{"name":"CertificateRefresh","root":"shape_H6y5G4fHwh","conceptId":"concept_b8zMPu_certificaterefresh"}},{"SetConceptName":{"newName":"CertificateRefresh","conceptId":"concept_b8zMPu_certificaterefresh"}},{"DefineConcept":{"name":"NetworkSetting","root":"shape_DIhwHSpbh1","conceptId":"concept_AK77Iv_networksetting"}},{"SetConceptName":{"newName":"NetworkSetting","conceptId":"concept_AK77Iv_networksetting"}},{"DefineConcept":{"name":"FileshareUsage","root":"shape_lgruwSNocm","conceptId":"concept_Rv6mn6_fileshareusage"}},{"SetConceptName":{"newName":"FileshareUsage","conceptId":"concept_Rv6mn6_fileshareusage"}},{"DefineConcept":{"name":"ContainerState","root":"shape_LlrklctObb","conceptId":"concept_CAeqbI_containerstate"}},{"SetConceptName":{"newName":"ContainerState","conceptId":"concept_CAeqbI_containerstate"}},{"DefineConcept":{"name":"ContainersVersionGetInfo","root":"shape_81c6f6i185","conceptId":"concept_lYi0fh_containersversiongetinfo"}},{"SetConceptName":{"newName":"ContainersVersionGetInfo","conceptId":"concept_lYi0fh_containersversiongetinfo"}},{"DefineConcept":{"name":"Certificate","root":"shape_bpZlOrPDGs","conceptId":"concept_9eg8sq_certificate"}},{"SetConceptName":{"newName":"Certificate","conceptId":"concept_9eg8sq_certificate"}},{"DefineConcept":{"name":"ContainersQuotaInfo","root":"shape_hYICRMZZBd","conceptId":"concept_0wAlTB_containersquotainfo"}},{"SetConceptName":{"newName":"ContainersQuotaInfo","conceptId":"concept_0wAlTB_containersquotainfo"}},{"DefineConcept":{"name":"ContainersGroupsGetListItem","root":"shape_8Byfsa3S9g","conceptId":"concept_l3zDaR_containersgroupsgetlistitem"}},{"SetConceptName":{"newName":"ContainersGroupsGetListItem","conceptId":"concept_l3zDaR_containersgroupsgetlistitem"}},{"DefineConcept":{"name":"CreateContainer","root":"shape_uRMZTbrhCt","conceptId":"concept_dNb7HT_createcontainer"}},{"SetConceptName":{"newName":"CreateContainer","conceptId":"concept_dNb7HT_createcontainer"}},{"DefineConcept":{"name":"GetFileshareDetails","root":"shape_2Lz4JbVB0E","conceptId":"concept_8Cuan3_getfilesharedetails"}},{"SetConceptName":{"newName":"GetFileshareDetails","conceptId":"concept_8Cuan3_getfilesharedetails"}},{"DefineConcept":{"name":"FileshareParam","root":"shape_hsgUMCzqg4","conceptId":"concept_aIFwyb_fileshareparam"}},{"SetConceptName":{"newName":"FileshareParam","conceptId":"concept_aIFwyb_fileshareparam"}},{"AssignType":{"id":"shape_CMzigLQVjV","to":{"AnyT":{}},"conceptId":"concept_B1gvz1_getcontainerstatus"}},{"AssignType":{"id":"shape_MUOEW0tFzq","to":{"ObjectT":{}},"conceptId":"concept_xjV23z_hostconfig"}},{"AddField":{"parentId":"shape_MUOEW0tFzq","id":"shape_HolSNXvBy8","conceptId":"concept_xjV23z_hostconfig"}},{"SetFieldName":{"id":"shape_HolSNXvBy8","newName":"Binds","conceptId":"concept_xjV23z_hostconfig"}},{"AssignType":{"id":"shape_HolSNXvBy8","to":{"ListT":{}},"conceptId":"concept_xjV23z_hostconfig"}},{"AddTypeParameter":{"parentId":"shape_HolSNXvBy8","id":"shape_9LWj6sOfeR","conceptId":"concept_xjV23z_hostconfig"}},{"AssignType":{"id":"shape_9LWj6sOfeR","to":{"StringT":{}},"conceptId":"concept_xjV23z_hostconfig"}},{"AddField":{"parentId":"shape_MUOEW0tFzq","id":"shape_qPDor6H5li","conceptId":"concept_xjV23z_hostconfig"}},{"SetFieldName":{"id":"shape_qPDor6H5li","newName":"ExtraHosts","conceptId":"concept_xjV23z_hostconfig"}},{"AssignType":{"id":"shape_qPDor6H5li","to":{"ListT":{}},"conceptId":"concept_xjV23z_hostconfig"}},{"AddTypeParameter":{"parentId":"shape_qPDor6H5li","id":"shape_FUnuRzQlgY","conceptId":"concept_xjV23z_hostconfig"}},{"AssignType":{"id":"shape_FUnuRzQlgY","to":{"StringT":{}},"conceptId":"concept_xjV23z_hostconfig"}},{"AddField":{"parentId":"shape_MUOEW0tFzq","id":"shape_h7OB5AywN0","conceptId":"concept_xjV23z_hostconfig"}},{"SetFieldName":{"id":"shape_h7OB5AywN0","newName":"Links","conceptId":"concept_xjV23z_hostconfig"}},{"AssignType":{"id":"shape_h7OB5AywN0","to":{"ListT":{}},"conceptId":"concept_xjV23z_hostconfig"}},{"AddTypeParameter":{"parentId":"shape_h7OB5AywN0","id":"shape_0YpCAmpC1z","conceptId":"concept_xjV23z_hostconfig"}},{"AssignType":{"id":"shape_0YpCAmpC1z","to":{"StringT":{}},"conceptId":"concept_xjV23z_hostconfig"}},{"AddField":{"parentId":"shape_MUOEW0tFzq","id":"shape_L1rnhzrvAT","conceptId":"concept_xjV23z_hostconfig"}},{"SetFieldName":{"id":"shape_L1rnhzrvAT","newName":"PortBindings","conceptId":"concept_xjV23z_hostconfig"}},{"AssignType":{"id":"shape_L1rnhzrvAT","to":{"ListT":{}},"conceptId":"concept_xjV23z_hostconfig"}},{"AddTypeParameter":{"parentId":"shape_L1rnhzrvAT","id":"shape_YsY7xaRJo3","conceptId":"concept_xjV23z_hostconfig"}},{"AssignType":{"id":"shape_YsY7xaRJo3","to":{"StringT":{}},"conceptId":"concept_xjV23z_hostconfig"}},{"AssignType":{"id":"shape_OmrFNPf2Le","to":{"AnyT":{}},"conceptId":"concept_cWq4tz_volume"}},{"AssignType":{"id":"shape_1NCW3EWW9D","to":{"AnyT":{}},"conceptId":"concept_75N49j_containersusageinfoavailablesizes"}},{"AssignType":{"id":"shape_B5RNYEqj0I","to":{"AnyT":{}},"conceptId":"concept_tXTTdb_imageinfo"}},{"AssignType":{"id":"shape_PPaW9P8kOZ","to":{"AnyT":{}},"conceptId":"concept_xnESN3_containersusageinfo"}},{"AssignType":{"id":"shape_sZ6K0x02qf","to":{"ObjectT":{}},"conceptId":"concept_8wHvDA_route"}},{"AddField":{"parentId":"shape_sZ6K0x02qf","id":"shape_tI3GpQ9HBu","conceptId":"concept_8wHvDA_route"}},{"SetFieldName":{"id":"shape_tI3GpQ9HBu","newName":"domain","conceptId":"concept_8wHvDA_route"}},{"AssignType":{"id":"shape_tI3GpQ9HBu","to":{"StringT":{}},"conceptId":"concept_8wHvDA_route"}},{"AddField":{"parentId":"shape_sZ6K0x02qf","id":"shape_kCzBmfhcTF","conceptId":"concept_8wHvDA_route"}},{"SetFieldName":{"id":"shape_kCzBmfhcTF","newName":"host","conceptId":"concept_8wHvDA_route"}},{"AssignType":{"id":"shape_kCzBmfhcTF","to":{"StringT":{}},"conceptId":"concept_8wHvDA_route"}},{"AssignType":{"id":"shape_boiAeBg3qj","to":{"AnyT":{}},"conceptId":"concept_EV8glA_containerinfo"}},{"AssignType":{"id":"shape_SI8LxLL9W9","to":{"AnyT":{}},"conceptId":"concept_ivmgC4_containersgroupsnameoridpatchupdatedinfo"}},{"AssignType":{"id":"shape_eoALgLbl4V","to":{"AnyT":{}},"conceptId":"concept_en9jLl_binding"}},{"AssignType":{"id":"shape_Zm3R1TxZId","to":{"AnyT":{}},"conceptId":"concept_xzafeD_containerid"}},{"AssignType":{"id":"shape_lOTbvljcxK","to":{"AnyT":{}},"conceptId":"concept_FyOW5l_network"}},{"AssignType":{"id":"shape_H5cR0uSG5i","to":{"AnyT":{}},"conceptId":"concept_xSM6U5_containersquotalist"}},{"AssignType":{"id":"shape_3h8gpfU2e5","to":{"AnyT":{}},"conceptId":"concept_XLWGpG_containersgroupspostrequiredattributes"}},{"AssignType":{"id":"shape_VvsNgunYpj","to":{"AnyT":{}},"conceptId":"concept_9uF4qd_containersgroupsnameoridmaproutepostinfo"}},{"AssignType":{"id":"shape_x7mt7roXu2","to":{"AnyT":{}},"conceptId":"concept_Upamc8_updatevolume"}},{"AssignType":{"id":"shape_FJCZKg0fDA","to":{"AnyT":{}},"conceptId":"concept_48tv27_container"}},{"AssignType":{"id":"shape_CIeHDgI7py","to":{"AnyT":{}},"conceptId":"concept_32rimg_floatingip"}},{"AssignType":{"id":"shape_70wD4FfDMq","to":{"AnyT":{}},"conceptId":"concept_mAcbz0_containersgroupsnameoridgetdetails"}},{"AssignType":{"id":"shape_aQuZCtf2qJ","to":{"ObjectT":{}},"conceptId":"concept_GSnq0N_imagedetail"}},{"AddField":{"parentId":"shape_aQuZCtf2qJ","id":"shape_1CIBOAIU7L","conceptId":"concept_GSnq0N_imagedetail"}},{"SetFieldName":{"id":"shape_1CIBOAIU7L","newName":"Architecture","conceptId":"concept_GSnq0N_imagedetail"}},{"AssignType":{"id":"shape_1CIBOAIU7L","to":{"StringT":{}},"conceptId":"concept_GSnq0N_imagedetail"}},{"AddField":{"parentId":"shape_aQuZCtf2qJ","id":"shape_F2Belv5Dt9","conceptId":"concept_GSnq0N_imagedetail"}},{"SetFieldName":{"id":"shape_F2Belv5Dt9","newName":"Id","conceptId":"concept_GSnq0N_imagedetail"}},{"AssignType":{"id":"shape_F2Belv5Dt9","to":{"StringT":{}},"conceptId":"concept_GSnq0N_imagedetail"}},{"AddField":{"parentId":"shape_aQuZCtf2qJ","id":"shape_yW0phobNpm","conceptId":"concept_GSnq0N_imagedetail"}},{"SetFieldName":{"id":"shape_yW0phobNpm","newName":"VirtualSize","conceptId":"concept_GSnq0N_imagedetail"}},{"AssignType":{"id":"shape_yW0phobNpm","to":{"IntegerT":{}},"conceptId":"concept_GSnq0N_imagedetail"}},{"AddField":{"parentId":"shape_aQuZCtf2qJ","id":"shape_3jfIh46qyj","conceptId":"concept_GSnq0N_imagedetail"}},{"SetFieldName":{"id":"shape_3jfIh46qyj","newName":"Created","conceptId":"concept_GSnq0N_imagedetail"}},{"AssignType":{"id":"shape_3jfIh46qyj","to":{"StringT":{}},"conceptId":"concept_GSnq0N_imagedetail"}},{"AddField":{"parentId":"shape_aQuZCtf2qJ","id":"shape_Onj7yhDLkm","conceptId":"concept_GSnq0N_imagedetail"}},{"SetFieldName":{"id":"shape_Onj7yhDLkm","newName":"Parent","conceptId":"concept_GSnq0N_imagedetail"}},{"AssignType":{"id":"shape_Onj7yhDLkm","to":{"StringT":{}},"conceptId":"concept_GSnq0N_imagedetail"}},{"AddField":{"parentId":"shape_aQuZCtf2qJ","id":"shape_ZScxP88co1","conceptId":"concept_GSnq0N_imagedetail"}},{"SetFieldName":{"id":"shape_ZScxP88co1","newName":"Size","conceptId":"concept_GSnq0N_imagedetail"}},{"AssignType":{"id":"shape_ZScxP88co1","to":{"IntegerT":{}},"conceptId":"concept_GSnq0N_imagedetail"}},{"AddField":{"parentId":"shape_aQuZCtf2qJ","id":"shape_VbS6GWT4Nf","conceptId":"concept_GSnq0N_imagedetail"}},{"SetFieldName":{"id":"shape_VbS6GWT4Nf","newName":"DockerVersion","conceptId":"concept_GSnq0N_imagedetail"}},{"AssignType":{"id":"shape_VbS6GWT4Nf","to":{"StringT":{}},"conceptId":"concept_GSnq0N_imagedetail"}},{"AddField":{"parentId":"shape_aQuZCtf2qJ","id":"shape_kA1h9xQ7Xl","conceptId":"concept_GSnq0N_imagedetail"}},{"SetFieldName":{"id":"shape_kA1h9xQ7Xl","newName":"Container","conceptId":"concept_GSnq0N_imagedetail"}},{"AssignType":{"id":"shape_kA1h9xQ7Xl","to":{"StringT":{}},"conceptId":"concept_GSnq0N_imagedetail"}},{"AddField":{"parentId":"shape_aQuZCtf2qJ","id":"shape_psnVGHyXzW","conceptId":"concept_GSnq0N_imagedetail"}},{"SetFieldName":{"id":"shape_psnVGHyXzW","newName":"Config","conceptId":"concept_GSnq0N_imagedetail"}},{"AssignType":{"id":"shape_psnVGHyXzW","to":{"ObjectT":{}},"conceptId":"concept_GSnq0N_imagedetail"}},{"AddField":{"parentId":"shape_psnVGHyXzW","id":"shape_DAC7IN9IIM","conceptId":"concept_GSnq0N_imagedetail"}},{"SetFieldName":{"id":"shape_DAC7IN9IIM","newName":"Entrypoint","conceptId":"concept_GSnq0N_imagedetail"}},{"AssignType":{"id":"shape_DAC7IN9IIM","to":{"StringT":{}},"conceptId":"concept_GSnq0N_imagedetail"}},{"AddField":{"parentId":"shape_psnVGHyXzW","id":"shape_vc5djSyAKC","conceptId":"concept_GSnq0N_imagedetail"}},{"SetFieldName":{"id":"shape_vc5djSyAKC","newName":"AttachStdout","conceptId":"concept_GSnq0N_imagedetail"}},{"AssignType":{"id":"shape_vc5djSyAKC","to":{"BooleanT":{}},"conceptId":"concept_GSnq0N_imagedetail"}},{"AddField":{"parentId":"shape_psnVGHyXzW","id":"shape_2U1CgwRlyr","conceptId":"concept_GSnq0N_imagedetail"}},{"SetFieldName":{"id":"shape_2U1CgwRlyr","newName":"AttachStdin","conceptId":"concept_GSnq0N_imagedetail"}},{"AssignType":{"id":"shape_2U1CgwRlyr","to":{"BooleanT":{}},"conceptId":"concept_GSnq0N_imagedetail"}},{"AddField":{"parentId":"shape_psnVGHyXzW","id":"shape_TP4XyJ3Z9d","conceptId":"concept_GSnq0N_imagedetail"}},{"SetFieldName":{"id":"shape_TP4XyJ3Z9d","newName":"Env","conceptId":"concept_GSnq0N_imagedetail"}},{"AssignType":{"id":"shape_TP4XyJ3Z9d","to":{"ListT":{}},"conceptId":"concept_GSnq0N_imagedetail"}},{"AddTypeParameter":{"parentId":"shape_TP4XyJ3Z9d","id":"shape_xXAsV573hB","conceptId":"concept_GSnq0N_imagedetail"}},{"AssignType":{"id":"shape_xXAsV573hB","to":{"StringT":{}},"conceptId":"concept_GSnq0N_imagedetail"}},{"AddField":{"parentId":"shape_psnVGHyXzW","id":"shape_lMwzITzXZJ","conceptId":"concept_GSnq0N_imagedetail"}},{"SetFieldName":{"id":"shape_lMwzITzXZJ","newName":"Tty","conceptId":"concept_GSnq0N_imagedetail"}},{"AssignType":{"id":"shape_lMwzITzXZJ","to":{"BooleanT":{}},"conceptId":"concept_GSnq0N_imagedetail"}},{"AddField":{"parentId":"shape_psnVGHyXzW","id":"shape_STwoIE35vv","conceptId":"concept_GSnq0N_imagedetail"}},{"SetFieldName":{"id":"shape_STwoIE35vv","newName":"WorkingDir","conceptId":"concept_GSnq0N_imagedetail"}},{"AssignType":{"id":"shape_STwoIE35vv","to":{"StringT":{}},"conceptId":"concept_GSnq0N_imagedetail"}},{"AddField":{"parentId":"shape_psnVGHyXzW","id":"shape_2FENpMqmyh","conceptId":"concept_GSnq0N_imagedetail"}},{"SetFieldName":{"id":"shape_2FENpMqmyh","newName":"StdinOnce","conceptId":"concept_GSnq0N_imagedetail"}},{"AssignType":{"id":"shape_2FENpMqmyh","to":{"BooleanT":{}},"conceptId":"concept_GSnq0N_imagedetail"}},{"AddField":{"parentId":"shape_psnVGHyXzW","id":"shape_Qyvr3h866Q","conceptId":"concept_GSnq0N_imagedetail"}},{"SetFieldName":{"id":"shape_Qyvr3h866Q","newName":"Volumes","conceptId":"concept_GSnq0N_imagedetail"}},{"AssignType":{"id":"shape_Qyvr3h866Q","to":{"StringT":{}},"conceptId":"concept_GSnq0N_imagedetail"}},{"AddField":{"parentId":"shape_psnVGHyXzW","id":"shape_tz8QVLfMoZ","conceptId":"concept_GSnq0N_imagedetail"}},{"SetFieldName":{"id":"shape_tz8QVLfMoZ","newName":"Cmd","conceptId":"concept_GSnq0N_imagedetail"}},{"AssignType":{"id":"shape_tz8QVLfMoZ","to":{"ListT":{}},"conceptId":"concept_GSnq0N_imagedetail"}},{"AddTypeParameter":{"parentId":"shape_tz8QVLfMoZ","id":"shape_jfDYL209Qj","conceptId":"concept_GSnq0N_imagedetail"}},{"AssignType":{"id":"shape_jfDYL209Qj","to":{"StringT":{}},"conceptId":"concept_GSnq0N_imagedetail"}},{"AddField":{"parentId":"shape_psnVGHyXzW","id":"shape_8EPAOvozNF","conceptId":"concept_GSnq0N_imagedetail"}},{"SetFieldName":{"id":"shape_8EPAOvozNF","newName":"OnBuild","conceptId":"concept_GSnq0N_imagedetail"}},{"AssignType":{"id":"shape_8EPAOvozNF","to":{"ListT":{}},"conceptId":"concept_GSnq0N_imagedetail"}},{"AddTypeParameter":{"parentId":"shape_8EPAOvozNF","id":"shape_NTlsFhawHS","conceptId":"concept_GSnq0N_imagedetail"}},{"AssignType":{"id":"shape_NTlsFhawHS","to":{"StringT":{}},"conceptId":"concept_GSnq0N_imagedetail"}},{"AddField":{"parentId":"shape_psnVGHyXzW","id":"shape_hZGTmLX0b9","conceptId":"concept_GSnq0N_imagedetail"}},{"SetFieldName":{"id":"shape_hZGTmLX0b9","newName":"Hostname","conceptId":"concept_GSnq0N_imagedetail"}},{"AssignType":{"id":"shape_hZGTmLX0b9","to":{"StringT":{}},"conceptId":"concept_GSnq0N_imagedetail"}},{"AddField":{"parentId":"shape_psnVGHyXzW","id":"shape_xi8ue0jGDW","conceptId":"concept_GSnq0N_imagedetail"}},{"SetFieldName":{"id":"shape_xi8ue0jGDW","newName":"User","conceptId":"concept_GSnq0N_imagedetail"}},{"AssignType":{"id":"shape_xi8ue0jGDW","to":{"StringT":{}},"conceptId":"concept_GSnq0N_imagedetail"}},{"AddField":{"parentId":"shape_psnVGHyXzW","id":"shape_cybzDvqCHp","conceptId":"concept_GSnq0N_imagedetail"}},{"SetFieldName":{"id":"shape_cybzDvqCHp","newName":"OpenStdin","conceptId":"concept_GSnq0N_imagedetail"}},{"AssignType":{"id":"shape_cybzDvqCHp","to":{"BooleanT":{}},"conceptId":"concept_GSnq0N_imagedetail"}},{"AddField":{"parentId":"shape_psnVGHyXzW","id":"shape_RIQMfayD67","conceptId":"concept_GSnq0N_imagedetail"}},{"SetFieldName":{"id":"shape_RIQMfayD67","newName":"AttachStderr","conceptId":"concept_GSnq0N_imagedetail"}},{"AssignType":{"id":"shape_RIQMfayD67","to":{"BooleanT":{}},"conceptId":"concept_GSnq0N_imagedetail"}},{"AddField":{"parentId":"shape_psnVGHyXzW","id":"shape_TJ1N5e6gGC","conceptId":"concept_GSnq0N_imagedetail"}},{"SetFieldName":{"id":"shape_TJ1N5e6gGC","newName":"Labels","conceptId":"concept_GSnq0N_imagedetail"}},{"AssignType":{"id":"shape_TJ1N5e6gGC","to":{"ListT":{}},"conceptId":"concept_GSnq0N_imagedetail"}},{"AddTypeParameter":{"parentId":"shape_TJ1N5e6gGC","id":"shape_MQl2C6BSB7","conceptId":"concept_GSnq0N_imagedetail"}},{"AssignType":{"id":"shape_MQl2C6BSB7","to":{"StringT":{}},"conceptId":"concept_GSnq0N_imagedetail"}},{"AddField":{"parentId":"shape_psnVGHyXzW","id":"shape_MZ9ZwDTQ2M","conceptId":"concept_GSnq0N_imagedetail"}},{"SetFieldName":{"id":"shape_MZ9ZwDTQ2M","newName":"Image","conceptId":"concept_GSnq0N_imagedetail"}},{"AssignType":{"id":"shape_MZ9ZwDTQ2M","to":{"StringT":{}},"conceptId":"concept_GSnq0N_imagedetail"}},{"AddField":{"parentId":"shape_psnVGHyXzW","id":"shape_IwEiezMIZz","conceptId":"concept_GSnq0N_imagedetail"}},{"SetFieldName":{"id":"shape_IwEiezMIZz","newName":"Domainmame","conceptId":"concept_GSnq0N_imagedetail"}},{"AssignType":{"id":"shape_IwEiezMIZz","to":{"StringT":{}},"conceptId":"concept_GSnq0N_imagedetail"}},{"AddField":{"parentId":"shape_psnVGHyXzW","id":"shape_SlVPQvULnz","conceptId":"concept_GSnq0N_imagedetail"}},{"SetFieldName":{"id":"shape_SlVPQvULnz","newName":"ArgsEscaped","conceptId":"concept_GSnq0N_imagedetail"}},{"AssignType":{"id":"shape_SlVPQvULnz","to":{"BooleanT":{}},"conceptId":"concept_GSnq0N_imagedetail"}},{"AddField":{"parentId":"shape_psnVGHyXzW","id":"shape_Dz9B3rZFix","conceptId":"concept_GSnq0N_imagedetail"}},{"SetFieldName":{"id":"shape_Dz9B3rZFix","newName":"ExposedPorts","conceptId":"concept_GSnq0N_imagedetail"}},{"AssignType":{"id":"shape_Dz9B3rZFix","to":{"ListT":{}},"conceptId":"concept_GSnq0N_imagedetail"}},{"AddTypeParameter":{"parentId":"shape_Dz9B3rZFix","id":"shape_UAhKnwk6MB","conceptId":"concept_GSnq0N_imagedetail"}},{"AssignType":{"id":"shape_UAhKnwk6MB","to":{"StringT":{}},"conceptId":"concept_GSnq0N_imagedetail"}},{"AddField":{"parentId":"shape_aQuZCtf2qJ","id":"shape_tLGOqsnHmK","conceptId":"concept_GSnq0N_imagedetail"}},{"SetFieldName":{"id":"shape_tLGOqsnHmK","newName":"ContainerConfig","conceptId":"concept_GSnq0N_imagedetail"}},{"AssignType":{"id":"shape_tLGOqsnHmK","to":{"RefT":{"conceptId":"concept_PQxHAW_containerconfig"}},"conceptId":"concept_GSnq0N_imagedetail"}},{"AddField":{"parentId":"shape_aQuZCtf2qJ","id":"shape_JnyVv2NmPW","conceptId":"concept_GSnq0N_imagedetail"}},{"SetFieldName":{"id":"shape_JnyVv2NmPW","newName":"Tag","conceptId":"concept_GSnq0N_imagedetail"}},{"AssignType":{"id":"shape_JnyVv2NmPW","to":{"StringT":{}},"conceptId":"concept_GSnq0N_imagedetail"}},{"AddField":{"parentId":"shape_aQuZCtf2qJ","id":"shape_SnhO52RQyN","conceptId":"concept_GSnq0N_imagedetail"}},{"SetFieldName":{"id":"shape_SnhO52RQyN","newName":"Os","conceptId":"concept_GSnq0N_imagedetail"}},{"AssignType":{"id":"shape_SnhO52RQyN","to":{"StringT":{}},"conceptId":"concept_GSnq0N_imagedetail"}},{"AddField":{"parentId":"shape_aQuZCtf2qJ","id":"shape_dm5Q1xjSOT","conceptId":"concept_GSnq0N_imagedetail"}},{"SetFieldName":{"id":"shape_dm5Q1xjSOT","newName":"Throwaway","conceptId":"concept_GSnq0N_imagedetail"}},{"AssignType":{"id":"shape_dm5Q1xjSOT","to":{"StringT":{}},"conceptId":"concept_GSnq0N_imagedetail"}},{"AssignType":{"id":"shape_6EM5dereIu","to":{"AnyT":{}},"conceptId":"concept_oQw2cz_group"}},{"AssignType":{"id":"shape_RTtSyDXrKU","to":{"AnyT":{}},"conceptId":"concept_aT2fgm_port"}},{"AssignType":{"id":"shape_c3NnCRZulR","to":{"AnyT":{}},"conceptId":"concept_PQxHAW_containerconfig"}},{"AssignType":{"id":"shape_RRbuGkNEJZ","to":{"ObjectT":{}},"conceptId":"concept_JM7QdD_fileshare"}},{"AddField":{"parentId":"shape_RRbuGkNEJZ","id":"shape_5s9yEuNDhI","conceptId":"concept_JM7QdD_fileshare"}},{"SetFieldName":{"id":"shape_5s9yEuNDhI","newName":"iopsTotal","conceptId":"concept_JM7QdD_fileshare"}},{"AssignType":{"id":"shape_5s9yEuNDhI","to":{"IntegerT":{}},"conceptId":"concept_JM7QdD_fileshare"}},{"AddField":{"parentId":"shape_RRbuGkNEJZ","id":"shape_Ky6I8xel5Z","conceptId":"concept_JM7QdD_fileshare"}},{"SetFieldName":{"id":"shape_Ky6I8xel5Z","newName":"hostPath","conceptId":"concept_JM7QdD_fileshare"}},{"AssignType":{"id":"shape_Ky6I8xel5Z","to":{"StringT":{}},"conceptId":"concept_JM7QdD_fileshare"}},{"AddField":{"parentId":"shape_RRbuGkNEJZ","id":"shape_LBNe3LlGLj","conceptId":"concept_JM7QdD_fileshare"}},{"SetFieldName":{"id":"shape_LBNe3LlGLj","newName":"provider","conceptId":"concept_JM7QdD_fileshare"}},{"AssignType":{"id":"shape_LBNe3LlGLj","to":{"StringT":{}},"conceptId":"concept_JM7QdD_fileshare"}},{"AddField":{"parentId":"shape_RRbuGkNEJZ","id":"shape_M1cFmphfGB","conceptId":"concept_JM7QdD_fileshare"}},{"SetFieldName":{"id":"shape_M1cFmphfGB","newName":"created_date","conceptId":"concept_JM7QdD_fileshare"}},{"AssignType":{"id":"shape_M1cFmphfGB","to":{"StringT":{}},"conceptId":"concept_JM7QdD_fileshare"}},{"AddField":{"parentId":"shape_RRbuGkNEJZ","id":"shape_sYPXly7fIV","conceptId":"concept_JM7QdD_fileshare"}},{"SetFieldName":{"id":"shape_sYPXly7fIV","newName":"state","conceptId":"concept_JM7QdD_fileshare"}},{"AssignType":{"id":"shape_sYPXly7fIV","to":{"StringT":{}},"conceptId":"concept_JM7QdD_fileshare"}},{"AddField":{"parentId":"shape_RRbuGkNEJZ","id":"shape_8QRI5lLd0H","conceptId":"concept_JM7QdD_fileshare"}},{"SetFieldName":{"id":"shape_8QRI5lLd0H","newName":"spaceGuid","conceptId":"concept_JM7QdD_fileshare"}},{"AssignType":{"id":"shape_8QRI5lLd0H","to":{"StringT":{}},"conceptId":"concept_JM7QdD_fileshare"}},{"AddField":{"parentId":"shape_RRbuGkNEJZ","id":"shape_5rVYj8K4yu","conceptId":"concept_JM7QdD_fileshare"}},{"SetFieldName":{"id":"shape_5rVYj8K4yu","newName":"orderId","conceptId":"concept_JM7QdD_fileshare"}},{"AssignType":{"id":"shape_5rVYj8K4yu","to":{"StringT":{}},"conceptId":"concept_JM7QdD_fileshare"}},{"AddField":{"parentId":"shape_RRbuGkNEJZ","id":"shape_BoOCIPnoXX","conceptId":"concept_JM7QdD_fileshare"}},{"SetFieldName":{"id":"shape_BoOCIPnoXX","newName":"updated_date","conceptId":"concept_JM7QdD_fileshare"}},{"AssignType":{"id":"shape_BoOCIPnoXX","to":{"StringT":{}},"conceptId":"concept_JM7QdD_fileshare"}},{"AddField":{"parentId":"shape_RRbuGkNEJZ","id":"shape_xzT04defXh","conceptId":"concept_JM7QdD_fileshare"}},{"SetFieldName":{"id":"shape_xzT04defXh","newName":"fsName","conceptId":"concept_JM7QdD_fileshare"}},{"AssignType":{"id":"shape_xzT04defXh","to":{"StringT":{}},"conceptId":"concept_JM7QdD_fileshare"}},{"AddField":{"parentId":"shape_RRbuGkNEJZ","id":"shape_DYpKMk48xE","conceptId":"concept_JM7QdD_fileshare"}},{"SetFieldName":{"id":"shape_DYpKMk48xE","newName":"iops","conceptId":"concept_JM7QdD_fileshare"}},{"AssignType":{"id":"shape_DYpKMk48xE","to":{"NumberT":{}},"conceptId":"concept_JM7QdD_fileshare"}},{"AddField":{"parentId":"shape_RRbuGkNEJZ","id":"shape_fB8CR9UIqY","conceptId":"concept_JM7QdD_fileshare"}},{"SetFieldName":{"id":"shape_fB8CR9UIqY","newName":"capacity","conceptId":"concept_JM7QdD_fileshare"}},{"AssignType":{"id":"shape_fB8CR9UIqY","to":{"IntegerT":{}},"conceptId":"concept_JM7QdD_fileshare"}},{"AssignType":{"id":"shape_1a2nu7cI0w","to":{"ObjectT":{}},"conceptId":"concept_psDv9D_namespace"}},{"AddField":{"parentId":"shape_1a2nu7cI0w","id":"shape_MXw6bPY2Ne","conceptId":"concept_psDv9D_namespace"}},{"SetFieldName":{"id":"shape_MXw6bPY2Ne","newName":"namespace","conceptId":"concept_psDv9D_namespace"}},{"AssignType":{"id":"shape_MXw6bPY2Ne","to":{"StringT":{}},"conceptId":"concept_psDv9D_namespace"}},{"AssignType":{"id":"shape_FvtNVFnM6l","to":{"ObjectT":{}},"conceptId":"concept_MC1HEg_containersgroupspostcreatedinfo"}},{"AddField":{"parentId":"shape_FvtNVFnM6l","id":"shape_VLNJm6gbpp","conceptId":"concept_MC1HEg_containersgroupspostcreatedinfo"}},{"SetFieldName":{"id":"shape_VLNJm6gbpp","newName":"Id","conceptId":"concept_MC1HEg_containersgroupspostcreatedinfo"}},{"AssignType":{"id":"shape_VLNJm6gbpp","to":{"StringT":{}},"conceptId":"concept_MC1HEg_containersgroupspostcreatedinfo"}},{"AddField":{"parentId":"shape_FvtNVFnM6l","id":"shape_s0xFcjAQ4x","conceptId":"concept_MC1HEg_containersgroupspostcreatedinfo"}},{"SetFieldName":{"id":"shape_s0xFcjAQ4x","newName":"Warnings","conceptId":"concept_MC1HEg_containersgroupspostcreatedinfo"}},{"AssignType":{"id":"shape_s0xFcjAQ4x","to":{"ListT":{}},"conceptId":"concept_MC1HEg_containersgroupspostcreatedinfo"}},{"AddTypeParameter":{"parentId":"shape_s0xFcjAQ4x","id":"shape_IdqSEIF07o","conceptId":"concept_MC1HEg_containersgroupspostcreatedinfo"}},{"AssignType":{"id":"shape_IdqSEIF07o","to":{"StringT":{}},"conceptId":"concept_MC1HEg_containersgroupspostcreatedinfo"}},{"AssignType":{"id":"shape_H6y5G4fHwh","to":{"AnyT":{}},"conceptId":"concept_b8zMPu_certificaterefresh"}},{"AssignType":{"id":"shape_DIhwHSpbh1","to":{"AnyT":{}},"conceptId":"concept_AK77Iv_networksetting"}},{"AssignType":{"id":"shape_lgruwSNocm","to":{"ObjectT":{}},"conceptId":"concept_Rv6mn6_fileshareusage"}},{"AddField":{"parentId":"shape_lgruwSNocm","id":"shape_zVLfh80vHj","conceptId":"concept_Rv6mn6_fileshareusage"}},{"SetFieldName":{"id":"shape_zVLfh80vHj","newName":"available_space","conceptId":"concept_Rv6mn6_fileshareusage"}},{"AssignType":{"id":"shape_zVLfh80vHj","to":{"StringT":{}},"conceptId":"concept_Rv6mn6_fileshareusage"}},{"AddField":{"parentId":"shape_lgruwSNocm","id":"shape_quOJ5tYLw3","conceptId":"concept_Rv6mn6_fileshareusage"}},{"SetFieldName":{"id":"shape_quOJ5tYLw3","newName":"total_space","conceptId":"concept_Rv6mn6_fileshareusage"}},{"AssignType":{"id":"shape_quOJ5tYLw3","to":{"StringT":{}},"conceptId":"concept_Rv6mn6_fileshareusage"}},{"AddField":{"parentId":"shape_lgruwSNocm","id":"shape_9GAjXl92eH","conceptId":"concept_Rv6mn6_fileshareusage"}},{"SetFieldName":{"id":"shape_9GAjXl92eH","newName":"used_space","conceptId":"concept_Rv6mn6_fileshareusage"}},{"AssignType":{"id":"shape_9GAjXl92eH","to":{"StringT":{}},"conceptId":"concept_Rv6mn6_fileshareusage"}},{"AddField":{"parentId":"shape_lgruwSNocm","id":"shape_THbStbruBD","conceptId":"concept_Rv6mn6_fileshareusage"}},{"SetFieldName":{"id":"shape_THbStbruBD","newName":"used_space_percentage","conceptId":"concept_Rv6mn6_fileshareusage"}},{"AssignType":{"id":"shape_THbStbruBD","to":{"StringT":{}},"conceptId":"concept_Rv6mn6_fileshareusage"}},{"AssignType":{"id":"shape_LlrklctObb","to":{"AnyT":{}},"conceptId":"concept_CAeqbI_containerstate"}},{"AssignType":{"id":"shape_81c6f6i185","to":{"AnyT":{}},"conceptId":"concept_lYi0fh_containersversiongetinfo"}},{"AssignType":{"id":"shape_bpZlOrPDGs","to":{"ObjectT":{}},"conceptId":"concept_9eg8sq_certificate"}},{"AddField":{"parentId":"shape_bpZlOrPDGs","id":"shape_zbJmIlDNDv","conceptId":"concept_9eg8sq_certificate"}},{"SetFieldName":{"id":"shape_zbJmIlDNDv","newName":"ca_cert","conceptId":"concept_9eg8sq_certificate"}},{"AssignType":{"id":"shape_zbJmIlDNDv","to":{"StringT":{}},"conceptId":"concept_9eg8sq_certificate"}},{"AddField":{"parentId":"shape_bpZlOrPDGs","id":"shape_P1Bq8r5d4m","conceptId":"concept_9eg8sq_certificate"}},{"SetFieldName":{"id":"shape_P1Bq8r5d4m","newName":"server_cert","conceptId":"concept_9eg8sq_certificate"}},{"AssignType":{"id":"shape_P1Bq8r5d4m","to":{"StringT":{}},"conceptId":"concept_9eg8sq_certificate"}},{"AddField":{"parentId":"shape_bpZlOrPDGs","id":"shape_lENiftxFfl","conceptId":"concept_9eg8sq_certificate"}},{"SetFieldName":{"id":"shape_lENiftxFfl","newName":"user_cert","conceptId":"concept_9eg8sq_certificate"}},{"AssignType":{"id":"shape_lENiftxFfl","to":{"StringT":{}},"conceptId":"concept_9eg8sq_certificate"}},{"AddField":{"parentId":"shape_bpZlOrPDGs","id":"shape_oIab1VnJ4U","conceptId":"concept_9eg8sq_certificate"}},{"SetFieldName":{"id":"shape_oIab1VnJ4U","newName":"user_key","conceptId":"concept_9eg8sq_certificate"}},{"AssignType":{"id":"shape_oIab1VnJ4U","to":{"StringT":{}},"conceptId":"concept_9eg8sq_certificate"}},{"AssignType":{"id":"shape_hYICRMZZBd","to":{"AnyT":{}},"conceptId":"concept_0wAlTB_containersquotainfo"}},{"AssignType":{"id":"shape_8Byfsa3S9g","to":{"AnyT":{}},"conceptId":"concept_l3zDaR_containersgroupsgetlistitem"}},{"AssignType":{"id":"shape_uRMZTbrhCt","to":{"AnyT":{}},"conceptId":"concept_dNb7HT_createcontainer"}},{"AssignType":{"id":"shape_2Lz4JbVB0E","to":{"ObjectT":{}},"conceptId":"concept_8Cuan3_getfilesharedetails"}},{"AddField":{"parentId":"shape_2Lz4JbVB0E","id":"shape_whv4Dw0x8R","conceptId":"concept_8Cuan3_getfilesharedetails"}},{"SetFieldName":{"id":"shape_whv4Dw0x8R","newName":"fs","conceptId":"concept_8Cuan3_getfilesharedetails"}},{"AssignType":{"id":"shape_whv4Dw0x8R","to":{"ListT":{}},"conceptId":"concept_8Cuan3_getfilesharedetails"}},{"AddTypeParameter":{"parentId":"shape_whv4Dw0x8R","id":"shape_YBuKIJIeJj","conceptId":"concept_8Cuan3_getfilesharedetails"}},{"AssignType":{"id":"shape_YBuKIJIeJj","to":{"RefT":{"conceptId":"concept_JM7QdD_fileshare"}},"conceptId":"concept_8Cuan3_getfilesharedetails"}},{"AddField":{"parentId":"shape_2Lz4JbVB0E","id":"shape_uCPcFYMAJ4","conceptId":"concept_8Cuan3_getfilesharedetails"}},{"SetFieldName":{"id":"shape_uCPcFYMAJ4","newName":"fsUsage","conceptId":"concept_8Cuan3_getfilesharedetails"}},{"AssignType":{"id":"shape_uCPcFYMAJ4","to":{"ListT":{}},"conceptId":"concept_8Cuan3_getfilesharedetails"}},{"AddTypeParameter":{"parentId":"shape_uCPcFYMAJ4","id":"shape_Gon8XcQVhN","conceptId":"concept_8Cuan3_getfilesharedetails"}},{"AssignType":{"id":"shape_Gon8XcQVhN","to":{"RefT":{"conceptId":"concept_Rv6mn6_fileshareusage"}},"conceptId":"concept_8Cuan3_getfilesharedetails"}},{"AddField":{"parentId":"shape_2Lz4JbVB0E","id":"shape_wOjxMQMq2V","conceptId":"concept_8Cuan3_getfilesharedetails"}},{"SetFieldName":{"id":"shape_wOjxMQMq2V","newName":"volnames","conceptId":"concept_8Cuan3_getfilesharedetails"}},{"AssignType":{"id":"shape_wOjxMQMq2V","to":{"ListT":{}},"conceptId":"concept_8Cuan3_getfilesharedetails"}},{"AddTypeParameter":{"parentId":"shape_wOjxMQMq2V","id":"shape_hWcYNV02Ub","conceptId":"concept_8Cuan3_getfilesharedetails"}},{"AssignType":{"id":"shape_hWcYNV02Ub","to":{"StringT":{}},"conceptId":"concept_8Cuan3_getfilesharedetails"}},{"AssignType":{"id":"shape_hsgUMCzqg4","to":{"ObjectT":{}},"conceptId":"concept_aIFwyb_fileshareparam"}},{"AddField":{"parentId":"shape_hsgUMCzqg4","id":"shape_0yZBH1PJPV","conceptId":"concept_aIFwyb_fileshareparam"}},{"SetFieldName":{"id":"shape_0yZBH1PJPV","newName":"fsIOPS","conceptId":"concept_aIFwyb_fileshareparam"}},{"AssignType":{"id":"shape_0yZBH1PJPV","to":{"NumberT":{}},"conceptId":"concept_aIFwyb_fileshareparam"}},{"AddField":{"parentId":"shape_hsgUMCzqg4","id":"shape_2I9h49d2AX","conceptId":"concept_aIFwyb_fileshareparam"}},{"SetFieldName":{"id":"shape_2I9h49d2AX","newName":"fsName","conceptId":"concept_aIFwyb_fileshareparam"}},{"AssignType":{"id":"shape_2I9h49d2AX","to":{"StringT":{}},"conceptId":"concept_aIFwyb_fileshareparam"}},{"AddField":{"parentId":"shape_hsgUMCzqg4","id":"shape_x3TF46O92H","conceptId":"concept_aIFwyb_fileshareparam"}},{"SetFieldName":{"id":"shape_x3TF46O92H","newName":"fsSize","conceptId":"concept_aIFwyb_fileshareparam"}},{"AssignType":{"id":"shape_x3TF46O92H","to":{"IntegerT":{}},"conceptId":"concept_aIFwyb_fileshareparam"}},{"AddPathComponent":{"pathId":"ZxfWZR_path_0","parentPathId":"root","name":"build"}},{"AddPathComponent":{"pathId":"ZxfWZR_path_1","parentPathId":"root","name":"containers"}},{"AddPathComponent":{"pathId":"ZxfWZR_path_2","parentPathId":"ZxfWZR_path_1","name":"create"}},{"AddPathComponent":{"pathId":"ZxfWZR_path_3","parentPathId":"ZxfWZR_path_1","name":"floating-ips"}},{"AddPathComponent":{"pathId":"ZxfWZR_path_4","parentPathId":"ZxfWZR_path_3","name":"request"}},{"AddPathParameter":{"pathId":"ZxfWZR_path_5","parentPathId":"ZxfWZR_path_3","name":""}},{"AddPathComponent":{"pathId":"ZxfWZR_path_6","parentPathId":"ZxfWZR_path_5","name":"release"}},{"AddPathComponent":{"pathId":"ZxfWZR_path_7","parentPathId":"ZxfWZR_path_1","name":"groups"}},{"AddPathParameter":{"pathId":"ZxfWZR_path_8","parentPathId":"ZxfWZR_path_7","name":"name_or_id"}},{"AddPathComponent":{"pathId":"ZxfWZR_path_9","parentPathId":"ZxfWZR_path_8","name":"maproute"}},{"AddPathComponent":{"pathId":"ZxfWZR_path_10","parentPathId":"ZxfWZR_path_8","name":"unmaproute"}},{"AddPathComponent":{"pathId":"ZxfWZR_path_11","parentPathId":"ZxfWZR_path_1","name":"json"}},{"AddPathComponent":{"pathId":"ZxfWZR_path_12","parentPathId":"ZxfWZR_path_1","name":"messages"}},{"AddPathComponent":{"pathId":"ZxfWZR_path_13","parentPathId":"ZxfWZR_path_1","name":"quota"}},{"AddPathComponent":{"pathId":"ZxfWZR_path_14","parentPathId":"ZxfWZR_path_1","name":"usage"}},{"AddPathComponent":{"pathId":"ZxfWZR_path_15","parentPathId":"ZxfWZR_path_1","name":"version"}},{"AddPathParameter":{"pathId":"ZxfWZR_path_16","parentPathId":"ZxfWZR_path_1","name":"name_or_id"}},{"AddPathComponent":{"pathId":"ZxfWZR_path_17","parentPathId":"ZxfWZR_path_16","name":"floating-ips"}},{"AddPathParameter":{"pathId":"ZxfWZR_path_18","parentPathId":"ZxfWZR_path_17","name":""}},{"AddPathComponent":{"pathId":"ZxfWZR_path_19","parentPathId":"ZxfWZR_path_18","name":"bind"}},{"AddPathComponent":{"pathId":"ZxfWZR_path_20","parentPathId":"ZxfWZR_path_18","name":"unbind"}},{"AddPathComponent":{"pathId":"ZxfWZR_path_21","parentPathId":"ZxfWZR_path_16","name":"json"}},{"AddPathComponent":{"pathId":"ZxfWZR_path_22","parentPathId":"ZxfWZR_path_16","name":"pause"}},{"AddPathComponent":{"pathId":"ZxfWZR_path_23","parentPathId":"ZxfWZR_path_16","name":"rename"}},{"AddPathComponent":{"pathId":"ZxfWZR_path_24","parentPathId":"ZxfWZR_path_16","name":"restart"}},{"AddPathComponent":{"pathId":"ZxfWZR_path_25","parentPathId":"ZxfWZR_path_16","name":"start"}},{"AddPathComponent":{"pathId":"ZxfWZR_path_26","parentPathId":"ZxfWZR_path_16","name":"status"}},{"AddPathComponent":{"pathId":"ZxfWZR_path_27","parentPathId":"ZxfWZR_path_16","name":"stop"}},{"AddPathComponent":{"pathId":"ZxfWZR_path_28","parentPathId":"ZxfWZR_path_16","name":"unpause"}},{"AddPathComponent":{"pathId":"ZxfWZR_path_29","parentPathId":"root","name":"images"}},{"AddPathComponent":{"pathId":"ZxfWZR_path_30","parentPathId":"ZxfWZR_path_29","name":"json"}},{"AddPathParameter":{"pathId":"ZxfWZR_path_31","parentPathId":"ZxfWZR_path_29","name":"id"}},{"AddPathComponent":{"pathId":"ZxfWZR_path_32","parentPathId":"ZxfWZR_path_31","name":"json"}},{"AddPathComponent":{"pathId":"ZxfWZR_path_33","parentPathId":"root","name":"registry"}},{"AddPathComponent":{"pathId":"ZxfWZR_path_34","parentPathId":"ZxfWZR_path_33","name":"namespaces"}},{"AddPathParameter":{"pathId":"ZxfWZR_path_35","parentPathId":"ZxfWZR_path_34","name":"namespace"}},{"AddPathComponent":{"pathId":"ZxfWZR_path_36","parentPathId":"root","name":"tlskey"}},{"AddPathComponent":{"pathId":"ZxfWZR_path_37","parentPathId":"ZxfWZR_path_36","name":"refresh"}},{"AddPathComponent":{"pathId":"ZxfWZR_path_38","parentPathId":"root","name":"volumes"}},{"AddPathComponent":{"pathId":"ZxfWZR_path_39","parentPathId":"ZxfWZR_path_38","name":"create"}},{"AddPathComponent":{"pathId":"ZxfWZR_path_40","parentPathId":"ZxfWZR_path_38","name":"fs"}},{"AddPathComponent":{"pathId":"ZxfWZR_path_41","parentPathId":"ZxfWZR_path_40","name":"create"}},{"AddPathComponent":{"pathId":"ZxfWZR_path_42","parentPathId":"ZxfWZR_path_40","name":"flavors"}},{"AddPathComponent":{"pathId":"ZxfWZR_path_43","parentPathId":"ZxfWZR_path_42","name":"json"}},{"AddPathComponent":{"pathId":"ZxfWZR_path_44","parentPathId":"ZxfWZR_path_40","name":"json"}},{"AddPathParameter":{"pathId":"ZxfWZR_path_45","parentPathId":"ZxfWZR_path_40","name":"name"}},{"AddPathComponent":{"pathId":"ZxfWZR_path_46","parentPathId":"ZxfWZR_path_45","name":"json"}},{"AddPathComponent":{"pathId":"ZxfWZR_path_47","parentPathId":"ZxfWZR_path_38","name":"json"}},{"AddPathParameter":{"pathId":"ZxfWZR_path_48","parentPathId":"ZxfWZR_path_38","name":"name"}},{"AddPathComponent":{"pathId":"ZxfWZR_path_49","parentPathId":"ZxfWZR_path_48","name":"json"}},{"AddRequest":{"requestId":"path_4EZeihh4Wa}_post","pathId":"ZxfWZR_path_24","httpMethod":"post"}},{"AddResponse":{"responseId":"response_fnjHbDy8MC","requestId":"path_4EZeihh4Wa}_post","httpStatusCode":404}},{"AddResponse":{"responseId":"response_REH3sMlFZb","requestId":"path_4EZeihh4Wa}_post","httpStatusCode":500}},{"AddResponse":{"responseId":"response_MKKLOfrd3d","requestId":"path_4EZeihh4Wa}_post","httpStatusCode":304}},{"AddResponse":{"responseId":"response_Ct263kvn1F","requestId":"path_4EZeihh4Wa}_post","httpStatusCode":204}},{"AddResponse":{"responseId":"response_WF6QbmpJkL","requestId":"path_4EZeihh4Wa}_post","httpStatusCode":401}},{"AddRequest":{"requestId":"path_uRd8vrjl0A}_post","pathId":"ZxfWZR_path_19","httpMethod":"post"}},{"AddResponse":{"responseId":"response_5aqmf8Cc2M","requestId":"path_uRd8vrjl0A}_post","httpStatusCode":400}},{"AddResponse":{"responseId":"response_l1Wq65DI5T","requestId":"path_uRd8vrjl0A}_post","httpStatusCode":404}},{"AddResponse":{"responseId":"response_h2lgGG0G7G","requestId":"path_uRd8vrjl0A}_post","httpStatusCode":500}},{"AddResponse":{"responseId":"response_oUYufThbCU","requestId":"path_uRd8vrjl0A}_post","httpStatusCode":304}},{"AddResponse":{"responseId":"response_PDPY3rR9Tv","requestId":"path_uRd8vrjl0A}_post","httpStatusCode":204}},{"AddResponse":{"responseId":"response_kOxiIiBTHq","requestId":"path_uRd8vrjl0A}_post","httpStatusCode":401}},{"AddRequest":{"requestId":"path_e0fTBqWnQK}_delete","pathId":"ZxfWZR_path_16","httpMethod":"delete"}},{"AddResponse":{"responseId":"response_sMXZMVr0Zz","requestId":"path_e0fTBqWnQK}_delete","httpStatusCode":204}},{"AddResponse":{"responseId":"response_Wyb3NnEcOn","requestId":"path_e0fTBqWnQK}_delete","httpStatusCode":401}},{"AddResponse":{"responseId":"response_AxylFU9e7j","requestId":"path_e0fTBqWnQK}_delete","httpStatusCode":404}},{"AddResponse":{"responseId":"response_BnJ9Mghvz5","requestId":"path_e0fTBqWnQK}_delete","httpStatusCode":500}},{"AddRequest":{"requestId":"path_koVJFDPgdK}_get","pathId":"ZxfWZR_path_12","httpMethod":"get"}},{"AddResponse":{"responseId":"response_s6YX0qOywA","requestId":"path_koVJFDPgdK}_get","httpStatusCode":200}},{"DefineInlineConcept":{"root":"shape_eO9QpaIzz5","conceptId":"concept_yb05ZLeaCfgc"}},{"AssignType":{"id":"shape_eO9QpaIzz5","to":{"ObjectT":{}},"conceptId":"concept_yb05ZLeaCfgc"}},{"AddField":{"parentId":"shape_eO9QpaIzz5","id":"shape_uynZp736PD","conceptId":"concept_yb05ZLeaCfgc"}},{"SetFieldName":{"id":"shape_uynZp736PD","newName":"created_date","conceptId":"concept_yb05ZLeaCfgc"}},{"AssignType":{"id":"shape_uynZp736PD","to":{"StringT":{}},"conceptId":"concept_yb05ZLeaCfgc"}},{"AddField":{"parentId":"shape_eO9QpaIzz5","id":"shape_h41fnv1xCP","conceptId":"concept_yb05ZLeaCfgc"}},{"SetFieldName":{"id":"shape_h41fnv1xCP","newName":"message","conceptId":"concept_yb05ZLeaCfgc"}},{"AssignType":{"id":"shape_h41fnv1xCP","to":{"StringT":{}},"conceptId":"concept_yb05ZLeaCfgc"}},{"AddResponse":{"responseId":"response_fYdlgEwQFq","requestId":"path_koVJFDPgdK}_get","httpStatusCode":500}},{"AddRequest":{"requestId":"path_926Ohk3VA2}_get","pathId":"ZxfWZR_path_34","httpMethod":"get"}},{"AddResponse":{"responseId":"response_b4OccOV2ix","requestId":"path_926Ohk3VA2}_get","httpStatusCode":200}},{"DefineInlineConcept":{"root":"shape_DivZdsmZpc","conceptId":"concept_6JiVR5htyAcn"}},{"AssignType":{"id":"shape_DivZdsmZpc","to":{"RefT":{"conceptId":"concept_psDv9D_namespace"}},"conceptId":"concept_6JiVR5htyAcn"}},{"AddResponse":{"responseId":"response_xBKvhP1Hw0","requestId":"path_926Ohk3VA2}_get","httpStatusCode":401}},{"AddResponse":{"responseId":"response_c6m6S2Ujmf","requestId":"path_926Ohk3VA2}_get","httpStatusCode":404}},{"AddResponse":{"responseId":"response_mfAMTaQG1T","requestId":"path_926Ohk3VA2}_get","httpStatusCode":500}},{"AddRequest":{"requestId":"path_LBP7qFhico}_get","pathId":"ZxfWZR_path_47","httpMethod":"get"}},{"AddResponse":{"responseId":"response_FeXm4BSQbi","requestId":"path_LBP7qFhico}_get","httpStatusCode":200}},{"DefineInlineConcept":{"root":"shape_VNt81s1Nm1","conceptId":"concept_P9n3bhvOX4RR"}},{"AssignType":{"id":"shape_VNt81s1Nm1","to":{"ListT":{}},"conceptId":"concept_P9n3bhvOX4RR"}},{"AddTypeParameter":{"parentId":"shape_VNt81s1Nm1","id":"shape_o5WEdnh59Q","conceptId":"concept_P9n3bhvOX4RR"}},{"AssignType":{"id":"shape_o5WEdnh59Q","to":{"RefT":{"conceptId":"concept_cWq4tz_volume"}},"conceptId":"concept_P9n3bhvOX4RR"}},{"AddResponse":{"responseId":"response_1ChmHYpODA","requestId":"path_LBP7qFhico}_get","httpStatusCode":401}},{"AddResponse":{"responseId":"response_UnAHaNWzPc","requestId":"path_LBP7qFhico}_get","httpStatusCode":500}},{"AddRequest":{"requestId":"path_9bqsD8TCbR}_get","pathId":"ZxfWZR_path_30","httpMethod":"get"}},{"AddResponse":{"responseId":"response_8WTJE26Oc3","requestId":"path_9bqsD8TCbR}_get","httpStatusCode":200}},{"DefineInlineConcept":{"root":"shape_ueV6X1LdGf","conceptId":"concept_kcQlZEJlwdnQ"}},{"AssignType":{"id":"shape_ueV6X1LdGf","to":{"RefT":{"conceptId":"concept_tXTTdb_imageinfo"}},"conceptId":"concept_kcQlZEJlwdnQ"}},{"AddResponse":{"responseId":"response_GhchmbZjHk","requestId":"path_9bqsD8TCbR}_get","httpStatusCode":401}},{"AddResponse":{"responseId":"response_vRjPCDYLq9","requestId":"path_9bqsD8TCbR}_get","httpStatusCode":500}},{"AddRequest":{"requestId":"path_3cw27w4Pgy}_post","pathId":"ZxfWZR_path_23","httpMethod":"post"}},{"AddResponse":{"responseId":"response_LITCYjKfRo","requestId":"path_3cw27w4Pgy}_post","httpStatusCode":404}},{"AddResponse":{"responseId":"response_7vCfz7qNex","requestId":"path_3cw27w4Pgy}_post","httpStatusCode":500}},{"AddResponse":{"responseId":"response_QosFhATjRb","requestId":"path_3cw27w4Pgy}_post","httpStatusCode":409}},{"AddResponse":{"responseId":"response_Wk0OiTQIPb","requestId":"path_3cw27w4Pgy}_post","httpStatusCode":204}},{"AddResponse":{"responseId":"response_hPhohoMGP5","requestId":"path_3cw27w4Pgy}_post","httpStatusCode":401}},{"AddRequest":{"requestId":"path_4vpUIH7wHm}_post","pathId":"ZxfWZR_path_4","httpMethod":"post"}},{"AddResponse":{"responseId":"response_w2C7mW64K1","requestId":"path_4vpUIH7wHm}_post","httpStatusCode":500}},{"AddResponse":{"responseId":"response_z5mRapb8EC","requestId":"path_4vpUIH7wHm}_post","httpStatusCode":409}},{"AddResponse":{"responseId":"response_Zlk2iLAMrz","requestId":"path_4vpUIH7wHm}_post","httpStatusCode":402}},{"AddResponse":{"responseId":"response_4NyxS2aATu","requestId":"path_4vpUIH7wHm}_post","httpStatusCode":401}},{"AddResponse":{"responseId":"response_RZtIJFvt0L","requestId":"path_4vpUIH7wHm}_post","httpStatusCode":200}},{"DefineInlineConcept":{"root":"shape_vgbzQw06s1","conceptId":"concept_NnlIC8Zj9til"}},{"AssignType":{"id":"shape_vgbzQw06s1","to":{"StringT":{}},"conceptId":"concept_NnlIC8Zj9til"}},{"AddRequest":{"requestId":"path_mzL6MWfX1w}_get","pathId":"ZxfWZR_path_26","httpMethod":"get"}},{"AddResponse":{"responseId":"response_kx9w0d8XTT","requestId":"path_mzL6MWfX1w}_get","httpStatusCode":201}},{"DefineInlineConcept":{"root":"shape_1qCNEa2612","conceptId":"concept_SMT1AEwRccoh"}},{"AssignType":{"id":"shape_1qCNEa2612","to":{"RefT":{"conceptId":"concept_B1gvz1_getcontainerstatus"}},"conceptId":"concept_SMT1AEwRccoh"}},{"AddResponse":{"responseId":"response_w8JcDNuIgq","requestId":"path_mzL6MWfX1w}_get","httpStatusCode":401}},{"AddResponse":{"responseId":"response_zLAkm3Znj8","requestId":"path_mzL6MWfX1w}_get","httpStatusCode":404}},{"AddResponse":{"responseId":"response_4xGzR4C3HR","requestId":"path_mzL6MWfX1w}_get","httpStatusCode":500}},{"AddRequest":{"requestId":"path_MUbyYrIIus}_post","pathId":"ZxfWZR_path_27","httpMethod":"post"}},{"AddResponse":{"responseId":"response_xt79qBHvuN","requestId":"path_MUbyYrIIus}_post","httpStatusCode":404}},{"AddResponse":{"responseId":"response_LRDamMLyeM","requestId":"path_MUbyYrIIus}_post","httpStatusCode":500}},{"AddResponse":{"responseId":"response_9WqDD6Saoq","requestId":"path_MUbyYrIIus}_post","httpStatusCode":304}},{"AddResponse":{"responseId":"response_nGvJFqFmnc","requestId":"path_MUbyYrIIus}_post","httpStatusCode":204}},{"AddResponse":{"responseId":"response_iF6AZgIDGi","requestId":"path_MUbyYrIIus}_post","httpStatusCode":401}},{"AddRequest":{"requestId":"path_Z8stZmrTr3}_post","pathId":"ZxfWZR_path_0","httpMethod":"post"}},{"DefineInlineConcept":{"root":"shape_LAStfOb8aJ","conceptId":"concept_build_post_body"}},{"AssignType":{"id":"shape_LAStfOb8aJ","to":{"AnyT":{}},"conceptId":"concept_build_post_body"}},{"AddResponse":{"responseId":"response_13jpXSX08Q","requestId":"path_Z8stZmrTr3}_post","httpStatusCode":200}},{"AddResponse":{"responseId":"response_Fd1Jgm5Jp0","requestId":"path_Z8stZmrTr3}_post","httpStatusCode":400}},{"AddResponse":{"responseId":"response_6WfCQRNYwn","requestId":"path_Z8stZmrTr3}_post","httpStatusCode":401}},{"AddResponse":{"responseId":"response_qpeR7YCZmU","requestId":"path_Z8stZmrTr3}_post","httpStatusCode":500}},{"AddRequest":{"requestId":"path_tSCRQhOufu}_post","pathId":"ZxfWZR_path_6","httpMethod":"post"}},{"AddResponse":{"responseId":"response_fTqwk4KNC1","requestId":"path_tSCRQhOufu}_post","httpStatusCode":204}},{"AddResponse":{"responseId":"response_W3GvpgH3AS","requestId":"path_tSCRQhOufu}_post","httpStatusCode":401}},{"AddResponse":{"responseId":"response_9wC161sAxq","requestId":"path_tSCRQhOufu}_post","httpStatusCode":404}},{"AddResponse":{"responseId":"response_0Vf8namMy8","requestId":"path_tSCRQhOufu}_post","httpStatusCode":500}},{"AddRequest":{"requestId":"path_SxygTihVK3}_delete","pathId":"ZxfWZR_path_8","httpMethod":"delete"}},{"AddResponse":{"responseId":"response_iRU7JTaQqV","requestId":"path_SxygTihVK3}_delete","httpStatusCode":404}},{"AddResponse":{"responseId":"response_wwgI5VefW9","requestId":"path_SxygTihVK3}_delete","httpStatusCode":500}},{"AddResponse":{"responseId":"response_QmoTdN38oX","requestId":"path_SxygTihVK3}_delete","httpStatusCode":403}},{"AddResponse":{"responseId":"response_w6EZIVuRE8","requestId":"path_SxygTihVK3}_delete","httpStatusCode":204}},{"AddResponse":{"responseId":"response_cWYkhBb8wq","requestId":"path_SxygTihVK3}_delete","httpStatusCode":401}},{"AddRequest":{"requestId":"path_SxygTihVK3}_get","pathId":"ZxfWZR_path_8","httpMethod":"get"}},{"AddResponse":{"responseId":"response_kC2mVt5gcM","requestId":"path_SxygTihVK3}_get","httpStatusCode":200}},{"DefineInlineConcept":{"root":"shape_BlnGrUQClk","conceptId":"concept_jmkDedKVeHfO"}},{"AssignType":{"id":"shape_BlnGrUQClk","to":{"RefT":{"conceptId":"concept_mAcbz0_containersgroupsnameoridgetdetails"}},"conceptId":"concept_jmkDedKVeHfO"}},{"AddResponse":{"responseId":"response_bSv2EKsmJe","requestId":"path_SxygTihVK3}_get","httpStatusCode":401}},{"AddResponse":{"responseId":"response_0nq2TrvOrH","requestId":"path_SxygTihVK3}_get","httpStatusCode":404}},{"AddResponse":{"responseId":"response_Y5wLjEXqSD","requestId":"path_SxygTihVK3}_get","httpStatusCode":500}},{"AddRequest":{"requestId":"path_SxygTihVK3}_patch","pathId":"ZxfWZR_path_8","httpMethod":"patch"}},{"DefineInlineConcept":{"root":"shape_yCl2lk40vU","conceptId":"concept_containersgroupsname_or_id_patch_body"}},{"AssignType":{"id":"shape_yCl2lk40vU","to":{"RefT":{"conceptId":"concept_ivmgC4_containersgroupsnameoridpatchupdatedinfo"}},"conceptId":"concept_containersgroupsname_or_id_patch_body"}},{"AddResponse":{"responseId":"response_O715lE4DPU","requestId":"path_SxygTihVK3}_patch","httpStatusCode":400}},{"AddResponse":{"responseId":"response_y4sFIpUtwE","requestId":"path_SxygTihVK3}_patch","httpStatusCode":404}},{"AddResponse":{"responseId":"response_MDpaBNDBam","requestId":"path_SxygTihVK3}_patch","httpStatusCode":500}},{"AddResponse":{"responseId":"response_F9qlUekUsL","requestId":"path_SxygTihVK3}_patch","httpStatusCode":204}},{"AddResponse":{"responseId":"response_T1OhBrW4mT","requestId":"path_SxygTihVK3}_patch","httpStatusCode":401}},{"AddRequest":{"requestId":"path_vE0jB1vmqz}_put","pathId":"ZxfWZR_path_37","httpMethod":"put"}},{"AddResponse":{"responseId":"response_VDmjU1J0x2","requestId":"path_vE0jB1vmqz}_put","httpStatusCode":201}},{"DefineInlineConcept":{"root":"shape_TlSgQsSJ1M","conceptId":"concept_VZmF0lc62GA8"}},{"AssignType":{"id":"shape_TlSgQsSJ1M","to":{"RefT":{"conceptId":"concept_b8zMPu_certificaterefresh"}},"conceptId":"concept_VZmF0lc62GA8"}},{"AddResponse":{"responseId":"response_uSTgK8n1UK","requestId":"path_vE0jB1vmqz}_put","httpStatusCode":401}},{"AddResponse":{"responseId":"response_Qcy9SMnT8O","requestId":"path_vE0jB1vmqz}_put","httpStatusCode":500}},{"AddRequest":{"requestId":"path_doaQVky1vG}_post","pathId":"ZxfWZR_path_2","httpMethod":"post"}},{"DefineInlineConcept":{"root":"shape_zWjxisHdLJ","conceptId":"concept_containerscreate_post_body"}},{"AssignType":{"id":"shape_zWjxisHdLJ","to":{"RefT":{"conceptId":"concept_dNb7HT_createcontainer"}},"conceptId":"concept_containerscreate_post_body"}},{"AddResponse":{"responseId":"response_90LbHBRbCp","requestId":"path_doaQVky1vG}_post","httpStatusCode":400}},{"AddResponse":{"responseId":"response_8sPzTVddwR","requestId":"path_doaQVky1vG}_post","httpStatusCode":201}},{"DefineInlineConcept":{"root":"shape_PkxNEHhnx7","conceptId":"concept_wQYhnh36OehF"}},{"AssignType":{"id":"shape_PkxNEHhnx7","to":{"RefT":{"conceptId":"concept_xzafeD_containerid"}},"conceptId":"concept_wQYhnh36OehF"}},{"AddResponse":{"responseId":"response_bkphPJGAaB","requestId":"path_doaQVky1vG}_post","httpStatusCode":500}},{"AddResponse":{"responseId":"response_cqXRBNkjtM","requestId":"path_doaQVky1vG}_post","httpStatusCode":409}},{"AddResponse":{"responseId":"response_6FkoitVauP","requestId":"path_doaQVky1vG}_post","httpStatusCode":401}},{"AddRequest":{"requestId":"path_Pt5YGU9CRq}_get","pathId":"ZxfWZR_path_36","httpMethod":"get"}},{"AddResponse":{"responseId":"response_2YEaKek9zM","requestId":"path_Pt5YGU9CRq}_get","httpStatusCode":200}},{"DefineInlineConcept":{"root":"shape_XkPd4pFcFV","conceptId":"concept_aM3MGudkaDdT"}},{"AssignType":{"id":"shape_XkPd4pFcFV","to":{"RefT":{"conceptId":"concept_9eg8sq_certificate"}},"conceptId":"concept_aM3MGudkaDdT"}},{"AddResponse":{"responseId":"response_2PHNeucNR7","requestId":"path_Pt5YGU9CRq}_get","httpStatusCode":401}},{"AddResponse":{"responseId":"response_xdvKDUaeuq","requestId":"path_Pt5YGU9CRq}_get","httpStatusCode":500}},{"AddRequest":{"requestId":"path_YaxDnTUHmR}_get","pathId":"ZxfWZR_path_3","httpMethod":"get"}},{"AddResponse":{"responseId":"response_znlBcGD2iD","requestId":"path_YaxDnTUHmR}_get","httpStatusCode":200}},{"DefineInlineConcept":{"root":"shape_SaAnNuYlzC","conceptId":"concept_paWckPp7h3fa"}},{"AssignType":{"id":"shape_SaAnNuYlzC","to":{"ListT":{}},"conceptId":"concept_paWckPp7h3fa"}},{"AddTypeParameter":{"parentId":"shape_SaAnNuYlzC","id":"shape_V8rH1Py8cb","conceptId":"concept_paWckPp7h3fa"}},{"AssignType":{"id":"shape_V8rH1Py8cb","to":{"RefT":{"conceptId":"concept_32rimg_floatingip"}},"conceptId":"concept_paWckPp7h3fa"}},{"AddResponse":{"responseId":"response_6IUWtaASvm","requestId":"path_YaxDnTUHmR}_get","httpStatusCode":401}},{"AddResponse":{"responseId":"response_AFZ5JysmTM","requestId":"path_YaxDnTUHmR}_get","httpStatusCode":500}},{"AddRequest":{"requestId":"path_31bGtpq5Tu}_post","pathId":"ZxfWZR_path_39","httpMethod":"post"}},{"AddResponse":{"responseId":"response_Ynb9PCpkJY","requestId":"path_31bGtpq5Tu}_post","httpStatusCode":400}},{"AddResponse":{"responseId":"response_54clvn6sF0","requestId":"path_31bGtpq5Tu}_post","httpStatusCode":201}},{"DefineInlineConcept":{"root":"shape_yEbhrPkmy1","conceptId":"concept_2geh9aBVqQmC"}},{"AssignType":{"id":"shape_yEbhrPkmy1","to":{"RefT":{"conceptId":"concept_cWq4tz_volume"}},"conceptId":"concept_2geh9aBVqQmC"}},{"AddResponse":{"responseId":"response_J36kA13MEW","requestId":"path_31bGtpq5Tu}_post","httpStatusCode":500}},{"AddResponse":{"responseId":"response_m7wyYNPyrk","requestId":"path_31bGtpq5Tu}_post","httpStatusCode":409}},{"AddResponse":{"responseId":"response_VwNAtUjTie","requestId":"path_31bGtpq5Tu}_post","httpStatusCode":401}},{"AddRequest":{"requestId":"path_s6Kay3oToK}_get","pathId":"ZxfWZR_path_15","httpMethod":"get"}},{"AddResponse":{"responseId":"response_wi00WdOsN2","requestId":"path_s6Kay3oToK}_get","httpStatusCode":200}},{"DefineInlineConcept":{"root":"shape_9HFk5IC12Y","conceptId":"concept_sYRRnow0zdyB"}},{"AssignType":{"id":"shape_9HFk5IC12Y","to":{"RefT":{"conceptId":"concept_lYi0fh_containersversiongetinfo"}},"conceptId":"concept_sYRRnow0zdyB"}},{"AddResponse":{"responseId":"response_jEyLh3lqSW","requestId":"path_s6Kay3oToK}_get","httpStatusCode":500}},{"AddRequest":{"requestId":"path_hyXaMGoaaD}_delete","pathId":"ZxfWZR_path_45","httpMethod":"delete"}},{"AddResponse":{"responseId":"response_3QkI4zIwNt","requestId":"path_hyXaMGoaaD}_delete","httpStatusCode":400}},{"AddResponse":{"responseId":"response_SPzUJCmCiB","requestId":"path_hyXaMGoaaD}_delete","httpStatusCode":404}},{"AddResponse":{"responseId":"response_ZWwIGkm2cj","requestId":"path_hyXaMGoaaD}_delete","httpStatusCode":500}},{"AddResponse":{"responseId":"response_5fI7fWzyaS","requestId":"path_hyXaMGoaaD}_delete","httpStatusCode":204}},{"AddResponse":{"responseId":"response_xHsN2oLPSX","requestId":"path_hyXaMGoaaD}_delete","httpStatusCode":401}},{"AddRequest":{"requestId":"path_ymssQWvQxD}_get","pathId":"ZxfWZR_path_7","httpMethod":"get"}},{"AddResponse":{"responseId":"response_L3tBduNimk","requestId":"path_ymssQWvQxD}_get","httpStatusCode":200}},{"DefineInlineConcept":{"root":"shape_Lg3OGy53Hr","conceptId":"concept_PQmgCAmyxxPV"}},{"AssignType":{"id":"shape_Lg3OGy53Hr","to":{"ListT":{}},"conceptId":"concept_PQmgCAmyxxPV"}},{"AddTypeParameter":{"parentId":"shape_Lg3OGy53Hr","id":"shape_cc2QTKEAsh","conceptId":"concept_PQmgCAmyxxPV"}},{"AssignType":{"id":"shape_cc2QTKEAsh","to":{"RefT":{"conceptId":"concept_l3zDaR_containersgroupsgetlistitem"}},"conceptId":"concept_PQmgCAmyxxPV"}},{"AddResponse":{"responseId":"response_Wr88nbIn97","requestId":"path_ymssQWvQxD}_get","httpStatusCode":401}},{"AddResponse":{"responseId":"response_fks6ABvfX3","requestId":"path_ymssQWvQxD}_get","httpStatusCode":500}},{"AddRequest":{"requestId":"path_ymssQWvQxD}_post","pathId":"ZxfWZR_path_7","httpMethod":"post"}},{"DefineInlineConcept":{"root":"shape_3vEf5t6CAo","conceptId":"concept_containersgroups_post_body"}},{"AssignType":{"id":"shape_3vEf5t6CAo","to":{"RefT":{"conceptId":"concept_XLWGpG_containersgroupspostrequiredattributes"}},"conceptId":"concept_containersgroups_post_body"}},{"AddResponse":{"responseId":"response_XATgeKw9IP","requestId":"path_ymssQWvQxD}_post","httpStatusCode":400}},{"AddResponse":{"responseId":"response_S2CKus3Fa1","requestId":"path_ymssQWvQxD}_post","httpStatusCode":201}},{"DefineInlineConcept":{"root":"shape_u3N6lNHFAF","conceptId":"concept_eO8N1Ed7q8P2"}},{"AssignType":{"id":"shape_u3N6lNHFAF","to":{"RefT":{"conceptId":"concept_MC1HEg_containersgroupspostcreatedinfo"}},"conceptId":"concept_eO8N1Ed7q8P2"}},{"AddResponse":{"responseId":"response_VGD1MOuq0V","requestId":"path_ymssQWvQxD}_post","httpStatusCode":500}},{"AddResponse":{"responseId":"response_6jevQcpX00","requestId":"path_ymssQWvQxD}_post","httpStatusCode":409}},{"AddResponse":{"responseId":"response_xd6ZbfNlNY","requestId":"path_ymssQWvQxD}_post","httpStatusCode":401}},{"AddRequest":{"requestId":"path_Z1PA3rlCfj}_post","pathId":"ZxfWZR_path_41","httpMethod":"post"}},{"DefineInlineConcept":{"root":"shape_EgLlmChX1f","conceptId":"concept_volumesfscreate_post_body"}},{"AssignType":{"id":"shape_EgLlmChX1f","to":{"RefT":{"conceptId":"concept_aIFwyb_fileshareparam"}},"conceptId":"concept_volumesfscreate_post_body"}},{"AddResponse":{"responseId":"response_dMCXlKXkNw","requestId":"path_Z1PA3rlCfj}_post","httpStatusCode":400}},{"AddResponse":{"responseId":"response_TsQNx984Nt","requestId":"path_Z1PA3rlCfj}_post","httpStatusCode":500}},{"AddResponse":{"responseId":"response_GY2UmfCbNI","requestId":"path_Z1PA3rlCfj}_post","httpStatusCode":202}},{"AddResponse":{"responseId":"response_HEVvR1RVaK","requestId":"path_Z1PA3rlCfj}_post","httpStatusCode":409}},{"AddResponse":{"responseId":"response_2Ga0Q9gW7a","requestId":"path_Z1PA3rlCfj}_post","httpStatusCode":401}},{"AddRequest":{"requestId":"path_K9TsPQU63M}_get","pathId":"ZxfWZR_path_13","httpMethod":"get"}},{"AddResponse":{"responseId":"response_cwCbJijPhH","requestId":"path_K9TsPQU63M}_get","httpStatusCode":200}},{"DefineInlineConcept":{"root":"shape_nauTzuHH8p","conceptId":"concept_4UFGHGG9s47f"}},{"AssignType":{"id":"shape_nauTzuHH8p","to":{"RefT":{"conceptId":"concept_0wAlTB_containersquotainfo"}},"conceptId":"concept_4UFGHGG9s47f"}},{"AddResponse":{"responseId":"response_8A8rPhAuWZ","requestId":"path_K9TsPQU63M}_get","httpStatusCode":401}},{"AddResponse":{"responseId":"response_4htlflqhgX","requestId":"path_K9TsPQU63M}_get","httpStatusCode":500}},{"AddRequest":{"requestId":"path_K9TsPQU63M}_put","pathId":"ZxfWZR_path_13","httpMethod":"put"}},{"DefineInlineConcept":{"root":"shape_FPcRew4OPt","conceptId":"concept_containersquota_put_body"}},{"AssignType":{"id":"shape_FPcRew4OPt","to":{"RefT":{"conceptId":"concept_xSM6U5_containersquotalist"}},"conceptId":"concept_containersquota_put_body"}},{"AddResponse":{"responseId":"response_1aDkxFNiQe","requestId":"path_K9TsPQU63M}_put","httpStatusCode":204}},{"AddResponse":{"responseId":"response_zXx0VR3A0I","requestId":"path_K9TsPQU63M}_put","httpStatusCode":400}},{"AddResponse":{"responseId":"response_byQJuotmzx","requestId":"path_K9TsPQU63M}_put","httpStatusCode":401}},{"AddResponse":{"responseId":"response_3DAPdyXSaY","requestId":"path_K9TsPQU63M}_put","httpStatusCode":500}},{"AddRequest":{"requestId":"path_nvxnkQwQL2}_get","pathId":"ZxfWZR_path_14","httpMethod":"get"}},{"AddResponse":{"responseId":"response_m99l9Wlomt","requestId":"path_nvxnkQwQL2}_get","httpStatusCode":200}},{"DefineInlineConcept":{"root":"shape_5MyoEr1cr5","conceptId":"concept_h2WReQKxU9Zy"}},{"AssignType":{"id":"shape_5MyoEr1cr5","to":{"RefT":{"conceptId":"concept_xnESN3_containersusageinfo"}},"conceptId":"concept_h2WReQKxU9Zy"}},{"AddResponse":{"responseId":"response_bS6wjAJu47","requestId":"path_nvxnkQwQL2}_get","httpStatusCode":401}},{"AddResponse":{"responseId":"response_XsQnmQON77","requestId":"path_nvxnkQwQL2}_get","httpStatusCode":500}},{"AddRequest":{"requestId":"path_Utm9UqI9vY}_get","pathId":"ZxfWZR_path_44","httpMethod":"get"}},{"AddResponse":{"responseId":"response_vaKHlMEtJJ","requestId":"path_Utm9UqI9vY}_get","httpStatusCode":200}},{"DefineInlineConcept":{"root":"shape_s57cBEX9XN","conceptId":"concept_WHedTQU4NzYS"}},{"AssignType":{"id":"shape_s57cBEX9XN","to":{"ListT":{}},"conceptId":"concept_WHedTQU4NzYS"}},{"AddTypeParameter":{"parentId":"shape_s57cBEX9XN","id":"shape_3kLksIph4Z","conceptId":"concept_WHedTQU4NzYS"}},{"AssignType":{"id":"shape_3kLksIph4Z","to":{"RefT":{"conceptId":"concept_JM7QdD_fileshare"}},"conceptId":"concept_WHedTQU4NzYS"}},{"AddResponse":{"responseId":"response_Ymr2mnKPgd","requestId":"path_Utm9UqI9vY}_get","httpStatusCode":401}},{"AddResponse":{"responseId":"response_nFVfxwCJVP","requestId":"path_Utm9UqI9vY}_get","httpStatusCode":500}},{"AddRequest":{"requestId":"path_0UtypYjqcu}_get","pathId":"ZxfWZR_path_35","httpMethod":"get"}},{"AddResponse":{"responseId":"response_VYYGYoH2vJ","requestId":"path_0UtypYjqcu}_get","httpStatusCode":200}},{"DefineInlineConcept":{"root":"shape_qcjZDVrEK5","conceptId":"concept_dviexxyNSTJA"}},{"AssignType":{"id":"shape_qcjZDVrEK5","to":{"RefT":{"conceptId":"concept_psDv9D_namespace"}},"conceptId":"concept_dviexxyNSTJA"}},{"AddResponse":{"responseId":"response_MnCUHJhuk9","requestId":"path_0UtypYjqcu}_get","httpStatusCode":401}},{"AddResponse":{"responseId":"response_pogDDnHj8Q","requestId":"path_0UtypYjqcu}_get","httpStatusCode":404}},{"AddResponse":{"responseId":"response_vkcQhZPuA5","requestId":"path_0UtypYjqcu}_get","httpStatusCode":500}},{"AddRequest":{"requestId":"path_0UtypYjqcu}_put","pathId":"ZxfWZR_path_35","httpMethod":"put"}},{"AddResponse":{"responseId":"response_e1o9METdmC","requestId":"path_0UtypYjqcu}_put","httpStatusCode":400}},{"AddResponse":{"responseId":"response_PvC5MhKrV3","requestId":"path_0UtypYjqcu}_put","httpStatusCode":201}},{"DefineInlineConcept":{"root":"shape_CqCKb2F5Y1","conceptId":"concept_RAt6dulTLcuG"}},{"AssignType":{"id":"shape_CqCKb2F5Y1","to":{"RefT":{"conceptId":"concept_psDv9D_namespace"}},"conceptId":"concept_RAt6dulTLcuG"}},{"AddResponse":{"responseId":"response_Y07dORpzgD","requestId":"path_0UtypYjqcu}_put","httpStatusCode":500}},{"AddResponse":{"responseId":"response_5ebZdn1HTA","requestId":"path_0UtypYjqcu}_put","httpStatusCode":409}},{"AddResponse":{"responseId":"response_Fgv2nDlu3I","requestId":"path_0UtypYjqcu}_put","httpStatusCode":401}},{"AddRequest":{"requestId":"path_XLC3sDtXMk}_get","pathId":"ZxfWZR_path_43","httpMethod":"get"}},{"AddResponse":{"responseId":"response_ToUeIuI0rj","requestId":"path_XLC3sDtXMk}_get","httpStatusCode":200}},{"DefineInlineConcept":{"root":"shape_0vFLiDbil4","conceptId":"concept_qNitzgRK0xjZ"}},{"AssignType":{"id":"shape_0vFLiDbil4","to":{"ListT":{}},"conceptId":"concept_qNitzgRK0xjZ"}},{"AddTypeParameter":{"parentId":"shape_0vFLiDbil4","id":"shape_fkSEURUY4P","conceptId":"concept_qNitzgRK0xjZ"}},{"AssignType":{"id":"shape_fkSEURUY4P","to":{"IntegerT":{}},"conceptId":"concept_qNitzgRK0xjZ"}},{"AddResponse":{"responseId":"response_9nhmDpNtnL","requestId":"path_XLC3sDtXMk}_get","httpStatusCode":401}},{"AddResponse":{"responseId":"response_ez5wP6n91x","requestId":"path_XLC3sDtXMk}_get","httpStatusCode":500}},{"AddRequest":{"requestId":"path_vEwJLWOyna}_post","pathId":"ZxfWZR_path_25","httpMethod":"post"}},{"AddResponse":{"responseId":"response_R4kyx3pku3","requestId":"path_vEwJLWOyna}_post","httpStatusCode":404}},{"AddResponse":{"responseId":"response_uoxSdBjMfZ","requestId":"path_vEwJLWOyna}_post","httpStatusCode":500}},{"AddResponse":{"responseId":"response_IheQRGZEaA","requestId":"path_vEwJLWOyna}_post","httpStatusCode":304}},{"AddResponse":{"responseId":"response_YqXq1l3xui","requestId":"path_vEwJLWOyna}_post","httpStatusCode":204}},{"AddResponse":{"responseId":"response_5xEJHF7EIk","requestId":"path_vEwJLWOyna}_post","httpStatusCode":401}},{"AddRequest":{"requestId":"path_rzeUu84Wrd}_post","pathId":"ZxfWZR_path_28","httpMethod":"post"}},{"AddResponse":{"responseId":"response_TsYZ3hpFXc","requestId":"path_rzeUu84Wrd}_post","httpStatusCode":204}},{"AddResponse":{"responseId":"response_iT9PAOOfz4","requestId":"path_rzeUu84Wrd}_post","httpStatusCode":401}},{"AddResponse":{"responseId":"response_AZarm5JMOp","requestId":"path_rzeUu84Wrd}_post","httpStatusCode":404}},{"AddResponse":{"responseId":"response_HNSC0ptYsW","requestId":"path_rzeUu84Wrd}_post","httpStatusCode":500}},{"AddRequest":{"requestId":"path_ushbU0IJFJ}_post","pathId":"ZxfWZR_path_10","httpMethod":"post"}},{"DefineInlineConcept":{"root":"shape_RVYMUJlgZZ","conceptId":"concept_containersgroupsname_or_idunmaproute_post_body"}},{"AssignType":{"id":"shape_RVYMUJlgZZ","to":{"RefT":{"conceptId":"concept_8wHvDA_route"}},"conceptId":"concept_containersgroupsname_or_idunmaproute_post_body"}},{"AddResponse":{"responseId":"response_FOBjkkP0Cy","requestId":"path_ushbU0IJFJ}_post","httpStatusCode":400}},{"AddResponse":{"responseId":"response_RrZCrb5nNT","requestId":"path_ushbU0IJFJ}_post","httpStatusCode":404}},{"AddResponse":{"responseId":"response_glQ2MIlpZw","requestId":"path_ushbU0IJFJ}_post","httpStatusCode":201}},{"DefineInlineConcept":{"root":"shape_oFID1TGm4H","conceptId":"concept_qCArBKVkSAI3"}},{"AssignType":{"id":"shape_oFID1TGm4H","to":{"RefT":{"conceptId":"concept_9uF4qd_containersgroupsnameoridmaproutepostinfo"}},"conceptId":"concept_qCArBKVkSAI3"}},{"AddResponse":{"responseId":"response_UMYs4LXIAZ","requestId":"path_ushbU0IJFJ}_post","httpStatusCode":500}},{"AddResponse":{"responseId":"response_ISZ2QnJeHk","requestId":"path_ushbU0IJFJ}_post","httpStatusCode":401}},{"AddRequest":{"requestId":"path_p5R2L6ujYr}_post","pathId":"ZxfWZR_path_9","httpMethod":"post"}},{"DefineInlineConcept":{"root":"shape_w9ORbvGNKI","conceptId":"concept_containersgroupsname_or_idmaproute_post_body"}},{"AssignType":{"id":"shape_w9ORbvGNKI","to":{"RefT":{"conceptId":"concept_8wHvDA_route"}},"conceptId":"concept_containersgroupsname_or_idmaproute_post_body"}},{"AddResponse":{"responseId":"response_9CZACdv98H","requestId":"path_p5R2L6ujYr}_post","httpStatusCode":400}},{"AddResponse":{"responseId":"response_ccbWKK8GXf","requestId":"path_p5R2L6ujYr}_post","httpStatusCode":404}},{"AddResponse":{"responseId":"response_fiPcjNJu0Y","requestId":"path_p5R2L6ujYr}_post","httpStatusCode":201}},{"DefineInlineConcept":{"root":"shape_czuteKu6Xh","conceptId":"concept_Os7pdGQeHFxt"}},{"AssignType":{"id":"shape_czuteKu6Xh","to":{"RefT":{"conceptId":"concept_9uF4qd_containersgroupsnameoridmaproutepostinfo"}},"conceptId":"concept_Os7pdGQeHFxt"}},{"AddResponse":{"responseId":"response_K4enK2lbeH","requestId":"path_p5R2L6ujYr}_post","httpStatusCode":500}},{"AddResponse":{"responseId":"response_lS1pzgiMNG","requestId":"path_p5R2L6ujYr}_post","httpStatusCode":401}},{"AddRequest":{"requestId":"path_31qgerLOM0}_get","pathId":"ZxfWZR_path_32","httpMethod":"get"}},{"AddResponse":{"responseId":"response_XE6KF829Gq","requestId":"path_31qgerLOM0}_get","httpStatusCode":200}},{"DefineInlineConcept":{"root":"shape_XHzRR7wAmB","conceptId":"concept_0ialRdizGwdp"}},{"AssignType":{"id":"shape_XHzRR7wAmB","to":{"RefT":{"conceptId":"concept_GSnq0N_imagedetail"}},"conceptId":"concept_0ialRdizGwdp"}},{"AddResponse":{"responseId":"response_GqhmLFX9Ht","requestId":"path_31qgerLOM0}_get","httpStatusCode":401}},{"AddResponse":{"responseId":"response_Nx1beBvjxZ","requestId":"path_31qgerLOM0}_get","httpStatusCode":404}},{"AddResponse":{"responseId":"response_mK3g2GT3pR","requestId":"path_31qgerLOM0}_get","httpStatusCode":500}},{"AddRequest":{"requestId":"path_ljHsMTrdLR}_post","pathId":"ZxfWZR_path_22","httpMethod":"post"}},{"AddResponse":{"responseId":"response_pcnVGrEUas","requestId":"path_ljHsMTrdLR}_post","httpStatusCode":204}},{"AddResponse":{"responseId":"response_pcqrrf3hpK","requestId":"path_ljHsMTrdLR}_post","httpStatusCode":401}},{"AddResponse":{"responseId":"response_KXi7ySX0mZ","requestId":"path_ljHsMTrdLR}_post","httpStatusCode":404}},{"AddResponse":{"responseId":"response_e5uzxNlgdg","requestId":"path_ljHsMTrdLR}_post","httpStatusCode":500}},{"AddRequest":{"requestId":"path_N2ibAg809K}_delete","pathId":"ZxfWZR_path_31","httpMethod":"delete"}},{"AddResponse":{"responseId":"response_kKoN1Zasbk","requestId":"path_N2ibAg809K}_delete","httpStatusCode":204}},{"AddResponse":{"responseId":"response_mSexhGEcV4","requestId":"path_N2ibAg809K}_delete","httpStatusCode":401}},{"AddResponse":{"responseId":"response_MuYctWwEXM","requestId":"path_N2ibAg809K}_delete","httpStatusCode":404}},{"AddResponse":{"responseId":"response_AuZYY6IIGL","requestId":"path_N2ibAg809K}_delete","httpStatusCode":500}},{"AddRequest":{"requestId":"path_WdAoBceWKL}_get","pathId":"ZxfWZR_path_11","httpMethod":"get"}},{"AddResponse":{"responseId":"response_x6JvBJofv2","requestId":"path_WdAoBceWKL}_get","httpStatusCode":200}},{"DefineInlineConcept":{"root":"shape_icpDruG7CY","conceptId":"concept_XsX3oaSTyGaB"}},{"AssignType":{"id":"shape_icpDruG7CY","to":{"ListT":{}},"conceptId":"concept_XsX3oaSTyGaB"}},{"AddTypeParameter":{"parentId":"shape_icpDruG7CY","id":"shape_0AW54lgsjj","conceptId":"concept_XsX3oaSTyGaB"}},{"AssignType":{"id":"shape_0AW54lgsjj","to":{"RefT":{"conceptId":"concept_48tv27_container"}},"conceptId":"concept_XsX3oaSTyGaB"}},{"AddResponse":{"responseId":"response_41uvYFBEer","requestId":"path_WdAoBceWKL}_get","httpStatusCode":401}},{"AddResponse":{"responseId":"response_RB6kuUwFeG","requestId":"path_WdAoBceWKL}_get","httpStatusCode":500}},{"AddRequest":{"requestId":"path_Ev5xlYRRqA}_delete","pathId":"ZxfWZR_path_48","httpMethod":"delete"}},{"AddResponse":{"responseId":"response_389zZp0jvW","requestId":"path_Ev5xlYRRqA}_delete","httpStatusCode":204}},{"AddResponse":{"responseId":"response_K2b4cFpTMv","requestId":"path_Ev5xlYRRqA}_delete","httpStatusCode":401}},{"AddResponse":{"responseId":"response_LFxdi9nvrX","requestId":"path_Ev5xlYRRqA}_delete","httpStatusCode":404}},{"AddResponse":{"responseId":"response_iWkEouTzOL","requestId":"path_Ev5xlYRRqA}_delete","httpStatusCode":500}},{"AddRequest":{"requestId":"path_Ev5xlYRRqA}_post","pathId":"ZxfWZR_path_48","httpMethod":"post"}},{"DefineInlineConcept":{"root":"shape_gKfZZAodjE","conceptId":"concept_volumesname_post_body"}},{"AssignType":{"id":"shape_gKfZZAodjE","to":{"RefT":{"conceptId":"concept_Upamc8_updatevolume"}},"conceptId":"concept_volumesname_post_body"}},{"AddResponse":{"responseId":"response_jGTpUxat1H","requestId":"path_Ev5xlYRRqA}_post","httpStatusCode":400}},{"AddResponse":{"responseId":"response_1wkKR19Arg","requestId":"path_Ev5xlYRRqA}_post","httpStatusCode":404}},{"AddResponse":{"responseId":"response_Tzr3tGdey4","requestId":"path_Ev5xlYRRqA}_post","httpStatusCode":500}},{"AddResponse":{"responseId":"response_DOFIzJlCEM","requestId":"path_Ev5xlYRRqA}_post","httpStatusCode":401}},{"AddResponse":{"responseId":"response_Zb0VcHcdH0","requestId":"path_Ev5xlYRRqA}_post","httpStatusCode":200}},{"DefineInlineConcept":{"root":"shape_2flQRF5ZaB","conceptId":"concept_DDfnNZvjTToM"}},{"AssignType":{"id":"shape_2flQRF5ZaB","to":{"RefT":{"conceptId":"concept_cWq4tz_volume"}},"conceptId":"concept_DDfnNZvjTToM"}},{"AddRequest":{"requestId":"path_CGxotoCFAA}_post","pathId":"ZxfWZR_path_20","httpMethod":"post"}},{"AddResponse":{"responseId":"response_aijCjbIv8H","requestId":"path_CGxotoCFAA}_post","httpStatusCode":400}},{"AddResponse":{"responseId":"response_xLziG6ZnwG","requestId":"path_CGxotoCFAA}_post","httpStatusCode":404}},{"AddResponse":{"responseId":"response_dPZNe2jE8L","requestId":"path_CGxotoCFAA}_post","httpStatusCode":500}},{"AddResponse":{"responseId":"response_cbjZcYSNQO","requestId":"path_CGxotoCFAA}_post","httpStatusCode":204}},{"AddResponse":{"responseId":"response_mewQZ3Y8RH","requestId":"path_CGxotoCFAA}_post","httpStatusCode":401}},{"AddRequest":{"requestId":"path_se1BD8BGf8}_get","pathId":"ZxfWZR_path_46","httpMethod":"get"}},{"AddResponse":{"responseId":"response_IXDUU1k6F4","requestId":"path_se1BD8BGf8}_get","httpStatusCode":200}},{"DefineInlineConcept":{"root":"shape_YalIAGvBqp","conceptId":"concept_lNetew2fJVTB"}},{"AssignType":{"id":"shape_YalIAGvBqp","to":{"ListT":{}},"conceptId":"concept_lNetew2fJVTB"}},{"AddTypeParameter":{"parentId":"shape_YalIAGvBqp","id":"shape_5u8a6vBnhN","conceptId":"concept_lNetew2fJVTB"}},{"AssignType":{"id":"shape_5u8a6vBnhN","to":{"RefT":{"conceptId":"concept_8Cuan3_getfilesharedetails"}},"conceptId":"concept_lNetew2fJVTB"}},{"AddResponse":{"responseId":"response_XbTa2OOzvT","requestId":"path_se1BD8BGf8}_get","httpStatusCode":401}},{"AddResponse":{"responseId":"response_YIXKGBZ0qu","requestId":"path_se1BD8BGf8}_get","httpStatusCode":404}},{"AddResponse":{"responseId":"response_TmwkOjWx9g","requestId":"path_se1BD8BGf8}_get","httpStatusCode":500}},{"AddRequest":{"requestId":"path_cLhw4sXbwG}_get","pathId":"ZxfWZR_path_49","httpMethod":"get"}},{"AddResponse":{"responseId":"response_24TcgSXkhR","requestId":"path_cLhw4sXbwG}_get","httpStatusCode":200}},{"DefineInlineConcept":{"root":"shape_IanUNT0pdG","conceptId":"concept_68TOhZTm22go"}},{"AssignType":{"id":"shape_IanUNT0pdG","to":{"RefT":{"conceptId":"concept_cWq4tz_volume"}},"conceptId":"concept_68TOhZTm22go"}},{"AddResponse":{"responseId":"response_hHaKCOqpZY","requestId":"path_cLhw4sXbwG}_get","httpStatusCode":401}},{"AddResponse":{"responseId":"response_0D25gGVFmp","requestId":"path_cLhw4sXbwG}_get","httpStatusCode":404}},{"AddResponse":{"responseId":"response_jLX2eFLkb1","requestId":"path_cLhw4sXbwG}_get","httpStatusCode":500}},{"AddRequest":{"requestId":"path_Q1BBfSw2u6}_get","pathId":"ZxfWZR_path_21","httpMethod":"get"}},{"AddResponse":{"responseId":"response_rtDQa5ZQbe","requestId":"path_Q1BBfSw2u6}_get","httpStatusCode":200}},{"DefineInlineConcept":{"root":"shape_RqsQ0WTUSg","conceptId":"concept_M4e4bGXPoEpj"}},{"AssignType":{"id":"shape_RqsQ0WTUSg","to":{"RefT":{"conceptId":"concept_EV8glA_containerinfo"}},"conceptId":"concept_M4e4bGXPoEpj"}},{"AddResponse":{"responseId":"response_6qhrtxWSpS","requestId":"path_Q1BBfSw2u6}_get","httpStatusCode":401}},{"AddResponse":{"responseId":"response_yXuQUk6Y43","requestId":"path_Q1BBfSw2u6}_get","httpStatusCode":404}},{"AddResponse":{"responseId":"response_mdw9WOGDEr","requestId":"path_Q1BBfSw2u6}_get","httpStatusCode":500}},{"SetResponseBodyShape":{"responseId":"response_s6YX0qOywA","bodyDescriptor":{"httpContentType":"application/json","conceptId":"concept_yb05ZLeaCfgc"}}},{"SetResponseBodyShape":{"responseId":"response_b4OccOV2ix","bodyDescriptor":{"httpContentType":"application/json","conceptId":"concept_6JiVR5htyAcn"}}},{"SetResponseBodyShape":{"responseId":"response_FeXm4BSQbi","bodyDescriptor":{"httpContentType":"application/json","conceptId":"concept_P9n3bhvOX4RR"}}},{"SetResponseBodyShape":{"responseId":"response_8WTJE26Oc3","bodyDescriptor":{"httpContentType":"application/json","conceptId":"concept_kcQlZEJlwdnQ"}}},{"SetResponseBodyShape":{"responseId":"response_RZtIJFvt0L","bodyDescriptor":{"httpContentType":"application/json","conceptId":"concept_NnlIC8Zj9til"}}},{"SetResponseBodyShape":{"responseId":"response_kx9w0d8XTT","bodyDescriptor":{"httpContentType":"application/json","conceptId":"concept_SMT1AEwRccoh"}}},{"SetRequestBodyShape":{"requestId":"path_Z8stZmrTr3}_post","bodyDescriptor":{"httpContentType":"application/tar","conceptId":"concept_build_post_body"}}},{"SetResponseBodyShape":{"responseId":"response_kC2mVt5gcM","bodyDescriptor":{"httpContentType":"application/json","conceptId":"concept_jmkDedKVeHfO"}}},{"SetRequestBodyShape":{"requestId":"path_SxygTihVK3}_patch","bodyDescriptor":{"httpContentType":"application/json","conceptId":"concept_containersgroupsname_or_id_patch_body"}}},{"SetResponseBodyShape":{"responseId":"response_VDmjU1J0x2","bodyDescriptor":{"httpContentType":"application/json","conceptId":"concept_VZmF0lc62GA8"}}},{"SetRequestBodyShape":{"requestId":"path_doaQVky1vG}_post","bodyDescriptor":{"httpContentType":"application/json","conceptId":"concept_containerscreate_post_body"}}},{"SetResponseBodyShape":{"responseId":"response_8sPzTVddwR","bodyDescriptor":{"httpContentType":"application/json","conceptId":"concept_wQYhnh36OehF"}}},{"SetResponseBodyShape":{"responseId":"response_2YEaKek9zM","bodyDescriptor":{"httpContentType":"application/json","conceptId":"concept_aM3MGudkaDdT"}}},{"SetResponseBodyShape":{"responseId":"response_znlBcGD2iD","bodyDescriptor":{"httpContentType":"application/json","conceptId":"concept_paWckPp7h3fa"}}},{"SetResponseBodyShape":{"responseId":"response_54clvn6sF0","bodyDescriptor":{"httpContentType":"application/json","conceptId":"concept_2geh9aBVqQmC"}}},{"SetResponseBodyShape":{"responseId":"response_wi00WdOsN2","bodyDescriptor":{"httpContentType":"application/json","conceptId":"concept_sYRRnow0zdyB"}}},{"SetResponseBodyShape":{"responseId":"response_L3tBduNimk","bodyDescriptor":{"httpContentType":"application/json","conceptId":"concept_PQmgCAmyxxPV"}}},{"SetRequestBodyShape":{"requestId":"path_ymssQWvQxD}_post","bodyDescriptor":{"httpContentType":"application/json","conceptId":"concept_containersgroups_post_body"}}},{"SetResponseBodyShape":{"responseId":"response_S2CKus3Fa1","bodyDescriptor":{"httpContentType":"application/json","conceptId":"concept_eO8N1Ed7q8P2"}}},{"SetRequestBodyShape":{"requestId":"path_Z1PA3rlCfj}_post","bodyDescriptor":{"httpContentType":"application/json","conceptId":"concept_volumesfscreate_post_body"}}},{"SetResponseBodyShape":{"responseId":"response_cwCbJijPhH","bodyDescriptor":{"httpContentType":"application/json","conceptId":"concept_4UFGHGG9s47f"}}},{"SetRequestBodyShape":{"requestId":"path_K9TsPQU63M}_put","bodyDescriptor":{"httpContentType":"application/json","conceptId":"concept_containersquota_put_body"}}},{"SetResponseBodyShape":{"responseId":"response_m99l9Wlomt","bodyDescriptor":{"httpContentType":"application/json","conceptId":"concept_h2WReQKxU9Zy"}}},{"SetResponseBodyShape":{"responseId":"response_vaKHlMEtJJ","bodyDescriptor":{"httpContentType":"application/json","conceptId":"concept_WHedTQU4NzYS"}}},{"SetResponseBodyShape":{"responseId":"response_VYYGYoH2vJ","bodyDescriptor":{"httpContentType":"application/json","conceptId":"concept_dviexxyNSTJA"}}},{"SetResponseBodyShape":{"responseId":"response_PvC5MhKrV3","bodyDescriptor":{"httpContentType":"application/json","conceptId":"concept_RAt6dulTLcuG"}}},{"SetResponseBodyShape":{"responseId":"response_ToUeIuI0rj","bodyDescriptor":{"httpContentType":"application/json","conceptId":"concept_qNitzgRK0xjZ"}}},{"SetRequestBodyShape":{"requestId":"path_ushbU0IJFJ}_post","bodyDescriptor":{"httpContentType":"application/json","conceptId":"concept_containersgroupsname_or_idunmaproute_post_body"}}},{"SetResponseBodyShape":{"responseId":"response_glQ2MIlpZw","bodyDescriptor":{"httpContentType":"application/json","conceptId":"concept_qCArBKVkSAI3"}}},{"SetRequestBodyShape":{"requestId":"path_p5R2L6ujYr}_post","bodyDescriptor":{"httpContentType":"application/json","conceptId":"concept_containersgroupsname_or_idmaproute_post_body"}}},{"SetResponseBodyShape":{"responseId":"response_fiPcjNJu0Y","bodyDescriptor":{"httpContentType":"application/json","conceptId":"concept_Os7pdGQeHFxt"}}},{"SetResponseBodyShape":{"responseId":"response_XE6KF829Gq","bodyDescriptor":{"httpContentType":"application/json","conceptId":"concept_0ialRdizGwdp"}}},{"SetResponseBodyShape":{"responseId":"response_x6JvBJofv2","bodyDescriptor":{"httpContentType":"application/json","conceptId":"concept_XsX3oaSTyGaB"}}},{"SetRequestBodyShape":{"requestId":"path_Ev5xlYRRqA}_post","bodyDescriptor":{"httpContentType":"application/json","conceptId":"concept_volumesname_post_body"}}},{"SetResponseBodyShape":{"responseId":"response_Zb0VcHcdH0","bodyDescriptor":{"httpContentType":"application/json","conceptId":"concept_DDfnNZvjTToM"}}},{"SetResponseBodyShape":{"responseId":"response_IXDUU1k6F4","bodyDescriptor":{"httpContentType":"application/json","conceptId":"concept_lNetew2fJVTB"}}},{"SetResponseBodyShape":{"responseId":"response_24TcgSXkhR","bodyDescriptor":{"httpContentType":"application/json","conceptId":"concept_68TOhZTm22go"}}},{"SetResponseBodyShape":{"responseId":"response_rtDQa5ZQbe","bodyDescriptor":{"httpContentType":"application/json","conceptId":"concept_M4e4bGXPoEpj"}}}]