[{"DefineConcept":{"name":"Error","root":"shape_QNABrYupec","conceptId":"concept_alLWNY_error"}},{"SetConceptName":{"newName":"Error","conceptId":"concept_alLWNY_error"}},{"DefineConcept":{"name":"Job","root":"shape_TFnogvl2mi","conceptId":"concept_DD6E7B_job"}},{"SetConceptName":{"newName":"Job","conceptId":"concept_DD6E7B_job"}},{"DefineConcept":{"name":"NewJob","root":"shape_yBECNmIxdX","conceptId":"concept_HYkabJ_newjob"}},{"SetConceptName":{"newName":"NewJob","conceptId":"concept_HYkabJ_newjob"}},{"AssignType":{"id":"shape_QNABrYupec","to":{"ObjectT":{}},"conceptId":"concept_alLWNY_error"}},{"AddField":{"parentId":"shape_QNABrYupec","id":"shape_rUwnKggEB6","conceptId":"concept_alLWNY_error"}},{"SetFieldName":{"id":"shape_rUwnKggEB6","newName":"error","conceptId":"concept_alLWNY_error"}},{"AssignType":{"id":"shape_rUwnKggEB6","to":{"NumberT":{}},"conceptId":"concept_alLWNY_error"}},{"AddField":{"parentId":"shape_QNABrYupec","id":"shape_fv9HT6Qnua","conceptId":"concept_alLWNY_error"}},{"SetFieldName":{"id":"shape_fv9HT6Qnua","newName":"message","conceptId":"concept_alLWNY_error"}},{"AssignType":{"id":"shape_fv9HT6Qnua","to":{"StringT":{}},"conceptId":"concept_alLWNY_error"}},{"AssignType":{"id":"shape_TFnogvl2mi","to":{"ObjectT":{}},"conceptId":"concept_DD6E7B_job"}},{"AddField":{"parentId":"shape_TFnogvl2mi","id":"shape_lWWWsCfXRo","conceptId":"concept_DD6E7B_job"}},{"SetFieldName":{"id":"shape_lWWWsCfXRo","newName":"commit","conceptId":"concept_DD6E7B_job"}},{"AssignType":{"id":"shape_lWWWsCfXRo","to":{"StringT":{}},"conceptId":"concept_DD6E7B_job"}},{"AddField":{"parentId":"shape_TFnogvl2mi","id":"shape_zjAg2N8LVh","conceptId":"concept_DD6E7B_job"}},{"SetFieldName":{"id":"shape_zjAg2N8LVh","newName":"url","conceptId":"concept_DD6E7B_job"}},{"AssignType":{"id":"shape_zjAg2N8LVh","to":{"StringT":{}},"conceptId":"concept_DD6E7B_job"}},{"AddField":{"parentId":"shape_TFnogvl2mi","id":"shape_ITWYcPxlvg","conceptId":"concept_DD6E7B_job"}},{"SetFieldName":{"id":"shape_ITWYcPxlvg","newName":"alert","conceptId":"concept_DD6E7B_job"}},{"AssignType":{"id":"shape_ITWYcPxlvg","to":{"StringT":{}},"conceptId":"concept_DD6E7B_job"}},{"AddField":{"parentId":"shape_TFnogvl2mi","id":"shape_9B7XHlpm7p","conceptId":"concept_DD6E7B_job"}},{"SetFieldName":{"id":"shape_9B7XHlpm7p","newName":"finished","conceptId":"concept_DD6E7B_job"}},{"AssignType":{"id":"shape_9B7XHlpm7p","to":{"StringT":{}},"conceptId":"concept_DD6E7B_job"}},{"AddField":{"parentId":"shape_TFnogvl2mi","id":"shape_BA7YTCjRaJ","conceptId":"concept_DD6E7B_job"}},{"SetFieldName":{"id":"shape_BA7YTCjRaJ","newName":"warnings","conceptId":"concept_DD6E7B_job"}},{"AssignType":{"id":"shape_BA7YTCjRaJ","to":{"StringT":{}},"conceptId":"concept_DD6E7B_job"}},{"AddField":{"parentId":"shape_TFnogvl2mi","id":"shape_HxiSzUdUo4","conceptId":"concept_DD6E7B_job"}},{"SetFieldName":{"id":"shape_HxiSzUdUo4","newName":"emailReportTo","conceptId":"concept_DD6E7B_job"}},{"AssignType":{"id":"shape_HxiSzUdUo4","to":{"StringT":{}},"conceptId":"concept_DD6E7B_job"}},{"AddField":{"parentId":"shape_TFnogvl2mi","id":"shape_7yA16l3jh3","conceptId":"concept_DD6E7B_job"}},{"SetFieldName":{"id":"shape_7yA16l3jh3","newName":"version","conceptId":"concept_DD6E7B_job"}},{"AssignType":{"id":"shape_7yA16l3jh3","to":{"StringT":{}},"conceptId":"concept_DD6E7B_job"}},{"AddField":{"parentId":"shape_TFnogvl2mi","id":"shape_mJ3sculBUk","conceptId":"concept_DD6E7B_job"}},{"SetFieldName":{"id":"shape_mJ3sculBUk","newName":"status","conceptId":"concept_DD6E7B_job"}},{"AssignType":{"id":"shape_mJ3sculBUk","to":{"StringT":{}},"conceptId":"concept_DD6E7B_job"}},{"AddField":{"parentId":"shape_TFnogvl2mi","id":"shape_i6ijGcWcp0","conceptId":"concept_DD6E7B_job"}},{"SetFieldName":{"id":"shape_i6ijGcWcp0","newName":"jobId","conceptId":"concept_DD6E7B_job"}},{"AssignType":{"id":"shape_i6ijGcWcp0","to":{"StringT":{}},"conceptId":"concept_DD6E7B_job"}},{"AddField":{"parentId":"shape_TFnogvl2mi","id":"shape_wiAXoevsDM","conceptId":"concept_DD6E7B_job"}},{"SetFieldName":{"id":"shape_wiAXoevsDM","newName":"projectKey","conceptId":"concept_DD6E7B_job"}},{"AssignType":{"id":"shape_wiAXoevsDM","to":{"StringT":{}},"conceptId":"concept_DD6E7B_job"}},{"AddField":{"parentId":"shape_TFnogvl2mi","id":"shape_xln4CGlHeO","conceptId":"concept_DD6E7B_job"}},{"SetFieldName":{"id":"shape_xln4CGlHeO","newName":"projectBranch","conceptId":"concept_DD6E7B_job"}},{"AssignType":{"id":"shape_xln4CGlHeO","to":{"StringT":{}},"conceptId":"concept_DD6E7B_job"}},{"AddField":{"parentId":"shape_TFnogvl2mi","id":"shape_jDDaFqMAAY","conceptId":"concept_DD6E7B_job"}},{"SetFieldName":{"id":"shape_jDDaFqMAAY","newName":"alertDescription","conceptId":"concept_DD6E7B_job"}},{"AssignType":{"id":"shape_jDDaFqMAAY","to":{"StringT":{}},"conceptId":"concept_DD6E7B_job"}},{"AddField":{"parentId":"shape_TFnogvl2mi","id":"shape_3je0zL8ERb","conceptId":"concept_DD6E7B_job"}},{"SetFieldName":{"id":"shape_3je0zL8ERb","newName":"started","conceptId":"concept_DD6E7B_job"}},{"AssignType":{"id":"shape_3je0zL8ERb","to":{"StringT":{}},"conceptId":"concept_DD6E7B_job"}},{"AddField":{"parentId":"shape_TFnogvl2mi","id":"shape_njdbuVmzs0","conceptId":"concept_DD6E7B_job"}},{"SetFieldName":{"id":"shape_njdbuVmzs0","newName":"analysisMode","conceptId":"concept_DD6E7B_job"}},{"AssignType":{"id":"shape_njdbuVmzs0","to":{"StringT":{}},"conceptId":"concept_DD6E7B_job"}},{"AddField":{"parentId":"shape_TFnogvl2mi","id":"shape_hwud64M9IG","conceptId":"concept_DD6E7B_job"}},{"SetFieldName":{"id":"shape_hwud64M9IG","newName":"created","conceptId":"concept_DD6E7B_job"}},{"AssignType":{"id":"shape_hwud64M9IG","to":{"StringT":{}},"conceptId":"concept_DD6E7B_job"}},{"AssignType":{"id":"shape_yBECNmIxdX","to":{"ObjectT":{}},"conceptId":"concept_HYkabJ_newjob"}},{"AddField":{"parentId":"shape_yBECNmIxdX","id":"shape_QCMk4xpRLT","conceptId":"concept_HYkabJ_newjob"}},{"SetFieldName":{"id":"shape_QCMk4xpRLT","newName":"commitOverride","conceptId":"concept_HYkabJ_newjob"}},{"AssignType":{"id":"shape_QCMk4xpRLT","to":{"StringT":{}},"conceptId":"concept_HYkabJ_newjob"}},{"AddField":{"parentId":"shape_yBECNmIxdX","id":"shape_k4svpp04mP","conceptId":"concept_HYkabJ_newjob"}},{"SetFieldName":{"id":"shape_k4svpp04mP","newName":"emailReportTo","conceptId":"concept_HYkabJ_newjob"}},{"AssignType":{"id":"shape_k4svpp04mP","to":{"StringT":{}},"conceptId":"concept_HYkabJ_newjob"}},{"AddField":{"parentId":"shape_yBECNmIxdX","id":"shape_k9eWbwaXqM","conceptId":"concept_HYkabJ_newjob"}},{"SetFieldName":{"id":"shape_k9eWbwaXqM","newName":"version","conceptId":"concept_HYkabJ_newjob"}},{"AssignType":{"id":"shape_k9eWbwaXqM","to":{"StringT":{}},"conceptId":"concept_HYkabJ_newjob"}},{"AddField":{"parentId":"shape_yBECNmIxdX","id":"shape_zQiCDy0ZRW","conceptId":"concept_HYkabJ_newjob"}},{"SetFieldName":{"id":"shape_zQiCDy0ZRW","newName":"projectKey","conceptId":"concept_HYkabJ_newjob"}},{"AssignType":{"id":"shape_zQiCDy0ZRW","to":{"StringT":{}},"conceptId":"concept_HYkabJ_newjob"}},{"AddField":{"parentId":"shape_yBECNmIxdX","id":"shape_A0B1yXI7ZY","conceptId":"concept_HYkabJ_newjob"}},{"SetFieldName":{"id":"shape_A0B1yXI7ZY","newName":"projectBranch","conceptId":"concept_HYkabJ_newjob"}},{"AssignType":{"id":"shape_A0B1yXI7ZY","to":{"StringT":{}},"conceptId":"concept_HYkabJ_newjob"}},{"AddField":{"parentId":"shape_yBECNmIxdX","id":"shape_0V1TjV03js","conceptId":"concept_HYkabJ_newjob"}},{"SetFieldName":{"id":"shape_0V1TjV03js","newName":"analysisMode","conceptId":"concept_HYkabJ_newjob"}},{"AssignType":{"id":"shape_0V1TjV03js","to":{"StringT":{}},"conceptId":"concept_HYkabJ_newjob"}},{"AddPathComponent":{"pathId":"UULfnD_path_0","parentPathId":"root","name":"job"}},{"AddRequest":{"requestId":"path_LZtoTYeuoQ}_get","pathId":"UULfnD_path_0","httpMethod":"get"}},{"AddResponse":{"responseId":"response_yKQBBxsl22","requestId":"path_LZtoTYeuoQ}_get","httpStatusCode":200}},{"DefineInlineConcept":{"root":"shape_Z0bVBr0rJ8","conceptId":"concept_C5Fx3HmgIuS3"}},{"AssignType":{"id":"shape_Z0bVBr0rJ8","to":{"RefT":{"conceptId":"concept_DD6E7B_job"}},"conceptId":"concept_C5Fx3HmgIuS3"}},{"AddRequest":{"requestId":"path_LZtoTYeuoQ}_post","pathId":"UULfnD_path_0","httpMethod":"post"}},{"DefineInlineConcept":{"root":"shape_jcT68iyyfm","conceptId":"concept_job_post_body"}},{"AssignType":{"id":"shape_jcT68iyyfm","to":{"RefT":{"conceptId":"concept_HYkabJ_newjob"}},"conceptId":"concept_job_post_body"}},{"AddResponse":{"responseId":"response_hdFoAM1cGo","requestId":"path_LZtoTYeuoQ}_post","httpStatusCode":200}},{"DefineInlineConcept":{"root":"shape_XAIgcf9p11","conceptId":"concept_8O8zipbymZvZ"}},{"AssignType":{"id":"shape_XAIgcf9p11","to":{"RefT":{"conceptId":"concept_DD6E7B_job"}},"conceptId":"concept_8O8zipbymZvZ"}},{"SetResponseBodyShape":{"responseId":"response_yKQBBxsl22","bodyDescriptor":{"httpContentType":"application/json","conceptId":"concept_C5Fx3HmgIuS3"}}},{"SetRequestBodyShape":{"requestId":"path_LZtoTYeuoQ}_post","bodyDescriptor":{"httpContentType":"application/json","conceptId":"concept_job_post_body"}}},{"SetResponseBodyShape":{"responseId":"response_hdFoAM1cGo","bodyDescriptor":{"httpContentType":"application/json","conceptId":"concept_8O8zipbymZvZ"}}}]