[{"DefineConcept":{"name":"Request","root":"shape_X5kwdPkWaC","conceptId":"concept_M3eufi_request"}},{"SetConceptName":{"newName":"Request","conceptId":"concept_M3eufi_request"}},{"DefineConcept":{"name":"Taxon","root":"shape_YgITif75TG","conceptId":"concept_21sd8b_taxon"}},{"SetConceptName":{"newName":"Taxon","conceptId":"concept_21sd8b_taxon"}},{"DefineConcept":{"name":"AtomisedName","root":"shape_xLa9NgmQMF","conceptId":"concept_NosuNg_atomisedname"}},{"SetConceptName":{"newName":"AtomisedName","conceptId":"concept_NosuNg_atomisedname"}},{"DefineConcept":{"name":"TnrMsg","root":"shape_SCp41hiNs9","conceptId":"concept_DrGr3r_tnrmsg"}},{"SetConceptName":{"newName":"TnrMsg","conceptId":"concept_DrGr3r_tnrmsg"}},{"DefineConcept":{"name":"Query","root":"shape_W2AA9MFxCN","conceptId":"concept_SI3qxL_query"}},{"SetConceptName":{"newName":"Query","conceptId":"concept_SI3qxL_query"}},{"DefineConcept":{"name":"TaxonName","root":"shape_ITqetgx1Qd","conceptId":"concept_6EOow8_taxonname"}},{"SetConceptName":{"newName":"TaxonName","conceptId":"concept_6EOow8_taxonname"}},{"DefineConcept":{"name":"Synonym","root":"shape_iZpufwwJuc","conceptId":"concept_1WmDPF_synonym"}},{"SetConceptName":{"newName":"Synonym","conceptId":"concept_1WmDPF_synonym"}},{"DefineConcept":{"name":"HigherClassificationElement","root":"shape_CHlhmk3J4R","conceptId":"concept_JzV99Y_higherclassificationelement"}},{"SetConceptName":{"newName":"HigherClassificationElement","conceptId":"concept_JzV99Y_higherclassificationelement"}},{"DefineConcept":{"name":"ClientStatus","root":"shape_H6NFJqiECL","conceptId":"concept_yuTPbb_clientstatus"}},{"SetConceptName":{"newName":"ClientStatus","conceptId":"concept_yuTPbb_clientstatus"}},{"DefineConcept":{"name":"Source","root":"shape_0N1rtySYvK","conceptId":"concept_LYUQsd_source"}},{"SetConceptName":{"newName":"Source","conceptId":"concept_LYUQsd_source"}},{"DefineConcept":{"name":"Response","root":"shape_Pq88yZHm87","conceptId":"concept_EBVbVJ_response"}},{"SetConceptName":{"newName":"Response","conceptId":"concept_EBVbVJ_response"}},{"DefineConcept":{"name":"OtherNames","root":"shape_AnlxhT3AdP","conceptId":"concept_atXXe1_othernames"}},{"SetConceptName":{"newName":"OtherNames","conceptId":"concept_atXXe1_othernames"}},{"DefineConcept":{"name":"ServiceProviderInfo","root":"shape_FjDxGdyfwX","conceptId":"concept_QB9LDr_serviceproviderinfo"}},{"SetConceptName":{"newName":"ServiceProviderInfo","conceptId":"concept_QB9LDr_serviceproviderinfo"}},{"AssignType":{"id":"shape_X5kwdPkWaC","to":{"AnyT":{}},"conceptId":"concept_M3eufi_request"}},{"AssignType":{"id":"shape_YgITif75TG","to":{"AnyT":{}},"conceptId":"concept_21sd8b_taxon"}},{"AssignType":{"id":"shape_xLa9NgmQMF","to":{"AnyT":{}},"conceptId":"concept_NosuNg_atomisedname"}},{"AssignType":{"id":"shape_SCp41hiNs9","to":{"AnyT":{}},"conceptId":"concept_DrGr3r_tnrmsg"}},{"AssignType":{"id":"shape_W2AA9MFxCN","to":{"AnyT":{}},"conceptId":"concept_SI3qxL_query"}},{"AssignType":{"id":"shape_ITqetgx1Qd","to":{"AnyT":{}},"conceptId":"concept_6EOow8_taxonname"}},{"AssignType":{"id":"shape_iZpufwwJuc","to":{"AnyT":{}},"conceptId":"concept_1WmDPF_synonym"}},{"AssignType":{"id":"shape_CHlhmk3J4R","to":{"AnyT":{}},"conceptId":"concept_JzV99Y_higherclassificationelement"}},{"AssignType":{"id":"shape_H6NFJqiECL","to":{"AnyT":{}},"conceptId":"concept_yuTPbb_clientstatus"}},{"AssignType":{"id":"shape_0N1rtySYvK","to":{"AnyT":{}},"conceptId":"concept_LYUQsd_source"}},{"AssignType":{"id":"shape_Pq88yZHm87","to":{"AnyT":{}},"conceptId":"concept_EBVbVJ_response"}},{"AssignType":{"id":"shape_AnlxhT3AdP","to":{"AnyT":{}},"conceptId":"concept_atXXe1_othernames"}},{"AssignType":{"id":"shape_FjDxGdyfwX","to":{"AnyT":{}},"conceptId":"concept_QB9LDr_serviceproviderinfo"}},{"AddPathComponent":{"pathId":"CSkjtc_path_0","parentPathId":"root","name":"capabilities"}},{"AddPathComponent":{"pathId":"CSkjtc_path_1","parentPathId":"root","name":"search"}},{"AddRequest":{"requestId":"path_ThMYQoN0Uy}_get","pathId":"CSkjtc_path_0","httpMethod":"get"}},{"AddResponse":{"responseId":"response_YXyE159PfT","requestId":"path_ThMYQoN0Uy}_get","httpStatusCode":200}},{"DefineInlineConcept":{"root":"shape_eY0TSQxWG7","conceptId":"concept_aVfVDZ15vCSF"}},{"AssignType":{"id":"shape_eY0TSQxWG7","to":{"ListT":{}},"conceptId":"concept_aVfVDZ15vCSF"}},{"AddTypeParameter":{"parentId":"shape_eY0TSQxWG7","id":"shape_Zbejo95Vr6","conceptId":"concept_aVfVDZ15vCSF"}},{"AssignType":{"id":"shape_Zbejo95Vr6","to":{"RefT":{"conceptId":"concept_QB9LDr_serviceproviderinfo"}},"conceptId":"concept_aVfVDZ15vCSF"}},{"AddResponse":{"responseId":"response_e29xxlEw5m","requestId":"path_ThMYQoN0Uy}_get","httpStatusCode":401}},{"AddResponse":{"responseId":"response_2NidQFXjVc","requestId":"path_ThMYQoN0Uy}_get","httpStatusCode":403}},{"AddResponse":{"responseId":"response_LJ4wc8q6tL","requestId":"path_ThMYQoN0Uy}_get","httpStatusCode":404}},{"AddRequest":{"requestId":"path_fKTjcmgzxR}_get","pathId":"CSkjtc_path_1","httpMethod":"get"}},{"AddResponse":{"responseId":"response_WApH9elDCS","requestId":"path_fKTjcmgzxR}_get","httpStatusCode":200}},{"DefineInlineConcept":{"root":"shape_DUPi3YCVi9","conceptId":"concept_KlOBnfvV4E8C"}},{"AssignType":{"id":"shape_DUPi3YCVi9","to":{"RefT":{"conceptId":"concept_DrGr3r_tnrmsg"}},"conceptId":"concept_KlOBnfvV4E8C"}},{"AddResponse":{"responseId":"response_kz6UEqQH7q","requestId":"path_fKTjcmgzxR}_get","httpStatusCode":401}},{"AddResponse":{"responseId":"response_e9iYpL4stW","requestId":"path_fKTjcmgzxR}_get","httpStatusCode":403}},{"AddResponse":{"responseId":"response_pTp1mEjP0G","requestId":"path_fKTjcmgzxR}_get","httpStatusCode":404}},{"SetResponseBodyShape":{"responseId":"response_YXyE159PfT","bodyDescriptor":{"httpContentType":"application/json","conceptId":"concept_aVfVDZ15vCSF"}}},{"SetResponseBodyShape":{"responseId":"response_WApH9elDCS","bodyDescriptor":{"httpContentType":"application/json","conceptId":"concept_KlOBnfvV4E8C"}}}]