[{"DefineConcept":{"name":"NormalizedSkill","root":"shape_9qE7IOD2aM","conceptId":"concept_VnNaYA_normalizedskill"}},{"SetConceptName":{"newName":"NormalizedSkill","conceptId":"concept_VnNaYA_normalizedskill"}},{"DefineConcept":{"name":"NormalizedSkills","root":"shape_f8vcu7pNr5","conceptId":"concept_532WXC_normalizedskills"}},{"SetConceptName":{"newName":"NormalizedSkills","conceptId":"concept_532WXC_normalizedskills"}},{"DefineConcept":{"name":"PageLink","root":"shape_QULl2kWYwm","conceptId":"concept_R27QEq_pagelink"}},{"SetConceptName":{"newName":"PageLink","conceptId":"concept_R27QEq_pagelink"}},{"DefineConcept":{"name":"Error","root":"shape_2XnuHSttV0","conceptId":"concept_ui6HHy_error"}},{"SetConceptName":{"newName":"Error","conceptId":"concept_ui6HHy_error"}},{"DefineConcept":{"name":"JobRelatedJob","root":"shape_mlM2xvtGWP","conceptId":"concept_2C8Qv4_jobrelatedjob"}},{"SetConceptName":{"newName":"JobRelatedJob","conceptId":"concept_2C8Qv4_jobrelatedjob"}},{"DefineConcept":{"name":"SkillJobs","root":"shape_XnbCjyNJGw","conceptId":"concept_tgvyL6_skilljobs"}},{"SetConceptName":{"newName":"SkillJobs","conceptId":"concept_tgvyL6_skilljobs"}},{"DefineConcept":{"name":"NormalizedJob","root":"shape_TAThylmH2m","conceptId":"concept_MdljkE_normalizedjob"}},{"SetConceptName":{"newName":"NormalizedJob","conceptId":"concept_MdljkE_normalizedjob"}},{"DefineConcept":{"name":"NormalizedJobs","root":"shape_SJnOpNFR72","conceptId":"concept_PJhq26_normalizedjobs"}},{"SetConceptName":{"newName":"NormalizedJobs","conceptId":"concept_PJhq26_normalizedjobs"}},{"DefineConcept":{"name":"SkillRelatedSkill","root":"shape_kQppUZESO7","conceptId":"concept_V6Efez_skillrelatedskill"}},{"SetConceptName":{"newName":"SkillRelatedSkill","conceptId":"concept_V6Efez_skillrelatedskill"}},{"DefineConcept":{"name":"Job","root":"shape_eMyrSYvPtX","conceptId":"concept_F9AFWA_job"}},{"SetConceptName":{"newName":"Job","conceptId":"concept_F9AFWA_job"}},{"DefineConcept":{"name":"Skill","root":"shape_Zg3qiboxSh","conceptId":"concept_KFiT2F_skill"}},{"SetConceptName":{"newName":"Skill","conceptId":"concept_KFiT2F_skill"}},{"DefineConcept":{"name":"Skills","root":"shape_IysZq9KuHQ","conceptId":"concept_jDRdvk_skills"}},{"SetConceptName":{"newName":"Skills","conceptId":"concept_jDRdvk_skills"}},{"DefineConcept":{"name":"JobSkills","root":"shape_K3WgBgsz9f","conceptId":"concept_KI4jsu_jobskills"}},{"SetConceptName":{"newName":"JobSkills","conceptId":"concept_KI4jsu_jobskills"}},{"DefineConcept":{"name":"Jobs","root":"shape_rw4e24go2D","conceptId":"concept_hDKwZN_jobs"}},{"SetConceptName":{"newName":"Jobs","conceptId":"concept_hDKwZN_jobs"}},{"DefineConcept":{"name":"JobSkill","root":"shape_DV9Wz7EHqp","conceptId":"concept_LfZGAf_jobskill"}},{"SetConceptName":{"newName":"JobSkill","conceptId":"concept_LfZGAf_jobskill"}},{"DefineConcept":{"name":"SkillJob","root":"shape_iZGAsufLLa","conceptId":"concept_B325RC_skilljob"}},{"SetConceptName":{"newName":"SkillJob","conceptId":"concept_B325RC_skilljob"}},{"DefineConcept":{"name":"JobRelatedJobs","root":"shape_yvwc45ro2t","conceptId":"concept_f66QpV_jobrelatedjobs"}},{"SetConceptName":{"newName":"JobRelatedJobs","conceptId":"concept_f66QpV_jobrelatedjobs"}},{"DefineConcept":{"name":"SkillRelatedSkills","root":"shape_W1lGqxROmO","conceptId":"concept_og4OWY_skillrelatedskills"}},{"SetConceptName":{"newName":"SkillRelatedSkills","conceptId":"concept_og4OWY_skillrelatedskills"}},{"AssignType":{"id":"shape_9qE7IOD2aM","to":{"AnyT":{}},"conceptId":"concept_VnNaYA_normalizedskill"}},{"AssignType":{"id":"shape_f8vcu7pNr5","to":{"ListT":{}},"conceptId":"concept_532WXC_normalizedskills"}},{"AddTypeParameter":{"parentId":"shape_f8vcu7pNr5","id":"shape_qBtljFjXbx","conceptId":"concept_532WXC_normalizedskills"}},{"AssignType":{"id":"shape_qBtljFjXbx","to":{"RefT":{"conceptId":"concept_VnNaYA_normalizedskill"}},"conceptId":"concept_532WXC_normalizedskills"}},{"AssignType":{"id":"shape_QULl2kWYwm","to":{"AnyT":{}},"conceptId":"concept_R27QEq_pagelink"}},{"AssignType":{"id":"shape_2XnuHSttV0","to":{"AnyT":{}},"conceptId":"concept_ui6HHy_error"}},{"AssignType":{"id":"shape_mlM2xvtGWP","to":{"AnyT":{}},"conceptId":"concept_2C8Qv4_jobrelatedjob"}},{"AssignType":{"id":"shape_XnbCjyNJGw","to":{"AnyT":{}},"conceptId":"concept_tgvyL6_skilljobs"}},{"AssignType":{"id":"shape_TAThylmH2m","to":{"AnyT":{}},"conceptId":"concept_MdljkE_normalizedjob"}},{"AssignType":{"id":"shape_SJnOpNFR72","to":{"ListT":{}},"conceptId":"concept_PJhq26_normalizedjobs"}},{"AddTypeParameter":{"parentId":"shape_SJnOpNFR72","id":"shape_sx8rMVd2NH","conceptId":"concept_PJhq26_normalizedjobs"}},{"AssignType":{"id":"shape_sx8rMVd2NH","to":{"RefT":{"conceptId":"concept_MdljkE_normalizedjob"}},"conceptId":"concept_PJhq26_normalizedjobs"}},{"AssignType":{"id":"shape_kQppUZESO7","to":{"AnyT":{}},"conceptId":"concept_V6Efez_skillrelatedskill"}},{"AssignType":{"id":"shape_eMyrSYvPtX","to":{"AnyT":{}},"conceptId":"concept_F9AFWA_job"}},{"AssignType":{"id":"shape_Zg3qiboxSh","to":{"AnyT":{}},"conceptId":"concept_KFiT2F_skill"}},{"AssignType":{"id":"shape_IysZq9KuHQ","to":{"ListT":{}},"conceptId":"concept_jDRdvk_skills"}},{"AddTypeParameter":{"parentId":"shape_IysZq9KuHQ","id":"shape_RqNvgdmg7t","conceptId":"concept_jDRdvk_skills"}},{"AssignType":{"id":"shape_RqNvgdmg7t","to":{"RefT":{"conceptId":"concept_KFiT2F_skill"}},"conceptId":"concept_jDRdvk_skills"}},{"AssignType":{"id":"shape_K3WgBgsz9f","to":{"AnyT":{}},"conceptId":"concept_KI4jsu_jobskills"}},{"AssignType":{"id":"shape_rw4e24go2D","to":{"ListT":{}},"conceptId":"concept_hDKwZN_jobs"}},{"AddTypeParameter":{"parentId":"shape_rw4e24go2D","id":"shape_PNoy16xGjl","conceptId":"concept_hDKwZN_jobs"}},{"AssignType":{"id":"shape_PNoy16xGjl","to":{"RefT":{"conceptId":"concept_F9AFWA_job"}},"conceptId":"concept_hDKwZN_jobs"}},{"AssignType":{"id":"shape_DV9Wz7EHqp","to":{"AnyT":{}},"conceptId":"concept_LfZGAf_jobskill"}},{"AssignType":{"id":"shape_iZGAsufLLa","to":{"AnyT":{}},"conceptId":"concept_B325RC_skilljob"}},{"AssignType":{"id":"shape_yvwc45ro2t","to":{"AnyT":{}},"conceptId":"concept_f66QpV_jobrelatedjobs"}},{"AssignType":{"id":"shape_W1lGqxROmO","to":{"AnyT":{}},"conceptId":"concept_og4OWY_skillrelatedskills"}},{"AddPathComponent":{"pathId":"ag4QAG_path_0","parentPathId":"root","name":"jobs"}},{"AddPathComponent":{"pathId":"ag4QAG_path_1","parentPathId":"ag4QAG_path_0","name":"autocomplete"}},{"AddPathComponent":{"pathId":"ag4QAG_path_2","parentPathId":"ag4QAG_path_0","name":"normalize"}},{"AddPathComponent":{"pathId":"ag4QAG_path_3","parentPathId":"ag4QAG_path_0","name":"unusual_titles"}},{"AddPathParameter":{"pathId":"ag4QAG_path_4","parentPathId":"ag4QAG_path_0","name":"id"}},{"AddPathComponent":{"pathId":"ag4QAG_path_5","parentPathId":"ag4QAG_path_4","name":"related_jobs"}},{"AddPathComponent":{"pathId":"ag4QAG_path_6","parentPathId":"ag4QAG_path_4","name":"related_skills"}},{"AddPathComponent":{"pathId":"ag4QAG_path_7","parentPathId":"root","name":"skills"}},{"AddPathComponent":{"pathId":"ag4QAG_path_8","parentPathId":"ag4QAG_path_7","name":"autocomplete"}},{"AddPathComponent":{"pathId":"ag4QAG_path_9","parentPathId":"ag4QAG_path_7","name":"normalize"}},{"AddPathParameter":{"pathId":"ag4QAG_path_10","parentPathId":"ag4QAG_path_7","name":"id"}},{"AddPathComponent":{"pathId":"ag4QAG_path_11","parentPathId":"ag4QAG_path_10","name":"related_jobs"}},{"AddPathComponent":{"pathId":"ag4QAG_path_12","parentPathId":"ag4QAG_path_10","name":"related_skills"}},{"AddRequest":{"requestId":"path_sdNl8jc2A3}_get","pathId":"ag4QAG_path_9","httpMethod":"get"}},{"AddResponse":{"responseId":"response_HXfidFdhwV","requestId":"path_sdNl8jc2A3}_get","httpStatusCode":200}},{"DefineInlineConcept":{"root":"shape_ZUrwQSAXD9","conceptId":"concept_wtEkCeQjKYXg"}},{"AssignType":{"id":"shape_ZUrwQSAXD9","to":{"RefT":{"conceptId":"concept_532WXC_normalizedskills"}},"conceptId":"concept_wtEkCeQjKYXg"}},{"AddRequest":{"requestId":"path_jVXVEUlxOy}_get","pathId":"ag4QAG_path_5","httpMethod":"get"}},{"AddResponse":{"responseId":"response_8siYenUc7i","requestId":"path_jVXVEUlxOy}_get","httpStatusCode":200}},{"DefineInlineConcept":{"root":"shape_rtC3wvQaRI","conceptId":"concept_LSTr6asYhNdc"}},{"AssignType":{"id":"shape_rtC3wvQaRI","to":{"RefT":{"conceptId":"concept_f66QpV_jobrelatedjobs"}},"conceptId":"concept_LSTr6asYhNdc"}},{"AddRequest":{"requestId":"path_B51OeVsXEm}_get","pathId":"ag4QAG_path_4","httpMethod":"get"}},{"AddResponse":{"responseId":"response_wnqBfKnXLk","requestId":"path_B51OeVsXEm}_get","httpStatusCode":200}},{"DefineInlineConcept":{"root":"shape_LICK1WPeRV","conceptId":"concept_3Ta51ALEs42J"}},{"AssignType":{"id":"shape_LICK1WPeRV","to":{"RefT":{"conceptId":"concept_F9AFWA_job"}},"conceptId":"concept_3Ta51ALEs42J"}},{"AddRequest":{"requestId":"path_SRSPST0dGR}_get","pathId":"ag4QAG_path_1","httpMethod":"get"}},{"AddResponse":{"responseId":"response_VkvC6Es7dh","requestId":"path_SRSPST0dGR}_get","httpStatusCode":200}},{"DefineInlineConcept":{"root":"shape_uE8yxCgEMF","conceptId":"concept_DphXvInyYCnY"}},{"AssignType":{"id":"shape_uE8yxCgEMF","to":{"RefT":{"conceptId":"concept_hDKwZN_jobs"}},"conceptId":"concept_DphXvInyYCnY"}},{"AddRequest":{"requestId":"path_Oef9R29kOX}_get","pathId":"ag4QAG_path_2","httpMethod":"get"}},{"AddResponse":{"responseId":"response_MSk9TuQBWA","requestId":"path_Oef9R29kOX}_get","httpStatusCode":200}},{"DefineInlineConcept":{"root":"shape_cMFRGGoSoV","conceptId":"concept_djNFwnblaVBl"}},{"AssignType":{"id":"shape_cMFRGGoSoV","to":{"RefT":{"conceptId":"concept_PJhq26_normalizedjobs"}},"conceptId":"concept_djNFwnblaVBl"}},{"AddRequest":{"requestId":"path_R7qJBK09qA}_get","pathId":"ag4QAG_path_11","httpMethod":"get"}},{"AddResponse":{"responseId":"response_oVpZwJh85T","requestId":"path_R7qJBK09qA}_get","httpStatusCode":200}},{"DefineInlineConcept":{"root":"shape_bBB7VfM764","conceptId":"concept_vuIRjDUfHIa3"}},{"AssignType":{"id":"shape_bBB7VfM764","to":{"RefT":{"conceptId":"concept_tgvyL6_skilljobs"}},"conceptId":"concept_vuIRjDUfHIa3"}},{"AddRequest":{"requestId":"path_aBNuAj6V5c}_get","pathId":"ag4QAG_path_8","httpMethod":"get"}},{"AddResponse":{"responseId":"response_X71L3rMXnG","requestId":"path_aBNuAj6V5c}_get","httpStatusCode":200}},{"DefineInlineConcept":{"root":"shape_EC1JjVs2Bt","conceptId":"concept_Q1FRdDkdcG7z"}},{"AssignType":{"id":"shape_EC1JjVs2Bt","to":{"RefT":{"conceptId":"concept_tgvyL6_skilljobs"}},"conceptId":"concept_Q1FRdDkdcG7z"}},{"AddRequest":{"requestId":"path_SxzqvYoVPz}_get","pathId":"ag4QAG_path_10","httpMethod":"get"}},{"AddResponse":{"responseId":"response_8eKOSbsmCy","requestId":"path_SxzqvYoVPz}_get","httpStatusCode":200}},{"DefineInlineConcept":{"root":"shape_TdcYy0Gwz4","conceptId":"concept_pREtZFsK8EZA"}},{"AssignType":{"id":"shape_TdcYy0Gwz4","to":{"RefT":{"conceptId":"concept_KFiT2F_skill"}},"conceptId":"concept_pREtZFsK8EZA"}},{"AddRequest":{"requestId":"path_zSXQc7llz0}_get","pathId":"ag4QAG_path_12","httpMethod":"get"}},{"AddResponse":{"responseId":"response_HQ4Ee6PXz9","requestId":"path_zSXQc7llz0}_get","httpStatusCode":200}},{"DefineInlineConcept":{"root":"shape_o4vrSxxgnI","conceptId":"concept_Q21DO2jQK8aL"}},{"AssignType":{"id":"shape_o4vrSxxgnI","to":{"RefT":{"conceptId":"concept_og4OWY_skillrelatedskills"}},"conceptId":"concept_Q21DO2jQK8aL"}},{"AddRequest":{"requestId":"path_lqcdc02NCy}_get","pathId":"ag4QAG_path_0","httpMethod":"get"}},{"AddResponse":{"responseId":"response_mEoekNFcaQ","requestId":"path_lqcdc02NCy}_get","httpStatusCode":200}},{"DefineInlineConcept":{"root":"shape_OWfaC1cE5J","conceptId":"concept_tkmS1Eb6OLry"}},{"AssignType":{"id":"shape_OWfaC1cE5J","to":{"RefT":{"conceptId":"concept_hDKwZN_jobs"}},"conceptId":"concept_tkmS1Eb6OLry"}},{"AddRequest":{"requestId":"path_Ae1lsnielD}_get","pathId":"ag4QAG_path_3","httpMethod":"get"}},{"AddResponse":{"responseId":"response_mqK21QzB23","requestId":"path_Ae1lsnielD}_get","httpStatusCode":200}},{"DefineInlineConcept":{"root":"shape_L02VZVN79F","conceptId":"concept_g2NrCL6D5z2e"}},{"AssignType":{"id":"shape_L02VZVN79F","to":{"RefT":{"conceptId":"concept_PJhq26_normalizedjobs"}},"conceptId":"concept_g2NrCL6D5z2e"}},{"AddRequest":{"requestId":"path_WSCCkePpL8}_get","pathId":"ag4QAG_path_7","httpMethod":"get"}},{"AddResponse":{"responseId":"response_kHIVbaaHdW","requestId":"path_WSCCkePpL8}_get","httpStatusCode":200}},{"DefineInlineConcept":{"root":"shape_rhT8mSQx09","conceptId":"concept_bupfqqpZhu50"}},{"AssignType":{"id":"shape_rhT8mSQx09","to":{"RefT":{"conceptId":"concept_jDRdvk_skills"}},"conceptId":"concept_bupfqqpZhu50"}},{"AddRequest":{"requestId":"path_XoL38UQcvL}_get","pathId":"ag4QAG_path_6","httpMethod":"get"}},{"AddResponse":{"responseId":"response_UGQ98GcGlH","requestId":"path_XoL38UQcvL}_get","httpStatusCode":200}},{"DefineInlineConcept":{"root":"shape_ObPy2Ov7Dv","conceptId":"concept_de55szTPhViB"}},{"AssignType":{"id":"shape_ObPy2Ov7Dv","to":{"RefT":{"conceptId":"concept_KI4jsu_jobskills"}},"conceptId":"concept_de55szTPhViB"}},{"SetResponseBodyShape":{"responseId":"response_HXfidFdhwV","bodyDescriptor":{"httpContentType":"application/json","conceptId":"concept_wtEkCeQjKYXg"}}},{"SetResponseBodyShape":{"responseId":"response_8siYenUc7i","bodyDescriptor":{"httpContentType":"application/json","conceptId":"concept_LSTr6asYhNdc"}}},{"SetResponseBodyShape":{"responseId":"response_wnqBfKnXLk","bodyDescriptor":{"httpContentType":"application/json","conceptId":"concept_3Ta51ALEs42J"}}},{"SetResponseBodyShape":{"responseId":"response_VkvC6Es7dh","bodyDescriptor":{"httpContentType":"application/json","conceptId":"concept_DphXvInyYCnY"}}},{"SetResponseBodyShape":{"responseId":"response_MSk9TuQBWA","bodyDescriptor":{"httpContentType":"application/json","conceptId":"concept_djNFwnblaVBl"}}},{"SetResponseBodyShape":{"responseId":"response_oVpZwJh85T","bodyDescriptor":{"httpContentType":"application/json","conceptId":"concept_vuIRjDUfHIa3"}}},{"SetResponseBodyShape":{"responseId":"response_X71L3rMXnG","bodyDescriptor":{"httpContentType":"application/json","conceptId":"concept_Q1FRdDkdcG7z"}}},{"SetResponseBodyShape":{"responseId":"response_8eKOSbsmCy","bodyDescriptor":{"httpContentType":"application/json","conceptId":"concept_pREtZFsK8EZA"}}},{"SetResponseBodyShape":{"responseId":"response_HQ4Ee6PXz9","bodyDescriptor":{"httpContentType":"application/json","conceptId":"concept_Q21DO2jQK8aL"}}},{"SetResponseBodyShape":{"responseId":"response_mEoekNFcaQ","bodyDescriptor":{"httpContentType":"application/json","conceptId":"concept_tkmS1Eb6OLry"}}},{"SetResponseBodyShape":{"responseId":"response_mqK21QzB23","bodyDescriptor":{"httpContentType":"application/json","conceptId":"concept_g2NrCL6D5z2e"}}},{"SetResponseBodyShape":{"responseId":"response_kHIVbaaHdW","bodyDescriptor":{"httpContentType":"application/json","conceptId":"concept_bupfqqpZhu50"}}},{"SetResponseBodyShape":{"responseId":"response_UGQ98GcGlH","bodyDescriptor":{"httpContentType":"application/json","conceptId":"concept_de55szTPhViB"}}}]