[{"AddPathComponent":{"pathId":"1u6d5L_path_0","parentPathId":"root","name":"docket.{response_format}"}},{"AddPathComponent":{"pathId":"1u6d5L_path_1","parentPathId":"root","name":"document.{response_format}"}},{"AddPathComponent":{"pathId":"1u6d5L_path_2","parentPathId":"root","name":"documents.{response_format}"}},{"AddRequest":{"requestId":"path_q74dAbckop}_get","pathId":"1u6d5L_path_0","httpMethod":"get"}},{"AddResponse":{"responseId":"response_dHPlC33SPQ","requestId":"path_q74dAbckop}_get","httpStatusCode":200}},{"AddResponse":{"responseId":"response_c8Uz1bX1l9","requestId":"path_q74dAbckop}_get","httpStatusCode":400}},{"AddResponse":{"responseId":"response_Wsu2UlpvjC","requestId":"path_q74dAbckop}_get","httpStatusCode":404}},{"AddRequest":{"requestId":"path_Ud0ujGHSrt}_get","pathId":"1u6d5L_path_1","httpMethod":"get"}},{"AddResponse":{"responseId":"response_wgZZx1K5Cu","requestId":"path_Ud0ujGHSrt}_get","httpStatusCode":200}},{"AddResponse":{"responseId":"response_HqPFGqYmb5","requestId":"path_Ud0ujGHSrt}_get","httpStatusCode":400}},{"AddResponse":{"responseId":"response_bOMS6ySFwy","requestId":"path_Ud0ujGHSrt}_get","httpStatusCode":404}},{"AddRequest":{"requestId":"path_q3aa3zsL8w}_get","pathId":"1u6d5L_path_2","httpMethod":"get"}},{"AddResponse":{"responseId":"response_skmjulvOyV","requestId":"path_q3aa3zsL8w}_get","httpStatusCode":200}},{"AddResponse":{"responseId":"response_4LVXAG3Wzn","requestId":"path_q3aa3zsL8w}_get","httpStatusCode":400}},{"AddResponse":{"responseId":"response_LhJxcyufh1","requestId":"path_q3aa3zsL8w}_get","httpStatusCode":404}}]