[{"DefineConcept":{"name":"domains","root":"shape_24PEgyE36b","conceptId":"concept_bl5gRV_domains"}},{"SetConceptName":{"newName":"domains","conceptId":"concept_bl5gRV_domains"}},{"AssignType":{"id":"shape_24PEgyE36b","to":{"ObjectT":{}},"conceptId":"concept_bl5gRV_domains"}},{"AddField":{"parentId":"shape_24PEgyE36b","id":"shape_ZwKu9ZayHT","conceptId":"concept_bl5gRV_domains"}},{"SetFieldName":{"id":"shape_ZwKu9ZayHT","newName":"domains","conceptId":"concept_bl5gRV_domains"}},{"AssignType":{"id":"shape_ZwKu9ZayHT","to":{"ListT":{}},"conceptId":"concept_bl5gRV_domains"}},{"AddTypeParameter":{"parentId":"shape_ZwKu9ZayHT","id":"shape_iHetJbfu08","conceptId":"concept_bl5gRV_domains"}},{"AssignType":{"id":"shape_iHetJbfu08","to":{"AnyT":{}},"conceptId":"concept_bl5gRV_domains"}},{"AddField":{"parentId":"shape_24PEgyE36b","id":"shape_fCqEBrxLlJ","conceptId":"concept_bl5gRV_domains"}},{"SetFieldName":{"id":"shape_fCqEBrxLlJ","newName":"time","conceptId":"concept_bl5gRV_domains"}},{"AssignType":{"id":"shape_fCqEBrxLlJ","to":{"IntegerT":{}},"conceptId":"concept_bl5gRV_domains"}},{"AddField":{"parentId":"shape_24PEgyE36b","id":"shape_qNVK3HGSYo","conceptId":"concept_bl5gRV_domains"}},{"SetFieldName":{"id":"shape_qNVK3HGSYo","newName":"total","conceptId":"concept_bl5gRV_domains"}},{"AssignType":{"id":"shape_qNVK3HGSYo","to":{"IntegerT":{}},"conceptId":"concept_bl5gRV_domains"}},{"AddPathComponent":{"pathId":"hmnnRV_path_0","parentPathId":"root","name":"search"}},{"AddRequest":{"requestId":"path_t83RCnQgxe}_get","pathId":"hmnnRV_path_0","httpMethod":"get"}},{"AddResponse":{"responseId":"response_5x2ZWypQfP","requestId":"path_t83RCnQgxe}_get","httpStatusCode":200}},{"DefineInlineConcept":{"root":"shape_zpAfMACpow","conceptId":"concept_qAn8xqr9J069"}},{"AssignType":{"id":"shape_zpAfMACpow","to":{"RefT":{"conceptId":"concept_bl5gRV_domains"}},"conceptId":"concept_qAn8xqr9J069"}},{"AddResponse":{"responseId":"response_wSmdpeX6FW","requestId":"path_t83RCnQgxe}_get","httpStatusCode":405}},{"SetResponseBodyShape":{"responseId":"response_5x2ZWypQfP","bodyDescriptor":{"httpContentType":"application/json","conceptId":"concept_qAn8xqr9J069"}}}]