[{"AddPathComponent":{"pathId":"fSoGTX_path_0","parentPathId":"root","name":"api"}},{"AddPathComponent":{"pathId":"fSoGTX_path_1","parentPathId":"fSoGTX_path_0","name":"v1"}},{"AddPathComponent":{"pathId":"fSoGTX_path_2","parentPathId":"fSoGTX_path_1","name":"cinema"}},{"AddPathComponent":{"pathId":"fSoGTX_path_3","parentPathId":"fSoGTX_path_1","name":"cinema-detail"}},{"AddPathComponent":{"pathId":"fSoGTX_path_4","parentPathId":"fSoGTX_path_3","name":"search"}},{"AddPathParameter":{"pathId":"fSoGTX_path_5","parentPathId":"fSoGTX_path_4","name":"cinema_name"}},{"AddPathComponent":{"pathId":"fSoGTX_path_6","parentPathId":"fSoGTX_path_1","name":"cinema-schedule"}},{"AddPathComponent":{"pathId":"fSoGTX_path_7","parentPathId":"fSoGTX_path_6","name":"search"}},{"AddPathParameter":{"pathId":"fSoGTX_path_8","parentPathId":"fSoGTX_path_7","name":"movie_title"}},{"AddPathComponent":{"pathId":"fSoGTX_path_9","parentPathId":"fSoGTX_path_6","name":"searchall"}},{"AddPathParameter":{"pathId":"fSoGTX_path_10","parentPathId":"fSoGTX_path_9","name":"param"}},{"AddPathComponent":{"pathId":"fSoGTX_path_11","parentPathId":"fSoGTX_path_1","name":"cinema-shedule-showtime"}},{"AddPathComponent":{"pathId":"fSoGTX_path_12","parentPathId":"fSoGTX_path_11","name":"search"}},{"AddPathParameter":{"pathId":"fSoGTX_path_13","parentPathId":"fSoGTX_path_12","name":"movie_title"}},{"AddPathComponent":{"pathId":"fSoGTX_path_14","parentPathId":"fSoGTX_path_11","name":"searchall"}},{"AddPathParameter":{"pathId":"fSoGTX_path_15","parentPathId":"fSoGTX_path_14","name":"param"}},{"AddPathComponent":{"pathId":"fSoGTX_path_16","parentPathId":"fSoGTX_path_2","name":"search"}},{"AddPathParameter":{"pathId":"fSoGTX_path_17","parentPathId":"fSoGTX_path_16","name":"id"}},{"AddPathComponent":{"pathId":"fSoGTX_path_18","parentPathId":"fSoGTX_path_1","name":"company"}},{"AddPathComponent":{"pathId":"fSoGTX_path_19","parentPathId":"fSoGTX_path_1","name":"company-credits"}},{"AddPathComponent":{"pathId":"fSoGTX_path_20","parentPathId":"fSoGTX_path_19","name":"search"}},{"AddPathParameter":{"pathId":"fSoGTX_path_21","parentPathId":"fSoGTX_path_20","name":"movie_title"}},{"AddPathComponent":{"pathId":"fSoGTX_path_22","parentPathId":"fSoGTX_path_19","name":"searchall"}},{"AddPathParameter":{"pathId":"fSoGTX_path_23","parentPathId":"fSoGTX_path_22","name":"param"}},{"AddPathComponent":{"pathId":"fSoGTX_path_24","parentPathId":"fSoGTX_path_18","name":"search"}},{"AddPathParameter":{"pathId":"fSoGTX_path_25","parentPathId":"fSoGTX_path_24","name":"company_name"}},{"AddPathComponent":{"pathId":"fSoGTX_path_26","parentPathId":"fSoGTX_path_1","name":"filmography"}},{"AddPathComponent":{"pathId":"fSoGTX_path_27","parentPathId":"fSoGTX_path_1","name":"filmography-type"}},{"AddPathComponent":{"pathId":"fSoGTX_path_28","parentPathId":"fSoGTX_path_27","name":"search"}},{"AddPathParameter":{"pathId":"fSoGTX_path_29","parentPathId":"fSoGTX_path_28","name":"filmography_description"}},{"AddPathComponent":{"pathId":"fSoGTX_path_30","parentPathId":"fSoGTX_path_26","name":"search"}},{"AddPathParameter":{"pathId":"fSoGTX_path_31","parentPathId":"fSoGTX_path_30","name":"movie_title"}},{"AddPathComponent":{"pathId":"fSoGTX_path_32","parentPathId":"fSoGTX_path_26","name":"searchall"}},{"AddPathParameter":{"pathId":"fSoGTX_path_33","parentPathId":"fSoGTX_path_32","name":"param"}},{"AddPathComponent":{"pathId":"fSoGTX_path_34","parentPathId":"fSoGTX_path_1","name":"genre"}},{"AddPathComponent":{"pathId":"fSoGTX_path_35","parentPathId":"fSoGTX_path_1","name":"genre-type"}},{"AddPathComponent":{"pathId":"fSoGTX_path_36","parentPathId":"fSoGTX_path_35","name":"search"}},{"AddPathParameter":{"pathId":"fSoGTX_path_37","parentPathId":"fSoGTX_path_36","name":"genre_description"}},{"AddPathComponent":{"pathId":"fSoGTX_path_38","parentPathId":"fSoGTX_path_34","name":"search"}},{"AddPathParameter":{"pathId":"fSoGTX_path_39","parentPathId":"fSoGTX_path_38","name":"movie_title"}},{"AddPathComponent":{"pathId":"fSoGTX_path_40","parentPathId":"fSoGTX_path_34","name":"searchall"}},{"AddPathParameter":{"pathId":"fSoGTX_path_41","parentPathId":"fSoGTX_path_40","name":"movie_genre_type"}},{"AddPathComponent":{"pathId":"fSoGTX_path_42","parentPathId":"fSoGTX_path_1","name":"job"}},{"AddPathComponent":{"pathId":"fSoGTX_path_43","parentPathId":"fSoGTX_path_42","name":"search"}},{"AddPathParameter":{"pathId":"fSoGTX_path_44","parentPathId":"fSoGTX_path_43","name":"job_title"}},{"AddPathComponent":{"pathId":"fSoGTX_path_45","parentPathId":"fSoGTX_path_42","name":"searchall"}},{"AddPathParameter":{"pathId":"fSoGTX_path_46","parentPathId":"fSoGTX_path_45","name":"company_name"}},{"AddPathComponent":{"pathId":"fSoGTX_path_47","parentPathId":"fSoGTX_path_1","name":"media"}},{"AddPathComponent":{"pathId":"fSoGTX_path_48","parentPathId":"fSoGTX_path_47","name":"search"}},{"AddPathParameter":{"pathId":"fSoGTX_path_49","parentPathId":"fSoGTX_path_48","name":"movie_title"}},{"AddPathComponent":{"pathId":"fSoGTX_path_50","parentPathId":"fSoGTX_path_47","name":"searchall"}},{"AddPathParameter":{"pathId":"fSoGTX_path_51","parentPathId":"fSoGTX_path_50","name":"user"}},{"AddPathComponent":{"pathId":"fSoGTX_path_52","parentPathId":"fSoGTX_path_1","name":"movie"}},{"AddPathComponent":{"pathId":"fSoGTX_path_53","parentPathId":"fSoGTX_path_1","name":"movie-cast"}},{"AddPathComponent":{"pathId":"fSoGTX_path_54","parentPathId":"fSoGTX_path_53","name":"search"}},{"AddPathParameter":{"pathId":"fSoGTX_path_55","parentPathId":"fSoGTX_path_54","name":"movie_title"}},{"AddPathComponent":{"pathId":"fSoGTX_path_56","parentPathId":"fSoGTX_path_53","name":"searchall"}},{"AddPathParameter":{"pathId":"fSoGTX_path_57","parentPathId":"fSoGTX_path_56","name":"param"}},{"AddPathComponent":{"pathId":"fSoGTX_path_58","parentPathId":"fSoGTX_path_52","name":"search"}},{"AddPathParameter":{"pathId":"fSoGTX_path_59","parentPathId":"fSoGTX_path_58","name":"movie_title"}},{"AddPathComponent":{"pathId":"fSoGTX_path_60","parentPathId":"fSoGTX_path_1","name":"news"}},{"AddPathComponent":{"pathId":"fSoGTX_path_61","parentPathId":"fSoGTX_path_60","name":"search"}},{"AddPathParameter":{"pathId":"fSoGTX_path_62","parentPathId":"fSoGTX_path_61","name":"title"}},{"AddPathComponent":{"pathId":"fSoGTX_path_63","parentPathId":"fSoGTX_path_1","name":"people"}},{"AddPathComponent":{"pathId":"fSoGTX_path_64","parentPathId":"fSoGTX_path_63","name":"search"}},{"AddPathParameter":{"pathId":"fSoGTX_path_65","parentPathId":"fSoGTX_path_64","name":"user"}},{"AddPathComponent":{"pathId":"fSoGTX_path_66","parentPathId":"fSoGTX_path_1","name":"showtime"}},{"AddPathComponent":{"pathId":"fSoGTX_path_67","parentPathId":"fSoGTX_path_66","name":"searchall"}},{"AddPathParameter":{"pathId":"fSoGTX_path_68","parentPathId":"fSoGTX_path_67","name":"param"}},{"AddPathComponent":{"pathId":"fSoGTX_path_69","parentPathId":"fSoGTX_path_1","name":"watchlist"}},{"AddPathComponent":{"pathId":"fSoGTX_path_70","parentPathId":"fSoGTX_path_69","name":"search"}},{"AddPathParameter":{"pathId":"fSoGTX_path_71","parentPathId":"fSoGTX_path_70","name":"movie_title"}},{"AddPathComponent":{"pathId":"fSoGTX_path_72","parentPathId":"fSoGTX_path_69","name":"searchall"}},{"AddPathParameter":{"pathId":"fSoGTX_path_73","parentPathId":"fSoGTX_path_72","name":"param"}},{"AddRequest":{"requestId":"path_FoKm5BftlS}_get","pathId":"fSoGTX_path_8","httpMethod":"get"}},{"AddResponse":{"responseId":"response_2sOQ4k2vCo","requestId":"path_FoKm5BftlS}_get","httpStatusCode":200}},{"AddRequest":{"requestId":"path_n6Cn4NQEPx}_get","pathId":"fSoGTX_path_17","httpMethod":"get"}},{"AddResponse":{"responseId":"response_PRiK6yKJrS","requestId":"path_n6Cn4NQEPx}_get","httpStatusCode":200}},{"AddRequest":{"requestId":"path_zkb1gLH4Nh}_get","pathId":"fSoGTX_path_46","httpMethod":"get"}},{"AddResponse":{"responseId":"response_ziJ7iyywyG","requestId":"path_zkb1gLH4Nh}_get","httpStatusCode":200}},{"AddRequest":{"requestId":"path_aghQqDyvjQ}_get","pathId":"fSoGTX_path_62","httpMethod":"get"}},{"AddResponse":{"responseId":"response_toxXP2G9aD","requestId":"path_aghQqDyvjQ}_get","httpStatusCode":200}},{"AddRequest":{"requestId":"path_wWAH09qE2A}_get","pathId":"fSoGTX_path_59","httpMethod":"get"}},{"AddResponse":{"responseId":"response_9xIfKeApUx","requestId":"path_wWAH09qE2A}_get","httpStatusCode":200}},{"AddRequest":{"requestId":"path_fT48j90I5C}_get","pathId":"fSoGTX_path_13","httpMethod":"get"}},{"AddResponse":{"responseId":"response_jH8HVA1flH","requestId":"path_fT48j90I5C}_get","httpStatusCode":200}},{"AddRequest":{"requestId":"path_mATeQ56C4W}_get","pathId":"fSoGTX_path_25","httpMethod":"get"}},{"AddResponse":{"responseId":"response_4CsLiF5jV0","requestId":"path_mATeQ56C4W}_get","httpStatusCode":200}},{"AddRequest":{"requestId":"path_48yma82RUP}_get","pathId":"fSoGTX_path_68","httpMethod":"get"}},{"AddResponse":{"responseId":"response_x6rPJNo1mr","requestId":"path_48yma82RUP}_get","httpStatusCode":200}},{"AddRequest":{"requestId":"path_UNnY8NKJ8d}_get","pathId":"fSoGTX_path_55","httpMethod":"get"}},{"AddResponse":{"responseId":"response_mthDVq0vPP","requestId":"path_UNnY8NKJ8d}_get","httpStatusCode":200}},{"AddRequest":{"requestId":"path_lDJq2aJAmm}_get","pathId":"fSoGTX_path_10","httpMethod":"get"}},{"AddResponse":{"responseId":"response_pJXc2vy8pJ","requestId":"path_lDJq2aJAmm}_get","httpStatusCode":200}},{"AddRequest":{"requestId":"path_lEycSjNtLr}_get","pathId":"fSoGTX_path_51","httpMethod":"get"}},{"AddResponse":{"responseId":"response_ns8YZ8XiZQ","requestId":"path_lEycSjNtLr}_get","httpStatusCode":200}},{"AddRequest":{"requestId":"path_TtAjpePP2L}_get","pathId":"fSoGTX_path_57","httpMethod":"get"}},{"AddResponse":{"responseId":"response_a6iUSYsuUa","requestId":"path_TtAjpePP2L}_get","httpStatusCode":200}},{"AddRequest":{"requestId":"path_t73Ysofxlr}_get","pathId":"fSoGTX_path_33","httpMethod":"get"}},{"AddResponse":{"responseId":"response_RMQgTBmky0","requestId":"path_t73Ysofxlr}_get","httpStatusCode":200}},{"AddRequest":{"requestId":"path_2yPAePwn10}_get","pathId":"fSoGTX_path_15","httpMethod":"get"}},{"AddResponse":{"responseId":"response_Q6tKlZskLD","requestId":"path_2yPAePwn10}_get","httpStatusCode":200}},{"AddRequest":{"requestId":"path_2YojQXF3tD}_get","pathId":"fSoGTX_path_71","httpMethod":"get"}},{"AddResponse":{"responseId":"response_1kzyEu2nDq","requestId":"path_2YojQXF3tD}_get","httpStatusCode":200}},{"AddRequest":{"requestId":"path_GgsNOnyiVN}_get","pathId":"fSoGTX_path_73","httpMethod":"get"}},{"AddResponse":{"responseId":"response_Bf1Cvg4pkr","requestId":"path_GgsNOnyiVN}_get","httpStatusCode":200}},{"AddRequest":{"requestId":"path_jROmx99EvP}_get","pathId":"fSoGTX_path_39","httpMethod":"get"}},{"AddResponse":{"responseId":"response_3WknHVomJ5","requestId":"path_jROmx99EvP}_get","httpStatusCode":200}},{"AddRequest":{"requestId":"path_5qDuXvia5a}_get","pathId":"fSoGTX_path_37","httpMethod":"get"}},{"AddResponse":{"responseId":"response_ysJmOvu1aV","requestId":"path_5qDuXvia5a}_get","httpStatusCode":200}},{"AddRequest":{"requestId":"path_vBg7x4oM7D}_get","pathId":"fSoGTX_path_21","httpMethod":"get"}},{"AddResponse":{"responseId":"response_rbnVGhcjHX","requestId":"path_vBg7x4oM7D}_get","httpStatusCode":200}},{"AddRequest":{"requestId":"path_dWwoymwhBj}_get","pathId":"fSoGTX_path_41","httpMethod":"get"}},{"AddResponse":{"responseId":"response_ey7vmfN7g4","requestId":"path_dWwoymwhBj}_get","httpStatusCode":200}},{"AddRequest":{"requestId":"path_aNbYoNtMCo}_get","pathId":"fSoGTX_path_49","httpMethod":"get"}},{"AddResponse":{"responseId":"response_Luw8kPr2rZ","requestId":"path_aNbYoNtMCo}_get","httpStatusCode":200}},{"AddRequest":{"requestId":"path_GM4cUlpLAQ}_get","pathId":"fSoGTX_path_23","httpMethod":"get"}},{"AddResponse":{"responseId":"response_bAF8YP213c","requestId":"path_GM4cUlpLAQ}_get","httpStatusCode":200}},{"AddRequest":{"requestId":"path_th6bW3HDHB}_get","pathId":"fSoGTX_path_44","httpMethod":"get"}},{"AddResponse":{"responseId":"response_ZFkPqC6DCH","requestId":"path_th6bW3HDHB}_get","httpStatusCode":200}},{"AddRequest":{"requestId":"path_P6eajIvTOz}_get","pathId":"fSoGTX_path_29","httpMethod":"get"}},{"AddResponse":{"responseId":"response_b56jwrAq22","requestId":"path_P6eajIvTOz}_get","httpStatusCode":200}},{"AddRequest":{"requestId":"path_474HX4yAt9}_get","pathId":"fSoGTX_path_5","httpMethod":"get"}},{"AddResponse":{"responseId":"response_Nvja4s7Xb3","requestId":"path_474HX4yAt9}_get","httpStatusCode":200}},{"AddRequest":{"requestId":"path_JdB4NLnC91}_get","pathId":"fSoGTX_path_65","httpMethod":"get"}},{"AddResponse":{"responseId":"response_LgoKEfwqb7","requestId":"path_JdB4NLnC91}_get","httpStatusCode":200}},{"AddRequest":{"requestId":"path_aPmytuHQAC}_get","pathId":"fSoGTX_path_31","httpMethod":"get"}},{"AddResponse":{"responseId":"response_lgwtOxNP6F","requestId":"path_aPmytuHQAC}_get","httpStatusCode":200}}]