[{"DefineConcept":{"name":"Channel","root":"shape_MUrAZAhdrB","conceptId":"concept_VWPYSC_channel"}},{"SetConceptName":{"newName":"Channel","conceptId":"concept_VWPYSC_channel"}},{"DefineConcept":{"name":"RssResponse","root":"shape_D3hrX0BZ1d","conceptId":"concept_WZH6J5_rssresponse"}},{"SetConceptName":{"newName":"RssResponse","conceptId":"concept_WZH6J5_rssresponse"}},{"DefineConcept":{"name":"AtomLink","root":"shape_e9xlknkUar","conceptId":"concept_XvGJZY_atomlink"}},{"SetConceptName":{"newName":"AtomLink","conceptId":"concept_XvGJZY_atomlink"}},{"DefineConcept":{"name":"Query","root":"shape_n9PFoeHH8k","conceptId":"concept_BCbH4C_query"}},{"SetConceptName":{"newName":"Query","conceptId":"concept_BCbH4C_query"}},{"DefineConcept":{"name":"View","root":"shape_VNP2exSR0A","conceptId":"concept_uyHIF5_view"}},{"SetConceptName":{"newName":"View","conceptId":"concept_uyHIF5_view"}},{"DefineConcept":{"name":"Enclosure","root":"shape_c0Z71iRsCl","conceptId":"concept_lmswXy_enclosure"}},{"SetConceptName":{"newName":"Enclosure","conceptId":"concept_lmswXy_enclosure"}},{"DefineConcept":{"name":"ModelMap","root":"shape_t3W7ZYCNMK","conceptId":"concept_yjKvtx_modelmap"}},{"SetConceptName":{"newName":"ModelMap","conceptId":"concept_yjKvtx_modelmap"}},{"DefineConcept":{"name":"Statistic","root":"shape_eDFSwREp5q","conceptId":"concept_r8dYVC_statistic"}},{"SetConceptName":{"newName":"Statistic","conceptId":"concept_r8dYVC_statistic"}},{"DefineConcept":{"name":"ModelAndView","root":"shape_adN8HqCTHR","conceptId":"concept_OtOVrr_modelandview"}},{"SetConceptName":{"newName":"ModelAndView","conceptId":"concept_OtOVrr_modelandview"}},{"DefineConcept":{"name":"Item","root":"shape_rSh8GT9tRk","conceptId":"concept_8zQxE0_item"}},{"SetConceptName":{"newName":"Item","conceptId":"concept_8zQxE0_item"}},{"DefineConcept":{"name":"ChannelImage","root":"shape_dM8V8S2nCK","conceptId":"concept_PZXmJD_channelimage"}},{"SetConceptName":{"newName":"ChannelImage","conceptId":"concept_PZXmJD_channelimage"}},{"AssignType":{"id":"shape_MUrAZAhdrB","to":{"AnyT":{}},"conceptId":"concept_VWPYSC_channel"}},{"AssignType":{"id":"shape_D3hrX0BZ1d","to":{"AnyT":{}},"conceptId":"concept_WZH6J5_rssresponse"}},{"AssignType":{"id":"shape_e9xlknkUar","to":{"AnyT":{}},"conceptId":"concept_XvGJZY_atomlink"}},{"AssignType":{"id":"shape_n9PFoeHH8k","to":{"AnyT":{}},"conceptId":"concept_BCbH4C_query"}},{"AssignType":{"id":"shape_VNP2exSR0A","to":{"ObjectT":{}},"conceptId":"concept_uyHIF5_view"}},{"AddField":{"parentId":"shape_VNP2exSR0A","id":"shape_wZalwjEPcV","conceptId":"concept_uyHIF5_view"}},{"SetFieldName":{"id":"shape_wZalwjEPcV","newName":"contentType","conceptId":"concept_uyHIF5_view"}},{"AssignType":{"id":"shape_wZalwjEPcV","to":{"StringT":{}},"conceptId":"concept_uyHIF5_view"}},{"AssignType":{"id":"shape_c0Z71iRsCl","to":{"AnyT":{}},"conceptId":"concept_lmswXy_enclosure"}},{"AssignType":{"id":"shape_t3W7ZYCNMK","to":{"ObjectT":{}},"conceptId":"concept_yjKvtx_modelmap"}},{"AssignType":{"id":"shape_eDFSwREp5q","to":{"AnyT":{}},"conceptId":"concept_r8dYVC_statistic"}},{"AssignType":{"id":"shape_adN8HqCTHR","to":{"AnyT":{}},"conceptId":"concept_OtOVrr_modelandview"}},{"AssignType":{"id":"shape_rSh8GT9tRk","to":{"AnyT":{}},"conceptId":"concept_8zQxE0_item"}},{"AssignType":{"id":"shape_dM8V8S2nCK","to":{"AnyT":{}},"conceptId":"concept_PZXmJD_channelimage"}},{"AddPathComponent":{"pathId":"Kg7DMD_path_0","parentPathId":"root","name":"v2"}},{"AddPathComponent":{"pathId":"Kg7DMD_path_1","parentPathId":"Kg7DMD_path_0","name":"dataset"}},{"AddPathComponent":{"pathId":"Kg7DMD_path_2","parentPathId":"Kg7DMD_path_1","name":"{id}.json"}},{"AddPathComponent":{"pathId":"Kg7DMD_path_3","parentPathId":"Kg7DMD_path_0","name":"datasets.json"}},{"AddPathComponent":{"pathId":"Kg7DMD_path_4","parentPathId":"Kg7DMD_path_0","name":"opensearch.rss"}},{"AddPathComponent":{"pathId":"Kg7DMD_path_5","parentPathId":"Kg7DMD_path_0","name":"provider"}},{"AddPathComponent":{"pathId":"Kg7DMD_path_6","parentPathId":"Kg7DMD_path_5","name":"{id}.json"}},{"AddPathComponent":{"pathId":"Kg7DMD_path_7","parentPathId":"Kg7DMD_path_6","name":"datasets.json"}},{"AddPathComponent":{"pathId":"Kg7DMD_path_8","parentPathId":"Kg7DMD_path_0","name":"providers.json"}},{"AddPathComponent":{"pathId":"Kg7DMD_path_9","parentPathId":"Kg7DMD_path_0","name":"record"}},{"AddPathParameter":{"pathId":"Kg7DMD_path_10","parentPathId":"Kg7DMD_path_9","name":""}},{"AddPathComponent":{"pathId":"Kg7DMD_path_11","parentPathId":"Kg7DMD_path_10","name":"{recordId}.rdf"}},{"AddPathComponent":{"pathId":"Kg7DMD_path_12","parentPathId":"Kg7DMD_path_0","name":"search.json"}},{"AddPathComponent":{"pathId":"Kg7DMD_path_13","parentPathId":"Kg7DMD_path_0","name":"search.rss"}},{"AddPathComponent":{"pathId":"Kg7DMD_path_14","parentPathId":"Kg7DMD_path_0","name":"suggestions.json"}},{"AddPathComponent":{"pathId":"Kg7DMD_path_15","parentPathId":"Kg7DMD_path_0","name":"translateQuery.json"}},{"AddRequest":{"requestId":"path_trwQDnE6Vi}_get","pathId":"Kg7DMD_path_15","httpMethod":"get"}},{"AddResponse":{"responseId":"response_Q4bJ6ZmEPK","requestId":"path_trwQDnE6Vi}_get","httpStatusCode":200}},{"DefineInlineConcept":{"root":"shape_OjRRDiE8s3","conceptId":"concept_Cz6uk7Ipa43m"}},{"AssignType":{"id":"shape_OjRRDiE8s3","to":{"RefT":{"conceptId":"concept_OtOVrr_modelandview"}},"conceptId":"concept_Cz6uk7Ipa43m"}},{"AddResponse":{"responseId":"response_4qTVRrSDEi","requestId":"path_trwQDnE6Vi}_get","httpStatusCode":401}},{"AddResponse":{"responseId":"response_ZcJTSYcctn","requestId":"path_trwQDnE6Vi}_get","httpStatusCode":403}},{"AddResponse":{"responseId":"response_xg6mOSso23","requestId":"path_trwQDnE6Vi}_get","httpStatusCode":404}},{"AddRequest":{"requestId":"path_sBwTQzSvXU}_get","pathId":"Kg7DMD_path_6","httpMethod":"get"}},{"AddResponse":{"responseId":"response_tyvEsyAzvn","requestId":"path_sBwTQzSvXU}_get","httpStatusCode":200}},{"DefineInlineConcept":{"root":"shape_0sXYLqpFth","conceptId":"concept_xdjB8398SuZD"}},{"AssignType":{"id":"shape_0sXYLqpFth","to":{"RefT":{"conceptId":"concept_OtOVrr_modelandview"}},"conceptId":"concept_xdjB8398SuZD"}},{"AddResponse":{"responseId":"response_zf0TK33c7o","requestId":"path_sBwTQzSvXU}_get","httpStatusCode":401}},{"AddResponse":{"responseId":"response_Z4up8jwCgX","requestId":"path_sBwTQzSvXU}_get","httpStatusCode":403}},{"AddResponse":{"responseId":"response_UuP8UG4dJe","requestId":"path_sBwTQzSvXU}_get","httpStatusCode":404}},{"AddRequest":{"requestId":"path_EQJzrpOT1I}_get","pathId":"Kg7DMD_path_11","httpMethod":"get"}},{"AddResponse":{"responseId":"response_CyCIQta7Li","requestId":"path_EQJzrpOT1I}_get","httpStatusCode":200}},{"DefineInlineConcept":{"root":"shape_lbDacc6QHi","conceptId":"concept_JDEPrVSiML0z"}},{"AssignType":{"id":"shape_lbDacc6QHi","to":{"RefT":{"conceptId":"concept_OtOVrr_modelandview"}},"conceptId":"concept_JDEPrVSiML0z"}},{"AddResponse":{"responseId":"response_0LQECX6NZM","requestId":"path_EQJzrpOT1I}_get","httpStatusCode":401}},{"AddResponse":{"responseId":"response_cP2C2aZjkX","requestId":"path_EQJzrpOT1I}_get","httpStatusCode":403}},{"AddResponse":{"responseId":"response_JmhVDvhuzK","requestId":"path_EQJzrpOT1I}_get","httpStatusCode":404}},{"AddRequest":{"requestId":"path_vML7IXgPyQ}_get","pathId":"Kg7DMD_path_11","httpMethod":"get"}},{"AddResponse":{"responseId":"response_g3ZDHluBNz","requestId":"path_vML7IXgPyQ}_get","httpStatusCode":200}},{"DefineInlineConcept":{"root":"shape_woOYl0OIsu","conceptId":"concept_WTwUuXrvd3eX"}},{"AssignType":{"id":"shape_woOYl0OIsu","to":{"RefT":{"conceptId":"concept_OtOVrr_modelandview"}},"conceptId":"concept_WTwUuXrvd3eX"}},{"AddResponse":{"responseId":"response_qiXiZCiBJ4","requestId":"path_vML7IXgPyQ}_get","httpStatusCode":401}},{"AddResponse":{"responseId":"response_UQWyQVJg42","requestId":"path_vML7IXgPyQ}_get","httpStatusCode":403}},{"AddResponse":{"responseId":"response_4IpO8lqMFv","requestId":"path_vML7IXgPyQ}_get","httpStatusCode":404}},{"AddRequest":{"requestId":"path_jitGAZj0c4}_get","pathId":"Kg7DMD_path_12","httpMethod":"get"}},{"AddResponse":{"responseId":"response_2A1zEbJ4Oq","requestId":"path_jitGAZj0c4}_get","httpStatusCode":200}},{"DefineInlineConcept":{"root":"shape_JnXtC3SpfT","conceptId":"concept_0VdOd5nS4Qwt"}},{"AssignType":{"id":"shape_JnXtC3SpfT","to":{"RefT":{"conceptId":"concept_OtOVrr_modelandview"}},"conceptId":"concept_0VdOd5nS4Qwt"}},{"AddResponse":{"responseId":"response_bxSSTSQzTi","requestId":"path_jitGAZj0c4}_get","httpStatusCode":401}},{"AddResponse":{"responseId":"response_v2EQanb5mC","requestId":"path_jitGAZj0c4}_get","httpStatusCode":403}},{"AddResponse":{"responseId":"response_efowweOvyX","requestId":"path_jitGAZj0c4}_get","httpStatusCode":404}},{"AddRequest":{"requestId":"path_LsFeoAMUDW}_get","pathId":"Kg7DMD_path_4","httpMethod":"get"}},{"AddResponse":{"responseId":"response_UoPXnJjxrs","requestId":"path_LsFeoAMUDW}_get","httpStatusCode":200}},{"DefineInlineConcept":{"root":"shape_9gBD0jEPGe","conceptId":"concept_Z6rz3IJpaH3r"}},{"AssignType":{"id":"shape_9gBD0jEPGe","to":{"RefT":{"conceptId":"concept_WZH6J5_rssresponse"}},"conceptId":"concept_Z6rz3IJpaH3r"}},{"AddResponse":{"responseId":"response_1MGyzkMfC8","requestId":"path_LsFeoAMUDW}_get","httpStatusCode":401}},{"AddResponse":{"responseId":"response_VQAjre69ts","requestId":"path_LsFeoAMUDW}_get","httpStatusCode":403}},{"AddResponse":{"responseId":"response_mW985mM4kG","requestId":"path_LsFeoAMUDW}_get","httpStatusCode":404}},{"AddRequest":{"requestId":"path_JNznuCO7UL}_get","pathId":"Kg7DMD_path_14","httpMethod":"get"}},{"AddResponse":{"responseId":"response_UO4Lg5Q24B","requestId":"path_JNznuCO7UL}_get","httpStatusCode":200}},{"DefineInlineConcept":{"root":"shape_mSasmrct1m","conceptId":"concept_YWCh2kNU7jOM"}},{"AssignType":{"id":"shape_mSasmrct1m","to":{"RefT":{"conceptId":"concept_OtOVrr_modelandview"}},"conceptId":"concept_YWCh2kNU7jOM"}},{"AddResponse":{"responseId":"response_VcPEmxGWrs","requestId":"path_JNznuCO7UL}_get","httpStatusCode":401}},{"AddResponse":{"responseId":"response_UDL0iF5HDc","requestId":"path_JNznuCO7UL}_get","httpStatusCode":403}},{"AddResponse":{"responseId":"response_GRlgAeut7G","requestId":"path_JNznuCO7UL}_get","httpStatusCode":404}},{"AddRequest":{"requestId":"path_ziNu3MdK6n}_get","pathId":"Kg7DMD_path_11","httpMethod":"get"}},{"AddResponse":{"responseId":"response_vwhI7Yiw5P","requestId":"path_ziNu3MdK6n}_get","httpStatusCode":200}},{"DefineInlineConcept":{"root":"shape_2PjniQCddt","conceptId":"concept_LklYuCMFQZ75"}},{"AssignType":{"id":"shape_2PjniQCddt","to":{"RefT":{"conceptId":"concept_OtOVrr_modelandview"}},"conceptId":"concept_LklYuCMFQZ75"}},{"AddResponse":{"responseId":"response_v5nHhxcEu3","requestId":"path_ziNu3MdK6n}_get","httpStatusCode":401}},{"AddResponse":{"responseId":"response_mcDBG4yniW","requestId":"path_ziNu3MdK6n}_get","httpStatusCode":403}},{"AddResponse":{"responseId":"response_vE09ROpIGu","requestId":"path_ziNu3MdK6n}_get","httpStatusCode":404}},{"AddRequest":{"requestId":"path_w7GQ0Wxome}_get","pathId":"Kg7DMD_path_13","httpMethod":"get"}},{"AddResponse":{"responseId":"response_gGRQ1wUNg5","requestId":"path_w7GQ0Wxome}_get","httpStatusCode":200}},{"DefineInlineConcept":{"root":"shape_Pld8bVaIpl","conceptId":"concept_5nQ0fWAPUzSb"}},{"AssignType":{"id":"shape_Pld8bVaIpl","to":{"RefT":{"conceptId":"concept_OtOVrr_modelandview"}},"conceptId":"concept_5nQ0fWAPUzSb"}},{"AddResponse":{"responseId":"response_xN7bQw3Ekp","requestId":"path_w7GQ0Wxome}_get","httpStatusCode":401}},{"AddResponse":{"responseId":"response_d8nxvn3cM3","requestId":"path_w7GQ0Wxome}_get","httpStatusCode":403}},{"AddResponse":{"responseId":"response_8mzuR0ggIC","requestId":"path_w7GQ0Wxome}_get","httpStatusCode":404}},{"AddRequest":{"requestId":"path_PQFhHzDPnL}_get","pathId":"Kg7DMD_path_7","httpMethod":"get"}},{"AddResponse":{"responseId":"response_htO3Y8b2nW","requestId":"path_PQFhHzDPnL}_get","httpStatusCode":200}},{"DefineInlineConcept":{"root":"shape_gm9TUV2d3M","conceptId":"concept_rsUMhfig6JOn"}},{"AssignType":{"id":"shape_gm9TUV2d3M","to":{"RefT":{"conceptId":"concept_OtOVrr_modelandview"}},"conceptId":"concept_rsUMhfig6JOn"}},{"AddResponse":{"responseId":"response_KtfvMsVKkv","requestId":"path_PQFhHzDPnL}_get","httpStatusCode":401}},{"AddResponse":{"responseId":"response_M6mCZfTWVP","requestId":"path_PQFhHzDPnL}_get","httpStatusCode":403}},{"AddResponse":{"responseId":"response_LqefuXT1Um","requestId":"path_PQFhHzDPnL}_get","httpStatusCode":404}},{"AddRequest":{"requestId":"path_76cZsMP7au}_get","pathId":"Kg7DMD_path_2","httpMethod":"get"}},{"AddResponse":{"responseId":"response_Prz3rB57CV","requestId":"path_76cZsMP7au}_get","httpStatusCode":200}},{"DefineInlineConcept":{"root":"shape_RGPD9Og6Ib","conceptId":"concept_sboD4ZSPTqjN"}},{"AssignType":{"id":"shape_RGPD9Og6Ib","to":{"RefT":{"conceptId":"concept_OtOVrr_modelandview"}},"conceptId":"concept_sboD4ZSPTqjN"}},{"AddResponse":{"responseId":"response_4XLa5DJ14b","requestId":"path_76cZsMP7au}_get","httpStatusCode":401}},{"AddResponse":{"responseId":"response_9mPF2CQQB1","requestId":"path_76cZsMP7au}_get","httpStatusCode":403}},{"AddResponse":{"responseId":"response_WJs9zzoDL9","requestId":"path_76cZsMP7au}_get","httpStatusCode":404}},{"AddRequest":{"requestId":"path_exwKgR6jI4}_get","pathId":"Kg7DMD_path_3","httpMethod":"get"}},{"AddResponse":{"responseId":"response_HBLyIlKWAS","requestId":"path_exwKgR6jI4}_get","httpStatusCode":200}},{"DefineInlineConcept":{"root":"shape_Ugqf1yCRyq","conceptId":"concept_PmwlMKEqbBbv"}},{"AssignType":{"id":"shape_Ugqf1yCRyq","to":{"RefT":{"conceptId":"concept_OtOVrr_modelandview"}},"conceptId":"concept_PmwlMKEqbBbv"}},{"AddResponse":{"responseId":"response_mpG9nsZ7nU","requestId":"path_exwKgR6jI4}_get","httpStatusCode":401}},{"AddResponse":{"responseId":"response_t4Kx7TyTuY","requestId":"path_exwKgR6jI4}_get","httpStatusCode":403}},{"AddResponse":{"responseId":"response_IQXfx1rKtt","requestId":"path_exwKgR6jI4}_get","httpStatusCode":404}},{"AddRequest":{"requestId":"path_q7U6HhIPDd}_get","pathId":"Kg7DMD_path_8","httpMethod":"get"}},{"AddResponse":{"responseId":"response_9kjK4RnK4U","requestId":"path_q7U6HhIPDd}_get","httpStatusCode":200}},{"DefineInlineConcept":{"root":"shape_NT2TkZj0oB","conceptId":"concept_QUjHm2tsZXyF"}},{"AssignType":{"id":"shape_NT2TkZj0oB","to":{"RefT":{"conceptId":"concept_OtOVrr_modelandview"}},"conceptId":"concept_QUjHm2tsZXyF"}},{"AddResponse":{"responseId":"response_hd4JCApVHc","requestId":"path_q7U6HhIPDd}_get","httpStatusCode":401}},{"AddResponse":{"responseId":"response_CGaOFUpcjE","requestId":"path_q7U6HhIPDd}_get","httpStatusCode":403}},{"AddResponse":{"responseId":"response_J5NUeF1n6E","requestId":"path_q7U6HhIPDd}_get","httpStatusCode":404}},{"SetResponseBodyShape":{"responseId":"response_Q4bJ6ZmEPK","bodyDescriptor":{"httpContentType":"application/json","conceptId":"concept_Cz6uk7Ipa43m"}}},{"SetResponseBodyShape":{"responseId":"response_tyvEsyAzvn","bodyDescriptor":{"httpContentType":"application/json","conceptId":"concept_xdjB8398SuZD"}}},{"SetResponseBodyShape":{"responseId":"response_CyCIQta7Li","bodyDescriptor":{"httpContentType":"application/json","conceptId":"concept_JDEPrVSiML0z"}}},{"SetResponseBodyShape":{"responseId":"response_g3ZDHluBNz","bodyDescriptor":{"httpContentType":"application/json","conceptId":"concept_WTwUuXrvd3eX"}}},{"SetResponseBodyShape":{"responseId":"response_2A1zEbJ4Oq","bodyDescriptor":{"httpContentType":"application/json","conceptId":"concept_0VdOd5nS4Qwt"}}},{"SetResponseBodyShape":{"responseId":"response_UoPXnJjxrs","bodyDescriptor":{"httpContentType":"application/xml","conceptId":"concept_Z6rz3IJpaH3r"}}},{"SetResponseBodyShape":{"responseId":"response_UO4Lg5Q24B","bodyDescriptor":{"httpContentType":"application/json","conceptId":"concept_YWCh2kNU7jOM"}}},{"SetResponseBodyShape":{"responseId":"response_vwhI7Yiw5P","bodyDescriptor":{"httpContentType":"application/rdf+xml","conceptId":"concept_LklYuCMFQZ75"}}},{"SetResponseBodyShape":{"responseId":"response_gGRQ1wUNg5","bodyDescriptor":{"httpContentType":"application/xml","conceptId":"concept_5nQ0fWAPUzSb"}}},{"SetResponseBodyShape":{"responseId":"response_htO3Y8b2nW","bodyDescriptor":{"httpContentType":"application/json","conceptId":"concept_rsUMhfig6JOn"}}},{"SetResponseBodyShape":{"responseId":"response_Prz3rB57CV","bodyDescriptor":{"httpContentType":"application/json","conceptId":"concept_sboD4ZSPTqjN"}}},{"SetResponseBodyShape":{"responseId":"response_HBLyIlKWAS","bodyDescriptor":{"httpContentType":"application/json","conceptId":"concept_PmwlMKEqbBbv"}}},{"SetResponseBodyShape":{"responseId":"response_9kjK4RnK4U","bodyDescriptor":{"httpContentType":"application/json","conceptId":"concept_QUjHm2tsZXyF"}}}]