[{"AddPathComponent":{"pathId":"BYBldY_path_0","parentPathId":"root","name":"rest-service-fecru"}},{"AddPathComponent":{"pathId":"BYBldY_path_1","parentPathId":"BYBldY_path_0","name":"admin"}},{"AddPathComponent":{"pathId":"BYBldY_path_2","parentPathId":"BYBldY_path_1","name":"groups"}},{"AddPathParameter":{"pathId":"BYBldY_path_3","parentPathId":"BYBldY_path_2","name":"name"}},{"AddPathComponent":{"pathId":"BYBldY_path_4","parentPathId":"BYBldY_path_3","name":"users"}},{"AddPathComponent":{"pathId":"BYBldY_path_5","parentPathId":"BYBldY_path_1","name":"permission-schemes"}},{"AddPathParameter":{"pathId":"BYBldY_path_6","parentPathId":"BYBldY_path_5","name":"name"}},{"AddPathComponent":{"pathId":"BYBldY_path_7","parentPathId":"BYBldY_path_6","name":"anonymous-users"}},{"AddPathComponent":{"pathId":"BYBldY_path_8","parentPathId":"BYBldY_path_6","name":"groups"}},{"AddPathComponent":{"pathId":"BYBldY_path_9","parentPathId":"BYBldY_path_6","name":"logged-in-users"}},{"AddPathComponent":{"pathId":"BYBldY_path_10","parentPathId":"BYBldY_path_6","name":"projects"}},{"AddPathComponent":{"pathId":"BYBldY_path_11","parentPathId":"BYBldY_path_6","name":"review-roles"}},{"AddPathComponent":{"pathId":"BYBldY_path_12","parentPathId":"BYBldY_path_6","name":"users"}},{"AddPathComponent":{"pathId":"BYBldY_path_13","parentPathId":"BYBldY_path_1","name":"projects"}},{"AddPathParameter":{"pathId":"BYBldY_path_14","parentPathId":"BYBldY_path_13","name":"key"}},{"AddPathComponent":{"pathId":"BYBldY_path_15","parentPathId":"BYBldY_path_14","name":"allowed-reviewer-groups"}},{"AddPathComponent":{"pathId":"BYBldY_path_16","parentPathId":"BYBldY_path_14","name":"allowed-reviewer-users"}},{"AddPathComponent":{"pathId":"BYBldY_path_17","parentPathId":"BYBldY_path_14","name":"default-reviewer-groups"}},{"AddPathComponent":{"pathId":"BYBldY_path_18","parentPathId":"BYBldY_path_14","name":"default-reviewer-users"}},{"AddPathComponent":{"pathId":"BYBldY_path_19","parentPathId":"BYBldY_path_14","name":"move-reviews"}},{"AddPathParameter":{"pathId":"BYBldY_path_20","parentPathId":"BYBldY_path_19","name":"destinationProjectKey"}},{"AddPathComponent":{"pathId":"BYBldY_path_21","parentPathId":"BYBldY_path_1","name":"repositories"}},{"AddPathComponent":{"pathId":"BYBldY_path_22","parentPathId":"BYBldY_path_1","name":"repositories-v1"}},{"AddPathParameter":{"pathId":"BYBldY_path_23","parentPathId":"BYBldY_path_22","name":"repository"}},{"AddPathComponent":{"pathId":"BYBldY_path_24","parentPathId":"BYBldY_path_23","name":"disable"}},{"AddPathComponent":{"pathId":"BYBldY_path_25","parentPathId":"BYBldY_path_23","name":"enable"}},{"AddPathComponent":{"pathId":"BYBldY_path_26","parentPathId":"BYBldY_path_23","name":"reindex-discussions"}},{"AddPathComponent":{"pathId":"BYBldY_path_27","parentPathId":"BYBldY_path_23","name":"reindex-linecount"}},{"AddPathComponent":{"pathId":"BYBldY_path_28","parentPathId":"BYBldY_path_23","name":"reindex-reviews"}},{"AddPathComponent":{"pathId":"BYBldY_path_29","parentPathId":"BYBldY_path_23","name":"reindex-search"}},{"AddPathComponent":{"pathId":"BYBldY_path_30","parentPathId":"BYBldY_path_23","name":"reindex-source"}},{"AddPathComponent":{"pathId":"BYBldY_path_31","parentPathId":"BYBldY_path_23","name":"rescan-metadata"}},{"AddPathComponent":{"pathId":"BYBldY_path_32","parentPathId":"BYBldY_path_23","name":"scan"}},{"AddPathComponent":{"pathId":"BYBldY_path_33","parentPathId":"BYBldY_path_23","name":"scan-cvs"}},{"AddPathComponent":{"pathId":"BYBldY_path_34","parentPathId":"BYBldY_path_23","name":"start"}},{"AddPathComponent":{"pathId":"BYBldY_path_35","parentPathId":"BYBldY_path_23","name":"stop"}},{"AddPathParameter":{"pathId":"BYBldY_path_36","parentPathId":"BYBldY_path_21","name":"repository"}},{"AddPathComponent":{"pathId":"BYBldY_path_37","parentPathId":"BYBldY_path_36","name":"full-incremental-index"}},{"AddPathComponent":{"pathId":"BYBldY_path_38","parentPathId":"BYBldY_path_36","name":"incremental-index"}},{"AddPathComponent":{"pathId":"BYBldY_path_39","parentPathId":"BYBldY_path_36","name":"permissions"}},{"AddPathComponent":{"pathId":"BYBldY_path_40","parentPathId":"BYBldY_path_39","name":"groups"}},{"AddPathComponent":{"pathId":"BYBldY_path_41","parentPathId":"BYBldY_path_36","name":"reindex-changeset-discussion"}},{"AddPathComponent":{"pathId":"BYBldY_path_42","parentPathId":"BYBldY_path_36","name":"reindex-linecount"}},{"AddPathComponent":{"pathId":"BYBldY_path_43","parentPathId":"BYBldY_path_36","name":"reindex-reviews"}},{"AddPathComponent":{"pathId":"BYBldY_path_44","parentPathId":"BYBldY_path_36","name":"reindex-search"}},{"AddPathComponent":{"pathId":"BYBldY_path_45","parentPathId":"BYBldY_path_36","name":"reindex-source"}},{"AddPathComponent":{"pathId":"BYBldY_path_46","parentPathId":"BYBldY_path_36","name":"rescan-metadata"}},{"AddPathComponent":{"pathId":"BYBldY_path_47","parentPathId":"BYBldY_path_36","name":"start"}},{"AddPathComponent":{"pathId":"BYBldY_path_48","parentPathId":"BYBldY_path_36","name":"stop"}},{"AddPathComponent":{"pathId":"BYBldY_path_49","parentPathId":"BYBldY_path_36","name":"updates"}},{"AddPathComponent":{"pathId":"BYBldY_path_50","parentPathId":"BYBldY_path_21","name":"~defaults"}},{"AddPathComponent":{"pathId":"BYBldY_path_51","parentPathId":"BYBldY_path_50","name":"permissions"}},{"AddPathComponent":{"pathId":"BYBldY_path_52","parentPathId":"BYBldY_path_1","name":"users"}},{"AddPathParameter":{"pathId":"BYBldY_path_53","parentPathId":"BYBldY_path_52","name":"name"}},{"AddPathComponent":{"pathId":"BYBldY_path_54","parentPathId":"BYBldY_path_53","name":"groups"}},{"AddPathComponent":{"pathId":"BYBldY_path_55","parentPathId":"BYBldY_path_0","name":"auth"}},{"AddPathComponent":{"pathId":"BYBldY_path_56","parentPathId":"BYBldY_path_55","name":"login"}},{"AddPathComponent":{"pathId":"BYBldY_path_57","parentPathId":"BYBldY_path_0","name":"indexing-status-v1"}},{"AddPathComponent":{"pathId":"BYBldY_path_58","parentPathId":"BYBldY_path_57","name":"status"}},{"AddPathParameter":{"pathId":"BYBldY_path_59","parentPathId":"BYBldY_path_58","name":"repository"}},{"AddPathComponent":{"pathId":"BYBldY_path_60","parentPathId":"BYBldY_path_0","name":"recently-visited-v1"}},{"AddPathComponent":{"pathId":"BYBldY_path_61","parentPathId":"BYBldY_path_60","name":"detailed"}},{"AddPathComponent":{"pathId":"BYBldY_path_62","parentPathId":"BYBldY_path_60","name":"projects"}},{"AddPathComponent":{"pathId":"BYBldY_path_63","parentPathId":"BYBldY_path_62","name":"detailed"}},{"AddPathComponent":{"pathId":"BYBldY_path_64","parentPathId":"BYBldY_path_60","name":"repositories"}},{"AddPathComponent":{"pathId":"BYBldY_path_65","parentPathId":"BYBldY_path_64","name":"detailed"}},{"AddPathComponent":{"pathId":"BYBldY_path_66","parentPathId":"BYBldY_path_60","name":"reviews"}},{"AddPathComponent":{"pathId":"BYBldY_path_67","parentPathId":"BYBldY_path_66","name":"detailed"}},{"AddPathComponent":{"pathId":"BYBldY_path_68","parentPathId":"BYBldY_path_60","name":"snippets"}},{"AddPathComponent":{"pathId":"BYBldY_path_69","parentPathId":"BYBldY_path_68","name":"detailed"}},{"AddPathComponent":{"pathId":"BYBldY_path_70","parentPathId":"BYBldY_path_60","name":"users"}},{"AddPathComponent":{"pathId":"BYBldY_path_71","parentPathId":"BYBldY_path_70","name":"detailed"}},{"AddPathComponent":{"pathId":"BYBldY_path_72","parentPathId":"BYBldY_path_0","name":"server-v1"}},{"AddPathComponent":{"pathId":"BYBldY_path_73","parentPathId":"BYBldY_path_0","name":"share-content-v1"}},{"AddPathComponent":{"pathId":"BYBldY_path_74","parentPathId":"BYBldY_path_73","name":"share"}},{"AddPathComponent":{"pathId":"BYBldY_path_75","parentPathId":"BYBldY_path_0","name":"user-prefs-v1"}},{"AddPathParameter":{"pathId":"BYBldY_path_76","parentPathId":"BYBldY_path_75","name":"property"}},{"AddPathParameter":{"pathId":"BYBldY_path_77","parentPathId":"BYBldY_path_76","name":"property"}},{"AddRequest":{"requestId":"path_9Gb3RA4Zrl}_delete","pathId":"BYBldY_path_54","httpMethod":"delete"}},{"AddResponse":{"responseId":"response_ZqCTVQjh4F","requestId":"path_9Gb3RA4Zrl}_delete","httpStatusCode":200}},{"AddRequest":{"requestId":"path_9Gb3RA4Zrl}_get","pathId":"BYBldY_path_54","httpMethod":"get"}},{"AddResponse":{"responseId":"response_i4RvYIW45T","requestId":"path_9Gb3RA4Zrl}_get","httpStatusCode":200}},{"AddRequest":{"requestId":"path_9Gb3RA4Zrl}_put","pathId":"BYBldY_path_54","httpMethod":"put"}},{"AddResponse":{"responseId":"response_kzOv4A23CE","requestId":"path_9Gb3RA4Zrl}_put","httpStatusCode":200}},{"AddRequest":{"requestId":"path_stB04HNjMu}_delete","pathId":"BYBldY_path_14","httpMethod":"delete"}},{"AddResponse":{"responseId":"response_4s1benfxJZ","requestId":"path_stB04HNjMu}_delete","httpStatusCode":200}},{"AddRequest":{"requestId":"path_stB04HNjMu}_get","pathId":"BYBldY_path_14","httpMethod":"get"}},{"AddResponse":{"responseId":"response_nUuzQAdR0E","requestId":"path_stB04HNjMu}_get","httpStatusCode":200}},{"AddRequest":{"requestId":"path_stB04HNjMu}_put","pathId":"BYBldY_path_14","httpMethod":"put"}},{"AddResponse":{"responseId":"response_BjHZOqVo0Z","requestId":"path_stB04HNjMu}_put","httpStatusCode":200}},{"AddRequest":{"requestId":"path_S8L6ht5ByX}_delete","pathId":"BYBldY_path_40","httpMethod":"delete"}},{"AddResponse":{"responseId":"response_iUHPcqm7pK","requestId":"path_S8L6ht5ByX}_delete","httpStatusCode":200}},{"AddRequest":{"requestId":"path_S8L6ht5ByX}_get","pathId":"BYBldY_path_40","httpMethod":"get"}},{"AddResponse":{"responseId":"response_uD1soE93LU","requestId":"path_S8L6ht5ByX}_get","httpStatusCode":200}},{"AddRequest":{"requestId":"path_S8L6ht5ByX}_put","pathId":"BYBldY_path_40","httpMethod":"put"}},{"AddResponse":{"responseId":"response_SS2HujDLpc","requestId":"path_S8L6ht5ByX}_put","httpStatusCode":200}},{"AddRequest":{"requestId":"path_aFd09jcCt8}_post","pathId":"BYBldY_path_32","httpMethod":"post"}},{"AddResponse":{"responseId":"response_nkjp8K5dkh","requestId":"path_aFd09jcCt8}_post","httpStatusCode":200}},{"AddRequest":{"requestId":"path_b8VZXaWEA2}_post","pathId":"BYBldY_path_28","httpMethod":"post"}},{"AddResponse":{"responseId":"response_RoHts2rpvP","requestId":"path_b8VZXaWEA2}_post","httpStatusCode":200}},{"AddRequest":{"requestId":"path_S6reDZ2ipa}_delete","pathId":"BYBldY_path_4","httpMethod":"delete"}},{"AddResponse":{"responseId":"response_yefsVKxUuw","requestId":"path_S6reDZ2ipa}_delete","httpStatusCode":200}},{"AddRequest":{"requestId":"path_S6reDZ2ipa}_get","pathId":"BYBldY_path_4","httpMethod":"get"}},{"AddResponse":{"responseId":"response_vdNi8jpe4i","requestId":"path_S6reDZ2ipa}_get","httpStatusCode":200}},{"AddRequest":{"requestId":"path_S6reDZ2ipa}_put","pathId":"BYBldY_path_4","httpMethod":"put"}},{"AddResponse":{"responseId":"response_VVgMSRR4fL","requestId":"path_S6reDZ2ipa}_put","httpStatusCode":200}},{"AddRequest":{"requestId":"path_QdiwcuHBBa}_get","pathId":"BYBldY_path_64","httpMethod":"get"}},{"AddResponse":{"responseId":"response_1J0Se9MUIt","requestId":"path_QdiwcuHBBa}_get","httpStatusCode":200}},{"AddRequest":{"requestId":"path_eM5oOjYVtT}_get","pathId":"BYBldY_path_39","httpMethod":"get"}},{"AddResponse":{"responseId":"response_RTf1gldbjo","requestId":"path_eM5oOjYVtT}_get","httpStatusCode":200}},{"AddRequest":{"requestId":"path_eM5oOjYVtT}_put","pathId":"BYBldY_path_39","httpMethod":"put"}},{"AddResponse":{"responseId":"response_ndXobmSjm5","requestId":"path_eM5oOjYVtT}_put","httpStatusCode":200}},{"AddRequest":{"requestId":"path_mMhj4dXIm5}_get","pathId":"BYBldY_path_72","httpMethod":"get"}},{"AddResponse":{"responseId":"response_1T2VSaf83T","requestId":"path_mMhj4dXIm5}_get","httpStatusCode":200}},{"AddRequest":{"requestId":"path_NOkMG3ilb4}_post","pathId":"BYBldY_path_29","httpMethod":"post"}},{"AddResponse":{"responseId":"response_vDhhTjTiTQ","requestId":"path_NOkMG3ilb4}_post","httpStatusCode":200}},{"AddRequest":{"requestId":"path_QttiPyKyIZ}_get","pathId":"BYBldY_path_5","httpMethod":"get"}},{"AddResponse":{"responseId":"response_fTonWjiHzJ","requestId":"path_QttiPyKyIZ}_get","httpStatusCode":200}},{"AddRequest":{"requestId":"path_QttiPyKyIZ}_post","pathId":"BYBldY_path_5","httpMethod":"post"}},{"AddResponse":{"responseId":"response_XmjLjSbGxW","requestId":"path_QttiPyKyIZ}_post","httpStatusCode":200}},{"AddRequest":{"requestId":"path_XCEHrp0xL2}_delete","pathId":"BYBldY_path_6","httpMethod":"delete"}},{"AddResponse":{"responseId":"response_PP1lzfaLkM","requestId":"path_XCEHrp0xL2}_delete","httpStatusCode":200}},{"AddRequest":{"requestId":"path_XCEHrp0xL2}_get","pathId":"BYBldY_path_6","httpMethod":"get"}},{"AddResponse":{"responseId":"response_npoDwu0GyI","requestId":"path_XCEHrp0xL2}_get","httpStatusCode":200}},{"AddRequest":{"requestId":"path_XCEHrp0xL2}_put","pathId":"BYBldY_path_6","httpMethod":"put"}},{"AddResponse":{"responseId":"response_zejvvoMxd9","requestId":"path_XCEHrp0xL2}_put","httpStatusCode":200}},{"AddRequest":{"requestId":"path_wMX81Gi8PH}_post","pathId":"BYBldY_path_30","httpMethod":"post"}},{"AddResponse":{"responseId":"response_b7lIOTSWew","requestId":"path_wMX81Gi8PH}_post","httpStatusCode":200}},{"AddRequest":{"requestId":"path_lFHeyDHUmv}_post","pathId":"BYBldY_path_22","httpMethod":"post"}},{"AddResponse":{"responseId":"response_LaBLPdCJ33","requestId":"path_lFHeyDHUmv}_post","httpStatusCode":200}},{"AddRequest":{"requestId":"path_I56Qdpjt0W}_get","pathId":"BYBldY_path_70","httpMethod":"get"}},{"AddResponse":{"responseId":"response_AkLbZB173W","requestId":"path_I56Qdpjt0W}_get","httpStatusCode":200}},{"AddRequest":{"requestId":"path_TXjBMzXX5i}_put","pathId":"BYBldY_path_47","httpMethod":"put"}},{"AddResponse":{"responseId":"response_Kwbmn0Yy7A","requestId":"path_TXjBMzXX5i}_put","httpStatusCode":200}},{"AddRequest":{"requestId":"path_d46P68EiRm}_get","pathId":"BYBldY_path_66","httpMethod":"get"}},{"AddResponse":{"responseId":"response_24aN4dzjpL","requestId":"path_d46P68EiRm}_get","httpStatusCode":200}},{"AddRequest":{"requestId":"path_7de8EP7wbO}_get","pathId":"BYBldY_path_76","httpMethod":"get"}},{"AddResponse":{"responseId":"response_qbXvNeL9nd","requestId":"path_7de8EP7wbO}_get","httpStatusCode":200}},{"AddRequest":{"requestId":"path_rCR8arK7Oc}_post","pathId":"BYBldY_path_25","httpMethod":"post"}},{"AddResponse":{"responseId":"response_G1ugPxFDlW","requestId":"path_rCR8arK7Oc}_post","httpStatusCode":200}},{"AddRequest":{"requestId":"path_vbLaeDnxEX}_delete","pathId":"BYBldY_path_8","httpMethod":"delete"}},{"AddResponse":{"responseId":"response_Ve0GwY2D1W","requestId":"path_vbLaeDnxEX}_delete","httpStatusCode":200}},{"AddRequest":{"requestId":"path_vbLaeDnxEX}_get","pathId":"BYBldY_path_8","httpMethod":"get"}},{"AddResponse":{"responseId":"response_6JCP9j6nu2","requestId":"path_vbLaeDnxEX}_get","httpStatusCode":200}},{"AddRequest":{"requestId":"path_vbLaeDnxEX}_put","pathId":"BYBldY_path_8","httpMethod":"put"}},{"AddResponse":{"responseId":"response_LLqLHnovbB","requestId":"path_vbLaeDnxEX}_put","httpStatusCode":200}},{"AddRequest":{"requestId":"path_JiqPmsG18q}_delete","pathId":"BYBldY_path_9","httpMethod":"delete"}},{"AddResponse":{"responseId":"response_oIGwx98Nil","requestId":"path_JiqPmsG18q}_delete","httpStatusCode":200}},{"AddRequest":{"requestId":"path_JiqPmsG18q}_get","pathId":"BYBldY_path_9","httpMethod":"get"}},{"AddResponse":{"responseId":"response_GN9IMTa03n","requestId":"path_JiqPmsG18q}_get","httpStatusCode":200}},{"AddRequest":{"requestId":"path_JiqPmsG18q}_put","pathId":"BYBldY_path_9","httpMethod":"put"}},{"AddResponse":{"responseId":"response_zDVanjkUrn","requestId":"path_JiqPmsG18q}_put","httpStatusCode":200}},{"AddRequest":{"requestId":"path_cpNOWS1WWL}_put","pathId":"BYBldY_path_37","httpMethod":"put"}},{"AddResponse":{"responseId":"response_TnVBPNdpaR","requestId":"path_cpNOWS1WWL}_put","httpStatusCode":200}},{"AddRequest":{"requestId":"path_opOw4Pti2O}_delete","pathId":"BYBldY_path_3","httpMethod":"delete"}},{"AddResponse":{"responseId":"response_Ym7tZtKyNp","requestId":"path_opOw4Pti2O}_delete","httpStatusCode":200}},{"AddRequest":{"requestId":"path_opOw4Pti2O}_get","pathId":"BYBldY_path_3","httpMethod":"get"}},{"AddResponse":{"responseId":"response_JDn7F9TBWe","requestId":"path_opOw4Pti2O}_get","httpStatusCode":200}},{"AddRequest":{"requestId":"path_opOw4Pti2O}_put","pathId":"BYBldY_path_3","httpMethod":"put"}},{"AddResponse":{"responseId":"response_Syq4sGhbKE","requestId":"path_opOw4Pti2O}_put","httpStatusCode":200}},{"AddRequest":{"requestId":"path_JZEBtTvzfs}_delete","pathId":"BYBldY_path_15","httpMethod":"delete"}},{"AddResponse":{"responseId":"response_VbWdx0D7xQ","requestId":"path_JZEBtTvzfs}_delete","httpStatusCode":200}},{"AddRequest":{"requestId":"path_JZEBtTvzfs}_get","pathId":"BYBldY_path_15","httpMethod":"get"}},{"AddResponse":{"responseId":"response_MvfTd4zc6P","requestId":"path_JZEBtTvzfs}_get","httpStatusCode":200}},{"AddRequest":{"requestId":"path_JZEBtTvzfs}_put","pathId":"BYBldY_path_15","httpMethod":"put"}},{"AddResponse":{"responseId":"response_96pVPOebSv","requestId":"path_JZEBtTvzfs}_put","httpStatusCode":200}},{"AddRequest":{"requestId":"path_Wj4I7FOfHo}_delete","pathId":"BYBldY_path_18","httpMethod":"delete"}},{"AddResponse":{"responseId":"response_IPT9ZeZugq","requestId":"path_Wj4I7FOfHo}_delete","httpStatusCode":200}},{"AddRequest":{"requestId":"path_Wj4I7FOfHo}_get","pathId":"BYBldY_path_18","httpMethod":"get"}},{"AddResponse":{"responseId":"response_tB1Na6oxzJ","requestId":"path_Wj4I7FOfHo}_get","httpStatusCode":200}},{"AddRequest":{"requestId":"path_Wj4I7FOfHo}_put","pathId":"BYBldY_path_18","httpMethod":"put"}},{"AddResponse":{"responseId":"response_aenoHQ4toM","requestId":"path_Wj4I7FOfHo}_put","httpStatusCode":200}},{"AddRequest":{"requestId":"path_FhnsSZrl6V}_get","pathId":"BYBldY_path_71","httpMethod":"get"}},{"AddResponse":{"responseId":"response_zqVZE2GnSf","requestId":"path_FhnsSZrl6V}_get","httpStatusCode":200}},{"AddRequest":{"requestId":"path_IrqNBxFInU}_get","pathId":"BYBldY_path_61","httpMethod":"get"}},{"AddResponse":{"responseId":"response_MguCE417RW","requestId":"path_IrqNBxFInU}_get","httpStatusCode":200}},{"AddRequest":{"requestId":"path_ZnLn8jPSXT}_put","pathId":"BYBldY_path_41","httpMethod":"put"}},{"AddResponse":{"responseId":"response_Y1j0UTK5u2","requestId":"path_ZnLn8jPSXT}_put","httpStatusCode":200}},{"AddRequest":{"requestId":"path_7RobexjRrp}_put","pathId":"BYBldY_path_48","httpMethod":"put"}},{"AddResponse":{"responseId":"response_nbhPsxvPUT","requestId":"path_7RobexjRrp}_put","httpStatusCode":200}},{"AddRequest":{"requestId":"path_RglqzNqA11}_post","pathId":"BYBldY_path_34","httpMethod":"post"}},{"AddResponse":{"responseId":"response_5eRBmfjMVV","requestId":"path_RglqzNqA11}_post","httpStatusCode":200}},{"AddRequest":{"requestId":"path_ICNKpytoia}_delete","pathId":"BYBldY_path_17","httpMethod":"delete"}},{"AddResponse":{"responseId":"response_7LtT9kN24l","requestId":"path_ICNKpytoia}_delete","httpStatusCode":200}},{"AddRequest":{"requestId":"path_ICNKpytoia}_get","pathId":"BYBldY_path_17","httpMethod":"get"}},{"AddResponse":{"responseId":"response_vuokbQfeHB","requestId":"path_ICNKpytoia}_get","httpStatusCode":200}},{"AddRequest":{"requestId":"path_ICNKpytoia}_put","pathId":"BYBldY_path_17","httpMethod":"put"}},{"AddResponse":{"responseId":"response_EXyIiUju2G","requestId":"path_ICNKpytoia}_put","httpStatusCode":200}},{"AddRequest":{"requestId":"path_CKNZOUQB3V}_put","pathId":"BYBldY_path_43","httpMethod":"put"}},{"AddResponse":{"responseId":"response_zV44f3FOM5","requestId":"path_CKNZOUQB3V}_put","httpStatusCode":200}},{"AddRequest":{"requestId":"path_avDLkLzsro}_put","pathId":"BYBldY_path_44","httpMethod":"put"}},{"AddResponse":{"responseId":"response_Puiljt0Y1g","requestId":"path_avDLkLzsro}_put","httpStatusCode":200}},{"AddRequest":{"requestId":"path_UNp594RpuN}_delete","pathId":"BYBldY_path_23","httpMethod":"delete"}},{"AddResponse":{"responseId":"response_KUDDO6VWxi","requestId":"path_UNp594RpuN}_delete","httpStatusCode":200}},{"AddRequest":{"requestId":"path_4ekor3q317}_put","pathId":"BYBldY_path_46","httpMethod":"put"}},{"AddResponse":{"responseId":"response_Z6gAxZiPMx","requestId":"path_4ekor3q317}_put","httpStatusCode":200}},{"AddRequest":{"requestId":"path_20ENetglEl}_post","pathId":"BYBldY_path_74","httpMethod":"post"}},{"AddResponse":{"responseId":"response_MFl0GJPAWx","requestId":"path_20ENetglEl}_post","httpStatusCode":200}},{"AddRequest":{"requestId":"path_Ed22UetEva}_get","pathId":"BYBldY_path_59","httpMethod":"get"}},{"AddResponse":{"responseId":"response_WCUBK1jicp","requestId":"path_Ed22UetEva}_get","httpStatusCode":200}},{"AddRequest":{"requestId":"path_DKPDn3Kk64}_get","pathId":"BYBldY_path_62","httpMethod":"get"}},{"AddResponse":{"responseId":"response_ghtQv2iPck","requestId":"path_DKPDn3Kk64}_get","httpStatusCode":200}},{"AddRequest":{"requestId":"path_Oe8S8ZigDU}_delete","pathId":"BYBldY_path_7","httpMethod":"delete"}},{"AddResponse":{"responseId":"response_F8gdUzDYm0","requestId":"path_Oe8S8ZigDU}_delete","httpStatusCode":200}},{"AddRequest":{"requestId":"path_Oe8S8ZigDU}_get","pathId":"BYBldY_path_7","httpMethod":"get"}},{"AddResponse":{"responseId":"response_IjxPmxYrx7","requestId":"path_Oe8S8ZigDU}_get","httpStatusCode":200}},{"AddRequest":{"requestId":"path_Oe8S8ZigDU}_put","pathId":"BYBldY_path_7","httpMethod":"put"}},{"AddResponse":{"responseId":"response_fmWzIvj2yF","requestId":"path_Oe8S8ZigDU}_put","httpStatusCode":200}},{"AddRequest":{"requestId":"path_cIXkdrvyJz}_post","pathId":"BYBldY_path_27","httpMethod":"post"}},{"AddResponse":{"responseId":"response_rieA6oHFBU","requestId":"path_cIXkdrvyJz}_post","httpStatusCode":200}},{"AddRequest":{"requestId":"path_buQlhhPVb6}_delete","pathId":"BYBldY_path_12","httpMethod":"delete"}},{"AddResponse":{"responseId":"response_Zzqmq8DWan","requestId":"path_buQlhhPVb6}_delete","httpStatusCode":200}},{"AddRequest":{"requestId":"path_buQlhhPVb6}_get","pathId":"BYBldY_path_12","httpMethod":"get"}},{"AddResponse":{"responseId":"response_d4jig6rWiW","requestId":"path_buQlhhPVb6}_get","httpStatusCode":200}},{"AddRequest":{"requestId":"path_buQlhhPVb6}_put","pathId":"BYBldY_path_12","httpMethod":"put"}},{"AddResponse":{"responseId":"response_W1N9Pns6bn","requestId":"path_buQlhhPVb6}_put","httpStatusCode":200}},{"AddRequest":{"requestId":"path_YFIOAv0hG5}_get","pathId":"BYBldY_path_68","httpMethod":"get"}},{"AddResponse":{"responseId":"response_BZDUCMGdYq","requestId":"path_YFIOAv0hG5}_get","httpStatusCode":200}},{"AddRequest":{"requestId":"path_LWN9qONRKK}_post","pathId":"BYBldY_path_24","httpMethod":"post"}},{"AddResponse":{"responseId":"response_2AZYYqirs0","requestId":"path_LWN9qONRKK}_post","httpStatusCode":200}},{"AddRequest":{"requestId":"path_HeCVf8zo3B}_get","pathId":"BYBldY_path_2","httpMethod":"get"}},{"AddResponse":{"responseId":"response_eym8c71MRn","requestId":"path_HeCVf8zo3B}_get","httpStatusCode":200}},{"AddRequest":{"requestId":"path_HeCVf8zo3B}_post","pathId":"BYBldY_path_2","httpMethod":"post"}},{"AddResponse":{"responseId":"response_nJtgmvkvgl","requestId":"path_HeCVf8zo3B}_post","httpStatusCode":200}},{"AddRequest":{"requestId":"path_HQH88E4DW2}_get","pathId":"BYBldY_path_21","httpMethod":"get"}},{"AddResponse":{"responseId":"response_gLLk3D5X3b","requestId":"path_HQH88E4DW2}_get","httpStatusCode":200}},{"AddRequest":{"requestId":"path_HQH88E4DW2}_post","pathId":"BYBldY_path_21","httpMethod":"post"}},{"AddResponse":{"responseId":"response_9J6wRJ4rHi","requestId":"path_HQH88E4DW2}_post","httpStatusCode":200}},{"AddRequest":{"requestId":"path_IMjy3ONaJV}_post","pathId":"BYBldY_path_35","httpMethod":"post"}},{"AddResponse":{"responseId":"response_qIFAd3yXdY","requestId":"path_IMjy3ONaJV}_post","httpStatusCode":200}},{"AddRequest":{"requestId":"path_7fd9zTRQoS}_put","pathId":"BYBldY_path_38","httpMethod":"put"}},{"AddResponse":{"responseId":"response_HX99qVQHrI","requestId":"path_7fd9zTRQoS}_put","httpStatusCode":200}},{"AddRequest":{"requestId":"path_ZtURUDpegt}_post","pathId":"BYBldY_path_75","httpMethod":"post"}},{"AddResponse":{"responseId":"response_msNSxrf0FG","requestId":"path_ZtURUDpegt}_post","httpStatusCode":200}},{"AddRequest":{"requestId":"path_dRbiYhnFLc}_get","pathId":"BYBldY_path_65","httpMethod":"get"}},{"AddResponse":{"responseId":"response_E1ygBBCkXw","requestId":"path_dRbiYhnFLc}_get","httpStatusCode":200}},{"AddRequest":{"requestId":"path_9xpUCYi1kD}_get","pathId":"BYBldY_path_63","httpMethod":"get"}},{"AddResponse":{"responseId":"response_7q6gDxTDyJ","requestId":"path_9xpUCYi1kD}_get","httpStatusCode":200}},{"AddRequest":{"requestId":"path_hg7BaMxppm}_get","pathId":"BYBldY_path_10","httpMethod":"get"}},{"AddResponse":{"responseId":"response_Y4YOBxQMDD","requestId":"path_hg7BaMxppm}_get","httpStatusCode":200}},{"AddRequest":{"requestId":"path_idleTWxmWh}_post","pathId":"BYBldY_path_33","httpMethod":"post"}},{"AddResponse":{"responseId":"response_JewiIEz2h5","requestId":"path_idleTWxmWh}_post","httpStatusCode":200}},{"AddRequest":{"requestId":"path_dO25SNCpWy}_put","pathId":"BYBldY_path_45","httpMethod":"put"}},{"AddResponse":{"responseId":"response_8XrLWeMIti","requestId":"path_dO25SNCpWy}_put","httpStatusCode":200}},{"AddRequest":{"requestId":"path_KrpRj2Ybt6}_post","pathId":"BYBldY_path_56","httpMethod":"post"}},{"AddResponse":{"responseId":"response_Ihc6rkPiEU","requestId":"path_KrpRj2Ybt6}_post","httpStatusCode":200}},{"AddRequest":{"requestId":"path_zIY2MXXK1t}_delete","pathId":"BYBldY_path_53","httpMethod":"delete"}},{"AddResponse":{"responseId":"response_8nfisbD9a8","requestId":"path_zIY2MXXK1t}_delete","httpStatusCode":200}},{"AddRequest":{"requestId":"path_zIY2MXXK1t}_get","pathId":"BYBldY_path_53","httpMethod":"get"}},{"AddResponse":{"responseId":"response_NCmWz2nx1m","requestId":"path_zIY2MXXK1t}_get","httpStatusCode":200}},{"AddRequest":{"requestId":"path_zIY2MXXK1t}_put","pathId":"BYBldY_path_53","httpMethod":"put"}},{"AddResponse":{"responseId":"response_et5GSu8hyJ","requestId":"path_zIY2MXXK1t}_put","httpStatusCode":200}},{"AddRequest":{"requestId":"path_YJzC827vpW}_get","pathId":"BYBldY_path_51","httpMethod":"get"}},{"AddResponse":{"responseId":"response_PpXP2RxHQa","requestId":"path_YJzC827vpW}_get","httpStatusCode":200}},{"AddRequest":{"requestId":"path_YJzC827vpW}_put","pathId":"BYBldY_path_51","httpMethod":"put"}},{"AddResponse":{"responseId":"response_N6qw7j9VUJ","requestId":"path_YJzC827vpW}_put","httpStatusCode":200}},{"AddRequest":{"requestId":"path_W1XAxLsCsl}_get","pathId":"BYBldY_path_69","httpMethod":"get"}},{"AddResponse":{"responseId":"response_j0eTkaVTwI","requestId":"path_W1XAxLsCsl}_get","httpStatusCode":200}},{"AddRequest":{"requestId":"path_bER7gjGT0i}_get","pathId":"BYBldY_path_60","httpMethod":"get"}},{"AddResponse":{"responseId":"response_4TqXw0B8p8","requestId":"path_bER7gjGT0i}_get","httpStatusCode":200}},{"AddRequest":{"requestId":"path_oN3dOtixzu}_get","pathId":"BYBldY_path_23","httpMethod":"get"}},{"AddResponse":{"responseId":"response_cD68ekUK0z","requestId":"path_oN3dOtixzu}_get","httpStatusCode":200}},{"AddRequest":{"requestId":"path_nxYqrsaZk9}_get","pathId":"BYBldY_path_49","httpMethod":"get"}},{"AddResponse":{"responseId":"response_E9MYPIpzwR","requestId":"path_nxYqrsaZk9}_get","httpStatusCode":200}},{"AddRequest":{"requestId":"path_nxYqrsaZk9}_put","pathId":"BYBldY_path_49","httpMethod":"put"}},{"AddResponse":{"responseId":"response_DxjuA4gkDr","requestId":"path_nxYqrsaZk9}_put","httpStatusCode":200}},{"AddRequest":{"requestId":"path_0HdNNBuHPT}_put","pathId":"BYBldY_path_20","httpMethod":"put"}},{"AddResponse":{"responseId":"response_fB4CZvOsoM","requestId":"path_0HdNNBuHPT}_put","httpStatusCode":200}},{"AddRequest":{"requestId":"path_NcP6oALMln}_get","pathId":"BYBldY_path_13","httpMethod":"get"}},{"AddResponse":{"responseId":"response_KHNSGQHLx0","requestId":"path_NcP6oALMln}_get","httpStatusCode":200}},{"AddRequest":{"requestId":"path_NcP6oALMln}_post","pathId":"BYBldY_path_13","httpMethod":"post"}},{"AddResponse":{"responseId":"response_O8H4QC9B3M","requestId":"path_NcP6oALMln}_post","httpStatusCode":200}},{"AddRequest":{"requestId":"path_AJX3r5Evdd}_delete","pathId":"BYBldY_path_11","httpMethod":"delete"}},{"AddResponse":{"responseId":"response_isDeVSqvi9","requestId":"path_AJX3r5Evdd}_delete","httpStatusCode":200}},{"AddRequest":{"requestId":"path_AJX3r5Evdd}_get","pathId":"BYBldY_path_11","httpMethod":"get"}},{"AddResponse":{"responseId":"response_vkNSftJH9B","requestId":"path_AJX3r5Evdd}_get","httpStatusCode":200}},{"AddRequest":{"requestId":"path_AJX3r5Evdd}_put","pathId":"BYBldY_path_11","httpMethod":"put"}},{"AddResponse":{"responseId":"response_5Mh95X4z8a","requestId":"path_AJX3r5Evdd}_put","httpStatusCode":200}},{"AddRequest":{"requestId":"path_bDr3WEY8AE}_delete","pathId":"BYBldY_path_16","httpMethod":"delete"}},{"AddResponse":{"responseId":"response_iSkJ8L4bVM","requestId":"path_bDr3WEY8AE}_delete","httpStatusCode":200}},{"AddRequest":{"requestId":"path_bDr3WEY8AE}_get","pathId":"BYBldY_path_16","httpMethod":"get"}},{"AddResponse":{"responseId":"response_3OGUjJJ5WS","requestId":"path_bDr3WEY8AE}_get","httpStatusCode":200}},{"AddRequest":{"requestId":"path_bDr3WEY8AE}_put","pathId":"BYBldY_path_16","httpMethod":"put"}},{"AddResponse":{"responseId":"response_vlAvmJhLNH","requestId":"path_bDr3WEY8AE}_put","httpStatusCode":200}},{"AddRequest":{"requestId":"path_rOscAO2Gi9}_put","pathId":"BYBldY_path_42","httpMethod":"put"}},{"AddResponse":{"responseId":"response_TDp53ROcDs","requestId":"path_rOscAO2Gi9}_put","httpStatusCode":200}},{"AddRequest":{"requestId":"path_AkgnC2zqmX}_post","pathId":"BYBldY_path_31","httpMethod":"post"}},{"AddResponse":{"responseId":"response_cyjoO826pE","requestId":"path_AkgnC2zqmX}_post","httpStatusCode":200}},{"AddRequest":{"requestId":"path_VSTWO6gxAP}_get","pathId":"BYBldY_path_52","httpMethod":"get"}},{"AddResponse":{"responseId":"response_BgbBpOcAKq","requestId":"path_VSTWO6gxAP}_get","httpStatusCode":200}},{"AddRequest":{"requestId":"path_VSTWO6gxAP}_post","pathId":"BYBldY_path_52","httpMethod":"post"}},{"AddResponse":{"responseId":"response_3F0hIPbeZk","requestId":"path_VSTWO6gxAP}_post","httpStatusCode":200}},{"AddRequest":{"requestId":"path_HQmTALAWfv}_get","pathId":"BYBldY_path_67","httpMethod":"get"}},{"AddResponse":{"responseId":"response_oCVslJK2RO","requestId":"path_HQmTALAWfv}_get","httpStatusCode":200}},{"AddRequest":{"requestId":"path_M0V9Ab1pm7}_delete","pathId":"BYBldY_path_36","httpMethod":"delete"}},{"AddResponse":{"responseId":"response_zb2rTA0tWi","requestId":"path_M0V9Ab1pm7}_delete","httpStatusCode":200}},{"AddRequest":{"requestId":"path_M0V9Ab1pm7}_get","pathId":"BYBldY_path_36","httpMethod":"get"}},{"AddResponse":{"responseId":"response_04MP77k8u7","requestId":"path_M0V9Ab1pm7}_get","httpStatusCode":200}},{"AddRequest":{"requestId":"path_M0V9Ab1pm7}_put","pathId":"BYBldY_path_36","httpMethod":"put"}},{"AddResponse":{"responseId":"response_L37vnoQfWA","requestId":"path_M0V9Ab1pm7}_put","httpStatusCode":200}},{"AddRequest":{"requestId":"path_lLtNUBDjv5}_get","pathId":"BYBldY_path_77","httpMethod":"get"}},{"AddResponse":{"responseId":"response_cUhp9C0Zw0","requestId":"path_lLtNUBDjv5}_get","httpStatusCode":200}},{"AddRequest":{"requestId":"path_73mJDt8ZNM}_post","pathId":"BYBldY_path_26","httpMethod":"post"}},{"AddResponse":{"responseId":"response_5ooz102Rs0","requestId":"path_73mJDt8ZNM}_post","httpStatusCode":200}}]