[{"AddPathComponent":{"pathId":"chrxT0_path_0","parentPathId":"root","name":"rest-service-fe"}},{"AddPathComponent":{"pathId":"chrxT0_path_1","parentPathId":"chrxT0_path_0","name":"changeset-v1"}},{"AddPathComponent":{"pathId":"chrxT0_path_2","parentPathId":"chrxT0_path_1","name":"listChangesets"}},{"AddPathComponent":{"pathId":"chrxT0_path_3","parentPathId":"chrxT0_path_0","name":"commit-graph-v1"}},{"AddPathComponent":{"pathId":"chrxT0_path_4","parentPathId":"chrxT0_path_3","name":"details"}},{"AddPathParameter":{"pathId":"chrxT0_path_5","parentPathId":"chrxT0_path_4","name":"repository"}},{"AddPathComponent":{"pathId":"chrxT0_path_6","parentPathId":"chrxT0_path_3","name":"slice"}},{"AddPathParameter":{"pathId":"chrxT0_path_7","parentPathId":"chrxT0_path_6","name":"repository"}},{"AddPathComponent":{"pathId":"chrxT0_path_8","parentPathId":"chrxT0_path_0","name":"repositories-v1"}},{"AddPathParameter":{"pathId":"chrxT0_path_9","parentPathId":"chrxT0_path_8","name":"repository"}},{"AddPathComponent":{"pathId":"chrxT0_path_10","parentPathId":"chrxT0_path_0","name":"revisionData-v1"}},{"AddPathComponent":{"pathId":"chrxT0_path_11","parentPathId":"chrxT0_path_10","name":"changeset"}},{"AddPathParameter":{"pathId":"chrxT0_path_12","parentPathId":"chrxT0_path_11","name":""}},{"AddPathParameter":{"pathId":"chrxT0_path_13","parentPathId":"chrxT0_path_12","name":"csid"}},{"AddPathComponent":{"pathId":"chrxT0_path_14","parentPathId":"chrxT0_path_10","name":"changesetList"}},{"AddPathParameter":{"pathId":"chrxT0_path_15","parentPathId":"chrxT0_path_14","name":"repository"}},{"AddPathComponent":{"pathId":"chrxT0_path_16","parentPathId":"chrxT0_path_10","name":"pathHistory"}},{"AddPathParameter":{"pathId":"chrxT0_path_17","parentPathId":"chrxT0_path_16","name":"repository"}},{"AddPathComponent":{"pathId":"chrxT0_path_18","parentPathId":"chrxT0_path_10","name":"pathList"}},{"AddPathParameter":{"pathId":"chrxT0_path_19","parentPathId":"chrxT0_path_18","name":"repository"}},{"AddPathComponent":{"pathId":"chrxT0_path_20","parentPathId":"chrxT0_path_10","name":"revisionInfo"}},{"AddPathParameter":{"pathId":"chrxT0_path_21","parentPathId":"chrxT0_path_20","name":"repository"}},{"AddPathComponent":{"pathId":"chrxT0_path_22","parentPathId":"chrxT0_path_10","name":"revisionTags"}},{"AddPathParameter":{"pathId":"chrxT0_path_23","parentPathId":"chrxT0_path_22","name":"repository"}},{"AddPathComponent":{"pathId":"chrxT0_path_24","parentPathId":"chrxT0_path_0","name":"search-v1"}},{"AddPathComponent":{"pathId":"chrxT0_path_25","parentPathId":"chrxT0_path_24","name":"crossRepositoryQuery"}},{"AddPathComponent":{"pathId":"chrxT0_path_26","parentPathId":"chrxT0_path_24","name":"query"}},{"AddPathParameter":{"pathId":"chrxT0_path_27","parentPathId":"chrxT0_path_26","name":"repository"}},{"AddPathComponent":{"pathId":"chrxT0_path_28","parentPathId":"chrxT0_path_24","name":"queryAsRows"}},{"AddPathParameter":{"pathId":"chrxT0_path_29","parentPathId":"chrxT0_path_28","name":"repository"}},{"AddPathComponent":{"pathId":"chrxT0_path_30","parentPathId":"chrxT0_path_24","name":"reviewsForChangeset"}},{"AddPathParameter":{"pathId":"chrxT0_path_31","parentPathId":"chrxT0_path_30","name":"repository"}},{"AddPathComponent":{"pathId":"chrxT0_path_32","parentPathId":"chrxT0_path_24","name":"reviewsForChangesets"}},{"AddPathParameter":{"pathId":"chrxT0_path_33","parentPathId":"chrxT0_path_32","name":"repository"}},{"AddRequest":{"requestId":"path_EIcT5ydSjB}_get","pathId":"chrxT0_path_2","httpMethod":"get"}},{"AddResponse":{"responseId":"response_YRFCyYGv0a","requestId":"path_EIcT5ydSjB}_get","httpStatusCode":200}},{"AddRequest":{"requestId":"path_mFETgwuWZf}_get","pathId":"chrxT0_path_23","httpMethod":"get"}},{"AddResponse":{"responseId":"response_RUb8lEVm27","requestId":"path_mFETgwuWZf}_get","httpStatusCode":200}},{"AddRequest":{"requestId":"path_EUdaNIrvTa}_get","pathId":"chrxT0_path_25","httpMethod":"get"}},{"AddResponse":{"responseId":"response_mPCCFIC7UJ","requestId":"path_EUdaNIrvTa}_get","httpStatusCode":200}},{"AddRequest":{"requestId":"path_9zDTNEX3q7}_get","pathId":"chrxT0_path_27","httpMethod":"get"}},{"AddResponse":{"responseId":"response_ftpZ1tLXFb","requestId":"path_9zDTNEX3q7}_get","httpStatusCode":200}},{"AddRequest":{"requestId":"path_IS6PvUrxyT}_get","pathId":"chrxT0_path_17","httpMethod":"get"}},{"AddResponse":{"responseId":"response_vNDOsKEuH2","requestId":"path_IS6PvUrxyT}_get","httpStatusCode":200}},{"AddRequest":{"requestId":"path_qG6NSqnZFk}_get","pathId":"chrxT0_path_7","httpMethod":"get"}},{"AddResponse":{"responseId":"response_JQUy7dQcZ9","requestId":"path_qG6NSqnZFk}_get","httpStatusCode":200}},{"AddRequest":{"requestId":"path_8A1w8AkXdj}_post","pathId":"chrxT0_path_31","httpMethod":"post"}},{"AddResponse":{"responseId":"response_o9kgPLR4xF","requestId":"path_8A1w8AkXdj}_post","httpStatusCode":200}},{"AddRequest":{"requestId":"path_1c0ZSTH2p0}_get","pathId":"chrxT0_path_13","httpMethod":"get"}},{"AddResponse":{"responseId":"response_nCyt0kv70l","requestId":"path_1c0ZSTH2p0}_get","httpStatusCode":200}},{"AddRequest":{"requestId":"path_gvGsLoZYUx}_get","pathId":"chrxT0_path_15","httpMethod":"get"}},{"AddResponse":{"responseId":"response_G27khzIW60","requestId":"path_gvGsLoZYUx}_get","httpStatusCode":200}},{"AddRequest":{"requestId":"path_GD5DITZ36P}_get","pathId":"chrxT0_path_9","httpMethod":"get"}},{"AddResponse":{"responseId":"response_aiiLlUl7Xv","requestId":"path_GD5DITZ36P}_get","httpStatusCode":200}},{"AddRequest":{"requestId":"path_yJTjBIELr2}_get","pathId":"chrxT0_path_19","httpMethod":"get"}},{"AddResponse":{"responseId":"response_QqxqExDp4k","requestId":"path_yJTjBIELr2}_get","httpStatusCode":200}},{"AddRequest":{"requestId":"path_HU5zHjjlx8}_get","pathId":"chrxT0_path_29","httpMethod":"get"}},{"AddResponse":{"responseId":"response_dgrtVJMeFo","requestId":"path_HU5zHjjlx8}_get","httpStatusCode":200}},{"AddRequest":{"requestId":"path_3kZ0XT6ERM}_post","pathId":"chrxT0_path_5","httpMethod":"post"}},{"AddResponse":{"responseId":"response_5fKDAA46dn","requestId":"path_3kZ0XT6ERM}_post","httpStatusCode":200}},{"AddRequest":{"requestId":"path_91L4OtZ38f}_get","pathId":"chrxT0_path_21","httpMethod":"get"}},{"AddResponse":{"responseId":"response_AYqbKuKRxD","requestId":"path_91L4OtZ38f}_get","httpStatusCode":200}},{"AddRequest":{"requestId":"path_2FJSHfZNL9}_get","pathId":"chrxT0_path_8","httpMethod":"get"}},{"AddResponse":{"responseId":"response_pcmNSHcci2","requestId":"path_2FJSHfZNL9}_get","httpStatusCode":200}},{"AddRequest":{"requestId":"path_qpoAL6RNq0}_post","pathId":"chrxT0_path_33","httpMethod":"post"}},{"AddResponse":{"responseId":"response_jtRxPPvDbN","requestId":"path_qpoAL6RNq0}_post","httpStatusCode":200}}]