[{"AddPathComponent":{"pathId":"Cuixtt_path_0","parentPathId":"root","name":"authentication"}},{"AddPathComponent":{"pathId":"Cuixtt_path_1","parentPathId":"root","name":"combined_submissions"}},{"AddPathParameter":{"pathId":"Cuixtt_path_2","parentPathId":"Cuixtt_path_1","name":"combined_submission_id"}},{"AddPathComponent":{"pathId":"Cuixtt_path_3","parentPathId":"root","name":"submissions"}},{"AddPathParameter":{"pathId":"Cuixtt_path_4","parentPathId":"Cuixtt_path_3","name":"submission_id"}},{"AddPathComponent":{"pathId":"Cuixtt_path_5","parentPathId":"root","name":"templates"}},{"AddPathParameter":{"pathId":"Cuixtt_path_6","parentPathId":"Cuixtt_path_5","name":""}},{"AddPathComponent":{"pathId":"Cuixtt_path_7","parentPathId":"Cuixtt_path_6","name":"submissions"}},{"AddRequest":{"requestId":"path_lNCWPo09i5}_get","pathId":"Cuixtt_path_0","httpMethod":"get"}},{"AddResponse":{"responseId":"response_xplVfDJ2b4","requestId":"path_lNCWPo09i5}_get","httpStatusCode":200}},{"DefineInlineConcept":{"root":"shape_qAw8O35pHZ","conceptId":"concept_d1LIDYUG7Spa"}},{"AssignType":{"id":"shape_qAw8O35pHZ","to":{"ObjectT":{}},"conceptId":"concept_d1LIDYUG7Spa"}},{"AddField":{"parentId":"shape_qAw8O35pHZ","id":"shape_QIgLiQZ7lu","conceptId":"concept_d1LIDYUG7Spa"}},{"SetFieldName":{"id":"shape_QIgLiQZ7lu","newName":"status","conceptId":"concept_d1LIDYUG7Spa"}},{"AssignType":{"id":"shape_QIgLiQZ7lu","to":{"StringT":{}},"conceptId":"concept_d1LIDYUG7Spa"}},{"AddResponse":{"responseId":"response_2t2wsET0qP","requestId":"path_lNCWPo09i5}_get","httpStatusCode":401}},{"DefineInlineConcept":{"root":"shape_KtMWM8CiKU","conceptId":"concept_ue2KYOHKeIxk"}},{"AssignType":{"id":"shape_KtMWM8CiKU","to":{"ObjectT":{}},"conceptId":"concept_ue2KYOHKeIxk"}},{"AddField":{"parentId":"shape_KtMWM8CiKU","id":"shape_r4QgPZ0sGJ","conceptId":"concept_ue2KYOHKeIxk"}},{"SetFieldName":{"id":"shape_r4QgPZ0sGJ","newName":"error","conceptId":"concept_ue2KYOHKeIxk"}},{"AssignType":{"id":"shape_r4QgPZ0sGJ","to":{"StringT":{}},"conceptId":"concept_ue2KYOHKeIxk"}},{"AddRequest":{"requestId":"path_ibq5Fwa1tH}_delete","pathId":"Cuixtt_path_4","httpMethod":"delete"}},{"AddResponse":{"responseId":"response_Pt9fnd3Vm0","requestId":"path_ibq5Fwa1tH}_delete","httpStatusCode":200}},{"DefineInlineConcept":{"root":"shape_m79iXbpMfv","conceptId":"concept_nfFfVKZwmaHf"}},{"AssignType":{"id":"shape_m79iXbpMfv","to":{"ObjectT":{}},"conceptId":"concept_nfFfVKZwmaHf"}},{"AddField":{"parentId":"shape_m79iXbpMfv","id":"shape_0WXWDtbCSB","conceptId":"concept_nfFfVKZwmaHf"}},{"SetFieldName":{"id":"shape_0WXWDtbCSB","newName":"test","conceptId":"concept_nfFfVKZwmaHf"}},{"AssignType":{"id":"shape_0WXWDtbCSB","to":{"BooleanT":{}},"conceptId":"concept_nfFfVKZwmaHf"}},{"AddField":{"parentId":"shape_m79iXbpMfv","id":"shape_xDc6Cf7Yyg","conceptId":"concept_nfFfVKZwmaHf"}},{"SetFieldName":{"id":"shape_xDc6Cf7Yyg","newName":"expired","conceptId":"concept_nfFfVKZwmaHf"}},{"AssignType":{"id":"shape_xDc6Cf7Yyg","to":{"BooleanT":{}},"conceptId":"concept_nfFfVKZwmaHf"}},{"AddField":{"parentId":"shape_m79iXbpMfv","id":"shape_eHmRrUpVX4","conceptId":"concept_nfFfVKZwmaHf"}},{"SetFieldName":{"id":"shape_eHmRrUpVX4","newName":"state","conceptId":"concept_nfFfVKZwmaHf"}},{"AssignType":{"id":"shape_eHmRrUpVX4","to":{"StringT":{}},"conceptId":"concept_nfFfVKZwmaHf"}},{"AddField":{"parentId":"shape_m79iXbpMfv","id":"shape_vnHufVfvxs","conceptId":"concept_nfFfVKZwmaHf"}},{"SetFieldName":{"id":"shape_vnHufVfvxs","newName":"download_url","conceptId":"concept_nfFfVKZwmaHf"}},{"AssignType":{"id":"shape_vnHufVfvxs","to":{"StringT":{}},"conceptId":"concept_nfFfVKZwmaHf"}},{"AddField":{"parentId":"shape_m79iXbpMfv","id":"shape_q1j4TqogQI","conceptId":"concept_nfFfVKZwmaHf"}},{"SetFieldName":{"id":"shape_q1j4TqogQI","newName":"id","conceptId":"concept_nfFfVKZwmaHf"}},{"AssignType":{"id":"shape_q1j4TqogQI","to":{"StringT":{}},"conceptId":"concept_nfFfVKZwmaHf"}},{"AddField":{"parentId":"shape_m79iXbpMfv","id":"shape_Wd9L1VMcXR","conceptId":"concept_nfFfVKZwmaHf"}},{"SetFieldName":{"id":"shape_Wd9L1VMcXR","newName":"expires_at","conceptId":"concept_nfFfVKZwmaHf"}},{"AssignType":{"id":"shape_Wd9L1VMcXR","to":{"StringT":{}},"conceptId":"concept_nfFfVKZwmaHf"}},{"AddField":{"parentId":"shape_m79iXbpMfv","id":"shape_dSXUAtZ3K7","conceptId":"concept_nfFfVKZwmaHf"}},{"SetFieldName":{"id":"shape_dSXUAtZ3K7","newName":"metadata","conceptId":"concept_nfFfVKZwmaHf"}},{"AssignType":{"id":"shape_dSXUAtZ3K7","to":{"ObjectT":{}},"conceptId":"concept_nfFfVKZwmaHf"}},{"AddResponse":{"responseId":"response_ypaoZW5BvV","requestId":"path_ibq5Fwa1tH}_delete","httpStatusCode":401}},{"DefineInlineConcept":{"root":"shape_C2H1i92uib","conceptId":"concept_nCwSUOeC394K"}},{"AssignType":{"id":"shape_C2H1i92uib","to":{"ObjectT":{}},"conceptId":"concept_nCwSUOeC394K"}},{"AddField":{"parentId":"shape_C2H1i92uib","id":"shape_QR1sv8frxh","conceptId":"concept_nCwSUOeC394K"}},{"SetFieldName":{"id":"shape_QR1sv8frxh","newName":"error","conceptId":"concept_nCwSUOeC394K"}},{"AssignType":{"id":"shape_QR1sv8frxh","to":{"StringT":{}},"conceptId":"concept_nCwSUOeC394K"}},{"AddResponse":{"responseId":"response_r2VrSMGQxa","requestId":"path_ibq5Fwa1tH}_delete","httpStatusCode":403}},{"DefineInlineConcept":{"root":"shape_xE5wdmEuXu","conceptId":"concept_KB1zh68KEKD9"}},{"AssignType":{"id":"shape_xE5wdmEuXu","to":{"ObjectT":{}},"conceptId":"concept_KB1zh68KEKD9"}},{"AddField":{"parentId":"shape_xE5wdmEuXu","id":"shape_rvsXeNNf4F","conceptId":"concept_KB1zh68KEKD9"}},{"SetFieldName":{"id":"shape_rvsXeNNf4F","newName":"error","conceptId":"concept_KB1zh68KEKD9"}},{"AssignType":{"id":"shape_rvsXeNNf4F","to":{"StringT":{}},"conceptId":"concept_KB1zh68KEKD9"}},{"AddField":{"parentId":"shape_xE5wdmEuXu","id":"shape_YitwnAo6z3","conceptId":"concept_KB1zh68KEKD9"}},{"SetFieldName":{"id":"shape_YitwnAo6z3","newName":"status","conceptId":"concept_KB1zh68KEKD9"}},{"AssignType":{"id":"shape_YitwnAo6z3","to":{"StringT":{}},"conceptId":"concept_KB1zh68KEKD9"}},{"AddResponse":{"responseId":"response_FvXsVRVILT","requestId":"path_ibq5Fwa1tH}_delete","httpStatusCode":404}},{"DefineInlineConcept":{"root":"shape_coC9gBDsF6","conceptId":"concept_emrrOtM04Hhh"}},{"AssignType":{"id":"shape_coC9gBDsF6","to":{"ObjectT":{}},"conceptId":"concept_emrrOtM04Hhh"}},{"AddField":{"parentId":"shape_coC9gBDsF6","id":"shape_DjcwfgvUXL","conceptId":"concept_emrrOtM04Hhh"}},{"SetFieldName":{"id":"shape_DjcwfgvUXL","newName":"error","conceptId":"concept_emrrOtM04Hhh"}},{"AssignType":{"id":"shape_DjcwfgvUXL","to":{"StringT":{}},"conceptId":"concept_emrrOtM04Hhh"}},{"AddField":{"parentId":"shape_coC9gBDsF6","id":"shape_k4AB0r4FWP","conceptId":"concept_emrrOtM04Hhh"}},{"SetFieldName":{"id":"shape_k4AB0r4FWP","newName":"status","conceptId":"concept_emrrOtM04Hhh"}},{"AssignType":{"id":"shape_k4AB0r4FWP","to":{"StringT":{}},"conceptId":"concept_emrrOtM04Hhh"}},{"AddRequest":{"requestId":"path_ibq5Fwa1tH}_get","pathId":"Cuixtt_path_4","httpMethod":"get"}},{"AddResponse":{"responseId":"response_c20VIgwfw0","requestId":"path_ibq5Fwa1tH}_get","httpStatusCode":200}},{"DefineInlineConcept":{"root":"shape_V9ohcnAVBm","conceptId":"concept_onmajjBT6UAz"}},{"AssignType":{"id":"shape_V9ohcnAVBm","to":{"ObjectT":{}},"conceptId":"concept_onmajjBT6UAz"}},{"AddField":{"parentId":"shape_V9ohcnAVBm","id":"shape_b741OgNSoW","conceptId":"concept_onmajjBT6UAz"}},{"SetFieldName":{"id":"shape_b741OgNSoW","newName":"test","conceptId":"concept_onmajjBT6UAz"}},{"AssignType":{"id":"shape_b741OgNSoW","to":{"BooleanT":{}},"conceptId":"concept_onmajjBT6UAz"}},{"AddField":{"parentId":"shape_V9ohcnAVBm","id":"shape_O1yAwGuuBV","conceptId":"concept_onmajjBT6UAz"}},{"SetFieldName":{"id":"shape_O1yAwGuuBV","newName":"expired","conceptId":"concept_onmajjBT6UAz"}},{"AssignType":{"id":"shape_O1yAwGuuBV","to":{"BooleanT":{}},"conceptId":"concept_onmajjBT6UAz"}},{"AddField":{"parentId":"shape_V9ohcnAVBm","id":"shape_sdywfm8bRH","conceptId":"concept_onmajjBT6UAz"}},{"SetFieldName":{"id":"shape_sdywfm8bRH","newName":"state","conceptId":"concept_onmajjBT6UAz"}},{"AssignType":{"id":"shape_sdywfm8bRH","to":{"StringT":{}},"conceptId":"concept_onmajjBT6UAz"}},{"AddField":{"parentId":"shape_V9ohcnAVBm","id":"shape_eZGOBoK3nV","conceptId":"concept_onmajjBT6UAz"}},{"SetFieldName":{"id":"shape_eZGOBoK3nV","newName":"download_url","conceptId":"concept_onmajjBT6UAz"}},{"AssignType":{"id":"shape_eZGOBoK3nV","to":{"StringT":{}},"conceptId":"concept_onmajjBT6UAz"}},{"AddField":{"parentId":"shape_V9ohcnAVBm","id":"shape_crfFDycqXu","conceptId":"concept_onmajjBT6UAz"}},{"SetFieldName":{"id":"shape_crfFDycqXu","newName":"id","conceptId":"concept_onmajjBT6UAz"}},{"AssignType":{"id":"shape_crfFDycqXu","to":{"StringT":{}},"conceptId":"concept_onmajjBT6UAz"}},{"AddField":{"parentId":"shape_V9ohcnAVBm","id":"shape_dLUnj8UAbB","conceptId":"concept_onmajjBT6UAz"}},{"SetFieldName":{"id":"shape_dLUnj8UAbB","newName":"expires_at","conceptId":"concept_onmajjBT6UAz"}},{"AssignType":{"id":"shape_dLUnj8UAbB","to":{"StringT":{}},"conceptId":"concept_onmajjBT6UAz"}},{"AddField":{"parentId":"shape_V9ohcnAVBm","id":"shape_Rdlm47N01X","conceptId":"concept_onmajjBT6UAz"}},{"SetFieldName":{"id":"shape_Rdlm47N01X","newName":"metadata","conceptId":"concept_onmajjBT6UAz"}},{"AssignType":{"id":"shape_Rdlm47N01X","to":{"ObjectT":{}},"conceptId":"concept_onmajjBT6UAz"}},{"AddResponse":{"responseId":"response_Ldc4q3b3F8","requestId":"path_ibq5Fwa1tH}_get","httpStatusCode":401}},{"DefineInlineConcept":{"root":"shape_1RKPSyn86D","conceptId":"concept_Rwo9gcPMornT"}},{"AssignType":{"id":"shape_1RKPSyn86D","to":{"ObjectT":{}},"conceptId":"concept_Rwo9gcPMornT"}},{"AddField":{"parentId":"shape_1RKPSyn86D","id":"shape_59snrfzr7X","conceptId":"concept_Rwo9gcPMornT"}},{"SetFieldName":{"id":"shape_59snrfzr7X","newName":"error","conceptId":"concept_Rwo9gcPMornT"}},{"AssignType":{"id":"shape_59snrfzr7X","to":{"StringT":{}},"conceptId":"concept_Rwo9gcPMornT"}},{"AddResponse":{"responseId":"response_x48GWFh9UT","requestId":"path_ibq5Fwa1tH}_get","httpStatusCode":404}},{"DefineInlineConcept":{"root":"shape_51IUNtAE8O","conceptId":"concept_DG09tMUt49Xq"}},{"AssignType":{"id":"shape_51IUNtAE8O","to":{"ObjectT":{}},"conceptId":"concept_DG09tMUt49Xq"}},{"AddField":{"parentId":"shape_51IUNtAE8O","id":"shape_SNaHTkZNKF","conceptId":"concept_DG09tMUt49Xq"}},{"SetFieldName":{"id":"shape_SNaHTkZNKF","newName":"error","conceptId":"concept_DG09tMUt49Xq"}},{"AssignType":{"id":"shape_SNaHTkZNKF","to":{"StringT":{}},"conceptId":"concept_DG09tMUt49Xq"}},{"AddField":{"parentId":"shape_51IUNtAE8O","id":"shape_zGVewSCjfZ","conceptId":"concept_DG09tMUt49Xq"}},{"SetFieldName":{"id":"shape_zGVewSCjfZ","newName":"status","conceptId":"concept_DG09tMUt49Xq"}},{"AssignType":{"id":"shape_zGVewSCjfZ","to":{"StringT":{}},"conceptId":"concept_DG09tMUt49Xq"}},{"AddRequest":{"requestId":"path_Oy2l5V5gee}_post","pathId":"Cuixtt_path_1","httpMethod":"post"}},{"DefineInlineConcept":{"root":"shape_hz7daYcmln","conceptId":"concept_combined_submissions_post_body"}},{"AssignType":{"id":"shape_hz7daYcmln","to":{"ObjectT":{}},"conceptId":"concept_combined_submissions_post_body"}},{"AddField":{"parentId":"shape_hz7daYcmln","id":"shape_41H93KC6NG","conceptId":"concept_combined_submissions_post_body"}},{"SetFieldName":{"id":"shape_41H93KC6NG","newName":"expires_in","conceptId":"concept_combined_submissions_post_body"}},{"AssignType":{"id":"shape_41H93KC6NG","to":{"NumberT":{}},"conceptId":"concept_combined_submissions_post_body"}},{"AddField":{"parentId":"shape_hz7daYcmln","id":"shape_Rc8f9fPHz2","conceptId":"concept_combined_submissions_post_body"}},{"SetFieldName":{"id":"shape_Rc8f9fPHz2","newName":"metadata","conceptId":"concept_combined_submissions_post_body"}},{"AssignType":{"id":"shape_Rc8f9fPHz2","to":{"ObjectT":{}},"conceptId":"concept_combined_submissions_post_body"}},{"AddField":{"parentId":"shape_hz7daYcmln","id":"shape_GJJoEZilpF","conceptId":"concept_combined_submissions_post_body"}},{"SetFieldName":{"id":"shape_GJJoEZilpF","newName":"submission_ids","conceptId":"concept_combined_submissions_post_body"}},{"AssignType":{"id":"shape_GJJoEZilpF","to":{"ListT":{}},"conceptId":"concept_combined_submissions_post_body"}},{"AddTypeParameter":{"parentId":"shape_GJJoEZilpF","id":"shape_fDpwFOgEZQ","conceptId":"concept_combined_submissions_post_body"}},{"AssignType":{"id":"shape_fDpwFOgEZQ","to":{"StringT":{}},"conceptId":"concept_combined_submissions_post_body"}},{"AddField":{"parentId":"shape_hz7daYcmln","id":"shape_6jwHgtlvXx","conceptId":"concept_combined_submissions_post_body"}},{"SetFieldName":{"id":"shape_6jwHgtlvXx","newName":"test","conceptId":"concept_combined_submissions_post_body"}},{"AssignType":{"id":"shape_6jwHgtlvXx","to":{"BooleanT":{}},"conceptId":"concept_combined_submissions_post_body"}},{"AddResponse":{"responseId":"response_WL87U21mYJ","requestId":"path_Oy2l5V5gee}_post","httpStatusCode":201}},{"DefineInlineConcept":{"root":"shape_0O8WyJj2lT","conceptId":"concept_aohDzcqtk6sg"}},{"AssignType":{"id":"shape_0O8WyJj2lT","to":{"ObjectT":{}},"conceptId":"concept_aohDzcqtk6sg"}},{"AddField":{"parentId":"shape_0O8WyJj2lT","id":"shape_cAi9ZiheSS","conceptId":"concept_aohDzcqtk6sg"}},{"SetFieldName":{"id":"shape_cAi9ZiheSS","newName":"combined_submission","conceptId":"concept_aohDzcqtk6sg"}},{"AssignType":{"id":"shape_cAi9ZiheSS","to":{"ObjectT":{}},"conceptId":"concept_aohDzcqtk6sg"}},{"AddField":{"parentId":"shape_cAi9ZiheSS","id":"shape_z08ehuM1HE","conceptId":"concept_aohDzcqtk6sg"}},{"SetFieldName":{"id":"shape_z08ehuM1HE","newName":"expired","conceptId":"concept_aohDzcqtk6sg"}},{"AssignType":{"id":"shape_z08ehuM1HE","to":{"BooleanT":{}},"conceptId":"concept_aohDzcqtk6sg"}},{"AddField":{"parentId":"shape_cAi9ZiheSS","id":"shape_NhpaWt6rMx","conceptId":"concept_aohDzcqtk6sg"}},{"SetFieldName":{"id":"shape_NhpaWt6rMx","newName":"state","conceptId":"concept_aohDzcqtk6sg"}},{"AssignType":{"id":"shape_NhpaWt6rMx","to":{"StringT":{}},"conceptId":"concept_aohDzcqtk6sg"}},{"AddField":{"parentId":"shape_cAi9ZiheSS","id":"shape_1RbIu1oWMi","conceptId":"concept_aohDzcqtk6sg"}},{"SetFieldName":{"id":"shape_1RbIu1oWMi","newName":"download_url","conceptId":"concept_aohDzcqtk6sg"}},{"AssignType":{"id":"shape_1RbIu1oWMi","to":{"StringT":{}},"conceptId":"concept_aohDzcqtk6sg"}},{"AddField":{"parentId":"shape_cAi9ZiheSS","id":"shape_DcgjwSBoFb","conceptId":"concept_aohDzcqtk6sg"}},{"SetFieldName":{"id":"shape_DcgjwSBoFb","newName":"id","conceptId":"concept_aohDzcqtk6sg"}},{"AssignType":{"id":"shape_DcgjwSBoFb","to":{"StringT":{}},"conceptId":"concept_aohDzcqtk6sg"}},{"AddField":{"parentId":"shape_cAi9ZiheSS","id":"shape_HWod0lj0j0","conceptId":"concept_aohDzcqtk6sg"}},{"SetFieldName":{"id":"shape_HWod0lj0j0","newName":"expires_at","conceptId":"concept_aohDzcqtk6sg"}},{"AssignType":{"id":"shape_HWod0lj0j0","to":{"StringT":{}},"conceptId":"concept_aohDzcqtk6sg"}},{"AddField":{"parentId":"shape_cAi9ZiheSS","id":"shape_TaQxy9mhCl","conceptId":"concept_aohDzcqtk6sg"}},{"SetFieldName":{"id":"shape_TaQxy9mhCl","newName":"metadata","conceptId":"concept_aohDzcqtk6sg"}},{"AssignType":{"id":"shape_TaQxy9mhCl","to":{"ObjectT":{}},"conceptId":"concept_aohDzcqtk6sg"}},{"AddField":{"parentId":"shape_cAi9ZiheSS","id":"shape_syEJ1Zz6oy","conceptId":"concept_aohDzcqtk6sg"}},{"SetFieldName":{"id":"shape_syEJ1Zz6oy","newName":"submission_ids","conceptId":"concept_aohDzcqtk6sg"}},{"AssignType":{"id":"shape_syEJ1Zz6oy","to":{"ListT":{}},"conceptId":"concept_aohDzcqtk6sg"}},{"AddTypeParameter":{"parentId":"shape_syEJ1Zz6oy","id":"shape_ArFV3295G3","conceptId":"concept_aohDzcqtk6sg"}},{"AssignType":{"id":"shape_ArFV3295G3","to":{"StringT":{}},"conceptId":"concept_aohDzcqtk6sg"}},{"AddField":{"parentId":"shape_0O8WyJj2lT","id":"shape_RCd68TvJUU","conceptId":"concept_aohDzcqtk6sg"}},{"SetFieldName":{"id":"shape_RCd68TvJUU","newName":"status","conceptId":"concept_aohDzcqtk6sg"}},{"AssignType":{"id":"shape_RCd68TvJUU","to":{"StringT":{}},"conceptId":"concept_aohDzcqtk6sg"}},{"AddResponse":{"responseId":"response_mD1m42jDtx","requestId":"path_Oy2l5V5gee}_post","httpStatusCode":400}},{"DefineInlineConcept":{"root":"shape_crxldYclcg","conceptId":"concept_mC3THjfyDe6t"}},{"AssignType":{"id":"shape_crxldYclcg","to":{"ObjectT":{}},"conceptId":"concept_mC3THjfyDe6t"}},{"AddField":{"parentId":"shape_crxldYclcg","id":"shape_vn11l41zuU","conceptId":"concept_mC3THjfyDe6t"}},{"SetFieldName":{"id":"shape_vn11l41zuU","newName":"error","conceptId":"concept_mC3THjfyDe6t"}},{"AssignType":{"id":"shape_vn11l41zuU","to":{"StringT":{}},"conceptId":"concept_mC3THjfyDe6t"}},{"AddField":{"parentId":"shape_crxldYclcg","id":"shape_DpGjbqwf7E","conceptId":"concept_mC3THjfyDe6t"}},{"SetFieldName":{"id":"shape_DpGjbqwf7E","newName":"status","conceptId":"concept_mC3THjfyDe6t"}},{"AssignType":{"id":"shape_DpGjbqwf7E","to":{"StringT":{}},"conceptId":"concept_mC3THjfyDe6t"}},{"AddResponse":{"responseId":"response_t0R0e3Q3w1","requestId":"path_Oy2l5V5gee}_post","httpStatusCode":401}},{"DefineInlineConcept":{"root":"shape_33shAn03fC","conceptId":"concept_gfNm9in6Bhc3"}},{"AssignType":{"id":"shape_33shAn03fC","to":{"ObjectT":{}},"conceptId":"concept_gfNm9in6Bhc3"}},{"AddField":{"parentId":"shape_33shAn03fC","id":"shape_rtzX6EPFDx","conceptId":"concept_gfNm9in6Bhc3"}},{"SetFieldName":{"id":"shape_rtzX6EPFDx","newName":"error","conceptId":"concept_gfNm9in6Bhc3"}},{"AssignType":{"id":"shape_rtzX6EPFDx","to":{"StringT":{}},"conceptId":"concept_gfNm9in6Bhc3"}},{"AddResponse":{"responseId":"response_9Ksb3mwrxi","requestId":"path_Oy2l5V5gee}_post","httpStatusCode":422}},{"DefineInlineConcept":{"root":"shape_Esh0E3QOG4","conceptId":"concept_jZ07S1RnlDLf"}},{"AssignType":{"id":"shape_Esh0E3QOG4","to":{"ObjectT":{}},"conceptId":"concept_jZ07S1RnlDLf"}},{"AddField":{"parentId":"shape_Esh0E3QOG4","id":"shape_8MNkVCZLSA","conceptId":"concept_jZ07S1RnlDLf"}},{"SetFieldName":{"id":"shape_8MNkVCZLSA","newName":"errors","conceptId":"concept_jZ07S1RnlDLf"}},{"AssignType":{"id":"shape_8MNkVCZLSA","to":{"ListT":{}},"conceptId":"concept_jZ07S1RnlDLf"}},{"AddTypeParameter":{"parentId":"shape_8MNkVCZLSA","id":"shape_rDQTMTqH3w","conceptId":"concept_jZ07S1RnlDLf"}},{"AssignType":{"id":"shape_rDQTMTqH3w","to":{"StringT":{}},"conceptId":"concept_jZ07S1RnlDLf"}},{"AddField":{"parentId":"shape_Esh0E3QOG4","id":"shape_SGrJuSp0l5","conceptId":"concept_jZ07S1RnlDLf"}},{"SetFieldName":{"id":"shape_SGrJuSp0l5","newName":"status","conceptId":"concept_jZ07S1RnlDLf"}},{"AssignType":{"id":"shape_SGrJuSp0l5","to":{"StringT":{}},"conceptId":"concept_jZ07S1RnlDLf"}},{"AddRequest":{"requestId":"path_TIK80N4pL7}_delete","pathId":"Cuixtt_path_2","httpMethod":"delete"}},{"AddResponse":{"responseId":"response_4nnTPIot1o","requestId":"path_TIK80N4pL7}_delete","httpStatusCode":200}},{"DefineInlineConcept":{"root":"shape_uSwwig0Fu3","conceptId":"concept_pbNjToYIo8xd"}},{"AssignType":{"id":"shape_uSwwig0Fu3","to":{"ObjectT":{}},"conceptId":"concept_pbNjToYIo8xd"}},{"AddField":{"parentId":"shape_uSwwig0Fu3","id":"shape_0WJMlfCEzv","conceptId":"concept_pbNjToYIo8xd"}},{"SetFieldName":{"id":"shape_0WJMlfCEzv","newName":"expired","conceptId":"concept_pbNjToYIo8xd"}},{"AssignType":{"id":"shape_0WJMlfCEzv","to":{"BooleanT":{}},"conceptId":"concept_pbNjToYIo8xd"}},{"AddField":{"parentId":"shape_uSwwig0Fu3","id":"shape_TZKeKHKPUA","conceptId":"concept_pbNjToYIo8xd"}},{"SetFieldName":{"id":"shape_TZKeKHKPUA","newName":"state","conceptId":"concept_pbNjToYIo8xd"}},{"AssignType":{"id":"shape_TZKeKHKPUA","to":{"StringT":{}},"conceptId":"concept_pbNjToYIo8xd"}},{"AddField":{"parentId":"shape_uSwwig0Fu3","id":"shape_26Qu2X3fvZ","conceptId":"concept_pbNjToYIo8xd"}},{"SetFieldName":{"id":"shape_26Qu2X3fvZ","newName":"download_url","conceptId":"concept_pbNjToYIo8xd"}},{"AssignType":{"id":"shape_26Qu2X3fvZ","to":{"StringT":{}},"conceptId":"concept_pbNjToYIo8xd"}},{"AddField":{"parentId":"shape_uSwwig0Fu3","id":"shape_ozs5u7vC37","conceptId":"concept_pbNjToYIo8xd"}},{"SetFieldName":{"id":"shape_ozs5u7vC37","newName":"id","conceptId":"concept_pbNjToYIo8xd"}},{"AssignType":{"id":"shape_ozs5u7vC37","to":{"StringT":{}},"conceptId":"concept_pbNjToYIo8xd"}},{"AddField":{"parentId":"shape_uSwwig0Fu3","id":"shape_c6T5X2XroL","conceptId":"concept_pbNjToYIo8xd"}},{"SetFieldName":{"id":"shape_c6T5X2XroL","newName":"expires_at","conceptId":"concept_pbNjToYIo8xd"}},{"AssignType":{"id":"shape_c6T5X2XroL","to":{"StringT":{}},"conceptId":"concept_pbNjToYIo8xd"}},{"AddField":{"parentId":"shape_uSwwig0Fu3","id":"shape_jIMLO57EeV","conceptId":"concept_pbNjToYIo8xd"}},{"SetFieldName":{"id":"shape_jIMLO57EeV","newName":"metadata","conceptId":"concept_pbNjToYIo8xd"}},{"AssignType":{"id":"shape_jIMLO57EeV","to":{"ObjectT":{}},"conceptId":"concept_pbNjToYIo8xd"}},{"AddField":{"parentId":"shape_uSwwig0Fu3","id":"shape_JtHNTeaOy2","conceptId":"concept_pbNjToYIo8xd"}},{"SetFieldName":{"id":"shape_JtHNTeaOy2","newName":"submission_ids","conceptId":"concept_pbNjToYIo8xd"}},{"AssignType":{"id":"shape_JtHNTeaOy2","to":{"ListT":{}},"conceptId":"concept_pbNjToYIo8xd"}},{"AddTypeParameter":{"parentId":"shape_JtHNTeaOy2","id":"shape_A2RGFxWFmM","conceptId":"concept_pbNjToYIo8xd"}},{"AssignType":{"id":"shape_A2RGFxWFmM","to":{"StringT":{}},"conceptId":"concept_pbNjToYIo8xd"}},{"AddResponse":{"responseId":"response_phssbhICMj","requestId":"path_TIK80N4pL7}_delete","httpStatusCode":401}},{"DefineInlineConcept":{"root":"shape_lsT8ENxMYq","conceptId":"concept_RCPuvLEzYLgq"}},{"AssignType":{"id":"shape_lsT8ENxMYq","to":{"ObjectT":{}},"conceptId":"concept_RCPuvLEzYLgq"}},{"AddField":{"parentId":"shape_lsT8ENxMYq","id":"shape_12ExqIT9YG","conceptId":"concept_RCPuvLEzYLgq"}},{"SetFieldName":{"id":"shape_12ExqIT9YG","newName":"error","conceptId":"concept_RCPuvLEzYLgq"}},{"AssignType":{"id":"shape_12ExqIT9YG","to":{"StringT":{}},"conceptId":"concept_RCPuvLEzYLgq"}},{"AddResponse":{"responseId":"response_cxANnGvbak","requestId":"path_TIK80N4pL7}_delete","httpStatusCode":403}},{"DefineInlineConcept":{"root":"shape_JqS592zLGy","conceptId":"concept_1gIWwOLK8sVr"}},{"AssignType":{"id":"shape_JqS592zLGy","to":{"ObjectT":{}},"conceptId":"concept_1gIWwOLK8sVr"}},{"AddField":{"parentId":"shape_JqS592zLGy","id":"shape_NwGdGOSlK7","conceptId":"concept_1gIWwOLK8sVr"}},{"SetFieldName":{"id":"shape_NwGdGOSlK7","newName":"error","conceptId":"concept_1gIWwOLK8sVr"}},{"AssignType":{"id":"shape_NwGdGOSlK7","to":{"StringT":{}},"conceptId":"concept_1gIWwOLK8sVr"}},{"AddField":{"parentId":"shape_JqS592zLGy","id":"shape_5TbezWloef","conceptId":"concept_1gIWwOLK8sVr"}},{"SetFieldName":{"id":"shape_5TbezWloef","newName":"status","conceptId":"concept_1gIWwOLK8sVr"}},{"AssignType":{"id":"shape_5TbezWloef","to":{"StringT":{}},"conceptId":"concept_1gIWwOLK8sVr"}},{"AddResponse":{"responseId":"response_yv2YCKcjxe","requestId":"path_TIK80N4pL7}_delete","httpStatusCode":404}},{"DefineInlineConcept":{"root":"shape_J6PJu8cBmA","conceptId":"concept_rb19uAUXJBw8"}},{"AssignType":{"id":"shape_J6PJu8cBmA","to":{"ObjectT":{}},"conceptId":"concept_rb19uAUXJBw8"}},{"AddField":{"parentId":"shape_J6PJu8cBmA","id":"shape_d6w6veVgXB","conceptId":"concept_rb19uAUXJBw8"}},{"SetFieldName":{"id":"shape_d6w6veVgXB","newName":"error","conceptId":"concept_rb19uAUXJBw8"}},{"AssignType":{"id":"shape_d6w6veVgXB","to":{"StringT":{}},"conceptId":"concept_rb19uAUXJBw8"}},{"AddField":{"parentId":"shape_J6PJu8cBmA","id":"shape_JprteoTV2B","conceptId":"concept_rb19uAUXJBw8"}},{"SetFieldName":{"id":"shape_JprteoTV2B","newName":"status","conceptId":"concept_rb19uAUXJBw8"}},{"AssignType":{"id":"shape_JprteoTV2B","to":{"StringT":{}},"conceptId":"concept_rb19uAUXJBw8"}},{"AddRequest":{"requestId":"path_TIK80N4pL7}_get","pathId":"Cuixtt_path_2","httpMethod":"get"}},{"AddResponse":{"responseId":"response_2Acz6TUaet","requestId":"path_TIK80N4pL7}_get","httpStatusCode":200}},{"DefineInlineConcept":{"root":"shape_vWpMNP0kDF","conceptId":"concept_a4MgjtyipcA7"}},{"AssignType":{"id":"shape_vWpMNP0kDF","to":{"ObjectT":{}},"conceptId":"concept_a4MgjtyipcA7"}},{"AddField":{"parentId":"shape_vWpMNP0kDF","id":"shape_Th6HZW2YbI","conceptId":"concept_a4MgjtyipcA7"}},{"SetFieldName":{"id":"shape_Th6HZW2YbI","newName":"expired","conceptId":"concept_a4MgjtyipcA7"}},{"AssignType":{"id":"shape_Th6HZW2YbI","to":{"BooleanT":{}},"conceptId":"concept_a4MgjtyipcA7"}},{"AddField":{"parentId":"shape_vWpMNP0kDF","id":"shape_8IWx4q57lZ","conceptId":"concept_a4MgjtyipcA7"}},{"SetFieldName":{"id":"shape_8IWx4q57lZ","newName":"state","conceptId":"concept_a4MgjtyipcA7"}},{"AssignType":{"id":"shape_8IWx4q57lZ","to":{"StringT":{}},"conceptId":"concept_a4MgjtyipcA7"}},{"AddField":{"parentId":"shape_vWpMNP0kDF","id":"shape_iwWCSBUtNd","conceptId":"concept_a4MgjtyipcA7"}},{"SetFieldName":{"id":"shape_iwWCSBUtNd","newName":"download_url","conceptId":"concept_a4MgjtyipcA7"}},{"AssignType":{"id":"shape_iwWCSBUtNd","to":{"StringT":{}},"conceptId":"concept_a4MgjtyipcA7"}},{"AddField":{"parentId":"shape_vWpMNP0kDF","id":"shape_j8tuyizhFz","conceptId":"concept_a4MgjtyipcA7"}},{"SetFieldName":{"id":"shape_j8tuyizhFz","newName":"id","conceptId":"concept_a4MgjtyipcA7"}},{"AssignType":{"id":"shape_j8tuyizhFz","to":{"StringT":{}},"conceptId":"concept_a4MgjtyipcA7"}},{"AddField":{"parentId":"shape_vWpMNP0kDF","id":"shape_VN1vsv7tCM","conceptId":"concept_a4MgjtyipcA7"}},{"SetFieldName":{"id":"shape_VN1vsv7tCM","newName":"expires_at","conceptId":"concept_a4MgjtyipcA7"}},{"AssignType":{"id":"shape_VN1vsv7tCM","to":{"StringT":{}},"conceptId":"concept_a4MgjtyipcA7"}},{"AddField":{"parentId":"shape_vWpMNP0kDF","id":"shape_jKeG3y4p7n","conceptId":"concept_a4MgjtyipcA7"}},{"SetFieldName":{"id":"shape_jKeG3y4p7n","newName":"metadata","conceptId":"concept_a4MgjtyipcA7"}},{"AssignType":{"id":"shape_jKeG3y4p7n","to":{"ObjectT":{}},"conceptId":"concept_a4MgjtyipcA7"}},{"AddField":{"parentId":"shape_vWpMNP0kDF","id":"shape_MUHH7clR5A","conceptId":"concept_a4MgjtyipcA7"}},{"SetFieldName":{"id":"shape_MUHH7clR5A","newName":"submission_ids","conceptId":"concept_a4MgjtyipcA7"}},{"AssignType":{"id":"shape_MUHH7clR5A","to":{"ListT":{}},"conceptId":"concept_a4MgjtyipcA7"}},{"AddTypeParameter":{"parentId":"shape_MUHH7clR5A","id":"shape_Bw3NAFZ1Kk","conceptId":"concept_a4MgjtyipcA7"}},{"AssignType":{"id":"shape_Bw3NAFZ1Kk","to":{"StringT":{}},"conceptId":"concept_a4MgjtyipcA7"}},{"AddResponse":{"responseId":"response_7pT1TzbP9w","requestId":"path_TIK80N4pL7}_get","httpStatusCode":401}},{"DefineInlineConcept":{"root":"shape_HzE4xzqtSH","conceptId":"concept_ICfs9PL0bboc"}},{"AssignType":{"id":"shape_HzE4xzqtSH","to":{"ObjectT":{}},"conceptId":"concept_ICfs9PL0bboc"}},{"AddField":{"parentId":"shape_HzE4xzqtSH","id":"shape_bKYN5YDfrq","conceptId":"concept_ICfs9PL0bboc"}},{"SetFieldName":{"id":"shape_bKYN5YDfrq","newName":"error","conceptId":"concept_ICfs9PL0bboc"}},{"AssignType":{"id":"shape_bKYN5YDfrq","to":{"StringT":{}},"conceptId":"concept_ICfs9PL0bboc"}},{"AddResponse":{"responseId":"response_n8ujeZAFwi","requestId":"path_TIK80N4pL7}_get","httpStatusCode":404}},{"DefineInlineConcept":{"root":"shape_MEHT4CYK0o","conceptId":"concept_r0h3CJfEsHsh"}},{"AssignType":{"id":"shape_MEHT4CYK0o","to":{"ObjectT":{}},"conceptId":"concept_r0h3CJfEsHsh"}},{"AddField":{"parentId":"shape_MEHT4CYK0o","id":"shape_Ce6LIU8Onp","conceptId":"concept_r0h3CJfEsHsh"}},{"SetFieldName":{"id":"shape_Ce6LIU8Onp","newName":"error","conceptId":"concept_r0h3CJfEsHsh"}},{"AssignType":{"id":"shape_Ce6LIU8Onp","to":{"StringT":{}},"conceptId":"concept_r0h3CJfEsHsh"}},{"AddField":{"parentId":"shape_MEHT4CYK0o","id":"shape_92TFI028Oh","conceptId":"concept_r0h3CJfEsHsh"}},{"SetFieldName":{"id":"shape_92TFI028Oh","newName":"status","conceptId":"concept_r0h3CJfEsHsh"}},{"AssignType":{"id":"shape_92TFI028Oh","to":{"StringT":{}},"conceptId":"concept_r0h3CJfEsHsh"}},{"AddRequest":{"requestId":"path_lFKd0UAYpi}_post","pathId":"Cuixtt_path_7","httpMethod":"post"}},{"DefineInlineConcept":{"root":"shape_MQK5lS4Jo6","conceptId":"concept_templatestemplate_idsubmissions_post_body"}},{"AssignType":{"id":"shape_MQK5lS4Jo6","to":{"ObjectT":{}},"conceptId":"concept_templatestemplate_idsubmissions_post_body"}},{"AddField":{"parentId":"shape_MQK5lS4Jo6","id":"shape_z1k3zyd0gL","conceptId":"concept_templatestemplate_idsubmissions_post_body"}},{"SetFieldName":{"id":"shape_z1k3zyd0gL","newName":"data","conceptId":"concept_templatestemplate_idsubmissions_post_body"}},{"AssignType":{"id":"shape_z1k3zyd0gL","to":{"ObjectT":{}},"conceptId":"concept_templatestemplate_idsubmissions_post_body"}},{"AddField":{"parentId":"shape_MQK5lS4Jo6","id":"shape_5rQZGAdVin","conceptId":"concept_templatestemplate_idsubmissions_post_body"}},{"SetFieldName":{"id":"shape_5rQZGAdVin","newName":"metadata","conceptId":"concept_templatestemplate_idsubmissions_post_body"}},{"AssignType":{"id":"shape_5rQZGAdVin","to":{"ObjectT":{}},"conceptId":"concept_templatestemplate_idsubmissions_post_body"}},{"AddField":{"parentId":"shape_MQK5lS4Jo6","id":"shape_NDgOkHa5H9","conceptId":"concept_templatestemplate_idsubmissions_post_body"}},{"SetFieldName":{"id":"shape_NDgOkHa5H9","newName":"test","conceptId":"concept_templatestemplate_idsubmissions_post_body"}},{"AssignType":{"id":"shape_NDgOkHa5H9","to":{"BooleanT":{}},"conceptId":"concept_templatestemplate_idsubmissions_post_body"}},{"AddResponse":{"responseId":"response_S9LyogSsJl","requestId":"path_lFKd0UAYpi}_post","httpStatusCode":201}},{"DefineInlineConcept":{"root":"shape_i61ACBhrP6","conceptId":"concept_JWH8LsyuEg3P"}},{"AssignType":{"id":"shape_i61ACBhrP6","to":{"ObjectT":{}},"conceptId":"concept_JWH8LsyuEg3P"}},{"AddField":{"parentId":"shape_i61ACBhrP6","id":"shape_ICsrn6JAiR","conceptId":"concept_JWH8LsyuEg3P"}},{"SetFieldName":{"id":"shape_ICsrn6JAiR","newName":"status","conceptId":"concept_JWH8LsyuEg3P"}},{"AssignType":{"id":"shape_ICsrn6JAiR","to":{"StringT":{}},"conceptId":"concept_JWH8LsyuEg3P"}},{"AddField":{"parentId":"shape_i61ACBhrP6","id":"shape_tzmzgGO91W","conceptId":"concept_JWH8LsyuEg3P"}},{"SetFieldName":{"id":"shape_tzmzgGO91W","newName":"submission","conceptId":"concept_JWH8LsyuEg3P"}},{"AssignType":{"id":"shape_tzmzgGO91W","to":{"ObjectT":{}},"conceptId":"concept_JWH8LsyuEg3P"}},{"AddField":{"parentId":"shape_tzmzgGO91W","id":"shape_qYsNtwLL7y","conceptId":"concept_JWH8LsyuEg3P"}},{"SetFieldName":{"id":"shape_qYsNtwLL7y","newName":"test","conceptId":"concept_JWH8LsyuEg3P"}},{"AssignType":{"id":"shape_qYsNtwLL7y","to":{"BooleanT":{}},"conceptId":"concept_JWH8LsyuEg3P"}},{"AddField":{"parentId":"shape_tzmzgGO91W","id":"shape_b1Ljlcfky5","conceptId":"concept_JWH8LsyuEg3P"}},{"SetFieldName":{"id":"shape_b1Ljlcfky5","newName":"expired","conceptId":"concept_JWH8LsyuEg3P"}},{"AssignType":{"id":"shape_b1Ljlcfky5","to":{"BooleanT":{}},"conceptId":"concept_JWH8LsyuEg3P"}},{"AddField":{"parentId":"shape_tzmzgGO91W","id":"shape_aOne6uAbga","conceptId":"concept_JWH8LsyuEg3P"}},{"SetFieldName":{"id":"shape_aOne6uAbga","newName":"state","conceptId":"concept_JWH8LsyuEg3P"}},{"AssignType":{"id":"shape_aOne6uAbga","to":{"StringT":{}},"conceptId":"concept_JWH8LsyuEg3P"}},{"AddField":{"parentId":"shape_tzmzgGO91W","id":"shape_IuSwIjy6C9","conceptId":"concept_JWH8LsyuEg3P"}},{"SetFieldName":{"id":"shape_IuSwIjy6C9","newName":"download_url","conceptId":"concept_JWH8LsyuEg3P"}},{"AssignType":{"id":"shape_IuSwIjy6C9","to":{"StringT":{}},"conceptId":"concept_JWH8LsyuEg3P"}},{"AddField":{"parentId":"shape_tzmzgGO91W","id":"shape_5YvCggyqij","conceptId":"concept_JWH8LsyuEg3P"}},{"SetFieldName":{"id":"shape_5YvCggyqij","newName":"id","conceptId":"concept_JWH8LsyuEg3P"}},{"AssignType":{"id":"shape_5YvCggyqij","to":{"StringT":{}},"conceptId":"concept_JWH8LsyuEg3P"}},{"AddField":{"parentId":"shape_tzmzgGO91W","id":"shape_7yEsNDMZR7","conceptId":"concept_JWH8LsyuEg3P"}},{"SetFieldName":{"id":"shape_7yEsNDMZR7","newName":"expires_at","conceptId":"concept_JWH8LsyuEg3P"}},{"AssignType":{"id":"shape_7yEsNDMZR7","to":{"StringT":{}},"conceptId":"concept_JWH8LsyuEg3P"}},{"AddField":{"parentId":"shape_tzmzgGO91W","id":"shape_rdx0QxT0X9","conceptId":"concept_JWH8LsyuEg3P"}},{"SetFieldName":{"id":"shape_rdx0QxT0X9","newName":"metadata","conceptId":"concept_JWH8LsyuEg3P"}},{"AssignType":{"id":"shape_rdx0QxT0X9","to":{"ObjectT":{}},"conceptId":"concept_JWH8LsyuEg3P"}},{"AddResponse":{"responseId":"response_OkKoh9EwJo","requestId":"path_lFKd0UAYpi}_post","httpStatusCode":400}},{"DefineInlineConcept":{"root":"shape_oMxvbAoG2m","conceptId":"concept_gKYwXyqxEvsR"}},{"AssignType":{"id":"shape_oMxvbAoG2m","to":{"ObjectT":{}},"conceptId":"concept_gKYwXyqxEvsR"}},{"AddField":{"parentId":"shape_oMxvbAoG2m","id":"shape_t2d6LPUfBN","conceptId":"concept_gKYwXyqxEvsR"}},{"SetFieldName":{"id":"shape_t2d6LPUfBN","newName":"error","conceptId":"concept_gKYwXyqxEvsR"}},{"AssignType":{"id":"shape_t2d6LPUfBN","to":{"StringT":{}},"conceptId":"concept_gKYwXyqxEvsR"}},{"AddField":{"parentId":"shape_oMxvbAoG2m","id":"shape_yedYJffe2g","conceptId":"concept_gKYwXyqxEvsR"}},{"SetFieldName":{"id":"shape_yedYJffe2g","newName":"status","conceptId":"concept_gKYwXyqxEvsR"}},{"AssignType":{"id":"shape_yedYJffe2g","to":{"StringT":{}},"conceptId":"concept_gKYwXyqxEvsR"}},{"AddResponse":{"responseId":"response_en6x4h8OdA","requestId":"path_lFKd0UAYpi}_post","httpStatusCode":401}},{"DefineInlineConcept":{"root":"shape_nRu6t3FLLM","conceptId":"concept_QVtusfaAmN8v"}},{"AssignType":{"id":"shape_nRu6t3FLLM","to":{"ObjectT":{}},"conceptId":"concept_QVtusfaAmN8v"}},{"AddField":{"parentId":"shape_nRu6t3FLLM","id":"shape_my8noXWNV5","conceptId":"concept_QVtusfaAmN8v"}},{"SetFieldName":{"id":"shape_my8noXWNV5","newName":"error","conceptId":"concept_QVtusfaAmN8v"}},{"AssignType":{"id":"shape_my8noXWNV5","to":{"StringT":{}},"conceptId":"concept_QVtusfaAmN8v"}},{"AddResponse":{"responseId":"response_1BOmsuyEhD","requestId":"path_lFKd0UAYpi}_post","httpStatusCode":422}},{"DefineInlineConcept":{"root":"shape_hiD0CTOeqz","conceptId":"concept_kT0MHq0YbzsP"}},{"AssignType":{"id":"shape_hiD0CTOeqz","to":{"ObjectT":{}},"conceptId":"concept_kT0MHq0YbzsP"}},{"AddField":{"parentId":"shape_hiD0CTOeqz","id":"shape_bliaWIIaQz","conceptId":"concept_kT0MHq0YbzsP"}},{"SetFieldName":{"id":"shape_bliaWIIaQz","newName":"errors","conceptId":"concept_kT0MHq0YbzsP"}},{"AssignType":{"id":"shape_bliaWIIaQz","to":{"ListT":{}},"conceptId":"concept_kT0MHq0YbzsP"}},{"AddTypeParameter":{"parentId":"shape_bliaWIIaQz","id":"shape_l6Z1o2mm4M","conceptId":"concept_kT0MHq0YbzsP"}},{"AssignType":{"id":"shape_l6Z1o2mm4M","to":{"StringT":{}},"conceptId":"concept_kT0MHq0YbzsP"}},{"AddField":{"parentId":"shape_hiD0CTOeqz","id":"shape_nqO3MFexPo","conceptId":"concept_kT0MHq0YbzsP"}},{"SetFieldName":{"id":"shape_nqO3MFexPo","newName":"status","conceptId":"concept_kT0MHq0YbzsP"}},{"AssignType":{"id":"shape_nqO3MFexPo","to":{"StringT":{}},"conceptId":"concept_kT0MHq0YbzsP"}},{"SetResponseBodyShape":{"responseId":"response_xplVfDJ2b4","bodyDescriptor":{"httpContentType":"application/json","conceptId":"concept_d1LIDYUG7Spa"}}},{"SetResponseBodyShape":{"responseId":"response_2t2wsET0qP","bodyDescriptor":{"httpContentType":"application/json","conceptId":"concept_ue2KYOHKeIxk"}}},{"SetResponseBodyShape":{"responseId":"response_Pt9fnd3Vm0","bodyDescriptor":{"httpContentType":"application/json","conceptId":"concept_nfFfVKZwmaHf"}}},{"SetResponseBodyShape":{"responseId":"response_ypaoZW5BvV","bodyDescriptor":{"httpContentType":"application/json","conceptId":"concept_nCwSUOeC394K"}}},{"SetResponseBodyShape":{"responseId":"response_r2VrSMGQxa","bodyDescriptor":{"httpContentType":"application/json","conceptId":"concept_KB1zh68KEKD9"}}},{"SetResponseBodyShape":{"responseId":"response_FvXsVRVILT","bodyDescriptor":{"httpContentType":"application/json","conceptId":"concept_emrrOtM04Hhh"}}},{"SetResponseBodyShape":{"responseId":"response_c20VIgwfw0","bodyDescriptor":{"httpContentType":"application/json","conceptId":"concept_onmajjBT6UAz"}}},{"SetResponseBodyShape":{"responseId":"response_Ldc4q3b3F8","bodyDescriptor":{"httpContentType":"application/json","conceptId":"concept_Rwo9gcPMornT"}}},{"SetResponseBodyShape":{"responseId":"response_x48GWFh9UT","bodyDescriptor":{"httpContentType":"application/json","conceptId":"concept_DG09tMUt49Xq"}}},{"SetRequestBodyShape":{"requestId":"path_Oy2l5V5gee}_post","bodyDescriptor":{"httpContentType":"application/json","conceptId":"concept_combined_submissions_post_body"}}},{"SetResponseBodyShape":{"responseId":"response_WL87U21mYJ","bodyDescriptor":{"httpContentType":"application/json","conceptId":"concept_aohDzcqtk6sg"}}},{"SetResponseBodyShape":{"responseId":"response_mD1m42jDtx","bodyDescriptor":{"httpContentType":"application/json","conceptId":"concept_mC3THjfyDe6t"}}},{"SetResponseBodyShape":{"responseId":"response_t0R0e3Q3w1","bodyDescriptor":{"httpContentType":"application/json","conceptId":"concept_gfNm9in6Bhc3"}}},{"SetResponseBodyShape":{"responseId":"response_9Ksb3mwrxi","bodyDescriptor":{"httpContentType":"application/json","conceptId":"concept_jZ07S1RnlDLf"}}},{"SetResponseBodyShape":{"responseId":"response_4nnTPIot1o","bodyDescriptor":{"httpContentType":"application/json","conceptId":"concept_pbNjToYIo8xd"}}},{"SetResponseBodyShape":{"responseId":"response_phssbhICMj","bodyDescriptor":{"httpContentType":"application/json","conceptId":"concept_RCPuvLEzYLgq"}}},{"SetResponseBodyShape":{"responseId":"response_cxANnGvbak","bodyDescriptor":{"httpContentType":"application/json","conceptId":"concept_1gIWwOLK8sVr"}}},{"SetResponseBodyShape":{"responseId":"response_yv2YCKcjxe","bodyDescriptor":{"httpContentType":"application/json","conceptId":"concept_rb19uAUXJBw8"}}},{"SetResponseBodyShape":{"responseId":"response_2Acz6TUaet","bodyDescriptor":{"httpContentType":"application/json","conceptId":"concept_a4MgjtyipcA7"}}},{"SetResponseBodyShape":{"responseId":"response_7pT1TzbP9w","bodyDescriptor":{"httpContentType":"application/json","conceptId":"concept_ICfs9PL0bboc"}}},{"SetResponseBodyShape":{"responseId":"response_n8ujeZAFwi","bodyDescriptor":{"httpContentType":"application/json","conceptId":"concept_r0h3CJfEsHsh"}}},{"SetRequestBodyShape":{"requestId":"path_lFKd0UAYpi}_post","bodyDescriptor":{"httpContentType":"application/json","conceptId":"concept_templatestemplate_idsubmissions_post_body"}}},{"SetResponseBodyShape":{"responseId":"response_S9LyogSsJl","bodyDescriptor":{"httpContentType":"application/json","conceptId":"concept_JWH8LsyuEg3P"}}},{"SetResponseBodyShape":{"responseId":"response_OkKoh9EwJo","bodyDescriptor":{"httpContentType":"application/json","conceptId":"concept_gKYwXyqxEvsR"}}},{"SetResponseBodyShape":{"responseId":"response_en6x4h8OdA","bodyDescriptor":{"httpContentType":"application/json","conceptId":"concept_QVtusfaAmN8v"}}},{"SetResponseBodyShape":{"responseId":"response_1BOmsuyEhD","bodyDescriptor":{"httpContentType":"application/json","conceptId":"concept_kT0MHq0YbzsP"}}}]