[{"AddPathComponent":{"pathId":"w6qgNB_path_0","parentPathId":"root","name":"v1"}},{"AddPathComponent":{"pathId":"w6qgNB_path_1","parentPathId":"w6qgNB_path_0","name":"order"}},{"AddPathComponent":{"pathId":"w6qgNB_path_2","parentPathId":"w6qgNB_path_1","name":"feedback"}},{"AddPathComponent":{"pathId":"w6qgNB_path_3","parentPathId":"w6qgNB_path_1","name":"screen"}},{"AddRequest":{"requestId":"path_Fwk0qFwJmi}_post","pathId":"w6qgNB_path_2","httpMethod":"post"}},{"AddResponse":{"responseId":"response_bbap9WTx2N","requestId":"path_Fwk0qFwJmi}_post","httpStatusCode":200}},{"DefineInlineConcept":{"root":"shape_XdRbWFZnBa","conceptId":"concept_tUwQ3uojRaCC"}},{"AssignType":{"id":"shape_XdRbWFZnBa","to":{"StringT":{}},"conceptId":"concept_tUwQ3uojRaCC"}},{"AddRequest":{"requestId":"path_okRclinMZ3}_post","pathId":"w6qgNB_path_3","httpMethod":"post"}},{"AddResponse":{"responseId":"response_9XJzbuPZdW","requestId":"path_okRclinMZ3}_post","httpStatusCode":200}},{"DefineInlineConcept":{"root":"shape_vbcxYVqoX0","conceptId":"concept_BbvzbkLYpmfg"}},{"AssignType":{"id":"shape_vbcxYVqoX0","to":{"StringT":{}},"conceptId":"concept_BbvzbkLYpmfg"}},{"SetResponseBodyShape":{"responseId":"response_bbap9WTx2N","bodyDescriptor":{"httpContentType":"application/json; charset=utf-8","conceptId":"concept_tUwQ3uojRaCC"}}},{"SetResponseBodyShape":{"responseId":"response_9XJzbuPZdW","bodyDescriptor":{"httpContentType":"application/json; charset=utf-8","conceptId":"concept_BbvzbkLYpmfg"}}}]