[{"AddPathComponent":{"pathId":"gmyMUH_path_0","parentPathId":"root","name":"translate"}},{"AddPathComponent":{"pathId":"gmyMUH_path_1","parentPathId":"gmyMUH_path_0","name":"braille"}},{"AddPathComponent":{"pathId":"gmyMUH_path_2","parentPathId":"gmyMUH_path_1","name":"dots"}},{"AddPathComponent":{"pathId":"gmyMUH_path_3","parentPathId":"gmyMUH_path_1","name":"html"}},{"AddPathComponent":{"pathId":"gmyMUH_path_4","parentPathId":"gmyMUH_path_1","name":"image"}},{"AddPathComponent":{"pathId":"gmyMUH_path_5","parentPathId":"gmyMUH_path_1","name":"unicode"}},{"AddPathComponent":{"pathId":"gmyMUH_path_6","parentPathId":"gmyMUH_path_0","name":"brooklyn"}},{"AddPathComponent":{"pathId":"gmyMUH_path_7","parentPathId":"gmyMUH_path_0","name":"chef"}},{"AddPathComponent":{"pathId":"gmyMUH_path_8","parentPathId":"gmyMUH_path_0","name":"cheunh"}},{"AddPathComponent":{"pathId":"gmyMUH_path_9","parentPathId":"gmyMUH_path_0","name":"cockney"}},{"AddPathComponent":{"pathId":"gmyMUH_path_10","parentPathId":"gmyMUH_path_0","name":"dolan"}},{"AddPathComponent":{"pathId":"gmyMUH_path_11","parentPathId":"gmyMUH_path_0","name":"dothraki"}},{"AddPathComponent":{"pathId":"gmyMUH_path_12","parentPathId":"gmyMUH_path_0","name":"ermahgerd"}},{"AddPathComponent":{"pathId":"gmyMUH_path_13","parentPathId":"gmyMUH_path_0","name":"ferblatin"}},{"AddPathComponent":{"pathId":"gmyMUH_path_14","parentPathId":"gmyMUH_path_0","name":"fudd"}},{"AddPathComponent":{"pathId":"gmyMUH_path_15","parentPathId":"gmyMUH_path_0","name":"gungan"}},{"AddPathComponent":{"pathId":"gmyMUH_path_16","parentPathId":"gmyMUH_path_0","name":"huttese"}},{"AddPathComponent":{"pathId":"gmyMUH_path_17","parentPathId":"gmyMUH_path_0","name":"jive"}},{"AddPathComponent":{"pathId":"gmyMUH_path_18","parentPathId":"gmyMUH_path_0","name":"klingon"}},{"AddPathComponent":{"pathId":"gmyMUH_path_19","parentPathId":"gmyMUH_path_0","name":"mandalorian"}},{"AddPathComponent":{"pathId":"gmyMUH_path_20","parentPathId":"gmyMUH_path_0","name":"minion"}},{"AddPathComponent":{"pathId":"gmyMUH_path_21","parentPathId":"gmyMUH_path_0","name":"morse"}},{"AddPathComponent":{"pathId":"gmyMUH_path_22","parentPathId":"gmyMUH_path_21","name":"audio"}},{"AddPathComponent":{"pathId":"gmyMUH_path_23","parentPathId":"gmyMUH_path_0","name":"morse2english"}},{"AddPathComponent":{"pathId":"gmyMUH_path_24","parentPathId":"gmyMUH_path_0","name":"oldenglish"}},{"AddPathComponent":{"pathId":"gmyMUH_path_25","parentPathId":"gmyMUH_path_0","name":"piglatin"}},{"AddPathComponent":{"pathId":"gmyMUH_path_26","parentPathId":"gmyMUH_path_0","name":"pirate"}},{"AddPathComponent":{"pathId":"gmyMUH_path_27","parentPathId":"gmyMUH_path_0","name":"quneya"}},{"AddPathComponent":{"pathId":"gmyMUH_path_28","parentPathId":"gmyMUH_path_0","name":"shakespeare"}},{"AddPathComponent":{"pathId":"gmyMUH_path_29","parentPathId":"gmyMUH_path_0","name":"sindarin"}},{"AddPathComponent":{"pathId":"gmyMUH_path_30","parentPathId":"gmyMUH_path_0","name":"sith"}},{"AddPathComponent":{"pathId":"gmyMUH_path_31","parentPathId":"gmyMUH_path_0","name":"uk2us"}},{"AddPathComponent":{"pathId":"gmyMUH_path_32","parentPathId":"gmyMUH_path_0","name":"us2uk"}},{"AddPathComponent":{"pathId":"gmyMUH_path_33","parentPathId":"gmyMUH_path_0","name":"valspeak"}},{"AddPathComponent":{"pathId":"gmyMUH_path_34","parentPathId":"gmyMUH_path_0","name":"valyrian"}},{"AddPathComponent":{"pathId":"gmyMUH_path_35","parentPathId":"gmyMUH_path_0","name":"vulcan"}},{"AddPathComponent":{"pathId":"gmyMUH_path_36","parentPathId":"gmyMUH_path_0","name":"yoda"}},{"AddRequest":{"requestId":"path_sQoirYK0ar}_get","pathId":"gmyMUH_path_24","httpMethod":"get"}},{"AddResponse":{"responseId":"response_4eoUVTlVDh","requestId":"path_sQoirYK0ar}_get","httpStatusCode":200}},{"AddResponse":{"responseId":"response_BUfjm46qpS","requestId":"path_sQoirYK0ar}_get","httpStatusCode":401}},{"AddRequest":{"requestId":"path_g38bZqw8O8}_get","pathId":"gmyMUH_path_6","httpMethod":"get"}},{"AddResponse":{"responseId":"response_EMQegvtK8O","requestId":"path_g38bZqw8O8}_get","httpStatusCode":200}},{"AddResponse":{"responseId":"response_OKPt526TP3","requestId":"path_g38bZqw8O8}_get","httpStatusCode":401}},{"AddRequest":{"requestId":"path_x5zqcQLVLi}_get","pathId":"gmyMUH_path_7","httpMethod":"get"}},{"AddResponse":{"responseId":"response_WDYx8Xn2l4","requestId":"path_x5zqcQLVLi}_get","httpStatusCode":200}},{"AddResponse":{"responseId":"response_U3Q0AsUf1b","requestId":"path_x5zqcQLVLi}_get","httpStatusCode":401}},{"AddRequest":{"requestId":"path_CFPxhGwdXO}_get","pathId":"gmyMUH_path_14","httpMethod":"get"}},{"AddResponse":{"responseId":"response_63EMVoRv90","requestId":"path_CFPxhGwdXO}_get","httpStatusCode":200}},{"AddResponse":{"responseId":"response_zIqqB9OSt9","requestId":"path_CFPxhGwdXO}_get","httpStatusCode":401}},{"AddRequest":{"requestId":"path_BbCAGhfgR3}_get","pathId":"gmyMUH_path_21","httpMethod":"get"}},{"AddResponse":{"responseId":"response_fKZKSrXML4","requestId":"path_BbCAGhfgR3}_get","httpStatusCode":200}},{"AddResponse":{"responseId":"response_iCGLRPWIQm","requestId":"path_BbCAGhfgR3}_get","httpStatusCode":401}},{"AddRequest":{"requestId":"path_Z3m3DTQpQc}_get","pathId":"gmyMUH_path_28","httpMethod":"get"}},{"AddResponse":{"responseId":"response_QKgBjxe1lr","requestId":"path_Z3m3DTQpQc}_get","httpStatusCode":200}},{"AddResponse":{"responseId":"response_8H5knlxn51","requestId":"path_Z3m3DTQpQc}_get","httpStatusCode":401}},{"AddRequest":{"requestId":"path_eciKsWixzR}_get","pathId":"gmyMUH_path_25","httpMethod":"get"}},{"AddResponse":{"responseId":"response_VHL4Ljjntz","requestId":"path_eciKsWixzR}_get","httpStatusCode":200}},{"AddResponse":{"responseId":"response_sL4ZvnNFDT","requestId":"path_eciKsWixzR}_get","httpStatusCode":401}},{"AddRequest":{"requestId":"path_mUddSHasAa}_get","pathId":"gmyMUH_path_9","httpMethod":"get"}},{"AddResponse":{"responseId":"response_Kh2sPozquC","requestId":"path_mUddSHasAa}_get","httpStatusCode":200}},{"AddResponse":{"responseId":"response_5aGIZXN31P","requestId":"path_mUddSHasAa}_get","httpStatusCode":401}},{"AddRequest":{"requestId":"path_ne1kNraGCp}_get","pathId":"gmyMUH_path_3","httpMethod":"get"}},{"AddResponse":{"responseId":"response_xrSgBGFObE","requestId":"path_ne1kNraGCp}_get","httpStatusCode":200}},{"AddResponse":{"responseId":"response_i15W9DbCrO","requestId":"path_ne1kNraGCp}_get","httpStatusCode":401}},{"AddRequest":{"requestId":"path_BTTPVDcaWg}_get","pathId":"gmyMUH_path_4","httpMethod":"get"}},{"AddResponse":{"responseId":"response_loNceSNIXB","requestId":"path_BTTPVDcaWg}_get","httpStatusCode":200}},{"AddResponse":{"responseId":"response_Sp3B17YXoQ","requestId":"path_BTTPVDcaWg}_get","httpStatusCode":401}},{"AddRequest":{"requestId":"path_7VsNdtfLZh}_get","pathId":"gmyMUH_path_15","httpMethod":"get"}},{"AddResponse":{"responseId":"response_uDYIwWQ4Au","requestId":"path_7VsNdtfLZh}_get","httpStatusCode":200}},{"AddResponse":{"responseId":"response_32ZNEqSaj5","requestId":"path_7VsNdtfLZh}_get","httpStatusCode":401}},{"AddRequest":{"requestId":"path_TLySBv8i5n}_get","pathId":"gmyMUH_path_16","httpMethod":"get"}},{"AddResponse":{"responseId":"response_6ZmwX4Gt2W","requestId":"path_TLySBv8i5n}_get","httpStatusCode":200}},{"AddResponse":{"responseId":"response_QemmM72Iz8","requestId":"path_TLySBv8i5n}_get","httpStatusCode":401}},{"AddRequest":{"requestId":"path_9nBfT2wlIb}_get","pathId":"gmyMUH_path_19","httpMethod":"get"}},{"AddResponse":{"responseId":"response_27YNzMSv9R","requestId":"path_9nBfT2wlIb}_get","httpStatusCode":200}},{"AddResponse":{"responseId":"response_io386NMMcN","requestId":"path_9nBfT2wlIb}_get","httpStatusCode":401}},{"AddRequest":{"requestId":"path_KYL5t1M4XE}_get","pathId":"gmyMUH_path_29","httpMethod":"get"}},{"AddResponse":{"responseId":"response_YS1OwpNTtf","requestId":"path_KYL5t1M4XE}_get","httpStatusCode":200}},{"AddResponse":{"responseId":"response_e6i4AxCQGl","requestId":"path_KYL5t1M4XE}_get","httpStatusCode":401}},{"AddRequest":{"requestId":"path_Faf39YAQJX}_get","pathId":"gmyMUH_path_10","httpMethod":"get"}},{"AddResponse":{"responseId":"response_HBpmZW6pq2","requestId":"path_Faf39YAQJX}_get","httpStatusCode":200}},{"AddResponse":{"responseId":"response_7gjNfZyPp3","requestId":"path_Faf39YAQJX}_get","httpStatusCode":401}},{"AddRequest":{"requestId":"path_MtoZpXE1I4}_get","pathId":"gmyMUH_path_2","httpMethod":"get"}},{"AddResponse":{"responseId":"response_eT9TrzRt4s","requestId":"path_MtoZpXE1I4}_get","httpStatusCode":200}},{"AddResponse":{"responseId":"response_HNyOoislth","requestId":"path_MtoZpXE1I4}_get","httpStatusCode":401}},{"AddRequest":{"requestId":"path_FZyMEnRJQR}_get","pathId":"gmyMUH_path_5","httpMethod":"get"}},{"AddResponse":{"responseId":"response_dXks6qZfP2","requestId":"path_FZyMEnRJQR}_get","httpStatusCode":200}},{"AddResponse":{"responseId":"response_vFfkVzdEA9","requestId":"path_FZyMEnRJQR}_get","httpStatusCode":401}},{"AddRequest":{"requestId":"path_VFIHNFt5AW}_get","pathId":"gmyMUH_path_12","httpMethod":"get"}},{"AddResponse":{"responseId":"response_ZN1bN7J4Bw","requestId":"path_VFIHNFt5AW}_get","httpStatusCode":200}},{"AddResponse":{"responseId":"response_eJPszknWzc","requestId":"path_VFIHNFt5AW}_get","httpStatusCode":401}},{"AddRequest":{"requestId":"path_RIlq23KmaO}_get","pathId":"gmyMUH_path_33","httpMethod":"get"}},{"AddResponse":{"responseId":"response_OCNUAI119T","requestId":"path_RIlq23KmaO}_get","httpStatusCode":200}},{"AddResponse":{"responseId":"response_U0Ehuqy379","requestId":"path_RIlq23KmaO}_get","httpStatusCode":401}},{"AddRequest":{"requestId":"path_yZtReXwqDv}_get","pathId":"gmyMUH_path_35","httpMethod":"get"}},{"AddResponse":{"responseId":"response_gwlSwNHode","requestId":"path_yZtReXwqDv}_get","httpStatusCode":200}},{"AddResponse":{"responseId":"response_KNGCPM5vzC","requestId":"path_yZtReXwqDv}_get","httpStatusCode":401}},{"AddRequest":{"requestId":"path_sKYy6vz9Ba}_get","pathId":"gmyMUH_path_17","httpMethod":"get"}},{"AddResponse":{"responseId":"response_9te47etUxe","requestId":"path_sKYy6vz9Ba}_get","httpStatusCode":200}},{"AddResponse":{"responseId":"response_KGWQNsbT1v","requestId":"path_sKYy6vz9Ba}_get","httpStatusCode":401}},{"AddRequest":{"requestId":"path_WXsr3XUu8v}_get","pathId":"gmyMUH_path_26","httpMethod":"get"}},{"AddResponse":{"responseId":"response_k6cxb5r8Uk","requestId":"path_WXsr3XUu8v}_get","httpStatusCode":200}},{"AddResponse":{"responseId":"response_j8qqNrzgKC","requestId":"path_WXsr3XUu8v}_get","httpStatusCode":401}},{"AddRequest":{"requestId":"path_uihntaFkMl}_get","pathId":"gmyMUH_path_11","httpMethod":"get"}},{"AddResponse":{"responseId":"response_MaBTxrd6zF","requestId":"path_uihntaFkMl}_get","httpStatusCode":200}},{"AddResponse":{"responseId":"response_xJckRI7A9H","requestId":"path_uihntaFkMl}_get","httpStatusCode":401}},{"AddRequest":{"requestId":"path_IWx1OAaiU6}_get","pathId":"gmyMUH_path_8","httpMethod":"get"}},{"AddResponse":{"responseId":"response_DOOS1zphAm","requestId":"path_IWx1OAaiU6}_get","httpStatusCode":200}},{"AddResponse":{"responseId":"response_qOmvoggBke","requestId":"path_IWx1OAaiU6}_get","httpStatusCode":401}},{"AddRequest":{"requestId":"path_iapxsyMYvd}_get","pathId":"gmyMUH_path_23","httpMethod":"get"}},{"AddResponse":{"responseId":"response_kR0fNLRSgO","requestId":"path_iapxsyMYvd}_get","httpStatusCode":200}},{"AddResponse":{"responseId":"response_Id7PKxYoHQ","requestId":"path_iapxsyMYvd}_get","httpStatusCode":401}},{"AddRequest":{"requestId":"path_QzCRi3y93a}_get","pathId":"gmyMUH_path_20","httpMethod":"get"}},{"AddResponse":{"responseId":"response_CPVCDWj9jC","requestId":"path_QzCRi3y93a}_get","httpStatusCode":200}},{"AddResponse":{"responseId":"response_mflLaDuNNM","requestId":"path_QzCRi3y93a}_get","httpStatusCode":401}},{"AddRequest":{"requestId":"path_MSyLT2aDNf}_get","pathId":"gmyMUH_path_18","httpMethod":"get"}},{"AddResponse":{"responseId":"response_RDTdluALzV","requestId":"path_MSyLT2aDNf}_get","httpStatusCode":200}},{"AddResponse":{"responseId":"response_K6PCcMHPDK","requestId":"path_MSyLT2aDNf}_get","httpStatusCode":401}},{"AddRequest":{"requestId":"path_O5Zic1Nukw}_get","pathId":"gmyMUH_path_1","httpMethod":"get"}},{"AddResponse":{"responseId":"response_f1fL8V2Bos","requestId":"path_O5Zic1Nukw}_get","httpStatusCode":200}},{"AddResponse":{"responseId":"response_xjL9WHKjfR","requestId":"path_O5Zic1Nukw}_get","httpStatusCode":401}},{"AddRequest":{"requestId":"path_0hXqSpxgBu}_get","pathId":"gmyMUH_path_31","httpMethod":"get"}},{"AddResponse":{"responseId":"response_5E6Qj9usxE","requestId":"path_0hXqSpxgBu}_get","httpStatusCode":200}},{"AddResponse":{"responseId":"response_srpvIKDSGt","requestId":"path_0hXqSpxgBu}_get","httpStatusCode":401}},{"AddRequest":{"requestId":"path_G8qLPnGMII}_get","pathId":"gmyMUH_path_30","httpMethod":"get"}},{"AddResponse":{"responseId":"response_jF6DnzFiA7","requestId":"path_G8qLPnGMII}_get","httpStatusCode":200}},{"AddResponse":{"responseId":"response_PBjse92dfN","requestId":"path_G8qLPnGMII}_get","httpStatusCode":401}},{"AddRequest":{"requestId":"path_9UIMAMcM7F}_get","pathId":"gmyMUH_path_27","httpMethod":"get"}},{"AddResponse":{"responseId":"response_CR1vXX2IQV","requestId":"path_9UIMAMcM7F}_get","httpStatusCode":200}},{"AddResponse":{"responseId":"response_3YSIMxrJc2","requestId":"path_9UIMAMcM7F}_get","httpStatusCode":401}},{"AddRequest":{"requestId":"path_MnEOph6hVT}_get","pathId":"gmyMUH_path_22","httpMethod":"get"}},{"AddResponse":{"responseId":"response_C5v7KWrOCJ","requestId":"path_MnEOph6hVT}_get","httpStatusCode":200}},{"AddResponse":{"responseId":"response_mkOUsVlhQA","requestId":"path_MnEOph6hVT}_get","httpStatusCode":401}},{"AddRequest":{"requestId":"path_UD1jT7dsA0}_get","pathId":"gmyMUH_path_36","httpMethod":"get"}},{"AddResponse":{"responseId":"response_EOxB8BsddF","requestId":"path_UD1jT7dsA0}_get","httpStatusCode":200}},{"AddResponse":{"responseId":"response_1VmYQLOhUX","requestId":"path_UD1jT7dsA0}_get","httpStatusCode":401}},{"AddRequest":{"requestId":"path_cXs4SV3lm3}_get","pathId":"gmyMUH_path_32","httpMethod":"get"}},{"AddResponse":{"responseId":"response_TDOmeWwh8Y","requestId":"path_cXs4SV3lm3}_get","httpStatusCode":200}},{"AddResponse":{"responseId":"response_fFTQgLq1Rr","requestId":"path_cXs4SV3lm3}_get","httpStatusCode":401}},{"AddRequest":{"requestId":"path_c9EdK2oyyi}_get","pathId":"gmyMUH_path_13","httpMethod":"get"}},{"AddResponse":{"responseId":"response_kie7hig4BE","requestId":"path_c9EdK2oyyi}_get","httpStatusCode":200}},{"AddResponse":{"responseId":"response_xS4Qtsieri","requestId":"path_c9EdK2oyyi}_get","httpStatusCode":401}},{"AddRequest":{"requestId":"path_txgBtFIuhB}_get","pathId":"gmyMUH_path_34","httpMethod":"get"}},{"AddResponse":{"responseId":"response_cmZ231Uyxr","requestId":"path_txgBtFIuhB}_get","httpStatusCode":200}},{"AddResponse":{"responseId":"response_zsMFbuuHCD","requestId":"path_txgBtFIuhB}_get","httpStatusCode":401}}]