[{"DefineConcept":{"name":"Step","root":"shape_1SKpxrSmWZ","conceptId":"concept_KNk3xG_step"}},{"SetConceptName":{"newName":"Step","conceptId":"concept_KNk3xG_step"}},{"DefineConcept":{"name":"Trip","root":"shape_iqbaW9sLVM","conceptId":"concept_WIZQ7j_trip"}},{"SetConceptName":{"newName":"Trip","conceptId":"concept_WIZQ7j_trip"}},{"AssignType":{"id":"shape_1SKpxrSmWZ","to":{"ObjectT":{}},"conceptId":"concept_KNk3xG_step"}},{"AddField":{"parentId":"shape_1SKpxrSmWZ","id":"shape_yTcG7BSXDu","conceptId":"concept_KNk3xG_step"}},{"SetFieldName":{"id":"shape_yTcG7BSXDu","newName":"coordinates","conceptId":"concept_KNk3xG_step"}},{"AssignType":{"id":"shape_yTcG7BSXDu","to":{"ObjectT":{}},"conceptId":"concept_KNk3xG_step"}},{"AddField":{"parentId":"shape_yTcG7BSXDu","id":"shape_gLlGmLvsN3","conceptId":"concept_KNk3xG_step"}},{"SetFieldName":{"id":"shape_gLlGmLvsN3","newName":"lat","conceptId":"concept_KNk3xG_step"}},{"AssignType":{"id":"shape_gLlGmLvsN3","to":{"NumberT":{}},"conceptId":"concept_KNk3xG_step"}},{"AddField":{"parentId":"shape_yTcG7BSXDu","id":"shape_qHuJ1AMTpO","conceptId":"concept_KNk3xG_step"}},{"SetFieldName":{"id":"shape_qHuJ1AMTpO","newName":"lon","conceptId":"concept_KNk3xG_step"}},{"AssignType":{"id":"shape_qHuJ1AMTpO","to":{"NumberT":{}},"conceptId":"concept_KNk3xG_step"}},{"AddField":{"parentId":"shape_1SKpxrSmWZ","id":"shape_4yO0K9ZK0w","conceptId":"concept_KNk3xG_step"}},{"SetFieldName":{"id":"shape_4yO0K9ZK0w","newName":"name","conceptId":"concept_KNk3xG_step"}},{"AssignType":{"id":"shape_4yO0K9ZK0w","to":{"StringT":{}},"conceptId":"concept_KNk3xG_step"}},{"AddField":{"parentId":"shape_1SKpxrSmWZ","id":"shape_syCImDg8O8","conceptId":"concept_KNk3xG_step"}},{"SetFieldName":{"id":"shape_syCImDg8O8","newName":"nights","conceptId":"concept_KNk3xG_step"}},{"AssignType":{"id":"shape_syCImDg8O8","to":{"IntegerT":{}},"conceptId":"concept_KNk3xG_step"}},{"AddField":{"parentId":"shape_1SKpxrSmWZ","id":"shape_qzzFWfyMDH","conceptId":"concept_KNk3xG_step"}},{"SetFieldName":{"id":"shape_qzzFWfyMDH","newName":"url","conceptId":"concept_KNk3xG_step"}},{"AssignType":{"id":"shape_qzzFWfyMDH","to":{"StringT":{}},"conceptId":"concept_KNk3xG_step"}},{"AddField":{"parentId":"shape_1SKpxrSmWZ","id":"shape_CXwC1qLMXS","conceptId":"concept_KNk3xG_step"}},{"SetFieldName":{"id":"shape_CXwC1qLMXS","newName":"departure","conceptId":"concept_KNk3xG_step"}},{"AssignType":{"id":"shape_CXwC1qLMXS","to":{"StringT":{}},"conceptId":"concept_KNk3xG_step"}},{"AddField":{"parentId":"shape_1SKpxrSmWZ","id":"shape_6kOek98hvm","conceptId":"concept_KNk3xG_step"}},{"SetFieldName":{"id":"shape_6kOek98hvm","newName":"address","conceptId":"concept_KNk3xG_step"}},{"AssignType":{"id":"shape_6kOek98hvm","to":{"StringT":{}},"conceptId":"concept_KNk3xG_step"}},{"AddField":{"parentId":"shape_1SKpxrSmWZ","id":"shape_ifIPDHteP3","conceptId":"concept_KNk3xG_step"}},{"SetFieldName":{"id":"shape_ifIPDHteP3","newName":"route","conceptId":"concept_KNk3xG_step"}},{"AssignType":{"id":"shape_ifIPDHteP3","to":{"ObjectT":{}},"conceptId":"concept_KNk3xG_step"}},{"AddField":{"parentId":"shape_ifIPDHteP3","id":"shape_gjtNOyRUkm","conceptId":"concept_KNk3xG_step"}},{"SetFieldName":{"id":"shape_gjtNOyRUkm","newName":"distance","conceptId":"concept_KNk3xG_step"}},{"AssignType":{"id":"shape_gjtNOyRUkm","to":{"IntegerT":{}},"conceptId":"concept_KNk3xG_step"}},{"AddField":{"parentId":"shape_ifIPDHteP3","id":"shape_qs631SlL25","conceptId":"concept_KNk3xG_step"}},{"SetFieldName":{"id":"shape_qs631SlL25","newName":"duration","conceptId":"concept_KNk3xG_step"}},{"AssignType":{"id":"shape_qs631SlL25","to":{"IntegerT":{}},"conceptId":"concept_KNk3xG_step"}},{"AddField":{"parentId":"shape_ifIPDHteP3","id":"shape_iCDY3UCGJ6","conceptId":"concept_KNk3xG_step"}},{"SetFieldName":{"id":"shape_iCDY3UCGJ6","newName":"mode","conceptId":"concept_KNk3xG_step"}},{"AssignType":{"id":"shape_iCDY3UCGJ6","to":{"StringT":{}},"conceptId":"concept_KNk3xG_step"}},{"AddField":{"parentId":"shape_ifIPDHteP3","id":"shape_AuowxrVTcQ","conceptId":"concept_KNk3xG_step"}},{"SetFieldName":{"id":"shape_AuowxrVTcQ","newName":"polyline","conceptId":"concept_KNk3xG_step"}},{"AssignType":{"id":"shape_AuowxrVTcQ","to":{"StringT":{}},"conceptId":"concept_KNk3xG_step"}},{"AddField":{"parentId":"shape_1SKpxrSmWZ","id":"shape_bO58x9dp7k","conceptId":"concept_KNk3xG_step"}},{"SetFieldName":{"id":"shape_bO58x9dp7k","newName":"arrival","conceptId":"concept_KNk3xG_step"}},{"AssignType":{"id":"shape_bO58x9dp7k","to":{"StringT":{}},"conceptId":"concept_KNk3xG_step"}},{"AssignType":{"id":"shape_iqbaW9sLVM","to":{"ObjectT":{}},"conceptId":"concept_WIZQ7j_trip"}},{"AddField":{"parentId":"shape_iqbaW9sLVM","id":"shape_NNlH3pfuZI","conceptId":"concept_WIZQ7j_trip"}},{"SetFieldName":{"id":"shape_NNlH3pfuZI","newName":"begin","conceptId":"concept_WIZQ7j_trip"}},{"AssignType":{"id":"shape_NNlH3pfuZI","to":{"StringT":{}},"conceptId":"concept_WIZQ7j_trip"}},{"AddField":{"parentId":"shape_iqbaW9sLVM","id":"shape_sOJ1dgEhrl","conceptId":"concept_WIZQ7j_trip"}},{"SetFieldName":{"id":"shape_sOJ1dgEhrl","newName":"name","conceptId":"concept_WIZQ7j_trip"}},{"AssignType":{"id":"shape_sOJ1dgEhrl","to":{"StringT":{}},"conceptId":"concept_WIZQ7j_trip"}},{"AddField":{"parentId":"shape_iqbaW9sLVM","id":"shape_qVS1Ow6Eig","conceptId":"concept_WIZQ7j_trip"}},{"SetFieldName":{"id":"shape_qVS1Ow6Eig","newName":"description","conceptId":"concept_WIZQ7j_trip"}},{"AssignType":{"id":"shape_qVS1Ow6Eig","to":{"StringT":{}},"conceptId":"concept_WIZQ7j_trip"}},{"AddField":{"parentId":"shape_iqbaW9sLVM","id":"shape_7gXiTh4yFF","conceptId":"concept_WIZQ7j_trip"}},{"SetFieldName":{"id":"shape_7gXiTh4yFF","newName":"id","conceptId":"concept_WIZQ7j_trip"}},{"AssignType":{"id":"shape_7gXiTh4yFF","to":{"StringT":{}},"conceptId":"concept_WIZQ7j_trip"}},{"AddField":{"parentId":"shape_iqbaW9sLVM","id":"shape_cQb2vjo1vz","conceptId":"concept_WIZQ7j_trip"}},{"SetFieldName":{"id":"shape_cQb2vjo1vz","newName":"end","conceptId":"concept_WIZQ7j_trip"}},{"AssignType":{"id":"shape_cQb2vjo1vz","to":{"StringT":{}},"conceptId":"concept_WIZQ7j_trip"}},{"AddPathComponent":{"pathId":"pVpbN3_path_0","parentPathId":"root","name":"trip"}},{"AddPathParameter":{"pathId":"pVpbN3_path_1","parentPathId":"pVpbN3_path_0","name":""}},{"AddPathComponent":{"pathId":"pVpbN3_path_2","parentPathId":"pVpbN3_path_1","name":"stop"}},{"AddRequest":{"requestId":"path_NBgiAFW04L}_get","pathId":"pVpbN3_path_0","httpMethod":"get"}},{"AddResponse":{"responseId":"response_92Yz65lZSv","requestId":"path_NBgiAFW04L}_get","httpStatusCode":200}},{"DefineInlineConcept":{"root":"shape_T2xX82Gxlr","conceptId":"concept_ASXtfckriYTi"}},{"AssignType":{"id":"shape_T2xX82Gxlr","to":{"ListT":{}},"conceptId":"concept_ASXtfckriYTi"}},{"AddTypeParameter":{"parentId":"shape_T2xX82Gxlr","id":"shape_kCG4ffB763","conceptId":"concept_ASXtfckriYTi"}},{"AssignType":{"id":"shape_kCG4ffB763","to":{"RefT":{"conceptId":"concept_WIZQ7j_trip"}},"conceptId":"concept_ASXtfckriYTi"}},{"AddRequest":{"requestId":"path_gwM3Ea9EaH}_get","pathId":"pVpbN3_path_2","httpMethod":"get"}},{"AddResponse":{"responseId":"response_fCAnNAY2KJ","requestId":"path_gwM3Ea9EaH}_get","httpStatusCode":200}},{"DefineInlineConcept":{"root":"shape_eOtSJux4Pe","conceptId":"concept_bDtoGRxCIz5N"}},{"AssignType":{"id":"shape_eOtSJux4Pe","to":{"ListT":{}},"conceptId":"concept_bDtoGRxCIz5N"}},{"AddTypeParameter":{"parentId":"shape_eOtSJux4Pe","id":"shape_osxxkVNlnX","conceptId":"concept_bDtoGRxCIz5N"}},{"AssignType":{"id":"shape_osxxkVNlnX","to":{"RefT":{"conceptId":"concept_KNk3xG_step"}},"conceptId":"concept_bDtoGRxCIz5N"}},{"SetResponseBodyShape":{"responseId":"response_92Yz65lZSv","bodyDescriptor":{"httpContentType":"application/json","conceptId":"concept_ASXtfckriYTi"}}},{"SetResponseBodyShape":{"responseId":"response_fCAnNAY2KJ","bodyDescriptor":{"httpContentType":"application/json","conceptId":"concept_bDtoGRxCIz5N"}}}]