[{"DefineConcept":{"name":"RegistrantReqCreate","root":"shape_UQ5nfzh1r7","conceptId":"concept_oNXfiy_registrantreqcreate"}},{"SetConceptName":{"newName":"RegistrantReqCreate","conceptId":"concept_oNXfiy_registrantreqcreate"}},{"DefineConcept":{"name":"Training","root":"shape_1Ub3zQU7DE","conceptId":"concept_SdadXI_training"}},{"SetConceptName":{"newName":"Training","conceptId":"concept_SdadXI_training"}},{"DefineConcept":{"name":"TrainingReqCreate","root":"shape_LIGlrS6JF5","conceptId":"concept_LWl0lr_trainingreqcreate"}},{"SetConceptName":{"newName":"TrainingReqCreate","conceptId":"concept_LWl0lr_trainingreqcreate"}},{"DefineConcept":{"name":"Attendee","root":"shape_hgAFzmyKTO","conceptId":"concept_jk3vSh_attendee"}},{"SetConceptName":{"newName":"Attendee","conceptId":"concept_jk3vSh_attendee"}},{"DefineConcept":{"name":"RegistrantCreated","root":"shape_yMuchII49v","conceptId":"concept_Y6F6Pq_registrantcreated"}},{"SetConceptName":{"newName":"RegistrantCreated","conceptId":"concept_Y6F6Pq_registrantcreated"}},{"DefineConcept":{"name":"TrainingNameDescription","root":"shape_KYcIk39Ocl","conceptId":"concept_awGWFG_trainingnamedescription"}},{"SetConceptName":{"newName":"TrainingNameDescription","conceptId":"concept_awGWFG_trainingnamedescription"}},{"DefineConcept":{"name":"RegistrationSettings","root":"shape_iLcfDqmR6N","conceptId":"concept_KJsXUz_registrationsettings"}},{"SetConceptName":{"newName":"RegistrationSettings","conceptId":"concept_KJsXUz_registrationsettings"}},{"DefineConcept":{"name":"Recording","root":"shape_0KLCJhawqP","conceptId":"concept_DAfV0u_recording"}},{"SetConceptName":{"newName":"Recording","conceptId":"concept_DAfV0u_recording"}},{"DefineConcept":{"name":"NotifiedParties","root":"shape_hWSiwTkDBU","conceptId":"concept_oykAtW_notifiedparties"}},{"SetConceptName":{"newName":"NotifiedParties","conceptId":"concept_oykAtW_notifiedparties"}},{"DefineConcept":{"name":"Session","root":"shape_w8NMBsICA8","conceptId":"concept_tY8wm4_session"}},{"SetConceptName":{"newName":"Session","conceptId":"concept_tY8wm4_session"}},{"DefineConcept":{"name":"RecordingsListForTraining","root":"shape_ic7F1CBnlr","conceptId":"concept_YvgRCm_recordingslistfortraining"}},{"SetConceptName":{"newName":"RecordingsListForTraining","conceptId":"concept_YvgRCm_recordingslistfortraining"}},{"DefineConcept":{"name":"TrainingTimes","root":"shape_LohKS9ILU4","conceptId":"concept_X7d6fa_trainingtimes"}},{"SetConceptName":{"newName":"TrainingTimes","conceptId":"concept_X7d6fa_trainingtimes"}},{"DefineConcept":{"name":"TrainingOrganizers","root":"shape_2v2mUKTICG","conceptId":"concept_BkOJSd_trainingorganizers"}},{"SetConceptName":{"newName":"TrainingOrganizers","conceptId":"concept_BkOJSd_trainingorganizers"}},{"DefineConcept":{"name":"Registrant","root":"shape_a0EpLRfxyO","conceptId":"concept_iwZXVg_registrant"}},{"SetConceptName":{"newName":"Registrant","conceptId":"concept_iwZXVg_registrant"}},{"DefineConcept":{"name":"DateTimeRange","root":"shape_mlhraYoda0","conceptId":"concept_CEmpZ9_datetimerange"}},{"SetConceptName":{"newName":"DateTimeRange","conceptId":"concept_CEmpZ9_datetimerange"}},{"DefineConcept":{"name":"Attendance","root":"shape_cVqDCtmfB2","conceptId":"concept_a4aO1b_attendance"}},{"SetConceptName":{"newName":"Attendance","conceptId":"concept_a4aO1b_attendance"}},{"DefineConcept":{"name":"Organizer","root":"shape_LN0tQQo7zA","conceptId":"concept_xx2fsb_organizer"}},{"SetConceptName":{"newName":"Organizer","conceptId":"concept_xx2fsb_organizer"}},{"DefineConcept":{"name":"HostUrl","root":"shape_y436YZxmWS","conceptId":"concept_zyUeIl_hosturl"}},{"SetConceptName":{"newName":"HostUrl","conceptId":"concept_zyUeIl_hosturl"}},{"AssignType":{"id":"shape_UQ5nfzh1r7","to":{"AnyT":{}},"conceptId":"concept_oNXfiy_registrantreqcreate"}},{"AssignType":{"id":"shape_1Ub3zQU7DE","to":{"AnyT":{}},"conceptId":"concept_SdadXI_training"}},{"AssignType":{"id":"shape_LIGlrS6JF5","to":{"AnyT":{}},"conceptId":"concept_LWl0lr_trainingreqcreate"}},{"AssignType":{"id":"shape_hgAFzmyKTO","to":{"AnyT":{}},"conceptId":"concept_jk3vSh_attendee"}},{"AssignType":{"id":"shape_yMuchII49v","to":{"AnyT":{}},"conceptId":"concept_Y6F6Pq_registrantcreated"}},{"AssignType":{"id":"shape_KYcIk39Ocl","to":{"AnyT":{}},"conceptId":"concept_awGWFG_trainingnamedescription"}},{"AssignType":{"id":"shape_iLcfDqmR6N","to":{"AnyT":{}},"conceptId":"concept_KJsXUz_registrationsettings"}},{"AssignType":{"id":"shape_0KLCJhawqP","to":{"AnyT":{}},"conceptId":"concept_DAfV0u_recording"}},{"AssignType":{"id":"shape_hWSiwTkDBU","to":{"AnyT":{}},"conceptId":"concept_oykAtW_notifiedparties"}},{"AssignType":{"id":"shape_w8NMBsICA8","to":{"AnyT":{}},"conceptId":"concept_tY8wm4_session"}},{"AssignType":{"id":"shape_ic7F1CBnlr","to":{"AnyT":{}},"conceptId":"concept_YvgRCm_recordingslistfortraining"}},{"AssignType":{"id":"shape_LohKS9ILU4","to":{"AnyT":{}},"conceptId":"concept_X7d6fa_trainingtimes"}},{"AssignType":{"id":"shape_2v2mUKTICG","to":{"AnyT":{}},"conceptId":"concept_BkOJSd_trainingorganizers"}},{"AssignType":{"id":"shape_a0EpLRfxyO","to":{"AnyT":{}},"conceptId":"concept_iwZXVg_registrant"}},{"AssignType":{"id":"shape_mlhraYoda0","to":{"AnyT":{}},"conceptId":"concept_CEmpZ9_datetimerange"}},{"AssignType":{"id":"shape_cVqDCtmfB2","to":{"AnyT":{}},"conceptId":"concept_a4aO1b_attendance"}},{"AssignType":{"id":"shape_LN0tQQo7zA","to":{"AnyT":{}},"conceptId":"concept_xx2fsb_organizer"}},{"AssignType":{"id":"shape_y436YZxmWS","to":{"AnyT":{}},"conceptId":"concept_zyUeIl_hosturl"}},{"AddPathComponent":{"pathId":"MEGbuT_path_0","parentPathId":"root","name":"accounts"}},{"AddPathParameter":{"pathId":"MEGbuT_path_1","parentPathId":"MEGbuT_path_0","name":""}},{"AddPathComponent":{"pathId":"MEGbuT_path_2","parentPathId":"MEGbuT_path_1","name":"organizers"}},{"AddPathComponent":{"pathId":"MEGbuT_path_3","parentPathId":"root","name":"organizers"}},{"AddPathParameter":{"pathId":"MEGbuT_path_4","parentPathId":"MEGbuT_path_3","name":""}},{"AddPathComponent":{"pathId":"MEGbuT_path_5","parentPathId":"MEGbuT_path_4","name":"trainings"}},{"AddPathParameter":{"pathId":"MEGbuT_path_6","parentPathId":"MEGbuT_path_5","name":"trainingKey"}},{"AddPathComponent":{"pathId":"MEGbuT_path_7","parentPathId":"MEGbuT_path_6","name":"manageUrl"}},{"AddPathComponent":{"pathId":"MEGbuT_path_8","parentPathId":"MEGbuT_path_6","name":"nameDescription"}},{"AddPathComponent":{"pathId":"MEGbuT_path_9","parentPathId":"MEGbuT_path_6","name":"organizers"}},{"AddPathComponent":{"pathId":"MEGbuT_path_10","parentPathId":"MEGbuT_path_6","name":"registrants"}},{"AddPathParameter":{"pathId":"MEGbuT_path_11","parentPathId":"MEGbuT_path_10","name":"registrantKey"}},{"AddPathComponent":{"pathId":"MEGbuT_path_12","parentPathId":"MEGbuT_path_6","name":"registrationSettings"}},{"AddPathComponent":{"pathId":"MEGbuT_path_13","parentPathId":"MEGbuT_path_6","name":"startUrl"}},{"AddPathComponent":{"pathId":"MEGbuT_path_14","parentPathId":"MEGbuT_path_6","name":"times"}},{"AddPathComponent":{"pathId":"MEGbuT_path_15","parentPathId":"root","name":"reports"}},{"AddPathComponent":{"pathId":"MEGbuT_path_16","parentPathId":"MEGbuT_path_15","name":"organizers"}},{"AddPathParameter":{"pathId":"MEGbuT_path_17","parentPathId":"MEGbuT_path_16","name":""}},{"AddPathComponent":{"pathId":"MEGbuT_path_18","parentPathId":"MEGbuT_path_17","name":"sessions"}},{"AddPathParameter":{"pathId":"MEGbuT_path_19","parentPathId":"MEGbuT_path_18","name":""}},{"AddPathComponent":{"pathId":"MEGbuT_path_20","parentPathId":"MEGbuT_path_19","name":"attendees"}},{"AddPathComponent":{"pathId":"MEGbuT_path_21","parentPathId":"MEGbuT_path_17","name":"trainings"}},{"AddPathParameter":{"pathId":"MEGbuT_path_22","parentPathId":"MEGbuT_path_21","name":"trainingKey"}},{"AddPathComponent":{"pathId":"MEGbuT_path_23","parentPathId":"root","name":"trainings"}},{"AddPathParameter":{"pathId":"MEGbuT_path_24","parentPathId":"MEGbuT_path_23","name":""}},{"AddPathComponent":{"pathId":"MEGbuT_path_25","parentPathId":"MEGbuT_path_24","name":"recordings"}},{"AddPathParameter":{"pathId":"MEGbuT_path_26","parentPathId":"MEGbuT_path_25","name":"recordingId"}},{"AddPathComponent":{"pathId":"MEGbuT_path_27","parentPathId":"MEGbuT_path_24","name":"start"}},{"AddRequest":{"requestId":"path_QI18SyRka8}_get","pathId":"MEGbuT_path_20","httpMethod":"get"}},{"AddResponse":{"responseId":"response_o2GjOUxGOC","requestId":"path_QI18SyRka8}_get","httpStatusCode":200}},{"DefineInlineConcept":{"root":"shape_gLJF57ZRx0","conceptId":"concept_HvLRKDBrZGRL"}},{"AssignType":{"id":"shape_gLJF57ZRx0","to":{"ListT":{}},"conceptId":"concept_HvLRKDBrZGRL"}},{"AddTypeParameter":{"parentId":"shape_gLJF57ZRx0","id":"shape_cL2qJqZyTc","conceptId":"concept_HvLRKDBrZGRL"}},{"AssignType":{"id":"shape_cL2qJqZyTc","to":{"RefT":{"conceptId":"concept_jk3vSh_attendee"}},"conceptId":"concept_HvLRKDBrZGRL"}},{"AddResponse":{"responseId":"response_7Gp5ugZ7WU","requestId":"path_QI18SyRka8}_get","httpStatusCode":400}},{"AddResponse":{"responseId":"response_JRlCpiH4vm","requestId":"path_QI18SyRka8}_get","httpStatusCode":403}},{"AddResponse":{"responseId":"response_pRWo6NGA7i","requestId":"path_QI18SyRka8}_get","httpStatusCode":404}},{"AddRequest":{"requestId":"path_aJ8RJt7zMf}_get","pathId":"MEGbuT_path_26","httpMethod":"get"}},{"AddResponse":{"responseId":"response_GLmWXMAY8A","requestId":"path_aJ8RJt7zMf}_get","httpStatusCode":302}},{"AddResponse":{"responseId":"response_YbLWKlYgPw","requestId":"path_aJ8RJt7zMf}_get","httpStatusCode":400}},{"AddResponse":{"responseId":"response_RGzNm9xy3W","requestId":"path_aJ8RJt7zMf}_get","httpStatusCode":403}},{"AddResponse":{"responseId":"response_hAzvCr25JV","requestId":"path_aJ8RJt7zMf}_get","httpStatusCode":404}},{"AddRequest":{"requestId":"path_fV26SioYUv}_get","pathId":"MEGbuT_path_25","httpMethod":"get"}},{"AddResponse":{"responseId":"response_hxNl8qbfNa","requestId":"path_fV26SioYUv}_get","httpStatusCode":200}},{"DefineInlineConcept":{"root":"shape_htrg0wVW7Q","conceptId":"concept_M6HD8XV3QXcB"}},{"AssignType":{"id":"shape_htrg0wVW7Q","to":{"RefT":{"conceptId":"concept_YvgRCm_recordingslistfortraining"}},"conceptId":"concept_M6HD8XV3QXcB"}},{"AddResponse":{"responseId":"response_jL0XwG5inW","requestId":"path_fV26SioYUv}_get","httpStatusCode":400}},{"AddResponse":{"responseId":"response_Mc83LfYOjp","requestId":"path_fV26SioYUv}_get","httpStatusCode":403}},{"AddResponse":{"responseId":"response_7Ql7M7H6Ns","requestId":"path_fV26SioYUv}_get","httpStatusCode":404}},{"AddRequest":{"requestId":"path_2RfAqgOsw3}_get","pathId":"MEGbuT_path_13","httpMethod":"get"}},{"AddResponse":{"responseId":"response_SHqRiSNmkh","requestId":"path_2RfAqgOsw3}_get","httpStatusCode":200}},{"DefineInlineConcept":{"root":"shape_b7AJh9nu0y","conceptId":"concept_ubOuM99tSLXm"}},{"AssignType":{"id":"shape_b7AJh9nu0y","to":{"StringT":{}},"conceptId":"concept_ubOuM99tSLXm"}},{"AddResponse":{"responseId":"response_B1A0XkHoag","requestId":"path_2RfAqgOsw3}_get","httpStatusCode":400}},{"AddResponse":{"responseId":"response_37HvMYkZDg","requestId":"path_2RfAqgOsw3}_get","httpStatusCode":403}},{"AddResponse":{"responseId":"response_zYCUI6R85H","requestId":"path_2RfAqgOsw3}_get","httpStatusCode":404}},{"AddRequest":{"requestId":"path_cAPUwqUCo8}_delete","pathId":"MEGbuT_path_11","httpMethod":"delete"}},{"AddResponse":{"responseId":"response_XAUJEXKMHX","requestId":"path_cAPUwqUCo8}_delete","httpStatusCode":204}},{"AddResponse":{"responseId":"response_JUtPVOPVlG","requestId":"path_cAPUwqUCo8}_delete","httpStatusCode":400}},{"AddResponse":{"responseId":"response_bOrxah2It7","requestId":"path_cAPUwqUCo8}_delete","httpStatusCode":403}},{"AddResponse":{"responseId":"response_GpuoRrFy0K","requestId":"path_cAPUwqUCo8}_delete","httpStatusCode":404}},{"AddRequest":{"requestId":"path_cAPUwqUCo8}_get","pathId":"MEGbuT_path_11","httpMethod":"get"}},{"AddResponse":{"responseId":"response_hROsuQwaiX","requestId":"path_cAPUwqUCo8}_get","httpStatusCode":200}},{"DefineInlineConcept":{"root":"shape_FC7CRf8lx8","conceptId":"concept_PWVLod1pfDeN"}},{"AssignType":{"id":"shape_FC7CRf8lx8","to":{"RefT":{"conceptId":"concept_iwZXVg_registrant"}},"conceptId":"concept_PWVLod1pfDeN"}},{"AddResponse":{"responseId":"response_1Wj0yaudOw","requestId":"path_cAPUwqUCo8}_get","httpStatusCode":400}},{"AddResponse":{"responseId":"response_1YKMVo96IQ","requestId":"path_cAPUwqUCo8}_get","httpStatusCode":403}},{"AddResponse":{"responseId":"response_2IErr5gJNN","requestId":"path_cAPUwqUCo8}_get","httpStatusCode":404}},{"AddRequest":{"requestId":"path_ZEqLrHnDEy}_get","pathId":"MEGbuT_path_2","httpMethod":"get"}},{"AddResponse":{"responseId":"response_4xJiOeyenA","requestId":"path_ZEqLrHnDEy}_get","httpStatusCode":200}},{"DefineInlineConcept":{"root":"shape_NKRoaPupIH","conceptId":"concept_jnuCZvKfOAGG"}},{"AssignType":{"id":"shape_NKRoaPupIH","to":{"ListT":{}},"conceptId":"concept_jnuCZvKfOAGG"}},{"AddTypeParameter":{"parentId":"shape_NKRoaPupIH","id":"shape_jZPUES5fLH","conceptId":"concept_jnuCZvKfOAGG"}},{"AssignType":{"id":"shape_jZPUES5fLH","to":{"RefT":{"conceptId":"concept_xx2fsb_organizer"}},"conceptId":"concept_jnuCZvKfOAGG"}},{"AddResponse":{"responseId":"response_UpRHzDi6qI","requestId":"path_ZEqLrHnDEy}_get","httpStatusCode":400}},{"AddResponse":{"responseId":"response_Nz6WsjsD3S","requestId":"path_ZEqLrHnDEy}_get","httpStatusCode":403}},{"AddRequest":{"requestId":"path_J6oAdnENfB}_get","pathId":"MEGbuT_path_7","httpMethod":"get"}},{"AddResponse":{"responseId":"response_21O7Q3d6gH","requestId":"path_J6oAdnENfB}_get","httpStatusCode":200}},{"DefineInlineConcept":{"root":"shape_gukGaT3Q38","conceptId":"concept_QfYLGsU3daVL"}},{"AssignType":{"id":"shape_gukGaT3Q38","to":{"StringT":{}},"conceptId":"concept_QfYLGsU3daVL"}},{"AddResponse":{"responseId":"response_E2V8CffdmA","requestId":"path_J6oAdnENfB}_get","httpStatusCode":400}},{"AddResponse":{"responseId":"response_GCoL9pEdlr","requestId":"path_J6oAdnENfB}_get","httpStatusCode":403}},{"AddResponse":{"responseId":"response_KCCoWUHbcl","requestId":"path_J6oAdnENfB}_get","httpStatusCode":404}},{"AddRequest":{"requestId":"path_46KRNya4rN}_put","pathId":"MEGbuT_path_8","httpMethod":"put"}},{"DefineInlineConcept":{"root":"shape_QKHb0pimJu","conceptId":"concept_organizersorganizerkeytrainingstrainingkeynamedescription_put_body"}},{"AssignType":{"id":"shape_QKHb0pimJu","to":{"RefT":{"conceptId":"concept_awGWFG_trainingnamedescription"}},"conceptId":"concept_organizersorganizerkeytrainingstrainingkeynamedescription_put_body"}},{"AddResponse":{"responseId":"response_O7sbRJiKcQ","requestId":"path_46KRNya4rN}_put","httpStatusCode":204}},{"AddResponse":{"responseId":"response_xuOKbEOOeU","requestId":"path_46KRNya4rN}_put","httpStatusCode":400}},{"AddResponse":{"responseId":"response_utn1VVKXgK","requestId":"path_46KRNya4rN}_put","httpStatusCode":403}},{"AddResponse":{"responseId":"response_c8UzKKDK0g","requestId":"path_46KRNya4rN}_put","httpStatusCode":404}},{"AddRequest":{"requestId":"path_ZBVWqQXmkH}_get","pathId":"MEGbuT_path_10","httpMethod":"get"}},{"AddResponse":{"responseId":"response_0n78qoYStD","requestId":"path_ZBVWqQXmkH}_get","httpStatusCode":200}},{"DefineInlineConcept":{"root":"shape_gNd3T0JVai","conceptId":"concept_j9mPoSpxK9B5"}},{"AssignType":{"id":"shape_gNd3T0JVai","to":{"ListT":{}},"conceptId":"concept_j9mPoSpxK9B5"}},{"AddTypeParameter":{"parentId":"shape_gNd3T0JVai","id":"shape_2ssYwEiT5T","conceptId":"concept_j9mPoSpxK9B5"}},{"AssignType":{"id":"shape_2ssYwEiT5T","to":{"RefT":{"conceptId":"concept_iwZXVg_registrant"}},"conceptId":"concept_j9mPoSpxK9B5"}},{"AddResponse":{"responseId":"response_KbElQ27UqX","requestId":"path_ZBVWqQXmkH}_get","httpStatusCode":400}},{"AddResponse":{"responseId":"response_m8pGhbmVeu","requestId":"path_ZBVWqQXmkH}_get","httpStatusCode":403}},{"AddResponse":{"responseId":"response_OMZZGUYT6W","requestId":"path_ZBVWqQXmkH}_get","httpStatusCode":404}},{"AddRequest":{"requestId":"path_ZBVWqQXmkH}_post","pathId":"MEGbuT_path_10","httpMethod":"post"}},{"DefineInlineConcept":{"root":"shape_WyhB6t557P","conceptId":"concept_organizersorganizerkeytrainingstrainingkeyregistrants_post_body"}},{"AssignType":{"id":"shape_WyhB6t557P","to":{"RefT":{"conceptId":"concept_oNXfiy_registrantreqcreate"}},"conceptId":"concept_organizersorganizerkeytrainingstrainingkeyregistrants_post_body"}},{"AddResponse":{"responseId":"response_YfEA2jw4vF","requestId":"path_ZBVWqQXmkH}_post","httpStatusCode":400}},{"AddResponse":{"responseId":"response_KE4ODSqlxy","requestId":"path_ZBVWqQXmkH}_post","httpStatusCode":404}},{"AddResponse":{"responseId":"response_bwG4GwfgBV","requestId":"path_ZBVWqQXmkH}_post","httpStatusCode":201}},{"DefineInlineConcept":{"root":"shape_JocQA9IRQE","conceptId":"concept_NyyGaRQEqIGx"}},{"AssignType":{"id":"shape_JocQA9IRQE","to":{"RefT":{"conceptId":"concept_Y6F6Pq_registrantcreated"}},"conceptId":"concept_NyyGaRQEqIGx"}},{"AddResponse":{"responseId":"response_kmC9kjIFcG","requestId":"path_ZBVWqQXmkH}_post","httpStatusCode":403}},{"AddResponse":{"responseId":"response_L0TjQtgYYm","requestId":"path_ZBVWqQXmkH}_post","httpStatusCode":409}},{"AddRequest":{"requestId":"path_x5ZF31srzH}_get","pathId":"MEGbuT_path_9","httpMethod":"get"}},{"AddResponse":{"responseId":"response_Sc0XM7OTre","requestId":"path_x5ZF31srzH}_get","httpStatusCode":200}},{"DefineInlineConcept":{"root":"shape_i7CZbCOTl0","conceptId":"concept_U1i7VZK6CRei"}},{"AssignType":{"id":"shape_i7CZbCOTl0","to":{"ListT":{}},"conceptId":"concept_U1i7VZK6CRei"}},{"AddTypeParameter":{"parentId":"shape_i7CZbCOTl0","id":"shape_JTJf3Mw5w3","conceptId":"concept_U1i7VZK6CRei"}},{"AssignType":{"id":"shape_JTJf3Mw5w3","to":{"RefT":{"conceptId":"concept_xx2fsb_organizer"}},"conceptId":"concept_U1i7VZK6CRei"}},{"AddResponse":{"responseId":"response_z9IhUcdDeY","requestId":"path_x5ZF31srzH}_get","httpStatusCode":400}},{"AddResponse":{"responseId":"response_G3A9H6XOjN","requestId":"path_x5ZF31srzH}_get","httpStatusCode":403}},{"AddResponse":{"responseId":"response_Q0LPAxsGsB","requestId":"path_x5ZF31srzH}_get","httpStatusCode":404}},{"AddRequest":{"requestId":"path_x5ZF31srzH}_put","pathId":"MEGbuT_path_9","httpMethod":"put"}},{"DefineInlineConcept":{"root":"shape_r0YPKWAc2a","conceptId":"concept_organizersorganizerkeytrainingstrainingkeyorganizers_put_body"}},{"AssignType":{"id":"shape_r0YPKWAc2a","to":{"RefT":{"conceptId":"concept_BkOJSd_trainingorganizers"}},"conceptId":"concept_organizersorganizerkeytrainingstrainingkeyorganizers_put_body"}},{"AddResponse":{"responseId":"response_y1xe3G4u5I","requestId":"path_x5ZF31srzH}_put","httpStatusCode":204}},{"AddResponse":{"responseId":"response_c5e8NraYzp","requestId":"path_x5ZF31srzH}_put","httpStatusCode":400}},{"AddResponse":{"responseId":"response_6KkABV4DI1","requestId":"path_x5ZF31srzH}_put","httpStatusCode":403}},{"AddResponse":{"responseId":"response_oKUABy46On","requestId":"path_x5ZF31srzH}_put","httpStatusCode":404}},{"AddRequest":{"requestId":"path_zlGBBhaTCi}_get","pathId":"MEGbuT_path_5","httpMethod":"get"}},{"AddResponse":{"responseId":"response_bCighJDMiN","requestId":"path_zlGBBhaTCi}_get","httpStatusCode":200}},{"DefineInlineConcept":{"root":"shape_LPnS2hjE7d","conceptId":"concept_ypUFBCIayyH9"}},{"AssignType":{"id":"shape_LPnS2hjE7d","to":{"ListT":{}},"conceptId":"concept_ypUFBCIayyH9"}},{"AddTypeParameter":{"parentId":"shape_LPnS2hjE7d","id":"shape_kquDBQPvbR","conceptId":"concept_ypUFBCIayyH9"}},{"AssignType":{"id":"shape_kquDBQPvbR","to":{"RefT":{"conceptId":"concept_SdadXI_training"}},"conceptId":"concept_ypUFBCIayyH9"}},{"AddResponse":{"responseId":"response_ubbzyBKOka","requestId":"path_zlGBBhaTCi}_get","httpStatusCode":400}},{"AddResponse":{"responseId":"response_KQI8uxPziW","requestId":"path_zlGBBhaTCi}_get","httpStatusCode":403}},{"AddRequest":{"requestId":"path_zlGBBhaTCi}_post","pathId":"MEGbuT_path_5","httpMethod":"post"}},{"DefineInlineConcept":{"root":"shape_1VM76qEsjO","conceptId":"concept_organizersorganizerkeytrainings_post_body"}},{"AssignType":{"id":"shape_1VM76qEsjO","to":{"RefT":{"conceptId":"concept_LWl0lr_trainingreqcreate"}},"conceptId":"concept_organizersorganizerkeytrainings_post_body"}},{"AddResponse":{"responseId":"response_xpYwqoFDAr","requestId":"path_zlGBBhaTCi}_post","httpStatusCode":201}},{"DefineInlineConcept":{"root":"shape_HXrVFlJrgy","conceptId":"concept_dWnb0wGXxZhD"}},{"AssignType":{"id":"shape_HXrVFlJrgy","to":{"StringT":{}},"conceptId":"concept_dWnb0wGXxZhD"}},{"AddResponse":{"responseId":"response_lX8WxtLjll","requestId":"path_zlGBBhaTCi}_post","httpStatusCode":400}},{"AddResponse":{"responseId":"response_XgaNM1w8HF","requestId":"path_zlGBBhaTCi}_post","httpStatusCode":403}},{"AddRequest":{"requestId":"path_ck0lhywrRq}_put","pathId":"MEGbuT_path_12","httpMethod":"put"}},{"DefineInlineConcept":{"root":"shape_DtSSRc3EBn","conceptId":"concept_organizersorganizerkeytrainingstrainingkeyregistrationsettings_put_body"}},{"AssignType":{"id":"shape_DtSSRc3EBn","to":{"RefT":{"conceptId":"concept_KJsXUz_registrationsettings"}},"conceptId":"concept_organizersorganizerkeytrainingstrainingkeyregistrationsettings_put_body"}},{"AddResponse":{"responseId":"response_ls0kfH0duv","requestId":"path_ck0lhywrRq}_put","httpStatusCode":204}},{"AddResponse":{"responseId":"response_XPIbss5zoU","requestId":"path_ck0lhywrRq}_put","httpStatusCode":400}},{"AddResponse":{"responseId":"response_Q5FnMBlBST","requestId":"path_ck0lhywrRq}_put","httpStatusCode":403}},{"AddResponse":{"responseId":"response_dDd9MaFcFE","requestId":"path_ck0lhywrRq}_put","httpStatusCode":404}},{"AddRequest":{"requestId":"path_zWRU2kQzi0}_get","pathId":"MEGbuT_path_27","httpMethod":"get"}},{"AddResponse":{"responseId":"response_w2XNoWyyyx","requestId":"path_zWRU2kQzi0}_get","httpStatusCode":200}},{"DefineInlineConcept":{"root":"shape_571wWB8rpv","conceptId":"concept_m5g2wwK771Gl"}},{"AssignType":{"id":"shape_571wWB8rpv","to":{"RefT":{"conceptId":"concept_zyUeIl_hosturl"}},"conceptId":"concept_m5g2wwK771Gl"}},{"AddResponse":{"responseId":"response_SkWfqyblnU","requestId":"path_zWRU2kQzi0}_get","httpStatusCode":400}},{"AddResponse":{"responseId":"response_bygXU6fzQg","requestId":"path_zWRU2kQzi0}_get","httpStatusCode":403}},{"AddResponse":{"responseId":"response_KwCQCEPQVw","requestId":"path_zWRU2kQzi0}_get","httpStatusCode":404}},{"AddRequest":{"requestId":"path_jzmSVRqyG8}_put","pathId":"MEGbuT_path_14","httpMethod":"put"}},{"DefineInlineConcept":{"root":"shape_iQitPLU2Eg","conceptId":"concept_organizersorganizerkeytrainingstrainingkeytimes_put_body"}},{"AssignType":{"id":"shape_iQitPLU2Eg","to":{"RefT":{"conceptId":"concept_X7d6fa_trainingtimes"}},"conceptId":"concept_organizersorganizerkeytrainingstrainingkeytimes_put_body"}},{"AddResponse":{"responseId":"response_IjjuGWq5fW","requestId":"path_jzmSVRqyG8}_put","httpStatusCode":200}},{"DefineInlineConcept":{"root":"shape_sbxTQJ34yV","conceptId":"concept_m0jAQ0NXoPOF"}},{"AssignType":{"id":"shape_sbxTQJ34yV","to":{"RefT":{"conceptId":"concept_oykAtW_notifiedparties"}},"conceptId":"concept_m0jAQ0NXoPOF"}},{"AddResponse":{"responseId":"response_xqIOgfVUIn","requestId":"path_jzmSVRqyG8}_put","httpStatusCode":400}},{"AddResponse":{"responseId":"response_dABWS64pvX","requestId":"path_jzmSVRqyG8}_put","httpStatusCode":403}},{"AddResponse":{"responseId":"response_iMQKNuWSEE","requestId":"path_jzmSVRqyG8}_put","httpStatusCode":404}},{"AddRequest":{"requestId":"path_a3IAPxrA5r}_delete","pathId":"MEGbuT_path_6","httpMethod":"delete"}},{"AddResponse":{"responseId":"response_SwjfqnUY5h","requestId":"path_a3IAPxrA5r}_delete","httpStatusCode":204}},{"AddResponse":{"responseId":"response_C7V3IvJnfh","requestId":"path_a3IAPxrA5r}_delete","httpStatusCode":400}},{"AddResponse":{"responseId":"response_hUS2I3i0ON","requestId":"path_a3IAPxrA5r}_delete","httpStatusCode":403}},{"AddResponse":{"responseId":"response_J1mbkrQXey","requestId":"path_a3IAPxrA5r}_delete","httpStatusCode":404}},{"AddRequest":{"requestId":"path_a3IAPxrA5r}_get","pathId":"MEGbuT_path_6","httpMethod":"get"}},{"AddResponse":{"responseId":"response_RDEi6QKJjg","requestId":"path_a3IAPxrA5r}_get","httpStatusCode":200}},{"DefineInlineConcept":{"root":"shape_2fUA7CPBDa","conceptId":"concept_QO4CLLG1dPec"}},{"AssignType":{"id":"shape_2fUA7CPBDa","to":{"RefT":{"conceptId":"concept_SdadXI_training"}},"conceptId":"concept_QO4CLLG1dPec"}},{"AddResponse":{"responseId":"response_rDxZIPGnPx","requestId":"path_a3IAPxrA5r}_get","httpStatusCode":400}},{"AddResponse":{"responseId":"response_4G5BuBIbP9","requestId":"path_a3IAPxrA5r}_get","httpStatusCode":403}},{"AddResponse":{"responseId":"response_L0uxjDplGl","requestId":"path_a3IAPxrA5r}_get","httpStatusCode":404}},{"AddRequest":{"requestId":"path_OXOY2Cn4Ye}_post","pathId":"MEGbuT_path_18","httpMethod":"post"}},{"DefineInlineConcept":{"root":"shape_z0wogUESqp","conceptId":"concept_reportsorganizersorganizerkeysessions_post_body"}},{"AssignType":{"id":"shape_z0wogUESqp","to":{"RefT":{"conceptId":"concept_CEmpZ9_datetimerange"}},"conceptId":"concept_reportsorganizersorganizerkeysessions_post_body"}},{"AddResponse":{"responseId":"response_b9LBvQpbrG","requestId":"path_OXOY2Cn4Ye}_post","httpStatusCode":200}},{"DefineInlineConcept":{"root":"shape_SWLHAlIB9b","conceptId":"concept_A6vAffODTcY0"}},{"AssignType":{"id":"shape_SWLHAlIB9b","to":{"ListT":{}},"conceptId":"concept_A6vAffODTcY0"}},{"AddTypeParameter":{"parentId":"shape_SWLHAlIB9b","id":"shape_7QaPU8m67P","conceptId":"concept_A6vAffODTcY0"}},{"AssignType":{"id":"shape_7QaPU8m67P","to":{"RefT":{"conceptId":"concept_tY8wm4_session"}},"conceptId":"concept_A6vAffODTcY0"}},{"AddResponse":{"responseId":"response_jvayBp1NQQ","requestId":"path_OXOY2Cn4Ye}_post","httpStatusCode":400}},{"AddResponse":{"responseId":"response_ZkwjKvorVv","requestId":"path_OXOY2Cn4Ye}_post","httpStatusCode":403}},{"AddRequest":{"requestId":"path_Haux3Z9706}_get","pathId":"MEGbuT_path_22","httpMethod":"get"}},{"AddResponse":{"responseId":"response_ROoP46XoC7","requestId":"path_Haux3Z9706}_get","httpStatusCode":200}},{"DefineInlineConcept":{"root":"shape_D2vLLnsrsf","conceptId":"concept_JMXzceUTsBUz"}},{"AssignType":{"id":"shape_D2vLLnsrsf","to":{"ListT":{}},"conceptId":"concept_JMXzceUTsBUz"}},{"AddTypeParameter":{"parentId":"shape_D2vLLnsrsf","id":"shape_MyNJUsX3G5","conceptId":"concept_JMXzceUTsBUz"}},{"AssignType":{"id":"shape_MyNJUsX3G5","to":{"RefT":{"conceptId":"concept_tY8wm4_session"}},"conceptId":"concept_JMXzceUTsBUz"}},{"AddResponse":{"responseId":"response_xH7UWFENzP","requestId":"path_Haux3Z9706}_get","httpStatusCode":400}},{"AddResponse":{"responseId":"response_C9Rwcer5tZ","requestId":"path_Haux3Z9706}_get","httpStatusCode":403}},{"AddResponse":{"responseId":"response_voTdPKn0LU","requestId":"path_Haux3Z9706}_get","httpStatusCode":404}},{"SetResponseBodyShape":{"responseId":"response_o2GjOUxGOC","bodyDescriptor":{"httpContentType":"application/json","conceptId":"concept_HvLRKDBrZGRL"}}},{"SetResponseBodyShape":{"responseId":"response_hxNl8qbfNa","bodyDescriptor":{"httpContentType":"application/json","conceptId":"concept_M6HD8XV3QXcB"}}},{"SetResponseBodyShape":{"responseId":"response_SHqRiSNmkh","bodyDescriptor":{"httpContentType":"application/json","conceptId":"concept_ubOuM99tSLXm"}}},{"SetResponseBodyShape":{"responseId":"response_hROsuQwaiX","bodyDescriptor":{"httpContentType":"application/json","conceptId":"concept_PWVLod1pfDeN"}}},{"SetResponseBodyShape":{"responseId":"response_4xJiOeyenA","bodyDescriptor":{"httpContentType":"application/json","conceptId":"concept_jnuCZvKfOAGG"}}},{"SetResponseBodyShape":{"responseId":"response_21O7Q3d6gH","bodyDescriptor":{"httpContentType":"application/json","conceptId":"concept_QfYLGsU3daVL"}}},{"SetRequestBodyShape":{"requestId":"path_46KRNya4rN}_put","bodyDescriptor":{"httpContentType":"application/json","conceptId":"concept_organizersorganizerkeytrainingstrainingkeynamedescription_put_body"}}},{"SetResponseBodyShape":{"responseId":"response_0n78qoYStD","bodyDescriptor":{"httpContentType":"application/json","conceptId":"concept_j9mPoSpxK9B5"}}},{"SetRequestBodyShape":{"requestId":"path_ZBVWqQXmkH}_post","bodyDescriptor":{"httpContentType":"application/json","conceptId":"concept_organizersorganizerkeytrainingstrainingkeyregistrants_post_body"}}},{"SetResponseBodyShape":{"responseId":"response_bwG4GwfgBV","bodyDescriptor":{"httpContentType":"application/json","conceptId":"concept_NyyGaRQEqIGx"}}},{"SetResponseBodyShape":{"responseId":"response_Sc0XM7OTre","bodyDescriptor":{"httpContentType":"application/json","conceptId":"concept_U1i7VZK6CRei"}}},{"SetRequestBodyShape":{"requestId":"path_x5ZF31srzH}_put","bodyDescriptor":{"httpContentType":"application/json","conceptId":"concept_organizersorganizerkeytrainingstrainingkeyorganizers_put_body"}}},{"SetResponseBodyShape":{"responseId":"response_bCighJDMiN","bodyDescriptor":{"httpContentType":"application/json","conceptId":"concept_ypUFBCIayyH9"}}},{"SetRequestBodyShape":{"requestId":"path_zlGBBhaTCi}_post","bodyDescriptor":{"httpContentType":"application/json","conceptId":"concept_organizersorganizerkeytrainings_post_body"}}},{"SetResponseBodyShape":{"responseId":"response_xpYwqoFDAr","bodyDescriptor":{"httpContentType":"application/json","conceptId":"concept_dWnb0wGXxZhD"}}},{"SetRequestBodyShape":{"requestId":"path_ck0lhywrRq}_put","bodyDescriptor":{"httpContentType":"application/json","conceptId":"concept_organizersorganizerkeytrainingstrainingkeyregistrationsettings_put_body"}}},{"SetResponseBodyShape":{"responseId":"response_w2XNoWyyyx","bodyDescriptor":{"httpContentType":"application/json","conceptId":"concept_m5g2wwK771Gl"}}},{"SetRequestBodyShape":{"requestId":"path_jzmSVRqyG8}_put","bodyDescriptor":{"httpContentType":"application/json","conceptId":"concept_organizersorganizerkeytrainingstrainingkeytimes_put_body"}}},{"SetResponseBodyShape":{"responseId":"response_IjjuGWq5fW","bodyDescriptor":{"httpContentType":"application/json","conceptId":"concept_m0jAQ0NXoPOF"}}},{"SetResponseBodyShape":{"responseId":"response_RDEi6QKJjg","bodyDescriptor":{"httpContentType":"application/json","conceptId":"concept_QO4CLLG1dPec"}}},{"SetRequestBodyShape":{"requestId":"path_OXOY2Cn4Ye}_post","bodyDescriptor":{"httpContentType":"application/json","conceptId":"concept_reportsorganizersorganizerkeysessions_post_body"}}},{"SetResponseBodyShape":{"responseId":"response_b9LBvQpbrG","bodyDescriptor":{"httpContentType":"application/json","conceptId":"concept_A6vAffODTcY0"}}},{"SetResponseBodyShape":{"responseId":"response_ROoP46XoC7","bodyDescriptor":{"httpContentType":"application/json","conceptId":"concept_JMXzceUTsBUz"}}}]