[{"DefineConcept":{"name":"JobFeedResponse","root":"shape_TKYwp9lKF1","conceptId":"concept_7QW6m9_jobfeedresponse"}},{"SetConceptName":{"newName":"JobFeedResponse","conceptId":"concept_7QW6m9_jobfeedresponse"}},{"DefineConcept":{"name":"Location","root":"shape_4BcGhAqwhp","conceptId":"concept_JihPEA_location"}},{"SetConceptName":{"newName":"Location","conceptId":"concept_JihPEA_location"}},{"DefineConcept":{"name":"Error","root":"shape_z2AdlNSAsD","conceptId":"concept_RBb6vG_error"}},{"SetConceptName":{"newName":"Error","conceptId":"concept_RBb6vG_error"}},{"DefineConcept":{"name":"Region","root":"shape_CFGjiHRIgU","conceptId":"concept_9yxwFK_region"}},{"SetConceptName":{"newName":"Region","conceptId":"concept_9yxwFK_region"}},{"DefineConcept":{"name":"Industry","root":"shape_8rYzvrXc2H","conceptId":"concept_PLhfo2_industry"}},{"SetConceptName":{"newName":"Industry","conceptId":"concept_PLhfo2_industry"}},{"DefineConcept":{"name":"Job","root":"shape_kk9FN7Tnv1","conceptId":"concept_jgvPkK_job"}},{"SetConceptName":{"newName":"Job","conceptId":"concept_jgvPkK_job"}},{"DefineConcept":{"name":"MajorProject","root":"shape_vfd7bbEYTc","conceptId":"concept_AZrTbJ_majorproject"}},{"SetConceptName":{"newName":"MajorProject","conceptId":"concept_AZrTbJ_majorproject"}},{"DefineConcept":{"name":"RegionID","root":"shape_JttME0aiYJ","conceptId":"concept_WItLVI_regionid"}},{"SetConceptName":{"newName":"RegionID","conceptId":"concept_WItLVI_regionid"}},{"DefineConcept":{"name":"JobType","root":"shape_29nyi3HyP3","conceptId":"concept_upUXkp_jobtype"}},{"SetConceptName":{"newName":"JobType","conceptId":"concept_upUXkp_jobtype"}},{"DefineConcept":{"name":"SubIndustry","root":"shape_qzkQqwEdcx","conceptId":"concept_eIrHgF_subindustry"}},{"SetConceptName":{"newName":"SubIndustry","conceptId":"concept_eIrHgF_subindustry"}},{"DefineConcept":{"name":"RecordType","root":"shape_GmUYE41zx4","conceptId":"concept_V3g28b_recordtype"}},{"SetConceptName":{"newName":"RecordType","conceptId":"concept_V3g28b_recordtype"}},{"DefineConcept":{"name":"JobTypeID","root":"shape_g4LzGD2Fl1","conceptId":"concept_nV3Vdk_jobtypeid"}},{"SetConceptName":{"newName":"JobTypeID","conceptId":"concept_nV3Vdk_jobtypeid"}},{"AssignType":{"id":"shape_TKYwp9lKF1","to":{"ObjectT":{}},"conceptId":"concept_7QW6m9_jobfeedresponse"}},{"AddField":{"parentId":"shape_TKYwp9lKF1","id":"shape_5SewZ4ByZD","conceptId":"concept_7QW6m9_jobfeedresponse"}},{"SetFieldName":{"id":"shape_5SewZ4ByZD","newName":"Jobs","conceptId":"concept_7QW6m9_jobfeedresponse"}},{"AssignType":{"id":"shape_5SewZ4ByZD","to":{"ListT":{}},"conceptId":"concept_7QW6m9_jobfeedresponse"}},{"AddTypeParameter":{"parentId":"shape_5SewZ4ByZD","id":"shape_zTolzf9TTk","conceptId":"concept_7QW6m9_jobfeedresponse"}},{"AssignType":{"id":"shape_zTolzf9TTk","to":{"RefT":{"conceptId":"concept_jgvPkK_job"}},"conceptId":"concept_7QW6m9_jobfeedresponse"}},{"AssignType":{"id":"shape_4BcGhAqwhp","to":{"ObjectT":{}},"conceptId":"concept_JihPEA_location"}},{"AddField":{"parentId":"shape_4BcGhAqwhp","id":"shape_WYeyscIVCw","conceptId":"concept_JihPEA_location"}},{"SetFieldName":{"id":"shape_WYeyscIVCw","newName":"City","conceptId":"concept_JihPEA_location"}},{"AssignType":{"id":"shape_WYeyscIVCw","to":{"StringT":{}},"conceptId":"concept_JihPEA_location"}},{"AddField":{"parentId":"shape_4BcGhAqwhp","id":"shape_avv0dXiHMu","conceptId":"concept_JihPEA_location"}},{"SetFieldName":{"id":"shape_avv0dXiHMu","newName":"Province","conceptId":"concept_JihPEA_location"}},{"AssignType":{"id":"shape_avv0dXiHMu","to":{"StringT":{}},"conceptId":"concept_JihPEA_location"}},{"AddField":{"parentId":"shape_4BcGhAqwhp","id":"shape_nfzF3j2z1s","conceptId":"concept_JihPEA_location"}},{"SetFieldName":{"id":"shape_nfzF3j2z1s","newName":"RegionID","conceptId":"concept_JihPEA_location"}},{"AssignType":{"id":"shape_nfzF3j2z1s","to":{"RefT":{"conceptId":"concept_9yxwFK_region"}},"conceptId":"concept_JihPEA_location"}},{"AddField":{"parentId":"shape_4BcGhAqwhp","id":"shape_OrHdQIkich","conceptId":"concept_JihPEA_location"}},{"SetFieldName":{"id":"shape_OrHdQIkich","newName":"RegionName","conceptId":"concept_JihPEA_location"}},{"AssignType":{"id":"shape_OrHdQIkich","to":{"StringT":{}},"conceptId":"concept_JihPEA_location"}},{"AssignType":{"id":"shape_z2AdlNSAsD","to":{"ObjectT":{}},"conceptId":"concept_RBb6vG_error"}},{"AddField":{"parentId":"shape_z2AdlNSAsD","id":"shape_LlW8ORA5xT","conceptId":"concept_RBb6vG_error"}},{"SetFieldName":{"id":"shape_LlW8ORA5xT","newName":"Message","conceptId":"concept_RBb6vG_error"}},{"AssignType":{"id":"shape_LlW8ORA5xT","to":{"StringT":{}},"conceptId":"concept_RBb6vG_error"}},{"AssignType":{"id":"shape_CFGjiHRIgU","to":{"ObjectT":{}},"conceptId":"concept_9yxwFK_region"}},{"AddField":{"parentId":"shape_CFGjiHRIgU","id":"shape_WG91vQcsVn","conceptId":"concept_9yxwFK_region"}},{"SetFieldName":{"id":"shape_WG91vQcsVn","newName":"Caption","conceptId":"concept_9yxwFK_region"}},{"AssignType":{"id":"shape_WG91vQcsVn","to":{"StringT":{}},"conceptId":"concept_9yxwFK_region"}},{"AddField":{"parentId":"shape_CFGjiHRIgU","id":"shape_7Ooylq6lXk","conceptId":"concept_9yxwFK_region"}},{"SetFieldName":{"id":"shape_7Ooylq6lXk","newName":"ID","conceptId":"concept_9yxwFK_region"}},{"AssignType":{"id":"shape_7Ooylq6lXk","to":{"RefT":{"conceptId":"concept_WItLVI_regionid"}},"conceptId":"concept_9yxwFK_region"}},{"AssignType":{"id":"shape_8rYzvrXc2H","to":{"ObjectT":{}},"conceptId":"concept_PLhfo2_industry"}},{"AddField":{"parentId":"shape_8rYzvrXc2H","id":"shape_HNEpRbW2D3","conceptId":"concept_PLhfo2_industry"}},{"SetFieldName":{"id":"shape_HNEpRbW2D3","newName":"Caption","conceptId":"concept_PLhfo2_industry"}},{"AssignType":{"id":"shape_HNEpRbW2D3","to":{"StringT":{}},"conceptId":"concept_PLhfo2_industry"}},{"AddField":{"parentId":"shape_8rYzvrXc2H","id":"shape_yuoZYODFGv","conceptId":"concept_PLhfo2_industry"}},{"SetFieldName":{"id":"shape_yuoZYODFGv","newName":"ID","conceptId":"concept_PLhfo2_industry"}},{"AssignType":{"id":"shape_yuoZYODFGv","to":{"IntegerT":{}},"conceptId":"concept_PLhfo2_industry"}},{"AddField":{"parentId":"shape_8rYzvrXc2H","id":"shape_SCD0teD9di","conceptId":"concept_PLhfo2_industry"}},{"SetFieldName":{"id":"shape_SCD0teD9di","newName":"SubIndustries","conceptId":"concept_PLhfo2_industry"}},{"AssignType":{"id":"shape_SCD0teD9di","to":{"ListT":{}},"conceptId":"concept_PLhfo2_industry"}},{"AddTypeParameter":{"parentId":"shape_SCD0teD9di","id":"shape_Qau6wFwfvV","conceptId":"concept_PLhfo2_industry"}},{"AssignType":{"id":"shape_Qau6wFwfvV","to":{"RefT":{"conceptId":"concept_eIrHgF_subindustry"}},"conceptId":"concept_PLhfo2_industry"}},{"AssignType":{"id":"shape_kk9FN7Tnv1","to":{"ObjectT":{}},"conceptId":"concept_jgvPkK_job"}},{"AddField":{"parentId":"shape_kk9FN7Tnv1","id":"shape_6sWON86bNK","conceptId":"concept_jgvPkK_job"}},{"SetFieldName":{"id":"shape_6sWON86bNK","newName":"JobTitle","conceptId":"concept_jgvPkK_job"}},{"AssignType":{"id":"shape_6sWON86bNK","to":{"StringT":{}},"conceptId":"concept_jgvPkK_job"}},{"AddField":{"parentId":"shape_kk9FN7Tnv1","id":"shape_DCiCLzLwaQ","conceptId":"concept_jgvPkK_job"}},{"SetFieldName":{"id":"shape_DCiCLzLwaQ","newName":"SalaryMultiplier","conceptId":"concept_jgvPkK_job"}},{"AssignType":{"id":"shape_DCiCLzLwaQ","to":{"IntegerT":{}},"conceptId":"concept_jgvPkK_job"}},{"AddField":{"parentId":"shape_kk9FN7Tnv1","id":"shape_nGJunAtNGl","conceptId":"concept_jgvPkK_job"}},{"SetFieldName":{"id":"shape_nGJunAtNGl","newName":"JobDescription","conceptId":"concept_jgvPkK_job"}},{"AssignType":{"id":"shape_nGJunAtNGl","to":{"StringT":{}},"conceptId":"concept_jgvPkK_job"}},{"AddField":{"parentId":"shape_kk9FN7Tnv1","id":"shape_fnIaoz2oQN","conceptId":"concept_jgvPkK_job"}},{"SetFieldName":{"id":"shape_fnIaoz2oQN","newName":"SalaryMax","conceptId":"concept_jgvPkK_job"}},{"AssignType":{"id":"shape_fnIaoz2oQN","to":{"NumberT":{}},"conceptId":"concept_jgvPkK_job"}},{"AddField":{"parentId":"shape_kk9FN7Tnv1","id":"shape_DfSfauL0eA","conceptId":"concept_jgvPkK_job"}},{"SetFieldName":{"id":"shape_DfSfauL0eA","newName":"EmployerName","conceptId":"concept_jgvPkK_job"}},{"AssignType":{"id":"shape_DfSfauL0eA","to":{"StringT":{}},"conceptId":"concept_jgvPkK_job"}},{"AddField":{"parentId":"shape_kk9FN7Tnv1","id":"shape_qivKUmzu8J","conceptId":"concept_jgvPkK_job"}},{"SetFieldName":{"id":"shape_qivKUmzu8J","newName":"SalaryType","conceptId":"concept_jgvPkK_job"}},{"AssignType":{"id":"shape_qivKUmzu8J","to":{"StringT":{}},"conceptId":"concept_jgvPkK_job"}},{"AddField":{"parentId":"shape_kk9FN7Tnv1","id":"shape_n7OCWUOn6w","conceptId":"concept_jgvPkK_job"}},{"SetFieldName":{"id":"shape_n7OCWUOn6w","newName":"MajorProject","conceptId":"concept_jgvPkK_job"}},{"AssignType":{"id":"shape_n7OCWUOn6w","to":{"RefT":{"conceptId":"concept_AZrTbJ_majorproject"}},"conceptId":"concept_jgvPkK_job"}},{"AddField":{"parentId":"shape_kk9FN7Tnv1","id":"shape_Q4XuvVuL48","conceptId":"concept_jgvPkK_job"}},{"SetFieldName":{"id":"shape_Q4XuvVuL48","newName":"SalaryMin","conceptId":"concept_jgvPkK_job"}},{"AssignType":{"id":"shape_Q4XuvVuL48","to":{"NumberT":{}},"conceptId":"concept_jgvPkK_job"}},{"AddField":{"parentId":"shape_kk9FN7Tnv1","id":"shape_HxVjh8XI8c","conceptId":"concept_jgvPkK_job"}},{"SetFieldName":{"id":"shape_HxVjh8XI8c","newName":"JobID","conceptId":"concept_jgvPkK_job"}},{"AssignType":{"id":"shape_HxVjh8XI8c","to":{"IntegerT":{}},"conceptId":"concept_jgvPkK_job"}},{"AddField":{"parentId":"shape_kk9FN7Tnv1","id":"shape_mTdf0SlJOp","conceptId":"concept_jgvPkK_job"}},{"SetFieldName":{"id":"shape_mTdf0SlJOp","newName":"Url","conceptId":"concept_jgvPkK_job"}},{"AssignType":{"id":"shape_mTdf0SlJOp","to":{"StringT":{}},"conceptId":"concept_jgvPkK_job"}},{"AddField":{"parentId":"shape_kk9FN7Tnv1","id":"shape_htlW8v6QCM","conceptId":"concept_jgvPkK_job"}},{"SetFieldName":{"id":"shape_htlW8v6QCM","newName":"ExpiryDate","conceptId":"concept_jgvPkK_job"}},{"AssignType":{"id":"shape_htlW8v6QCM","to":{"StringT":{}},"conceptId":"concept_jgvPkK_job"}},{"AddField":{"parentId":"shape_kk9FN7Tnv1","id":"shape_CrCngQLx0X","conceptId":"concept_jgvPkK_job"}},{"SetFieldName":{"id":"shape_CrCngQLx0X","newName":"JobTypes","conceptId":"concept_jgvPkK_job"}},{"AssignType":{"id":"shape_CrCngQLx0X","to":{"ListT":{}},"conceptId":"concept_jgvPkK_job"}},{"AddTypeParameter":{"parentId":"shape_CrCngQLx0X","id":"shape_UkNInSuxeZ","conceptId":"concept_jgvPkK_job"}},{"AssignType":{"id":"shape_UkNInSuxeZ","to":{"RefT":{"conceptId":"concept_upUXkp_jobtype"}},"conceptId":"concept_jgvPkK_job"}},{"AddField":{"parentId":"shape_kk9FN7Tnv1","id":"shape_DOzRdYOysG","conceptId":"concept_jgvPkK_job"}},{"SetFieldName":{"id":"shape_DOzRdYOysG","newName":"RecordType","conceptId":"concept_jgvPkK_job"}},{"AssignType":{"id":"shape_DOzRdYOysG","to":{"RefT":{"conceptId":"concept_V3g28b_recordtype"}},"conceptId":"concept_jgvPkK_job"}},{"AddField":{"parentId":"shape_kk9FN7Tnv1","id":"shape_xSAa38uYEj","conceptId":"concept_jgvPkK_job"}},{"SetFieldName":{"id":"shape_xSAa38uYEj","newName":"PostedDate","conceptId":"concept_jgvPkK_job"}},{"AssignType":{"id":"shape_xSAa38uYEj","to":{"StringT":{}},"conceptId":"concept_jgvPkK_job"}},{"AddField":{"parentId":"shape_kk9FN7Tnv1","id":"shape_2hQXlXVX6S","conceptId":"concept_jgvPkK_job"}},{"SetFieldName":{"id":"shape_2hQXlXVX6S","newName":"Locations","conceptId":"concept_jgvPkK_job"}},{"AssignType":{"id":"shape_2hQXlXVX6S","to":{"ListT":{}},"conceptId":"concept_jgvPkK_job"}},{"AddTypeParameter":{"parentId":"shape_2hQXlXVX6S","id":"shape_MXbi4JSceb","conceptId":"concept_jgvPkK_job"}},{"AssignType":{"id":"shape_MXbi4JSceb","to":{"RefT":{"conceptId":"concept_JihPEA_location"}},"conceptId":"concept_jgvPkK_job"}},{"AssignType":{"id":"shape_vfd7bbEYTc","to":{"ObjectT":{}},"conceptId":"concept_AZrTbJ_majorproject"}},{"AddField":{"parentId":"shape_vfd7bbEYTc","id":"shape_g0ALvr7BF5","conceptId":"concept_AZrTbJ_majorproject"}},{"SetFieldName":{"id":"shape_g0ALvr7BF5","newName":"Caption","conceptId":"concept_AZrTbJ_majorproject"}},{"AssignType":{"id":"shape_g0ALvr7BF5","to":{"StringT":{}},"conceptId":"concept_AZrTbJ_majorproject"}},{"AddField":{"parentId":"shape_vfd7bbEYTc","id":"shape_JX8q7pWmNT","conceptId":"concept_AZrTbJ_majorproject"}},{"SetFieldName":{"id":"shape_JX8q7pWmNT","newName":"ID","conceptId":"concept_AZrTbJ_majorproject"}},{"AssignType":{"id":"shape_JX8q7pWmNT","to":{"IntegerT":{}},"conceptId":"concept_AZrTbJ_majorproject"}},{"AssignType":{"id":"shape_JttME0aiYJ","to":{"IntegerT":{}},"conceptId":"concept_WItLVI_regionid"}},{"AssignType":{"id":"shape_29nyi3HyP3","to":{"ObjectT":{}},"conceptId":"concept_upUXkp_jobtype"}},{"AddField":{"parentId":"shape_29nyi3HyP3","id":"shape_2ar9lm448z","conceptId":"concept_upUXkp_jobtype"}},{"SetFieldName":{"id":"shape_2ar9lm448z","newName":"Caption","conceptId":"concept_upUXkp_jobtype"}},{"AssignType":{"id":"shape_2ar9lm448z","to":{"StringT":{}},"conceptId":"concept_upUXkp_jobtype"}},{"AddField":{"parentId":"shape_29nyi3HyP3","id":"shape_iBhTE5bhlw","conceptId":"concept_upUXkp_jobtype"}},{"SetFieldName":{"id":"shape_iBhTE5bhlw","newName":"ID","conceptId":"concept_upUXkp_jobtype"}},{"AssignType":{"id":"shape_iBhTE5bhlw","to":{"RefT":{"conceptId":"concept_nV3Vdk_jobtypeid"}},"conceptId":"concept_upUXkp_jobtype"}},{"AssignType":{"id":"shape_qzkQqwEdcx","to":{"ObjectT":{}},"conceptId":"concept_eIrHgF_subindustry"}},{"AddField":{"parentId":"shape_qzkQqwEdcx","id":"shape_EcuLg9LcDp","conceptId":"concept_eIrHgF_subindustry"}},{"SetFieldName":{"id":"shape_EcuLg9LcDp","newName":"Caption","conceptId":"concept_eIrHgF_subindustry"}},{"AssignType":{"id":"shape_EcuLg9LcDp","to":{"StringT":{}},"conceptId":"concept_eIrHgF_subindustry"}},{"AddField":{"parentId":"shape_qzkQqwEdcx","id":"shape_k6rUMnA3sm","conceptId":"concept_eIrHgF_subindustry"}},{"SetFieldName":{"id":"shape_k6rUMnA3sm","newName":"ID","conceptId":"concept_eIrHgF_subindustry"}},{"AssignType":{"id":"shape_k6rUMnA3sm","to":{"IntegerT":{}},"conceptId":"concept_eIrHgF_subindustry"}},{"AssignType":{"id":"shape_GmUYE41zx4","to":{"IntegerT":{}},"conceptId":"concept_V3g28b_recordtype"}},{"AssignType":{"id":"shape_g4LzGD2Fl1","to":{"IntegerT":{}},"conceptId":"concept_nV3Vdk_jobtypeid"}},{"AddPathComponent":{"pathId":"Hg6VLo_path_0","parentPathId":"root","name":"Industries"}},{"AddPathComponent":{"pathId":"Hg6VLo_path_1","parentPathId":"root","name":"jobTypes"}},{"AddPathComponent":{"pathId":"Hg6VLo_path_2","parentPathId":"root","name":"jobs"}},{"AddPathComponent":{"pathId":"Hg6VLo_path_3","parentPathId":"root","name":"majorProjects"}},{"AddPathComponent":{"pathId":"Hg6VLo_path_4","parentPathId":"root","name":"regions"}},{"AddRequest":{"requestId":"path_CncVn8c7XP}_get","pathId":"Hg6VLo_path_0","httpMethod":"get"}},{"AddResponse":{"responseId":"response_Zl2UzAnD4A","requestId":"path_CncVn8c7XP}_get","httpStatusCode":200}},{"DefineInlineConcept":{"root":"shape_106QlV9WuR","conceptId":"concept_2q2FLOcLd6lk"}},{"AssignType":{"id":"shape_106QlV9WuR","to":{"ListT":{}},"conceptId":"concept_2q2FLOcLd6lk"}},{"AddTypeParameter":{"parentId":"shape_106QlV9WuR","id":"shape_KNCDakObDo","conceptId":"concept_2q2FLOcLd6lk"}},{"AssignType":{"id":"shape_KNCDakObDo","to":{"RefT":{"conceptId":"concept_PLhfo2_industry"}},"conceptId":"concept_2q2FLOcLd6lk"}},{"AddRequest":{"requestId":"path_8eL77GJTCf}_get","pathId":"Hg6VLo_path_1","httpMethod":"get"}},{"AddResponse":{"responseId":"response_SINKdfvNoF","requestId":"path_8eL77GJTCf}_get","httpStatusCode":200}},{"DefineInlineConcept":{"root":"shape_34NOg0icFw","conceptId":"concept_QCUYeGKrZLCW"}},{"AssignType":{"id":"shape_34NOg0icFw","to":{"ListT":{}},"conceptId":"concept_QCUYeGKrZLCW"}},{"AddTypeParameter":{"parentId":"shape_34NOg0icFw","id":"shape_jcC52kOwPU","conceptId":"concept_QCUYeGKrZLCW"}},{"AssignType":{"id":"shape_jcC52kOwPU","to":{"RefT":{"conceptId":"concept_upUXkp_jobtype"}},"conceptId":"concept_QCUYeGKrZLCW"}},{"AddRequest":{"requestId":"path_V4DB3hMeak}_get","pathId":"Hg6VLo_path_4","httpMethod":"get"}},{"AddResponse":{"responseId":"response_xf4atWKc3c","requestId":"path_V4DB3hMeak}_get","httpStatusCode":200}},{"DefineInlineConcept":{"root":"shape_0Xl7EEuaoF","conceptId":"concept_WpGHnT5lhwPZ"}},{"AssignType":{"id":"shape_0Xl7EEuaoF","to":{"ListT":{}},"conceptId":"concept_WpGHnT5lhwPZ"}},{"AddTypeParameter":{"parentId":"shape_0Xl7EEuaoF","id":"shape_BMAR5b8z7o","conceptId":"concept_WpGHnT5lhwPZ"}},{"AssignType":{"id":"shape_BMAR5b8z7o","to":{"RefT":{"conceptId":"concept_9yxwFK_region"}},"conceptId":"concept_WpGHnT5lhwPZ"}},{"AddRequest":{"requestId":"path_hujxd0FQD8}_post","pathId":"Hg6VLo_path_2","httpMethod":"post"}},{"DefineInlineConcept":{"root":"shape_M4lIjR0VWy","conceptId":"concept_Ge5GM8Ab1Keh"}},{"AssignType":{"id":"shape_M4lIjR0VWy","to":{"ObjectT":{}},"conceptId":"concept_Ge5GM8Ab1Keh"}},{"AddField":{"parentId":"shape_M4lIjR0VWy","id":"shape_W4dEtXG5oA","conceptId":"concept_Ge5GM8Ab1Keh"}},{"SetFieldName":{"id":"shape_W4dEtXG5oA","newName":"jobTypes","conceptId":"concept_Ge5GM8Ab1Keh"}},{"AssignType":{"id":"shape_W4dEtXG5oA","to":{"IntegerT":{}},"conceptId":"concept_Ge5GM8Ab1Keh"}},{"AddField":{"parentId":"shape_M4lIjR0VWy","id":"shape_vr0Z820Lzs","conceptId":"concept_Ge5GM8Ab1Keh"}},{"SetFieldName":{"id":"shape_vr0Z820Lzs","newName":"city","conceptId":"concept_Ge5GM8Ab1Keh"}},{"AssignType":{"id":"shape_vr0Z820Lzs","to":{"StringT":{}},"conceptId":"concept_Ge5GM8Ab1Keh"}},{"AddField":{"parentId":"shape_M4lIjR0VWy","id":"shape_d3yQtMnK4e","conceptId":"concept_Ge5GM8Ab1Keh"}},{"SetFieldName":{"id":"shape_d3yQtMnK4e","newName":"lastRequestDate","conceptId":"concept_Ge5GM8Ab1Keh"}},{"AssignType":{"id":"shape_d3yQtMnK4e","to":{"StringT":{}},"conceptId":"concept_Ge5GM8Ab1Keh"}},{"AddField":{"parentId":"shape_M4lIjR0VWy","id":"shape_kN1JC8SRyJ","conceptId":"concept_Ge5GM8Ab1Keh"}},{"SetFieldName":{"id":"shape_kN1JC8SRyJ","newName":"region","conceptId":"concept_Ge5GM8Ab1Keh"}},{"AssignType":{"id":"shape_kN1JC8SRyJ","to":{"IntegerT":{}},"conceptId":"concept_Ge5GM8Ab1Keh"}},{"AddField":{"parentId":"shape_M4lIjR0VWy","id":"shape_0CU5W2HuUa","conceptId":"concept_Ge5GM8Ab1Keh"}},{"SetFieldName":{"id":"shape_0CU5W2HuUa","newName":"majorProjects","conceptId":"concept_Ge5GM8Ab1Keh"}},{"AssignType":{"id":"shape_0CU5W2HuUa","to":{"BooleanT":{}},"conceptId":"concept_Ge5GM8Ab1Keh"}},{"AddResponse":{"responseId":"response_bJreS0vABI","requestId":"path_hujxd0FQD8}_post","httpStatusCode":200}},{"DefineInlineConcept":{"root":"shape_KfNT9xEaJQ","conceptId":"concept_clV4RaQNtJlA"}},{"AssignType":{"id":"shape_KfNT9xEaJQ","to":{"RefT":{"conceptId":"concept_7QW6m9_jobfeedresponse"}},"conceptId":"concept_clV4RaQNtJlA"}},{"AddRequest":{"requestId":"path_01QmbFunv6}_get","pathId":"Hg6VLo_path_3","httpMethod":"get"}},{"AddResponse":{"responseId":"response_71Cwdn81vv","requestId":"path_01QmbFunv6}_get","httpStatusCode":200}},{"DefineInlineConcept":{"root":"shape_ZmkjV6Yxek","conceptId":"concept_elL5Q1lBeW0b"}},{"AssignType":{"id":"shape_ZmkjV6Yxek","to":{"ListT":{}},"conceptId":"concept_elL5Q1lBeW0b"}},{"AddTypeParameter":{"parentId":"shape_ZmkjV6Yxek","id":"shape_VhuHSbBxwt","conceptId":"concept_elL5Q1lBeW0b"}},{"AssignType":{"id":"shape_VhuHSbBxwt","to":{"RefT":{"conceptId":"concept_AZrTbJ_majorproject"}},"conceptId":"concept_elL5Q1lBeW0b"}},{"SetResponseBodyShape":{"responseId":"response_Zl2UzAnD4A","bodyDescriptor":{"httpContentType":"application/json","conceptId":"concept_2q2FLOcLd6lk"}}},{"SetResponseBodyShape":{"responseId":"response_SINKdfvNoF","bodyDescriptor":{"httpContentType":"application/json","conceptId":"concept_QCUYeGKrZLCW"}}},{"SetResponseBodyShape":{"responseId":"response_xf4atWKc3c","bodyDescriptor":{"httpContentType":"application/json","conceptId":"concept_WpGHnT5lhwPZ"}}},{"SetRequestBodyShape":{"requestId":"path_hujxd0FQD8}_post","bodyDescriptor":{"httpContentType":"application/json","conceptId":"concept_Ge5GM8Ab1Keh"}}},{"SetResponseBodyShape":{"responseId":"response_bJreS0vABI","bodyDescriptor":{"httpContentType":"application/json","conceptId":"concept_clV4RaQNtJlA"}}},{"SetResponseBodyShape":{"responseId":"response_71Cwdn81vv","bodyDescriptor":{"httpContentType":"application/json","conceptId":"concept_elL5Q1lBeW0b"}}}]