[{"DefineConcept":{"name":"Request","root":"shape_rI4Gh6SAfR","conceptId":"concept_znp6eF_request"}},{"SetConceptName":{"newName":"Request","conceptId":"concept_znp6eF_request"}},{"DefineConcept":{"name":"Solution","root":"shape_3muGozRKUO","conceptId":"concept_p5Ygd6_solution"}},{"SetConceptName":{"newName":"Solution","conceptId":"concept_p5Ygd6_solution"}},{"DefineConcept":{"name":"CostMatrix","root":"shape_RH91b1aVOm","conceptId":"concept_CvttP1_costmatrix"}},{"SetConceptName":{"newName":"CostMatrix","conceptId":"concept_CvttP1_costmatrix"}},{"DefineConcept":{"name":"Vehicle","root":"shape_e5Bq7Rm7Sd","conceptId":"concept_Chop12_vehicle"}},{"SetConceptName":{"newName":"Vehicle","conceptId":"concept_Chop12_vehicle"}},{"DefineConcept":{"name":"Address","root":"shape_dmXBB14FU6","conceptId":"concept_ZBQj73_address"}},{"SetConceptName":{"newName":"Address","conceptId":"concept_ZBQj73_address"}},{"DefineConcept":{"name":"JobId","root":"shape_r503lK5Xr8","conceptId":"concept_7OjwWu_jobid"}},{"SetConceptName":{"newName":"JobId","conceptId":"concept_7OjwWu_jobid"}},{"DefineConcept":{"name":"Route","root":"shape_GakCLlkG7s","conceptId":"concept_wKjwUo_route"}},{"SetConceptName":{"newName":"Route","conceptId":"concept_wKjwUo_route"}},{"DefineConcept":{"name":"Relation","root":"shape_UUCQ5QPzTi","conceptId":"concept_6X26yB_relation"}},{"SetConceptName":{"newName":"Relation","conceptId":"concept_6X26yB_relation"}},{"DefineConcept":{"name":"Shipment","root":"shape_Ib581x7DpN","conceptId":"concept_bv7sLb_shipment"}},{"SetConceptName":{"newName":"Shipment","conceptId":"concept_bv7sLb_shipment"}},{"DefineConcept":{"name":"Activity","root":"shape_9vFQRYcNjx","conceptId":"concept_McaJEa_activity"}},{"SetConceptName":{"newName":"Activity","conceptId":"concept_McaJEa_activity"}},{"DefineConcept":{"name":"Service","root":"shape_9ABgpDgk2g","conceptId":"concept_9twWFm_service"}},{"SetConceptName":{"newName":"Service","conceptId":"concept_9twWFm_service"}},{"DefineConcept":{"name":"Break","root":"shape_6q8oQtlK37","conceptId":"concept_TVB0tZ_break"}},{"SetConceptName":{"newName":"Break","conceptId":"concept_TVB0tZ_break"}},{"DefineConcept":{"name":"Response","root":"shape_AM6KrpBcNV","conceptId":"concept_kZlm0H_response"}},{"SetConceptName":{"newName":"Response","conceptId":"concept_kZlm0H_response"}},{"DefineConcept":{"name":"TimeWindow","root":"shape_ayjxPnmLb2","conceptId":"concept_jc2iwX_timewindow"}},{"SetConceptName":{"newName":"TimeWindow","conceptId":"concept_jc2iwX_timewindow"}},{"DefineConcept":{"name":"Objective","root":"shape_nxX8ywP01Q","conceptId":"concept_cjxu87_objective"}},{"SetConceptName":{"newName":"Objective","conceptId":"concept_cjxu87_objective"}},{"DefineConcept":{"name":"Algorithm","root":"shape_lIntKZIQDL","conceptId":"concept_kp4mMl_algorithm"}},{"SetConceptName":{"newName":"Algorithm","conceptId":"concept_kp4mMl_algorithm"}},{"DefineConcept":{"name":"Stop","root":"shape_xJbBZLuMmI","conceptId":"concept_tj0yKy_stop"}},{"SetConceptName":{"newName":"Stop","conceptId":"concept_tj0yKy_stop"}},{"DefineConcept":{"name":"VehicleType","root":"shape_MULD4NTi2k","conceptId":"concept_VKAxKq_vehicletype"}},{"SetConceptName":{"newName":"VehicleType","conceptId":"concept_VKAxKq_vehicletype"}},{"AssignType":{"id":"shape_rI4Gh6SAfR","to":{"ObjectT":{}},"conceptId":"concept_znp6eF_request"}},{"AddField":{"parentId":"shape_rI4Gh6SAfR","id":"shape_kudFnfV4R9","conceptId":"concept_znp6eF_request"}},{"SetFieldName":{"id":"shape_kudFnfV4R9","newName":"services","conceptId":"concept_znp6eF_request"}},{"AssignType":{"id":"shape_kudFnfV4R9","to":{"ListT":{}},"conceptId":"concept_znp6eF_request"}},{"AddTypeParameter":{"parentId":"shape_kudFnfV4R9","id":"shape_eOZjgMVjFy","conceptId":"concept_znp6eF_request"}},{"AssignType":{"id":"shape_eOZjgMVjFy","to":{"RefT":{"conceptId":"concept_9twWFm_service"}},"conceptId":"concept_znp6eF_request"}},{"AddField":{"parentId":"shape_rI4Gh6SAfR","id":"shape_mloaaMfj7w","conceptId":"concept_znp6eF_request"}},{"SetFieldName":{"id":"shape_mloaaMfj7w","newName":"shipments","conceptId":"concept_znp6eF_request"}},{"AssignType":{"id":"shape_mloaaMfj7w","to":{"ListT":{}},"conceptId":"concept_znp6eF_request"}},{"AddTypeParameter":{"parentId":"shape_mloaaMfj7w","id":"shape_djkE0W5G9w","conceptId":"concept_znp6eF_request"}},{"AssignType":{"id":"shape_djkE0W5G9w","to":{"RefT":{"conceptId":"concept_bv7sLb_shipment"}},"conceptId":"concept_znp6eF_request"}},{"AddField":{"parentId":"shape_rI4Gh6SAfR","id":"shape_WbUMa9Uwq1","conceptId":"concept_znp6eF_request"}},{"SetFieldName":{"id":"shape_WbUMa9Uwq1","newName":"vehicles","conceptId":"concept_znp6eF_request"}},{"AssignType":{"id":"shape_WbUMa9Uwq1","to":{"ListT":{}},"conceptId":"concept_znp6eF_request"}},{"AddTypeParameter":{"parentId":"shape_WbUMa9Uwq1","id":"shape_g9kTCZWrZ1","conceptId":"concept_znp6eF_request"}},{"AssignType":{"id":"shape_g9kTCZWrZ1","to":{"RefT":{"conceptId":"concept_Chop12_vehicle"}},"conceptId":"concept_znp6eF_request"}},{"AddField":{"parentId":"shape_rI4Gh6SAfR","id":"shape_2q1WbDxVCE","conceptId":"concept_znp6eF_request"}},{"SetFieldName":{"id":"shape_2q1WbDxVCE","newName":"vehicle_types","conceptId":"concept_znp6eF_request"}},{"AssignType":{"id":"shape_2q1WbDxVCE","to":{"ListT":{}},"conceptId":"concept_znp6eF_request"}},{"AddTypeParameter":{"parentId":"shape_2q1WbDxVCE","id":"shape_iGZ3AnFc20","conceptId":"concept_znp6eF_request"}},{"AssignType":{"id":"shape_iGZ3AnFc20","to":{"RefT":{"conceptId":"concept_VKAxKq_vehicletype"}},"conceptId":"concept_znp6eF_request"}},{"AddField":{"parentId":"shape_rI4Gh6SAfR","id":"shape_9g62LG6aE4","conceptId":"concept_znp6eF_request"}},{"SetFieldName":{"id":"shape_9g62LG6aE4","newName":"algorithm","conceptId":"concept_znp6eF_request"}},{"AssignType":{"id":"shape_9g62LG6aE4","to":{"RefT":{"conceptId":"concept_kp4mMl_algorithm"}},"conceptId":"concept_znp6eF_request"}},{"AddField":{"parentId":"shape_rI4Gh6SAfR","id":"shape_2RPlguoXJU","conceptId":"concept_znp6eF_request"}},{"SetFieldName":{"id":"shape_2RPlguoXJU","newName":"objectives","conceptId":"concept_znp6eF_request"}},{"AssignType":{"id":"shape_2RPlguoXJU","to":{"ListT":{}},"conceptId":"concept_znp6eF_request"}},{"AddTypeParameter":{"parentId":"shape_2RPlguoXJU","id":"shape_zsylIfZDy4","conceptId":"concept_znp6eF_request"}},{"AssignType":{"id":"shape_zsylIfZDy4","to":{"RefT":{"conceptId":"concept_cjxu87_objective"}},"conceptId":"concept_znp6eF_request"}},{"AddField":{"parentId":"shape_rI4Gh6SAfR","id":"shape_6iEAGZqlij","conceptId":"concept_znp6eF_request"}},{"SetFieldName":{"id":"shape_6iEAGZqlij","newName":"relations","conceptId":"concept_znp6eF_request"}},{"AssignType":{"id":"shape_6iEAGZqlij","to":{"ListT":{}},"conceptId":"concept_znp6eF_request"}},{"AddTypeParameter":{"parentId":"shape_6iEAGZqlij","id":"shape_D7WWOIDCAC","conceptId":"concept_znp6eF_request"}},{"AssignType":{"id":"shape_D7WWOIDCAC","to":{"RefT":{"conceptId":"concept_6X26yB_relation"}},"conceptId":"concept_znp6eF_request"}},{"AddField":{"parentId":"shape_rI4Gh6SAfR","id":"shape_QfhxGEvRxx","conceptId":"concept_znp6eF_request"}},{"SetFieldName":{"id":"shape_QfhxGEvRxx","newName":"cost_matrices","conceptId":"concept_znp6eF_request"}},{"AssignType":{"id":"shape_QfhxGEvRxx","to":{"ListT":{}},"conceptId":"concept_znp6eF_request"}},{"AddTypeParameter":{"parentId":"shape_QfhxGEvRxx","id":"shape_OZ2r7Q3wlq","conceptId":"concept_znp6eF_request"}},{"AssignType":{"id":"shape_OZ2r7Q3wlq","to":{"RefT":{"conceptId":"concept_CvttP1_costmatrix"}},"conceptId":"concept_znp6eF_request"}},{"AssignType":{"id":"shape_3muGozRKUO","to":{"ObjectT":{}},"conceptId":"concept_p5Ygd6_solution"}},{"AddField":{"parentId":"shape_3muGozRKUO","id":"shape_opZ1aisGpc","conceptId":"concept_p5Ygd6_solution"}},{"SetFieldName":{"id":"shape_opZ1aisGpc","newName":"no_unassigned","conceptId":"concept_p5Ygd6_solution"}},{"AssignType":{"id":"shape_opZ1aisGpc","to":{"IntegerT":{}},"conceptId":"concept_p5Ygd6_solution"}},{"AddField":{"parentId":"shape_3muGozRKUO","id":"shape_fEtE9uyTNd","conceptId":"concept_p5Ygd6_solution"}},{"SetFieldName":{"id":"shape_fEtE9uyTNd","newName":"routes","conceptId":"concept_p5Ygd6_solution"}},{"AssignType":{"id":"shape_fEtE9uyTNd","to":{"ListT":{}},"conceptId":"concept_p5Ygd6_solution"}},{"AddTypeParameter":{"parentId":"shape_fEtE9uyTNd","id":"shape_QVnSlUJl5O","conceptId":"concept_p5Ygd6_solution"}},{"AssignType":{"id":"shape_QVnSlUJl5O","to":{"RefT":{"conceptId":"concept_wKjwUo_route"}},"conceptId":"concept_p5Ygd6_solution"}},{"AddField":{"parentId":"shape_3muGozRKUO","id":"shape_V36bC9fDmB","conceptId":"concept_p5Ygd6_solution"}},{"SetFieldName":{"id":"shape_V36bC9fDmB","newName":"max_operation_time","conceptId":"concept_p5Ygd6_solution"}},{"AssignType":{"id":"shape_V36bC9fDmB","to":{"IntegerT":{}},"conceptId":"concept_p5Ygd6_solution"}},{"AddField":{"parentId":"shape_3muGozRKUO","id":"shape_uXUfoAQDeK","conceptId":"concept_p5Ygd6_solution"}},{"SetFieldName":{"id":"shape_uXUfoAQDeK","newName":"unassigned","conceptId":"concept_p5Ygd6_solution"}},{"AssignType":{"id":"shape_uXUfoAQDeK","to":{"ObjectT":{}},"conceptId":"concept_p5Ygd6_solution"}},{"AddField":{"parentId":"shape_uXUfoAQDeK","id":"shape_kiN724IwdJ","conceptId":"concept_p5Ygd6_solution"}},{"SetFieldName":{"id":"shape_kiN724IwdJ","newName":"services","conceptId":"concept_p5Ygd6_solution"}},{"AssignType":{"id":"shape_kiN724IwdJ","to":{"ListT":{}},"conceptId":"concept_p5Ygd6_solution"}},{"AddTypeParameter":{"parentId":"shape_kiN724IwdJ","id":"shape_noPcwkAZHm","conceptId":"concept_p5Ygd6_solution"}},{"AssignType":{"id":"shape_noPcwkAZHm","to":{"StringT":{}},"conceptId":"concept_p5Ygd6_solution"}},{"AddField":{"parentId":"shape_uXUfoAQDeK","id":"shape_7FEMRBudR6","conceptId":"concept_p5Ygd6_solution"}},{"SetFieldName":{"id":"shape_7FEMRBudR6","newName":"shipments","conceptId":"concept_p5Ygd6_solution"}},{"AssignType":{"id":"shape_7FEMRBudR6","to":{"ListT":{}},"conceptId":"concept_p5Ygd6_solution"}},{"AddTypeParameter":{"parentId":"shape_7FEMRBudR6","id":"shape_YDhuukvwoV","conceptId":"concept_p5Ygd6_solution"}},{"AssignType":{"id":"shape_YDhuukvwoV","to":{"StringT":{}},"conceptId":"concept_p5Ygd6_solution"}},{"AddField":{"parentId":"shape_3muGozRKUO","id":"shape_pxrqUZqLZK","conceptId":"concept_p5Ygd6_solution"}},{"SetFieldName":{"id":"shape_pxrqUZqLZK","newName":"waiting_time","conceptId":"concept_p5Ygd6_solution"}},{"AssignType":{"id":"shape_pxrqUZqLZK","to":{"IntegerT":{}},"conceptId":"concept_p5Ygd6_solution"}},{"AddField":{"parentId":"shape_3muGozRKUO","id":"shape_fUHIfLzApR","conceptId":"concept_p5Ygd6_solution"}},{"SetFieldName":{"id":"shape_fUHIfLzApR","newName":"no_vehicles","conceptId":"concept_p5Ygd6_solution"}},{"AssignType":{"id":"shape_fUHIfLzApR","to":{"IntegerT":{}},"conceptId":"concept_p5Ygd6_solution"}},{"AddField":{"parentId":"shape_3muGozRKUO","id":"shape_fmXIKfIQVw","conceptId":"concept_p5Ygd6_solution"}},{"SetFieldName":{"id":"shape_fmXIKfIQVw","newName":"time","conceptId":"concept_p5Ygd6_solution"}},{"AssignType":{"id":"shape_fmXIKfIQVw","to":{"IntegerT":{}},"conceptId":"concept_p5Ygd6_solution"}},{"AddField":{"parentId":"shape_3muGozRKUO","id":"shape_1XfOH0CnUf","conceptId":"concept_p5Ygd6_solution"}},{"SetFieldName":{"id":"shape_1XfOH0CnUf","newName":"transport_time","conceptId":"concept_p5Ygd6_solution"}},{"AssignType":{"id":"shape_1XfOH0CnUf","to":{"IntegerT":{}},"conceptId":"concept_p5Ygd6_solution"}},{"AddField":{"parentId":"shape_3muGozRKUO","id":"shape_6RzXfi3oRD","conceptId":"concept_p5Ygd6_solution"}},{"SetFieldName":{"id":"shape_6RzXfi3oRD","newName":"distance","conceptId":"concept_p5Ygd6_solution"}},{"AssignType":{"id":"shape_6RzXfi3oRD","to":{"IntegerT":{}},"conceptId":"concept_p5Ygd6_solution"}},{"AddField":{"parentId":"shape_3muGozRKUO","id":"shape_NVOMEj89BF","conceptId":"concept_p5Ygd6_solution"}},{"SetFieldName":{"id":"shape_NVOMEj89BF","newName":"costs","conceptId":"concept_p5Ygd6_solution"}},{"AssignType":{"id":"shape_NVOMEj89BF","to":{"IntegerT":{}},"conceptId":"concept_p5Ygd6_solution"}},{"AssignType":{"id":"shape_RH91b1aVOm","to":{"ObjectT":{}},"conceptId":"concept_CvttP1_costmatrix"}},{"AddField":{"parentId":"shape_RH91b1aVOm","id":"shape_RGHdpXGlCh","conceptId":"concept_CvttP1_costmatrix"}},{"SetFieldName":{"id":"shape_RGHdpXGlCh","newName":"profile","conceptId":"concept_CvttP1_costmatrix"}},{"AssignType":{"id":"shape_RGHdpXGlCh","to":{"StringT":{}},"conceptId":"concept_CvttP1_costmatrix"}},{"AddField":{"parentId":"shape_RH91b1aVOm","id":"shape_P6uKomfC3F","conceptId":"concept_CvttP1_costmatrix"}},{"SetFieldName":{"id":"shape_P6uKomfC3F","newName":"type","conceptId":"concept_CvttP1_costmatrix"}},{"AssignType":{"id":"shape_P6uKomfC3F","to":{"StringT":{}},"conceptId":"concept_CvttP1_costmatrix"}},{"AddField":{"parentId":"shape_RH91b1aVOm","id":"shape_MLIgpPlJgX","conceptId":"concept_CvttP1_costmatrix"}},{"SetFieldName":{"id":"shape_MLIgpPlJgX","newName":"url","conceptId":"concept_CvttP1_costmatrix"}},{"AssignType":{"id":"shape_MLIgpPlJgX","to":{"StringT":{}},"conceptId":"concept_CvttP1_costmatrix"}},{"AssignType":{"id":"shape_e5Bq7Rm7Sd","to":{"ObjectT":{}},"conceptId":"concept_Chop12_vehicle"}},{"AddField":{"parentId":"shape_e5Bq7Rm7Sd","id":"shape_M6ZVvKB9iZ","conceptId":"concept_Chop12_vehicle"}},{"SetFieldName":{"id":"shape_M6ZVvKB9iZ","newName":"break","conceptId":"concept_Chop12_vehicle"}},{"AssignType":{"id":"shape_M6ZVvKB9iZ","to":{"RefT":{"conceptId":"concept_TVB0tZ_break"}},"conceptId":"concept_Chop12_vehicle"}},{"AddField":{"parentId":"shape_e5Bq7Rm7Sd","id":"shape_Mxg8kj5KHH","conceptId":"concept_Chop12_vehicle"}},{"SetFieldName":{"id":"shape_Mxg8kj5KHH","newName":"earliest_start","conceptId":"concept_Chop12_vehicle"}},{"AssignType":{"id":"shape_Mxg8kj5KHH","to":{"IntegerT":{}},"conceptId":"concept_Chop12_vehicle"}},{"AddField":{"parentId":"shape_e5Bq7Rm7Sd","id":"shape_1fxoAdEXgo","conceptId":"concept_Chop12_vehicle"}},{"SetFieldName":{"id":"shape_1fxoAdEXgo","newName":"start_address","conceptId":"concept_Chop12_vehicle"}},{"AssignType":{"id":"shape_1fxoAdEXgo","to":{"RefT":{"conceptId":"concept_ZBQj73_address"}},"conceptId":"concept_Chop12_vehicle"}},{"AddField":{"parentId":"shape_e5Bq7Rm7Sd","id":"shape_t5HmurHumB","conceptId":"concept_Chop12_vehicle"}},{"SetFieldName":{"id":"shape_t5HmurHumB","newName":"return_to_depot","conceptId":"concept_Chop12_vehicle"}},{"AssignType":{"id":"shape_t5HmurHumB","to":{"BooleanT":{}},"conceptId":"concept_Chop12_vehicle"}},{"AddField":{"parentId":"shape_e5Bq7Rm7Sd","id":"shape_uk2XXwGRGe","conceptId":"concept_Chop12_vehicle"}},{"SetFieldName":{"id":"shape_uk2XXwGRGe","newName":"vehicle_id","conceptId":"concept_Chop12_vehicle"}},{"AssignType":{"id":"shape_uk2XXwGRGe","to":{"StringT":{}},"conceptId":"concept_Chop12_vehicle"}},{"AddField":{"parentId":"shape_e5Bq7Rm7Sd","id":"shape_302R4Af67D","conceptId":"concept_Chop12_vehicle"}},{"SetFieldName":{"id":"shape_302R4Af67D","newName":"type_id","conceptId":"concept_Chop12_vehicle"}},{"AssignType":{"id":"shape_302R4Af67D","to":{"StringT":{}},"conceptId":"concept_Chop12_vehicle"}},{"AddField":{"parentId":"shape_e5Bq7Rm7Sd","id":"shape_DQ365fibox","conceptId":"concept_Chop12_vehicle"}},{"SetFieldName":{"id":"shape_DQ365fibox","newName":"skills","conceptId":"concept_Chop12_vehicle"}},{"AssignType":{"id":"shape_DQ365fibox","to":{"ListT":{}},"conceptId":"concept_Chop12_vehicle"}},{"AddTypeParameter":{"parentId":"shape_DQ365fibox","id":"shape_zJgFLJ271A","conceptId":"concept_Chop12_vehicle"}},{"AssignType":{"id":"shape_zJgFLJ271A","to":{"StringT":{}},"conceptId":"concept_Chop12_vehicle"}},{"AddField":{"parentId":"shape_e5Bq7Rm7Sd","id":"shape_ob7AOCUtpx","conceptId":"concept_Chop12_vehicle"}},{"SetFieldName":{"id":"shape_ob7AOCUtpx","newName":"latest_end","conceptId":"concept_Chop12_vehicle"}},{"AssignType":{"id":"shape_ob7AOCUtpx","to":{"IntegerT":{}},"conceptId":"concept_Chop12_vehicle"}},{"AddField":{"parentId":"shape_e5Bq7Rm7Sd","id":"shape_yOHnYTnlxr","conceptId":"concept_Chop12_vehicle"}},{"SetFieldName":{"id":"shape_yOHnYTnlxr","newName":"end_address","conceptId":"concept_Chop12_vehicle"}},{"AssignType":{"id":"shape_yOHnYTnlxr","to":{"RefT":{"conceptId":"concept_ZBQj73_address"}},"conceptId":"concept_Chop12_vehicle"}},{"AssignType":{"id":"shape_dmXBB14FU6","to":{"ObjectT":{}},"conceptId":"concept_ZBQj73_address"}},{"AddField":{"parentId":"shape_dmXBB14FU6","id":"shape_Ecgygvit8e","conceptId":"concept_ZBQj73_address"}},{"SetFieldName":{"id":"shape_Ecgygvit8e","newName":"lat","conceptId":"concept_ZBQj73_address"}},{"AssignType":{"id":"shape_Ecgygvit8e","to":{"NumberT":{}},"conceptId":"concept_ZBQj73_address"}},{"AddField":{"parentId":"shape_dmXBB14FU6","id":"shape_jNDTvxfJ8h","conceptId":"concept_ZBQj73_address"}},{"SetFieldName":{"id":"shape_jNDTvxfJ8h","newName":"location_id","conceptId":"concept_ZBQj73_address"}},{"AssignType":{"id":"shape_jNDTvxfJ8h","to":{"StringT":{}},"conceptId":"concept_ZBQj73_address"}},{"AddField":{"parentId":"shape_dmXBB14FU6","id":"shape_9KG81QwJkY","conceptId":"concept_ZBQj73_address"}},{"SetFieldName":{"id":"shape_9KG81QwJkY","newName":"lon","conceptId":"concept_ZBQj73_address"}},{"AssignType":{"id":"shape_9KG81QwJkY","to":{"NumberT":{}},"conceptId":"concept_ZBQj73_address"}},{"AssignType":{"id":"shape_r503lK5Xr8","to":{"ObjectT":{}},"conceptId":"concept_7OjwWu_jobid"}},{"AddField":{"parentId":"shape_r503lK5Xr8","id":"shape_0NONMw7Wcr","conceptId":"concept_7OjwWu_jobid"}},{"SetFieldName":{"id":"shape_0NONMw7Wcr","newName":"job_id","conceptId":"concept_7OjwWu_jobid"}},{"AssignType":{"id":"shape_0NONMw7Wcr","to":{"StringT":{}},"conceptId":"concept_7OjwWu_jobid"}},{"AssignType":{"id":"shape_GakCLlkG7s","to":{"ObjectT":{}},"conceptId":"concept_wKjwUo_route"}},{"AddField":{"parentId":"shape_GakCLlkG7s","id":"shape_LQsTmDOBwk","conceptId":"concept_wKjwUo_route"}},{"SetFieldName":{"id":"shape_LQsTmDOBwk","newName":"activities","conceptId":"concept_wKjwUo_route"}},{"AssignType":{"id":"shape_LQsTmDOBwk","to":{"ListT":{}},"conceptId":"concept_wKjwUo_route"}},{"AddTypeParameter":{"parentId":"shape_LQsTmDOBwk","id":"shape_lQXfiCvrid","conceptId":"concept_wKjwUo_route"}},{"AssignType":{"id":"shape_lQXfiCvrid","to":{"RefT":{"conceptId":"concept_McaJEa_activity"}},"conceptId":"concept_wKjwUo_route"}},{"AddField":{"parentId":"shape_GakCLlkG7s","id":"shape_C1Wlhv6rmS","conceptId":"concept_wKjwUo_route"}},{"SetFieldName":{"id":"shape_C1Wlhv6rmS","newName":"waiting_time","conceptId":"concept_wKjwUo_route"}},{"AssignType":{"id":"shape_C1Wlhv6rmS","to":{"IntegerT":{}},"conceptId":"concept_wKjwUo_route"}},{"AddField":{"parentId":"shape_GakCLlkG7s","id":"shape_gFVXLQUOju","conceptId":"concept_wKjwUo_route"}},{"SetFieldName":{"id":"shape_gFVXLQUOju","newName":"completion_time","conceptId":"concept_wKjwUo_route"}},{"AssignType":{"id":"shape_gFVXLQUOju","to":{"IntegerT":{}},"conceptId":"concept_wKjwUo_route"}},{"AddField":{"parentId":"shape_GakCLlkG7s","id":"shape_YUTSw8g9dd","conceptId":"concept_wKjwUo_route"}},{"SetFieldName":{"id":"shape_YUTSw8g9dd","newName":"vehicle_id","conceptId":"concept_wKjwUo_route"}},{"AssignType":{"id":"shape_YUTSw8g9dd","to":{"StringT":{}},"conceptId":"concept_wKjwUo_route"}},{"AddField":{"parentId":"shape_GakCLlkG7s","id":"shape_kEy6gzn7No","conceptId":"concept_wKjwUo_route"}},{"SetFieldName":{"id":"shape_kEy6gzn7No","newName":"transport_time","conceptId":"concept_wKjwUo_route"}},{"AssignType":{"id":"shape_kEy6gzn7No","to":{"IntegerT":{}},"conceptId":"concept_wKjwUo_route"}},{"AddField":{"parentId":"shape_GakCLlkG7s","id":"shape_N3hoYEJ5ZP","conceptId":"concept_wKjwUo_route"}},{"SetFieldName":{"id":"shape_N3hoYEJ5ZP","newName":"distance","conceptId":"concept_wKjwUo_route"}},{"AssignType":{"id":"shape_N3hoYEJ5ZP","to":{"IntegerT":{}},"conceptId":"concept_wKjwUo_route"}},{"AssignType":{"id":"shape_UUCQ5QPzTi","to":{"ObjectT":{}},"conceptId":"concept_6X26yB_relation"}},{"AddField":{"parentId":"shape_UUCQ5QPzTi","id":"shape_TKwFz9q41z","conceptId":"concept_6X26yB_relation"}},{"SetFieldName":{"id":"shape_TKwFz9q41z","newName":"ids","conceptId":"concept_6X26yB_relation"}},{"AssignType":{"id":"shape_TKwFz9q41z","to":{"ListT":{}},"conceptId":"concept_6X26yB_relation"}},{"AddTypeParameter":{"parentId":"shape_TKwFz9q41z","id":"shape_7AUMELFQcA","conceptId":"concept_6X26yB_relation"}},{"AssignType":{"id":"shape_7AUMELFQcA","to":{"StringT":{}},"conceptId":"concept_6X26yB_relation"}},{"AddField":{"parentId":"shape_UUCQ5QPzTi","id":"shape_s7r9K5TDGD","conceptId":"concept_6X26yB_relation"}},{"SetFieldName":{"id":"shape_s7r9K5TDGD","newName":"type","conceptId":"concept_6X26yB_relation"}},{"AssignType":{"id":"shape_s7r9K5TDGD","to":{"StringT":{}},"conceptId":"concept_6X26yB_relation"}},{"AddField":{"parentId":"shape_UUCQ5QPzTi","id":"shape_Wsez9AjiEq","conceptId":"concept_6X26yB_relation"}},{"SetFieldName":{"id":"shape_Wsez9AjiEq","newName":"vehicle_id","conceptId":"concept_6X26yB_relation"}},{"AssignType":{"id":"shape_Wsez9AjiEq","to":{"StringT":{}},"conceptId":"concept_6X26yB_relation"}},{"AssignType":{"id":"shape_Ib581x7DpN","to":{"ObjectT":{}},"conceptId":"concept_bv7sLb_shipment"}},{"AddField":{"parentId":"shape_Ib581x7DpN","id":"shape_FGx3MzyjDA","conceptId":"concept_bv7sLb_shipment"}},{"SetFieldName":{"id":"shape_FGx3MzyjDA","newName":"name","conceptId":"concept_bv7sLb_shipment"}},{"AssignType":{"id":"shape_FGx3MzyjDA","to":{"StringT":{}},"conceptId":"concept_bv7sLb_shipment"}},{"AddField":{"parentId":"shape_Ib581x7DpN","id":"shape_hf4d9qft7q","conceptId":"concept_bv7sLb_shipment"}},{"SetFieldName":{"id":"shape_hf4d9qft7q","newName":"priority","conceptId":"concept_bv7sLb_shipment"}},{"AssignType":{"id":"shape_hf4d9qft7q","to":{"IntegerT":{}},"conceptId":"concept_bv7sLb_shipment"}},{"AddField":{"parentId":"shape_Ib581x7DpN","id":"shape_C4Mv2j9svN","conceptId":"concept_bv7sLb_shipment"}},{"SetFieldName":{"id":"shape_C4Mv2j9svN","newName":"size","conceptId":"concept_bv7sLb_shipment"}},{"AssignType":{"id":"shape_C4Mv2j9svN","to":{"ListT":{}},"conceptId":"concept_bv7sLb_shipment"}},{"AddTypeParameter":{"parentId":"shape_C4Mv2j9svN","id":"shape_dwljjuITh8","conceptId":"concept_bv7sLb_shipment"}},{"AssignType":{"id":"shape_dwljjuITh8","to":{"IntegerT":{}},"conceptId":"concept_bv7sLb_shipment"}},{"AddField":{"parentId":"shape_Ib581x7DpN","id":"shape_0Rje5qGxli","conceptId":"concept_bv7sLb_shipment"}},{"SetFieldName":{"id":"shape_0Rje5qGxli","newName":"required_skills","conceptId":"concept_bv7sLb_shipment"}},{"AssignType":{"id":"shape_0Rje5qGxli","to":{"ListT":{}},"conceptId":"concept_bv7sLb_shipment"}},{"AddTypeParameter":{"parentId":"shape_0Rje5qGxli","id":"shape_66ZvOb5P9d","conceptId":"concept_bv7sLb_shipment"}},{"AssignType":{"id":"shape_66ZvOb5P9d","to":{"StringT":{}},"conceptId":"concept_bv7sLb_shipment"}},{"AddField":{"parentId":"shape_Ib581x7DpN","id":"shape_N2okYgq4mj","conceptId":"concept_bv7sLb_shipment"}},{"SetFieldName":{"id":"shape_N2okYgq4mj","newName":"allowed_vehicles","conceptId":"concept_bv7sLb_shipment"}},{"AssignType":{"id":"shape_N2okYgq4mj","to":{"ListT":{}},"conceptId":"concept_bv7sLb_shipment"}},{"AddTypeParameter":{"parentId":"shape_N2okYgq4mj","id":"shape_s44cZqPGft","conceptId":"concept_bv7sLb_shipment"}},{"AssignType":{"id":"shape_s44cZqPGft","to":{"StringT":{}},"conceptId":"concept_bv7sLb_shipment"}},{"AddField":{"parentId":"shape_Ib581x7DpN","id":"shape_kOFBKYwHlS","conceptId":"concept_bv7sLb_shipment"}},{"SetFieldName":{"id":"shape_kOFBKYwHlS","newName":"id","conceptId":"concept_bv7sLb_shipment"}},{"AssignType":{"id":"shape_kOFBKYwHlS","to":{"StringT":{}},"conceptId":"concept_bv7sLb_shipment"}},{"AddField":{"parentId":"shape_Ib581x7DpN","id":"shape_rg8WNowWzx","conceptId":"concept_bv7sLb_shipment"}},{"SetFieldName":{"id":"shape_rg8WNowWzx","newName":"pickup","conceptId":"concept_bv7sLb_shipment"}},{"AssignType":{"id":"shape_rg8WNowWzx","to":{"RefT":{"conceptId":"concept_tj0yKy_stop"}},"conceptId":"concept_bv7sLb_shipment"}},{"AddField":{"parentId":"shape_Ib581x7DpN","id":"shape_dAV5QQ24yI","conceptId":"concept_bv7sLb_shipment"}},{"SetFieldName":{"id":"shape_dAV5QQ24yI","newName":"delivery","conceptId":"concept_bv7sLb_shipment"}},{"AssignType":{"id":"shape_dAV5QQ24yI","to":{"RefT":{"conceptId":"concept_tj0yKy_stop"}},"conceptId":"concept_bv7sLb_shipment"}},{"AssignType":{"id":"shape_9vFQRYcNjx","to":{"ObjectT":{}},"conceptId":"concept_McaJEa_activity"}},{"AddField":{"parentId":"shape_9vFQRYcNjx","id":"shape_wpquefrBX8","conceptId":"concept_McaJEa_activity"}},{"SetFieldName":{"id":"shape_wpquefrBX8","newName":"driving_time","conceptId":"concept_McaJEa_activity"}},{"AssignType":{"id":"shape_wpquefrBX8","to":{"IntegerT":{}},"conceptId":"concept_McaJEa_activity"}},{"AddField":{"parentId":"shape_9vFQRYcNjx","id":"shape_06fVTBXwnb","conceptId":"concept_McaJEa_activity"}},{"SetFieldName":{"id":"shape_06fVTBXwnb","newName":"end_time","conceptId":"concept_McaJEa_activity"}},{"AssignType":{"id":"shape_06fVTBXwnb","to":{"IntegerT":{}},"conceptId":"concept_McaJEa_activity"}},{"AddField":{"parentId":"shape_9vFQRYcNjx","id":"shape_0Nk3kB9aSo","conceptId":"concept_McaJEa_activity"}},{"SetFieldName":{"id":"shape_0Nk3kB9aSo","newName":"arr_time","conceptId":"concept_McaJEa_activity"}},{"AssignType":{"id":"shape_0Nk3kB9aSo","to":{"IntegerT":{}},"conceptId":"concept_McaJEa_activity"}},{"AddField":{"parentId":"shape_9vFQRYcNjx","id":"shape_XPW0js0hB2","conceptId":"concept_McaJEa_activity"}},{"SetFieldName":{"id":"shape_XPW0js0hB2","newName":"waiting_time","conceptId":"concept_McaJEa_activity"}},{"AssignType":{"id":"shape_XPW0js0hB2","to":{"IntegerT":{}},"conceptId":"concept_McaJEa_activity"}},{"AddField":{"parentId":"shape_9vFQRYcNjx","id":"shape_iitM3V5K0g","conceptId":"concept_McaJEa_activity"}},{"SetFieldName":{"id":"shape_iitM3V5K0g","newName":"location_id","conceptId":"concept_McaJEa_activity"}},{"AssignType":{"id":"shape_iitM3V5K0g","to":{"StringT":{}},"conceptId":"concept_McaJEa_activity"}},{"AddField":{"parentId":"shape_9vFQRYcNjx","id":"shape_17cUlddttj","conceptId":"concept_McaJEa_activity"}},{"SetFieldName":{"id":"shape_17cUlddttj","newName":"id","conceptId":"concept_McaJEa_activity"}},{"AssignType":{"id":"shape_17cUlddttj","to":{"StringT":{}},"conceptId":"concept_McaJEa_activity"}},{"AddField":{"parentId":"shape_9vFQRYcNjx","id":"shape_aPuZmJmCMJ","conceptId":"concept_McaJEa_activity"}},{"SetFieldName":{"id":"shape_aPuZmJmCMJ","newName":"load_before","conceptId":"concept_McaJEa_activity"}},{"AssignType":{"id":"shape_aPuZmJmCMJ","to":{"ListT":{}},"conceptId":"concept_McaJEa_activity"}},{"AddTypeParameter":{"parentId":"shape_aPuZmJmCMJ","id":"shape_DTClpzRfRw","conceptId":"concept_McaJEa_activity"}},{"AssignType":{"id":"shape_DTClpzRfRw","to":{"IntegerT":{}},"conceptId":"concept_McaJEa_activity"}},{"AddField":{"parentId":"shape_9vFQRYcNjx","id":"shape_FnkD4ikgoP","conceptId":"concept_McaJEa_activity"}},{"SetFieldName":{"id":"shape_FnkD4ikgoP","newName":"type","conceptId":"concept_McaJEa_activity"}},{"AssignType":{"id":"shape_FnkD4ikgoP","to":{"StringT":{}},"conceptId":"concept_McaJEa_activity"}},{"AddField":{"parentId":"shape_9vFQRYcNjx","id":"shape_Fxy2ehFEaf","conceptId":"concept_McaJEa_activity"}},{"SetFieldName":{"id":"shape_Fxy2ehFEaf","newName":"load_after","conceptId":"concept_McaJEa_activity"}},{"AssignType":{"id":"shape_Fxy2ehFEaf","to":{"ListT":{}},"conceptId":"concept_McaJEa_activity"}},{"AddTypeParameter":{"parentId":"shape_Fxy2ehFEaf","id":"shape_i6ZN5qNwb3","conceptId":"concept_McaJEa_activity"}},{"AssignType":{"id":"shape_i6ZN5qNwb3","to":{"IntegerT":{}},"conceptId":"concept_McaJEa_activity"}},{"AddField":{"parentId":"shape_9vFQRYcNjx","id":"shape_luX2t8bSZI","conceptId":"concept_McaJEa_activity"}},{"SetFieldName":{"id":"shape_luX2t8bSZI","newName":"distance","conceptId":"concept_McaJEa_activity"}},{"AssignType":{"id":"shape_luX2t8bSZI","to":{"IntegerT":{}},"conceptId":"concept_McaJEa_activity"}},{"AssignType":{"id":"shape_9ABgpDgk2g","to":{"ObjectT":{}},"conceptId":"concept_9twWFm_service"}},{"AddField":{"parentId":"shape_9ABgpDgk2g","id":"shape_AsIjGPrfjW","conceptId":"concept_9twWFm_service"}},{"SetFieldName":{"id":"shape_AsIjGPrfjW","newName":"duration","conceptId":"concept_9twWFm_service"}},{"AssignType":{"id":"shape_AsIjGPrfjW","to":{"IntegerT":{}},"conceptId":"concept_9twWFm_service"}},{"AddField":{"parentId":"shape_9ABgpDgk2g","id":"shape_x3oip6G1hd","conceptId":"concept_9twWFm_service"}},{"SetFieldName":{"id":"shape_x3oip6G1hd","newName":"name","conceptId":"concept_9twWFm_service"}},{"AssignType":{"id":"shape_x3oip6G1hd","to":{"StringT":{}},"conceptId":"concept_9twWFm_service"}},{"AddField":{"parentId":"shape_9ABgpDgk2g","id":"shape_3kdg5hxfuQ","conceptId":"concept_9twWFm_service"}},{"SetFieldName":{"id":"shape_3kdg5hxfuQ","newName":"priority","conceptId":"concept_9twWFm_service"}},{"AssignType":{"id":"shape_3kdg5hxfuQ","to":{"IntegerT":{}},"conceptId":"concept_9twWFm_service"}},{"AddField":{"parentId":"shape_9ABgpDgk2g","id":"shape_bcUkDcNzvK","conceptId":"concept_9twWFm_service"}},{"SetFieldName":{"id":"shape_bcUkDcNzvK","newName":"size","conceptId":"concept_9twWFm_service"}},{"AssignType":{"id":"shape_bcUkDcNzvK","to":{"ListT":{}},"conceptId":"concept_9twWFm_service"}},{"AddTypeParameter":{"parentId":"shape_bcUkDcNzvK","id":"shape_7r820rNdaG","conceptId":"concept_9twWFm_service"}},{"AssignType":{"id":"shape_7r820rNdaG","to":{"IntegerT":{}},"conceptId":"concept_9twWFm_service"}},{"AddField":{"parentId":"shape_9ABgpDgk2g","id":"shape_9vlcgusnXt","conceptId":"concept_9twWFm_service"}},{"SetFieldName":{"id":"shape_9vlcgusnXt","newName":"required_skills","conceptId":"concept_9twWFm_service"}},{"AssignType":{"id":"shape_9vlcgusnXt","to":{"ListT":{}},"conceptId":"concept_9twWFm_service"}},{"AddTypeParameter":{"parentId":"shape_9vlcgusnXt","id":"shape_usLofajQOw","conceptId":"concept_9twWFm_service"}},{"AssignType":{"id":"shape_usLofajQOw","to":{"StringT":{}},"conceptId":"concept_9twWFm_service"}},{"AddField":{"parentId":"shape_9ABgpDgk2g","id":"shape_s0CFYo7nhQ","conceptId":"concept_9twWFm_service"}},{"SetFieldName":{"id":"shape_s0CFYo7nhQ","newName":"allowed_vehicles","conceptId":"concept_9twWFm_service"}},{"AssignType":{"id":"shape_s0CFYo7nhQ","to":{"ListT":{}},"conceptId":"concept_9twWFm_service"}},{"AddTypeParameter":{"parentId":"shape_s0CFYo7nhQ","id":"shape_t91Uwa2Man","conceptId":"concept_9twWFm_service"}},{"AssignType":{"id":"shape_t91Uwa2Man","to":{"StringT":{}},"conceptId":"concept_9twWFm_service"}},{"AddField":{"parentId":"shape_9ABgpDgk2g","id":"shape_4Uq6ckqNXC","conceptId":"concept_9twWFm_service"}},{"SetFieldName":{"id":"shape_4Uq6ckqNXC","newName":"time_windows","conceptId":"concept_9twWFm_service"}},{"AssignType":{"id":"shape_4Uq6ckqNXC","to":{"ListT":{}},"conceptId":"concept_9twWFm_service"}},{"AddTypeParameter":{"parentId":"shape_4Uq6ckqNXC","id":"shape_jHiWozTOFG","conceptId":"concept_9twWFm_service"}},{"AssignType":{"id":"shape_jHiWozTOFG","to":{"RefT":{"conceptId":"concept_jc2iwX_timewindow"}},"conceptId":"concept_9twWFm_service"}},{"AddField":{"parentId":"shape_9ABgpDgk2g","id":"shape_S3F4bwV9Vj","conceptId":"concept_9twWFm_service"}},{"SetFieldName":{"id":"shape_S3F4bwV9Vj","newName":"id","conceptId":"concept_9twWFm_service"}},{"AssignType":{"id":"shape_S3F4bwV9Vj","to":{"StringT":{}},"conceptId":"concept_9twWFm_service"}},{"AddField":{"parentId":"shape_9ABgpDgk2g","id":"shape_fWPJKIVEbV","conceptId":"concept_9twWFm_service"}},{"SetFieldName":{"id":"shape_fWPJKIVEbV","newName":"address","conceptId":"concept_9twWFm_service"}},{"AssignType":{"id":"shape_fWPJKIVEbV","to":{"RefT":{"conceptId":"concept_ZBQj73_address"}},"conceptId":"concept_9twWFm_service"}},{"AddField":{"parentId":"shape_9ABgpDgk2g","id":"shape_6yGQb5A6Eg","conceptId":"concept_9twWFm_service"}},{"SetFieldName":{"id":"shape_6yGQb5A6Eg","newName":"type","conceptId":"concept_9twWFm_service"}},{"AssignType":{"id":"shape_6yGQb5A6Eg","to":{"StringT":{}},"conceptId":"concept_9twWFm_service"}},{"AssignType":{"id":"shape_6q8oQtlK37","to":{"ObjectT":{}},"conceptId":"concept_TVB0tZ_break"}},{"AddField":{"parentId":"shape_6q8oQtlK37","id":"shape_S6lAYzUZJU","conceptId":"concept_TVB0tZ_break"}},{"SetFieldName":{"id":"shape_S6lAYzUZJU","newName":"duration","conceptId":"concept_TVB0tZ_break"}},{"AssignType":{"id":"shape_S6lAYzUZJU","to":{"IntegerT":{}},"conceptId":"concept_TVB0tZ_break"}},{"AddField":{"parentId":"shape_6q8oQtlK37","id":"shape_zdek9iDe5d","conceptId":"concept_TVB0tZ_break"}},{"SetFieldName":{"id":"shape_zdek9iDe5d","newName":"possible_split","conceptId":"concept_TVB0tZ_break"}},{"AssignType":{"id":"shape_zdek9iDe5d","to":{"ListT":{}},"conceptId":"concept_TVB0tZ_break"}},{"AddTypeParameter":{"parentId":"shape_zdek9iDe5d","id":"shape_Ta0KzVgSop","conceptId":"concept_TVB0tZ_break"}},{"AssignType":{"id":"shape_Ta0KzVgSop","to":{"IntegerT":{}},"conceptId":"concept_TVB0tZ_break"}},{"AddField":{"parentId":"shape_6q8oQtlK37","id":"shape_x1sjjRZFuU","conceptId":"concept_TVB0tZ_break"}},{"SetFieldName":{"id":"shape_x1sjjRZFuU","newName":"max_driving_time","conceptId":"concept_TVB0tZ_break"}},{"AssignType":{"id":"shape_x1sjjRZFuU","to":{"IntegerT":{}},"conceptId":"concept_TVB0tZ_break"}},{"AddField":{"parentId":"shape_6q8oQtlK37","id":"shape_kyJxoBWQqB","conceptId":"concept_TVB0tZ_break"}},{"SetFieldName":{"id":"shape_kyJxoBWQqB","newName":"earliest","conceptId":"concept_TVB0tZ_break"}},{"AssignType":{"id":"shape_kyJxoBWQqB","to":{"IntegerT":{}},"conceptId":"concept_TVB0tZ_break"}},{"AddField":{"parentId":"shape_6q8oQtlK37","id":"shape_uNDZGOWkSS","conceptId":"concept_TVB0tZ_break"}},{"SetFieldName":{"id":"shape_uNDZGOWkSS","newName":"latest","conceptId":"concept_TVB0tZ_break"}},{"AssignType":{"id":"shape_uNDZGOWkSS","to":{"IntegerT":{}},"conceptId":"concept_TVB0tZ_break"}},{"AddField":{"parentId":"shape_6q8oQtlK37","id":"shape_zzOn4zQfdu","conceptId":"concept_TVB0tZ_break"}},{"SetFieldName":{"id":"shape_zzOn4zQfdu","newName":"initial_driving_time","conceptId":"concept_TVB0tZ_break"}},{"AssignType":{"id":"shape_zzOn4zQfdu","to":{"IntegerT":{}},"conceptId":"concept_TVB0tZ_break"}},{"AssignType":{"id":"shape_AM6KrpBcNV","to":{"ObjectT":{}},"conceptId":"concept_kZlm0H_response"}},{"AddField":{"parentId":"shape_AM6KrpBcNV","id":"shape_OeWhHaJQYr","conceptId":"concept_kZlm0H_response"}},{"SetFieldName":{"id":"shape_OeWhHaJQYr","newName":"copyrights","conceptId":"concept_kZlm0H_response"}},{"AssignType":{"id":"shape_OeWhHaJQYr","to":{"ListT":{}},"conceptId":"concept_kZlm0H_response"}},{"AddTypeParameter":{"parentId":"shape_OeWhHaJQYr","id":"shape_TsSxTXIbVI","conceptId":"concept_kZlm0H_response"}},{"AssignType":{"id":"shape_TsSxTXIbVI","to":{"StringT":{}},"conceptId":"concept_kZlm0H_response"}},{"AddField":{"parentId":"shape_AM6KrpBcNV","id":"shape_LUSSsAcX0O","conceptId":"concept_kZlm0H_response"}},{"SetFieldName":{"id":"shape_LUSSsAcX0O","newName":"job_id","conceptId":"concept_kZlm0H_response"}},{"AssignType":{"id":"shape_LUSSsAcX0O","to":{"StringT":{}},"conceptId":"concept_kZlm0H_response"}},{"AddField":{"parentId":"shape_AM6KrpBcNV","id":"shape_jmVb3lif7l","conceptId":"concept_kZlm0H_response"}},{"SetFieldName":{"id":"shape_jmVb3lif7l","newName":"solution","conceptId":"concept_kZlm0H_response"}},{"AssignType":{"id":"shape_jmVb3lif7l","to":{"RefT":{"conceptId":"concept_p5Ygd6_solution"}},"conceptId":"concept_kZlm0H_response"}},{"AddField":{"parentId":"shape_AM6KrpBcNV","id":"shape_mJ5ezDvIH8","conceptId":"concept_kZlm0H_response"}},{"SetFieldName":{"id":"shape_mJ5ezDvIH8","newName":"processing_time","conceptId":"concept_kZlm0H_response"}},{"AssignType":{"id":"shape_mJ5ezDvIH8","to":{"IntegerT":{}},"conceptId":"concept_kZlm0H_response"}},{"AddField":{"parentId":"shape_AM6KrpBcNV","id":"shape_tmnkNO5M8Y","conceptId":"concept_kZlm0H_response"}},{"SetFieldName":{"id":"shape_tmnkNO5M8Y","newName":"status","conceptId":"concept_kZlm0H_response"}},{"AssignType":{"id":"shape_tmnkNO5M8Y","to":{"StringT":{}},"conceptId":"concept_kZlm0H_response"}},{"AddField":{"parentId":"shape_AM6KrpBcNV","id":"shape_mjYhkcturn","conceptId":"concept_kZlm0H_response"}},{"SetFieldName":{"id":"shape_mjYhkcturn","newName":"waiting_in_queue","conceptId":"concept_kZlm0H_response"}},{"AssignType":{"id":"shape_mjYhkcturn","to":{"IntegerT":{}},"conceptId":"concept_kZlm0H_response"}},{"AssignType":{"id":"shape_ayjxPnmLb2","to":{"ObjectT":{}},"conceptId":"concept_jc2iwX_timewindow"}},{"AddField":{"parentId":"shape_ayjxPnmLb2","id":"shape_oEOOVhJ8Xd","conceptId":"concept_jc2iwX_timewindow"}},{"SetFieldName":{"id":"shape_oEOOVhJ8Xd","newName":"earliest","conceptId":"concept_jc2iwX_timewindow"}},{"AssignType":{"id":"shape_oEOOVhJ8Xd","to":{"IntegerT":{}},"conceptId":"concept_jc2iwX_timewindow"}},{"AddField":{"parentId":"shape_ayjxPnmLb2","id":"shape_pDBeIjgz0P","conceptId":"concept_jc2iwX_timewindow"}},{"SetFieldName":{"id":"shape_pDBeIjgz0P","newName":"latest","conceptId":"concept_jc2iwX_timewindow"}},{"AssignType":{"id":"shape_pDBeIjgz0P","to":{"IntegerT":{}},"conceptId":"concept_jc2iwX_timewindow"}},{"AssignType":{"id":"shape_nxX8ywP01Q","to":{"ObjectT":{}},"conceptId":"concept_cjxu87_objective"}},{"AddField":{"parentId":"shape_nxX8ywP01Q","id":"shape_VQ4ZH6XzPW","conceptId":"concept_cjxu87_objective"}},{"SetFieldName":{"id":"shape_VQ4ZH6XzPW","newName":"type","conceptId":"concept_cjxu87_objective"}},{"AssignType":{"id":"shape_VQ4ZH6XzPW","to":{"StringT":{}},"conceptId":"concept_cjxu87_objective"}},{"AddField":{"parentId":"shape_nxX8ywP01Q","id":"shape_L398hSd8Ku","conceptId":"concept_cjxu87_objective"}},{"SetFieldName":{"id":"shape_L398hSd8Ku","newName":"value","conceptId":"concept_cjxu87_objective"}},{"AssignType":{"id":"shape_L398hSd8Ku","to":{"StringT":{}},"conceptId":"concept_cjxu87_objective"}},{"AssignType":{"id":"shape_lIntKZIQDL","to":{"ObjectT":{}},"conceptId":"concept_kp4mMl_algorithm"}},{"AddField":{"parentId":"shape_lIntKZIQDL","id":"shape_TRo2qIxNZ5","conceptId":"concept_kp4mMl_algorithm"}},{"SetFieldName":{"id":"shape_TRo2qIxNZ5","newName":"objective","conceptId":"concept_kp4mMl_algorithm"}},{"AssignType":{"id":"shape_TRo2qIxNZ5","to":{"StringT":{}},"conceptId":"concept_kp4mMl_algorithm"}},{"AddField":{"parentId":"shape_lIntKZIQDL","id":"shape_f09tg76Cm1","conceptId":"concept_kp4mMl_algorithm"}},{"SetFieldName":{"id":"shape_f09tg76Cm1","newName":"problem_type","conceptId":"concept_kp4mMl_algorithm"}},{"AssignType":{"id":"shape_f09tg76Cm1","to":{"StringT":{}},"conceptId":"concept_kp4mMl_algorithm"}},{"AssignType":{"id":"shape_xJbBZLuMmI","to":{"ObjectT":{}},"conceptId":"concept_tj0yKy_stop"}},{"AddField":{"parentId":"shape_xJbBZLuMmI","id":"shape_EsoAI3R3Nq","conceptId":"concept_tj0yKy_stop"}},{"SetFieldName":{"id":"shape_EsoAI3R3Nq","newName":"address","conceptId":"concept_tj0yKy_stop"}},{"AssignType":{"id":"shape_EsoAI3R3Nq","to":{"RefT":{"conceptId":"concept_ZBQj73_address"}},"conceptId":"concept_tj0yKy_stop"}},{"AddField":{"parentId":"shape_xJbBZLuMmI","id":"shape_K6yks6mYXj","conceptId":"concept_tj0yKy_stop"}},{"SetFieldName":{"id":"shape_K6yks6mYXj","newName":"duration","conceptId":"concept_tj0yKy_stop"}},{"AssignType":{"id":"shape_K6yks6mYXj","to":{"IntegerT":{}},"conceptId":"concept_tj0yKy_stop"}},{"AddField":{"parentId":"shape_xJbBZLuMmI","id":"shape_KxupZfV4EI","conceptId":"concept_tj0yKy_stop"}},{"SetFieldName":{"id":"shape_KxupZfV4EI","newName":"time_windows","conceptId":"concept_tj0yKy_stop"}},{"AssignType":{"id":"shape_KxupZfV4EI","to":{"ListT":{}},"conceptId":"concept_tj0yKy_stop"}},{"AddTypeParameter":{"parentId":"shape_KxupZfV4EI","id":"shape_VYB9kZyvIO","conceptId":"concept_tj0yKy_stop"}},{"AssignType":{"id":"shape_VYB9kZyvIO","to":{"RefT":{"conceptId":"concept_jc2iwX_timewindow"}},"conceptId":"concept_tj0yKy_stop"}},{"AssignType":{"id":"shape_MULD4NTi2k","to":{"ObjectT":{}},"conceptId":"concept_VKAxKq_vehicletype"}},{"AddField":{"parentId":"shape_MULD4NTi2k","id":"shape_CtO0ybHN6t","conceptId":"concept_VKAxKq_vehicletype"}},{"SetFieldName":{"id":"shape_CtO0ybHN6t","newName":"profile","conceptId":"concept_VKAxKq_vehicletype"}},{"AssignType":{"id":"shape_CtO0ybHN6t","to":{"StringT":{}},"conceptId":"concept_VKAxKq_vehicletype"}},{"AddField":{"parentId":"shape_MULD4NTi2k","id":"shape_mWTDxeyWDu","conceptId":"concept_VKAxKq_vehicletype"}},{"SetFieldName":{"id":"shape_mWTDxeyWDu","newName":"service_time_factor","conceptId":"concept_VKAxKq_vehicletype"}},{"AssignType":{"id":"shape_mWTDxeyWDu","to":{"NumberT":{}},"conceptId":"concept_VKAxKq_vehicletype"}},{"AddField":{"parentId":"shape_MULD4NTi2k","id":"shape_2Ih7pplPwN","conceptId":"concept_VKAxKq_vehicletype"}},{"SetFieldName":{"id":"shape_2Ih7pplPwN","newName":"type_id","conceptId":"concept_VKAxKq_vehicletype"}},{"AssignType":{"id":"shape_2Ih7pplPwN","to":{"StringT":{}},"conceptId":"concept_VKAxKq_vehicletype"}},{"AddField":{"parentId":"shape_MULD4NTi2k","id":"shape_rUT2hBjTji","conceptId":"concept_VKAxKq_vehicletype"}},{"SetFieldName":{"id":"shape_rUT2hBjTji","newName":"speed_factor","conceptId":"concept_VKAxKq_vehicletype"}},{"AssignType":{"id":"shape_rUT2hBjTji","to":{"NumberT":{}},"conceptId":"concept_VKAxKq_vehicletype"}},{"AddField":{"parentId":"shape_MULD4NTi2k","id":"shape_EtITeAWbj6","conceptId":"concept_VKAxKq_vehicletype"}},{"SetFieldName":{"id":"shape_EtITeAWbj6","newName":"capacity","conceptId":"concept_VKAxKq_vehicletype"}},{"AssignType":{"id":"shape_EtITeAWbj6","to":{"ListT":{}},"conceptId":"concept_VKAxKq_vehicletype"}},{"AddTypeParameter":{"parentId":"shape_EtITeAWbj6","id":"shape_xvPuyxBMLP","conceptId":"concept_VKAxKq_vehicletype"}},{"AssignType":{"id":"shape_xvPuyxBMLP","to":{"IntegerT":{}},"conceptId":"concept_VKAxKq_vehicletype"}},{"AddPathComponent":{"pathId":"Hmfc6b_path_0","parentPathId":"root","name":"optimize"}},{"AddPathComponent":{"pathId":"Hmfc6b_path_1","parentPathId":"root","name":"solution"}},{"AddPathParameter":{"pathId":"Hmfc6b_path_2","parentPathId":"Hmfc6b_path_1","name":"jobId"}},{"AddRequest":{"requestId":"path_h9SqYd3ERC}_post","pathId":"Hmfc6b_path_0","httpMethod":"post"}},{"DefineInlineConcept":{"root":"shape_3qYtDN2ZcU","conceptId":"concept_optimize_post_body"}},{"AssignType":{"id":"shape_3qYtDN2ZcU","to":{"RefT":{"conceptId":"concept_znp6eF_request"}},"conceptId":"concept_optimize_post_body"}},{"AddResponse":{"responseId":"response_nYzS98m3Hj","requestId":"path_h9SqYd3ERC}_post","httpStatusCode":200}},{"DefineInlineConcept":{"root":"shape_vmvDXMocof","conceptId":"concept_qkzdmeEpsIY3"}},{"AssignType":{"id":"shape_vmvDXMocof","to":{"RefT":{"conceptId":"concept_7OjwWu_jobid"}},"conceptId":"concept_qkzdmeEpsIY3"}},{"AddResponse":{"responseId":"response_kqK5lZub4z","requestId":"path_h9SqYd3ERC}_post","httpStatusCode":400}},{"AddResponse":{"responseId":"response_Gl4Q8AZMS9","requestId":"path_h9SqYd3ERC}_post","httpStatusCode":500}},{"AddRequest":{"requestId":"path_Evohbcu3xJ}_get","pathId":"Hmfc6b_path_2","httpMethod":"get"}},{"AddResponse":{"responseId":"response_7xsBvm52aI","requestId":"path_Evohbcu3xJ}_get","httpStatusCode":200}},{"DefineInlineConcept":{"root":"shape_IZpCGozK55","conceptId":"concept_DHwjI3WAcF4r"}},{"AssignType":{"id":"shape_IZpCGozK55","to":{"RefT":{"conceptId":"concept_kZlm0H_response"}},"conceptId":"concept_DHwjI3WAcF4r"}},{"AddResponse":{"responseId":"response_7jrQLr7hGa","requestId":"path_Evohbcu3xJ}_get","httpStatusCode":400}},{"AddResponse":{"responseId":"response_W4KQJNv3WH","requestId":"path_Evohbcu3xJ}_get","httpStatusCode":500}},{"SetRequestBodyShape":{"requestId":"path_h9SqYd3ERC}_post","bodyDescriptor":{"httpContentType":"application/json","conceptId":"concept_optimize_post_body"}}},{"SetResponseBodyShape":{"responseId":"response_nYzS98m3Hj","bodyDescriptor":{"httpContentType":"application/json","conceptId":"concept_qkzdmeEpsIY3"}}},{"SetResponseBodyShape":{"responseId":"response_7xsBvm52aI","bodyDescriptor":{"httpContentType":"application/json","conceptId":"concept_DHwjI3WAcF4r"}}}]