[{"DefineConcept":{"name":"Location","root":"shape_vS0FEuyTmb","conceptId":"concept_jUdPM1_location"}},{"SetConceptName":{"newName":"Location","conceptId":"concept_jUdPM1_location"}},{"DefineConcept":{"name":"ISO_3166-1_alpha-2","root":"shape_AVd1sdSqwc","conceptId":"concept_b9oNQY_iso_31661_alpha2"}},{"SetConceptName":{"newName":"ISO_3166-1_alpha-2","conceptId":"concept_b9oNQY_iso_31661_alpha2"}},{"DefineConcept":{"name":"GroupType","root":"shape_OACMjaFEge","conceptId":"concept_sINUoS_grouptype"}},{"SetConceptName":{"newName":"GroupType","conceptId":"concept_sINUoS_grouptype"}},{"DefineConcept":{"name":"Event","root":"shape_omQAS80xH9","conceptId":"concept_LR6uaa_event"}},{"SetConceptName":{"newName":"Event","conceptId":"concept_LR6uaa_event"}},{"DefineConcept":{"name":"URL","root":"shape_MotViMZJ8Z","conceptId":"concept_GaVbW9_url"}},{"SetConceptName":{"newName":"URL","conceptId":"concept_GaVbW9_url"}},{"DefineConcept":{"name":"HeaderError","root":"shape_4AOvjWktGg","conceptId":"concept_iFM4Bg_headererror"}},{"SetConceptName":{"newName":"HeaderError","conceptId":"concept_iFM4Bg_headererror"}},{"DefineConcept":{"name":"UUID","root":"shape_IcLcxrIp0i","conceptId":"concept_EsUC0u_uuid"}},{"SetConceptName":{"newName":"UUID","conceptId":"concept_EsUC0u_uuid"}},{"DefineConcept":{"name":"ResourceType","root":"shape_Xe2dD5m04l","conceptId":"concept_HSIR1F_resourcetype"}},{"SetConceptName":{"newName":"ResourceType","conceptId":"concept_HSIR1F_resourcetype"}},{"DefineConcept":{"name":"HTTP_Code","root":"shape_Uw6lLz4twD","conceptId":"concept_PzR6RJ_http_code"}},{"SetConceptName":{"newName":"HTTP_Code","conceptId":"concept_PzR6RJ_http_code"}},{"DefineConcept":{"name":"HTTP_Status","root":"shape_SDj4XLiaAH","conceptId":"concept_2XGQBd_http_status"}},{"SetConceptName":{"newName":"HTTP_Status","conceptId":"concept_2XGQBd_http_status"}},{"DefineConcept":{"name":"Coordinates","root":"shape_KpHiSBHpSr","conceptId":"concept_4NLJyN_coordinates"}},{"SetConceptName":{"newName":"Coordinates","conceptId":"concept_4NLJyN_coordinates"}},{"DefineConcept":{"name":"Pagination","root":"shape_pwaRJyjGnA","conceptId":"concept_X9dq5l_pagination"}},{"SetConceptName":{"newName":"Pagination","conceptId":"concept_X9dq5l_pagination"}},{"DefineConcept":{"name":"DateTime","root":"shape_07SUvkWQBO","conceptId":"concept_FKS41I_datetime"}},{"SetConceptName":{"newName":"DateTime","conceptId":"concept_FKS41I_datetime"}},{"DefineConcept":{"name":"Volunteer","root":"shape_aXfP09ozOr","conceptId":"concept_TYONjP_volunteer"}},{"SetConceptName":{"newName":"Volunteer","conceptId":"concept_TYONjP_volunteer"}},{"DefineConcept":{"name":"Group","root":"shape_IrKvFB4MyE","conceptId":"concept_rTHCjv_group"}},{"SetConceptName":{"newName":"Group","conceptId":"concept_rTHCjv_group"}},{"DefineConcept":{"name":"HeaderSuccess","root":"shape_zoNNLGo691","conceptId":"concept_TyqrWT_headersuccess"}},{"SetConceptName":{"newName":"HeaderSuccess","conceptId":"concept_TyqrWT_headersuccess"}},{"DefineConcept":{"name":"LocationSimple","root":"shape_UZawspi4Mj","conceptId":"concept_HmpsLf_locationsimple"}},{"SetConceptName":{"newName":"LocationSimple","conceptId":"concept_HmpsLf_locationsimple"}},{"DefineConcept":{"name":"HTML","root":"shape_FlWpuwOK2N","conceptId":"concept_DJ81eE_html"}},{"SetConceptName":{"newName":"HTML","conceptId":"concept_DJ81eE_html"}},{"DefineConcept":{"name":"VolunteerLite","root":"shape_3VRputNQtb","conceptId":"concept_NOcChD_volunteerlite"}},{"SetConceptName":{"newName":"VolunteerLite","conceptId":"concept_NOcChD_volunteerlite"}},{"DefineConcept":{"name":"GroupLite","root":"shape_C2tlxkf3Vq","conceptId":"concept_GVfLUz_grouplite"}},{"SetConceptName":{"newName":"GroupLite","conceptId":"concept_GVfLUz_grouplite"}},{"DefineConcept":{"name":"Serial","root":"shape_nKsyTj9UcN","conceptId":"concept_HX6dHC_serial"}},{"SetConceptName":{"newName":"Serial","conceptId":"concept_HX6dHC_serial"}},{"AssignType":{"id":"shape_vS0FEuyTmb","to":{"ObjectT":{}},"conceptId":"concept_jUdPM1_location"}},{"AddField":{"parentId":"shape_vS0FEuyTmb","id":"shape_3kqYdCXTDg","conceptId":"concept_jUdPM1_location"}},{"SetFieldName":{"id":"shape_3kqYdCXTDg","newName":"coordinates","conceptId":"concept_jUdPM1_location"}},{"AssignType":{"id":"shape_3kqYdCXTDg","to":{"RefT":{"conceptId":"concept_4NLJyN_coordinates"}},"conceptId":"concept_jUdPM1_location"}},{"AddField":{"parentId":"shape_vS0FEuyTmb","id":"shape_tfvBfH1ZSl","conceptId":"concept_jUdPM1_location"}},{"SetFieldName":{"id":"shape_tfvBfH1ZSl","newName":"city","conceptId":"concept_jUdPM1_location"}},{"AssignType":{"id":"shape_tfvBfH1ZSl","to":{"StringT":{}},"conceptId":"concept_jUdPM1_location"}},{"AddField":{"parentId":"shape_vS0FEuyTmb","id":"shape_BczX2cOZLw","conceptId":"concept_jUdPM1_location"}},{"SetFieldName":{"id":"shape_BczX2cOZLw","newName":"state","conceptId":"concept_jUdPM1_location"}},{"AssignType":{"id":"shape_BczX2cOZLw","to":{"StringT":{}},"conceptId":"concept_jUdPM1_location"}},{"AddField":{"parentId":"shape_vS0FEuyTmb","id":"shape_gnhCsLYsZI","conceptId":"concept_jUdPM1_location"}},{"SetFieldName":{"id":"shape_gnhCsLYsZI","newName":"postcode","conceptId":"concept_jUdPM1_location"}},{"AssignType":{"id":"shape_gnhCsLYsZI","to":{"StringT":{}},"conceptId":"concept_jUdPM1_location"}},{"AddField":{"parentId":"shape_vS0FEuyTmb","id":"shape_FG0F8aRk8o","conceptId":"concept_jUdPM1_location"}},{"SetFieldName":{"id":"shape_FG0F8aRk8o","newName":"country","conceptId":"concept_jUdPM1_location"}},{"AssignType":{"id":"shape_FG0F8aRk8o","to":{"StringT":{}},"conceptId":"concept_jUdPM1_location"}},{"AddField":{"parentId":"shape_vS0FEuyTmb","id":"shape_KmgFhyOLkj","conceptId":"concept_jUdPM1_location"}},{"SetFieldName":{"id":"shape_KmgFhyOLkj","newName":"streetname","conceptId":"concept_jUdPM1_location"}},{"AssignType":{"id":"shape_KmgFhyOLkj","to":{"StringT":{}},"conceptId":"concept_jUdPM1_location"}},{"AssignType":{"id":"shape_AVd1sdSqwc","to":{"StringT":{}},"conceptId":"concept_b9oNQY_iso_31661_alpha2"}},{"AssignType":{"id":"shape_OACMjaFEge","to":{"StringT":{}},"conceptId":"concept_sINUoS_grouptype"}},{"AssignType":{"id":"shape_omQAS80xH9","to":{"ObjectT":{}},"conceptId":"concept_LR6uaa_event"}},{"AddField":{"parentId":"shape_omQAS80xH9","id":"shape_ik1FOPpDlY","conceptId":"concept_LR6uaa_event"}},{"SetFieldName":{"id":"shape_ik1FOPpDlY","newName":"serial","conceptId":"concept_LR6uaa_event"}},{"AssignType":{"id":"shape_ik1FOPpDlY","to":{"RefT":{"conceptId":"concept_HX6dHC_serial"}},"conceptId":"concept_LR6uaa_event"}},{"AddField":{"parentId":"shape_omQAS80xH9","id":"shape_q3DbKOt0yL","conceptId":"concept_LR6uaa_event"}},{"SetFieldName":{"id":"shape_q3DbKOt0yL","newName":"name","conceptId":"concept_LR6uaa_event"}},{"AssignType":{"id":"shape_q3DbKOt0yL","to":{"StringT":{}},"conceptId":"concept_LR6uaa_event"}},{"AddField":{"parentId":"shape_omQAS80xH9","id":"shape_Ca2nq6L6fO","conceptId":"concept_LR6uaa_event"}},{"SetFieldName":{"id":"shape_Ca2nq6L6fO","newName":"start_date","conceptId":"concept_LR6uaa_event"}},{"AssignType":{"id":"shape_Ca2nq6L6fO","to":{"RefT":{"conceptId":"concept_FKS41I_datetime"}},"conceptId":"concept_LR6uaa_event"}},{"AddField":{"parentId":"shape_omQAS80xH9","id":"shape_shy9KJGbRm","conceptId":"concept_LR6uaa_event"}},{"SetFieldName":{"id":"shape_shy9KJGbRm","newName":"location","conceptId":"concept_LR6uaa_event"}},{"AssignType":{"id":"shape_shy9KJGbRm","to":{"RefT":{"conceptId":"concept_jUdPM1_location"}},"conceptId":"concept_LR6uaa_event"}},{"AddField":{"parentId":"shape_omQAS80xH9","id":"shape_iESEpXaBJe","conceptId":"concept_LR6uaa_event"}},{"SetFieldName":{"id":"shape_iESEpXaBJe","newName":"description","conceptId":"concept_LR6uaa_event"}},{"AssignType":{"id":"shape_iESEpXaBJe","to":{"RefT":{"conceptId":"concept_DJ81eE_html"}},"conceptId":"concept_LR6uaa_event"}},{"AddField":{"parentId":"shape_omQAS80xH9","id":"shape_x9kyz1zGbp","conceptId":"concept_LR6uaa_event"}},{"SetFieldName":{"id":"shape_x9kyz1zGbp","newName":"uuid","conceptId":"concept_LR6uaa_event"}},{"AssignType":{"id":"shape_x9kyz1zGbp","to":{"RefT":{"conceptId":"concept_EsUC0u_uuid"}},"conceptId":"concept_LR6uaa_event"}},{"AddField":{"parentId":"shape_omQAS80xH9","id":"shape_y0hozTldyJ","conceptId":"concept_LR6uaa_event"}},{"SetFieldName":{"id":"shape_y0hozTldyJ","newName":"groups","conceptId":"concept_LR6uaa_event"}},{"AssignType":{"id":"shape_y0hozTldyJ","to":{"ListT":{}},"conceptId":"concept_LR6uaa_event"}},{"AddTypeParameter":{"parentId":"shape_y0hozTldyJ","id":"shape_EWUuBIpo8H","conceptId":"concept_LR6uaa_event"}},{"AssignType":{"id":"shape_EWUuBIpo8H","to":{"RefT":{"conceptId":"concept_GVfLUz_grouplite"}},"conceptId":"concept_LR6uaa_event"}},{"AddField":{"parentId":"shape_omQAS80xH9","id":"shape_axn03OA9tg","conceptId":"concept_LR6uaa_event"}},{"SetFieldName":{"id":"shape_axn03OA9tg","newName":"modified","conceptId":"concept_LR6uaa_event"}},{"AssignType":{"id":"shape_axn03OA9tg","to":{"RefT":{"conceptId":"concept_FKS41I_datetime"}},"conceptId":"concept_LR6uaa_event"}},{"AddField":{"parentId":"shape_omQAS80xH9","id":"shape_BHAGvLsS7i","conceptId":"concept_LR6uaa_event"}},{"SetFieldName":{"id":"shape_BHAGvLsS7i","newName":"end_date","conceptId":"concept_LR6uaa_event"}},{"AssignType":{"id":"shape_BHAGvLsS7i","to":{"RefT":{"conceptId":"concept_FKS41I_datetime"}},"conceptId":"concept_LR6uaa_event"}},{"AddField":{"parentId":"shape_omQAS80xH9","id":"shape_cDsXlAAznk","conceptId":"concept_LR6uaa_event"}},{"SetFieldName":{"id":"shape_cDsXlAAznk","newName":"picture","conceptId":"concept_LR6uaa_event"}},{"AssignType":{"id":"shape_cDsXlAAznk","to":{"RefT":{"conceptId":"concept_GaVbW9_url"}},"conceptId":"concept_LR6uaa_event"}},{"AddField":{"parentId":"shape_omQAS80xH9","id":"shape_U8ZhsnbFIX","conceptId":"concept_LR6uaa_event"}},{"SetFieldName":{"id":"shape_U8ZhsnbFIX","newName":"organizers","conceptId":"concept_LR6uaa_event"}},{"AssignType":{"id":"shape_U8ZhsnbFIX","to":{"ListT":{}},"conceptId":"concept_LR6uaa_event"}},{"AddTypeParameter":{"parentId":"shape_U8ZhsnbFIX","id":"shape_rUpfCQK485","conceptId":"concept_LR6uaa_event"}},{"AssignType":{"id":"shape_rUpfCQK485","to":{"RefT":{"conceptId":"concept_NOcChD_volunteerlite"}},"conceptId":"concept_LR6uaa_event"}},{"AddField":{"parentId":"shape_omQAS80xH9","id":"shape_5tsTCAsp4x","conceptId":"concept_LR6uaa_event"}},{"SetFieldName":{"id":"shape_5tsTCAsp4x","newName":"created","conceptId":"concept_LR6uaa_event"}},{"AssignType":{"id":"shape_5tsTCAsp4x","to":{"RefT":{"conceptId":"concept_FKS41I_datetime"}},"conceptId":"concept_LR6uaa_event"}},{"AssignType":{"id":"shape_MotViMZJ8Z","to":{"StringT":{}},"conceptId":"concept_GaVbW9_url"}},{"AssignType":{"id":"shape_4AOvjWktGg","to":{"ObjectT":{}},"conceptId":"concept_iFM4Bg_headererror"}},{"AddField":{"parentId":"shape_4AOvjWktGg","id":"shape_hi0ygHA7SZ","conceptId":"concept_iFM4Bg_headererror"}},{"SetFieldName":{"id":"shape_hi0ygHA7SZ","newName":"code","conceptId":"concept_iFM4Bg_headererror"}},{"AssignType":{"id":"shape_hi0ygHA7SZ","to":{"RefT":{"conceptId":"concept_PzR6RJ_http_code"}},"conceptId":"concept_iFM4Bg_headererror"}},{"AddField":{"parentId":"shape_4AOvjWktGg","id":"shape_NPlbTb7JqG","conceptId":"concept_iFM4Bg_headererror"}},{"SetFieldName":{"id":"shape_NPlbTb7JqG","newName":"id","conceptId":"concept_iFM4Bg_headererror"}},{"AssignType":{"id":"shape_NPlbTb7JqG","to":{"IntegerT":{}},"conceptId":"concept_iFM4Bg_headererror"}},{"AddField":{"parentId":"shape_4AOvjWktGg","id":"shape_50mvtWja8u","conceptId":"concept_iFM4Bg_headererror"}},{"SetFieldName":{"id":"shape_50mvtWja8u","newName":"error","conceptId":"concept_iFM4Bg_headererror"}},{"AssignType":{"id":"shape_50mvtWja8u","to":{"StringT":{}},"conceptId":"concept_iFM4Bg_headererror"}},{"AddField":{"parentId":"shape_4AOvjWktGg","id":"shape_hOPRajCVp3","conceptId":"concept_iFM4Bg_headererror"}},{"SetFieldName":{"id":"shape_hOPRajCVp3","newName":"status","conceptId":"concept_iFM4Bg_headererror"}},{"AssignType":{"id":"shape_hOPRajCVp3","to":{"RefT":{"conceptId":"concept_2XGQBd_http_status"}},"conceptId":"concept_iFM4Bg_headererror"}},{"AddField":{"parentId":"shape_4AOvjWktGg","id":"shape_znwXGKRYcY","conceptId":"concept_iFM4Bg_headererror"}},{"SetFieldName":{"id":"shape_znwXGKRYcY","newName":"resources","conceptId":"concept_iFM4Bg_headererror"}},{"AssignType":{"id":"shape_znwXGKRYcY","to":{"RefT":{"conceptId":"concept_HSIR1F_resourcetype"}},"conceptId":"concept_iFM4Bg_headererror"}},{"AddField":{"parentId":"shape_4AOvjWktGg","id":"shape_BxmCKCppv3","conceptId":"concept_iFM4Bg_headererror"}},{"SetFieldName":{"id":"shape_BxmCKCppv3","newName":"pagination","conceptId":"concept_iFM4Bg_headererror"}},{"AssignType":{"id":"shape_BxmCKCppv3","to":{"ObjectT":{}},"conceptId":"concept_iFM4Bg_headererror"}},{"AssignType":{"id":"shape_IcLcxrIp0i","to":{"StringT":{}},"conceptId":"concept_EsUC0u_uuid"}},{"AssignType":{"id":"shape_Xe2dD5m04l","to":{"StringT":{}},"conceptId":"concept_HSIR1F_resourcetype"}},{"AssignType":{"id":"shape_Uw6lLz4twD","to":{"StringT":{}},"conceptId":"concept_PzR6RJ_http_code"}},{"AssignType":{"id":"shape_SDj4XLiaAH","to":{"IntegerT":{}},"conceptId":"concept_2XGQBd_http_status"}},{"AssignType":{"id":"shape_KpHiSBHpSr","to":{"ObjectT":{}},"conceptId":"concept_4NLJyN_coordinates"}},{"AddField":{"parentId":"shape_KpHiSBHpSr","id":"shape_QGG01xymX9","conceptId":"concept_4NLJyN_coordinates"}},{"SetFieldName":{"id":"shape_QGG01xymX9","newName":"latitude","conceptId":"concept_4NLJyN_coordinates"}},{"AssignType":{"id":"shape_QGG01xymX9","to":{"StringT":{}},"conceptId":"concept_4NLJyN_coordinates"}},{"AddField":{"parentId":"shape_KpHiSBHpSr","id":"shape_LDDEXaD2Ab","conceptId":"concept_4NLJyN_coordinates"}},{"SetFieldName":{"id":"shape_LDDEXaD2Ab","newName":"longitude","conceptId":"concept_4NLJyN_coordinates"}},{"AssignType":{"id":"shape_LDDEXaD2Ab","to":{"StringT":{}},"conceptId":"concept_4NLJyN_coordinates"}},{"AssignType":{"id":"shape_pwaRJyjGnA","to":{"ObjectT":{}},"conceptId":"concept_X9dq5l_pagination"}},{"AddField":{"parentId":"shape_pwaRJyjGnA","id":"shape_mvwtwDa3mT","conceptId":"concept_X9dq5l_pagination"}},{"SetFieldName":{"id":"shape_mvwtwDa3mT","newName":"limit","conceptId":"concept_X9dq5l_pagination"}},{"AssignType":{"id":"shape_mvwtwDa3mT","to":{"IntegerT":{}},"conceptId":"concept_X9dq5l_pagination"}},{"AddField":{"parentId":"shape_pwaRJyjGnA","id":"shape_vAUs0rT2GR","conceptId":"concept_X9dq5l_pagination"}},{"SetFieldName":{"id":"shape_vAUs0rT2GR","newName":"page","conceptId":"concept_X9dq5l_pagination"}},{"AssignType":{"id":"shape_vAUs0rT2GR","to":{"IntegerT":{}},"conceptId":"concept_X9dq5l_pagination"}},{"AddField":{"parentId":"shape_pwaRJyjGnA","id":"shape_uGtbpZPOSB","conceptId":"concept_X9dq5l_pagination"}},{"SetFieldName":{"id":"shape_uGtbpZPOSB","newName":"total","conceptId":"concept_X9dq5l_pagination"}},{"AssignType":{"id":"shape_uGtbpZPOSB","to":{"IntegerT":{}},"conceptId":"concept_X9dq5l_pagination"}},{"AssignType":{"id":"shape_07SUvkWQBO","to":{"StringT":{}},"conceptId":"concept_FKS41I_datetime"}},{"AssignType":{"id":"shape_aXfP09ozOr","to":{"ObjectT":{}},"conceptId":"concept_TYONjP_volunteer"}},{"AddField":{"parentId":"shape_aXfP09ozOr","id":"shape_QyEBOUdRKl","conceptId":"concept_TYONjP_volunteer"}},{"SetFieldName":{"id":"shape_QyEBOUdRKl","newName":"avatar","conceptId":"concept_TYONjP_volunteer"}},{"AssignType":{"id":"shape_QyEBOUdRKl","to":{"RefT":{"conceptId":"concept_GaVbW9_url"}},"conceptId":"concept_TYONjP_volunteer"}},{"AddField":{"parentId":"shape_aXfP09ozOr","id":"shape_xcnwEPbXCH","conceptId":"concept_TYONjP_volunteer"}},{"SetFieldName":{"id":"shape_xcnwEPbXCH","newName":"locations","conceptId":"concept_TYONjP_volunteer"}},{"AssignType":{"id":"shape_xcnwEPbXCH","to":{"ListT":{}},"conceptId":"concept_TYONjP_volunteer"}},{"AddTypeParameter":{"parentId":"shape_xcnwEPbXCH","id":"shape_5YUZSgbzlS","conceptId":"concept_TYONjP_volunteer"}},{"AssignType":{"id":"shape_5YUZSgbzlS","to":{"RefT":{"conceptId":"concept_HmpsLf_locationsimple"}},"conceptId":"concept_TYONjP_volunteer"}},{"AddField":{"parentId":"shape_aXfP09ozOr","id":"shape_m1LULJm9Zz","conceptId":"concept_TYONjP_volunteer"}},{"SetFieldName":{"id":"shape_m1LULJm9Zz","newName":"uuid","conceptId":"concept_TYONjP_volunteer"}},{"AssignType":{"id":"shape_m1LULJm9Zz","to":{"RefT":{"conceptId":"concept_EsUC0u_uuid"}},"conceptId":"concept_TYONjP_volunteer"}},{"AssignType":{"id":"shape_IrKvFB4MyE","to":{"ObjectT":{}},"conceptId":"concept_rTHCjv_group"}},{"AddField":{"parentId":"shape_IrKvFB4MyE","id":"shape_AOH1d5tiZT","conceptId":"concept_rTHCjv_group"}},{"SetFieldName":{"id":"shape_AOH1d5tiZT","newName":"serial","conceptId":"concept_rTHCjv_group"}},{"AssignType":{"id":"shape_AOH1d5tiZT","to":{"RefT":{"conceptId":"concept_HX6dHC_serial"}},"conceptId":"concept_rTHCjv_group"}},{"AddField":{"parentId":"shape_IrKvFB4MyE","id":"shape_Y77A4sXuFF","conceptId":"concept_rTHCjv_group"}},{"SetFieldName":{"id":"shape_Y77A4sXuFF","newName":"mission","conceptId":"concept_rTHCjv_group"}},{"AssignType":{"id":"shape_Y77A4sXuFF","to":{"StringT":{}},"conceptId":"concept_rTHCjv_group"}},{"AddField":{"parentId":"shape_IrKvFB4MyE","id":"shape_npOEF8tfYv","conceptId":"concept_rTHCjv_group"}},{"SetFieldName":{"id":"shape_npOEF8tfYv","newName":"name","conceptId":"concept_rTHCjv_group"}},{"AssignType":{"id":"shape_npOEF8tfYv","to":{"StringT":{}},"conceptId":"concept_rTHCjv_group"}},{"AddField":{"parentId":"shape_IrKvFB4MyE","id":"shape_qQhDaG1kDx","conceptId":"concept_rTHCjv_group"}},{"SetFieldName":{"id":"shape_qQhDaG1kDx","newName":"location","conceptId":"concept_rTHCjv_group"}},{"AssignType":{"id":"shape_qQhDaG1kDx","to":{"RefT":{"conceptId":"concept_jUdPM1_location"}},"conceptId":"concept_rTHCjv_group"}},{"AddField":{"parentId":"shape_IrKvFB4MyE","id":"shape_ldT68NUk35","conceptId":"concept_rTHCjv_group"}},{"SetFieldName":{"id":"shape_ldT68NUk35","newName":"group_type","conceptId":"concept_rTHCjv_group"}},{"AssignType":{"id":"shape_ldT68NUk35","to":{"RefT":{"conceptId":"concept_sINUoS_grouptype"}},"conceptId":"concept_rTHCjv_group"}},{"AddField":{"parentId":"shape_IrKvFB4MyE","id":"shape_nBxSIsxO9p","conceptId":"concept_rTHCjv_group"}},{"SetFieldName":{"id":"shape_nBxSIsxO9p","newName":"description","conceptId":"concept_rTHCjv_group"}},{"AssignType":{"id":"shape_nBxSIsxO9p","to":{"RefT":{"conceptId":"concept_DJ81eE_html"}},"conceptId":"concept_rTHCjv_group"}},{"AddField":{"parentId":"shape_IrKvFB4MyE","id":"shape_DszZGyYiYP","conceptId":"concept_rTHCjv_group"}},{"SetFieldName":{"id":"shape_DszZGyYiYP","newName":"uuid","conceptId":"concept_rTHCjv_group"}},{"AssignType":{"id":"shape_DszZGyYiYP","to":{"RefT":{"conceptId":"concept_EsUC0u_uuid"}},"conceptId":"concept_rTHCjv_group"}},{"AddField":{"parentId":"shape_IrKvFB4MyE","id":"shape_FbjHRcKNbY","conceptId":"concept_rTHCjv_group"}},{"SetFieldName":{"id":"shape_FbjHRcKNbY","newName":"modified","conceptId":"concept_rTHCjv_group"}},{"AssignType":{"id":"shape_FbjHRcKNbY","to":{"RefT":{"conceptId":"concept_FKS41I_datetime"}},"conceptId":"concept_rTHCjv_group"}},{"AddField":{"parentId":"shape_IrKvFB4MyE","id":"shape_HEoXZvhFih","conceptId":"concept_rTHCjv_group"}},{"SetFieldName":{"id":"shape_HEoXZvhFih","newName":"picture","conceptId":"concept_rTHCjv_group"}},{"AssignType":{"id":"shape_HEoXZvhFih","to":{"RefT":{"conceptId":"concept_GaVbW9_url"}},"conceptId":"concept_rTHCjv_group"}},{"AddField":{"parentId":"shape_IrKvFB4MyE","id":"shape_QA7nYzJJ7W","conceptId":"concept_rTHCjv_group"}},{"SetFieldName":{"id":"shape_QA7nYzJJ7W","newName":"created","conceptId":"concept_rTHCjv_group"}},{"AssignType":{"id":"shape_QA7nYzJJ7W","to":{"RefT":{"conceptId":"concept_FKS41I_datetime"}},"conceptId":"concept_rTHCjv_group"}},{"AssignType":{"id":"shape_zoNNLGo691","to":{"ObjectT":{}},"conceptId":"concept_TyqrWT_headersuccess"}},{"AddField":{"parentId":"shape_zoNNLGo691","id":"shape_oAbH8NE6ZU","conceptId":"concept_TyqrWT_headersuccess"}},{"SetFieldName":{"id":"shape_oAbH8NE6ZU","newName":"code","conceptId":"concept_TyqrWT_headersuccess"}},{"AssignType":{"id":"shape_oAbH8NE6ZU","to":{"RefT":{"conceptId":"concept_PzR6RJ_http_code"}},"conceptId":"concept_TyqrWT_headersuccess"}},{"AddField":{"parentId":"shape_zoNNLGo691","id":"shape_jsE4PfJO79","conceptId":"concept_TyqrWT_headersuccess"}},{"SetFieldName":{"id":"shape_jsE4PfJO79","newName":"id","conceptId":"concept_TyqrWT_headersuccess"}},{"AssignType":{"id":"shape_jsE4PfJO79","to":{"IntegerT":{}},"conceptId":"concept_TyqrWT_headersuccess"}},{"AddField":{"parentId":"shape_zoNNLGo691","id":"shape_gOL0bCig3v","conceptId":"concept_TyqrWT_headersuccess"}},{"SetFieldName":{"id":"shape_gOL0bCig3v","newName":"error","conceptId":"concept_TyqrWT_headersuccess"}},{"AssignType":{"id":"shape_gOL0bCig3v","to":{"AnyT":{}},"conceptId":"concept_TyqrWT_headersuccess"}},{"AddField":{"parentId":"shape_zoNNLGo691","id":"shape_N25zWwkz6x","conceptId":"concept_TyqrWT_headersuccess"}},{"SetFieldName":{"id":"shape_N25zWwkz6x","newName":"status","conceptId":"concept_TyqrWT_headersuccess"}},{"AssignType":{"id":"shape_N25zWwkz6x","to":{"RefT":{"conceptId":"concept_2XGQBd_http_status"}},"conceptId":"concept_TyqrWT_headersuccess"}},{"AddField":{"parentId":"shape_zoNNLGo691","id":"shape_IqML1A75Ft","conceptId":"concept_TyqrWT_headersuccess"}},{"SetFieldName":{"id":"shape_IqML1A75Ft","newName":"resources","conceptId":"concept_TyqrWT_headersuccess"}},{"AssignType":{"id":"shape_IqML1A75Ft","to":{"RefT":{"conceptId":"concept_HSIR1F_resourcetype"}},"conceptId":"concept_TyqrWT_headersuccess"}},{"AddField":{"parentId":"shape_zoNNLGo691","id":"shape_g0ZLBEtJpw","conceptId":"concept_TyqrWT_headersuccess"}},{"SetFieldName":{"id":"shape_g0ZLBEtJpw","newName":"pagination","conceptId":"concept_TyqrWT_headersuccess"}},{"AssignType":{"id":"shape_g0ZLBEtJpw","to":{"RefT":{"conceptId":"concept_X9dq5l_pagination"}},"conceptId":"concept_TyqrWT_headersuccess"}},{"AssignType":{"id":"shape_UZawspi4Mj","to":{"ObjectT":{}},"conceptId":"concept_HmpsLf_locationsimple"}},{"AddField":{"parentId":"shape_UZawspi4Mj","id":"shape_DUAS3bbucZ","conceptId":"concept_HmpsLf_locationsimple"}},{"SetFieldName":{"id":"shape_DUAS3bbucZ","newName":"country","conceptId":"concept_HmpsLf_locationsimple"}},{"AssignType":{"id":"shape_DUAS3bbucZ","to":{"RefT":{"conceptId":"concept_b9oNQY_iso_31661_alpha2"}},"conceptId":"concept_HmpsLf_locationsimple"}},{"AssignType":{"id":"shape_FlWpuwOK2N","to":{"StringT":{}},"conceptId":"concept_DJ81eE_html"}},{"AssignType":{"id":"shape_3VRputNQtb","to":{"ObjectT":{}},"conceptId":"concept_NOcChD_volunteerlite"}},{"AddField":{"parentId":"shape_3VRputNQtb","id":"shape_C95jUdYX1Z","conceptId":"concept_NOcChD_volunteerlite"}},{"SetFieldName":{"id":"shape_C95jUdYX1Z","newName":"serial","conceptId":"concept_NOcChD_volunteerlite"}},{"AssignType":{"id":"shape_C95jUdYX1Z","to":{"RefT":{"conceptId":"concept_HX6dHC_serial"}},"conceptId":"concept_NOcChD_volunteerlite"}},{"AddField":{"parentId":"shape_3VRputNQtb","id":"shape_TUxzUCLQ8Z","conceptId":"concept_NOcChD_volunteerlite"}},{"SetFieldName":{"id":"shape_TUxzUCLQ8Z","newName":"uuid","conceptId":"concept_NOcChD_volunteerlite"}},{"AssignType":{"id":"shape_TUxzUCLQ8Z","to":{"RefT":{"conceptId":"concept_EsUC0u_uuid"}},"conceptId":"concept_NOcChD_volunteerlite"}},{"AssignType":{"id":"shape_C2tlxkf3Vq","to":{"ObjectT":{}},"conceptId":"concept_GVfLUz_grouplite"}},{"AddField":{"parentId":"shape_C2tlxkf3Vq","id":"shape_Icg7huLtFn","conceptId":"concept_GVfLUz_grouplite"}},{"SetFieldName":{"id":"shape_Icg7huLtFn","newName":"name","conceptId":"concept_GVfLUz_grouplite"}},{"AssignType":{"id":"shape_Icg7huLtFn","to":{"StringT":{}},"conceptId":"concept_GVfLUz_grouplite"}},{"AddField":{"parentId":"shape_C2tlxkf3Vq","id":"shape_wBakNVHPI3","conceptId":"concept_GVfLUz_grouplite"}},{"SetFieldName":{"id":"shape_wBakNVHPI3","newName":"serial","conceptId":"concept_GVfLUz_grouplite"}},{"AssignType":{"id":"shape_wBakNVHPI3","to":{"RefT":{"conceptId":"concept_HX6dHC_serial"}},"conceptId":"concept_GVfLUz_grouplite"}},{"AddField":{"parentId":"shape_C2tlxkf3Vq","id":"shape_EXBI8ZZoHh","conceptId":"concept_GVfLUz_grouplite"}},{"SetFieldName":{"id":"shape_EXBI8ZZoHh","newName":"uuid","conceptId":"concept_GVfLUz_grouplite"}},{"AssignType":{"id":"shape_EXBI8ZZoHh","to":{"RefT":{"conceptId":"concept_EsUC0u_uuid"}},"conceptId":"concept_GVfLUz_grouplite"}},{"AssignType":{"id":"shape_nKsyTj9UcN","to":{"StringT":{}},"conceptId":"concept_HX6dHC_serial"}},{"AddPathComponent":{"pathId":"gLRKSA_path_0","parentPathId":"root","name":"events"}},{"AddPathParameter":{"pathId":"gLRKSA_path_1","parentPathId":"gLRKSA_path_0","name":"UUID"}},{"AddPathComponent":{"pathId":"gLRKSA_path_2","parentPathId":"root","name":"groups"}},{"AddPathParameter":{"pathId":"gLRKSA_path_3","parentPathId":"gLRKSA_path_2","name":"UUID"}},{"AddPathComponent":{"pathId":"gLRKSA_path_4","parentPathId":"root","name":"volunteers"}},{"AddPathParameter":{"pathId":"gLRKSA_path_5","parentPathId":"gLRKSA_path_4","name":"UUID"}},{"AddRequest":{"requestId":"path_K7hvymEK5I}_get","pathId":"gLRKSA_path_1","httpMethod":"get"}},{"AddResponse":{"responseId":"response_WgkR7gg9Jj","requestId":"path_K7hvymEK5I}_get","httpStatusCode":200}},{"DefineInlineConcept":{"root":"shape_t2EHHghm2H","conceptId":"concept_JSw1gx9eaD0G"}},{"AssignType":{"id":"shape_t2EHHghm2H","to":{"AnyT":{}},"conceptId":"concept_JSw1gx9eaD0G"}},{"AddResponse":{"responseId":"response_SYzt7YBp4b","requestId":"path_K7hvymEK5I}_get","httpStatusCode":400}},{"DefineInlineConcept":{"root":"shape_3GA5KnIOGD","conceptId":"concept_klbpmlT6WJ3S"}},{"AssignType":{"id":"shape_3GA5KnIOGD","to":{"AnyT":{}},"conceptId":"concept_klbpmlT6WJ3S"}},{"AddRequest":{"requestId":"path_zZAMUmSF8P}_get","pathId":"gLRKSA_path_0","httpMethod":"get"}},{"AddResponse":{"responseId":"response_giLk0zaROJ","requestId":"path_zZAMUmSF8P}_get","httpStatusCode":200}},{"DefineInlineConcept":{"root":"shape_uCIgEu5tSo","conceptId":"concept_b1EffBB0uNco"}},{"AssignType":{"id":"shape_uCIgEu5tSo","to":{"AnyT":{}},"conceptId":"concept_b1EffBB0uNco"}},{"AddRequest":{"requestId":"path_7RBZgSCV9C}_get","pathId":"gLRKSA_path_3","httpMethod":"get"}},{"AddResponse":{"responseId":"response_B8AKr5RdyQ","requestId":"path_7RBZgSCV9C}_get","httpStatusCode":200}},{"DefineInlineConcept":{"root":"shape_maKDDpFed4","conceptId":"concept_y5NIxej3HnK0"}},{"AssignType":{"id":"shape_maKDDpFed4","to":{"AnyT":{}},"conceptId":"concept_y5NIxej3HnK0"}},{"AddResponse":{"responseId":"response_LZz9P12DuC","requestId":"path_7RBZgSCV9C}_get","httpStatusCode":400}},{"DefineInlineConcept":{"root":"shape_4bTQChDbtk","conceptId":"concept_j3DUit2PxIL4"}},{"AssignType":{"id":"shape_4bTQChDbtk","to":{"AnyT":{}},"conceptId":"concept_j3DUit2PxIL4"}},{"AddRequest":{"requestId":"path_7kE4wHEVYg}_get","pathId":"gLRKSA_path_4","httpMethod":"get"}},{"AddResponse":{"responseId":"response_3JEYRNt8uk","requestId":"path_7kE4wHEVYg}_get","httpStatusCode":200}},{"DefineInlineConcept":{"root":"shape_WrKrAjqqmM","conceptId":"concept_rVvtWoQGZ3lR"}},{"AssignType":{"id":"shape_WrKrAjqqmM","to":{"AnyT":{}},"conceptId":"concept_rVvtWoQGZ3lR"}},{"AddRequest":{"requestId":"path_90OVoOCbbe}_get","pathId":"gLRKSA_path_2","httpMethod":"get"}},{"AddResponse":{"responseId":"response_vRTcdkQmP9","requestId":"path_90OVoOCbbe}_get","httpStatusCode":200}},{"DefineInlineConcept":{"root":"shape_a1Ioki3bZM","conceptId":"concept_fsX3BgbAo3mu"}},{"AssignType":{"id":"shape_a1Ioki3bZM","to":{"AnyT":{}},"conceptId":"concept_fsX3BgbAo3mu"}},{"AddRequest":{"requestId":"path_HmXOc0D6GE}_get","pathId":"gLRKSA_path_5","httpMethod":"get"}},{"AddResponse":{"responseId":"response_r3AnSb2VA0","requestId":"path_HmXOc0D6GE}_get","httpStatusCode":200}},{"DefineInlineConcept":{"root":"shape_T4pdyDlufj","conceptId":"concept_GWSjbjuvckU7"}},{"AssignType":{"id":"shape_T4pdyDlufj","to":{"AnyT":{}},"conceptId":"concept_GWSjbjuvckU7"}},{"AddResponse":{"responseId":"response_PGKRUqGsfk","requestId":"path_HmXOc0D6GE}_get","httpStatusCode":400}},{"DefineInlineConcept":{"root":"shape_gzxgVJw3gO","conceptId":"concept_NtnWzXf9pT7o"}},{"AssignType":{"id":"shape_gzxgVJw3gO","to":{"AnyT":{}},"conceptId":"concept_NtnWzXf9pT7o"}},{"SetResponseBodyShape":{"responseId":"response_WgkR7gg9Jj","bodyDescriptor":{"httpContentType":"application/json","conceptId":"concept_JSw1gx9eaD0G"}}},{"SetResponseBodyShape":{"responseId":"response_SYzt7YBp4b","bodyDescriptor":{"httpContentType":"application/json","conceptId":"concept_klbpmlT6WJ3S"}}},{"SetResponseBodyShape":{"responseId":"response_giLk0zaROJ","bodyDescriptor":{"httpContentType":"application/json","conceptId":"concept_b1EffBB0uNco"}}},{"SetResponseBodyShape":{"responseId":"response_B8AKr5RdyQ","bodyDescriptor":{"httpContentType":"application/json","conceptId":"concept_y5NIxej3HnK0"}}},{"SetResponseBodyShape":{"responseId":"response_LZz9P12DuC","bodyDescriptor":{"httpContentType":"application/json","conceptId":"concept_j3DUit2PxIL4"}}},{"SetResponseBodyShape":{"responseId":"response_3JEYRNt8uk","bodyDescriptor":{"httpContentType":"application/json","conceptId":"concept_rVvtWoQGZ3lR"}}},{"SetResponseBodyShape":{"responseId":"response_vRTcdkQmP9","bodyDescriptor":{"httpContentType":"application/json","conceptId":"concept_fsX3BgbAo3mu"}}},{"SetResponseBodyShape":{"responseId":"response_r3AnSb2VA0","bodyDescriptor":{"httpContentType":"application/json","conceptId":"concept_GWSjbjuvckU7"}}},{"SetResponseBodyShape":{"responseId":"response_PGKRUqGsfk","bodyDescriptor":{"httpContentType":"application/json","conceptId":"concept_NtnWzXf9pT7o"}}}]