[{"AddPathComponent":{"pathId":"PCNbke_path_0","parentPathId":"root","name":"hackathons"}},{"AddPathComponent":{"pathId":"PCNbke_path_1","parentPathId":"PCNbke_path_0","name":"coming.json"}},{"AddPathComponent":{"pathId":"PCNbke_path_2","parentPathId":"PCNbke_path_0","name":"{id}.json"}},{"AddPathComponent":{"pathId":"PCNbke_path_3","parentPathId":"root","name":"swagger_doc"}},{"AddPathComponent":{"pathId":"PCNbke_path_4","parentPathId":"root","name":"swagger_doc.json"}},{"AddPathComponent":{"pathId":"PCNbke_path_5","parentPathId":"PCNbke_path_3","name":"{name}.json"}},{"AddRequest":{"requestId":"path_ZuFu9TGaZE}_get","pathId":"PCNbke_path_1","httpMethod":"get"}},{"AddResponse":{"responseId":"response_XxcUGqDl7H","requestId":"path_ZuFu9TGaZE}_get","httpStatusCode":200}},{"AddRequest":{"requestId":"path_ky4wFF40Yv}_get","pathId":"PCNbke_path_2","httpMethod":"get"}},{"AddResponse":{"responseId":"response_O0MuC0qgXg","requestId":"path_ky4wFF40Yv}_get","httpStatusCode":200}},{"AddRequest":{"requestId":"path_Jl6Wpg9uug}_get","pathId":"PCNbke_path_4","httpMethod":"get"}},{"AddResponse":{"responseId":"response_LZi1NZbhQT","requestId":"path_Jl6Wpg9uug}_get","httpStatusCode":200}},{"AddRequest":{"requestId":"path_8IaDWSeYjD}_get","pathId":"PCNbke_path_5","httpMethod":"get"}},{"AddResponse":{"responseId":"response_hLLJbOMiu7","requestId":"path_8IaDWSeYjD}_get","httpStatusCode":200}}]