[{"DefineConcept":{"name":"statesList","root":"shape_rQzOHWKST1","conceptId":"concept_sO6jxu_stateslist"}},{"SetConceptName":{"newName":"statesList","conceptId":"concept_sO6jxu_stateslist"}},{"DefineConcept":{"name":"statePage","root":"shape_nDB77LdoL1","conceptId":"concept_plTWjq_statepage"}},{"SetConceptName":{"newName":"statePage","conceptId":"concept_plTWjq_statepage"}},{"DefineConcept":{"name":"blogList","root":"shape_AdpKAlReAA","conceptId":"concept_ekFQdS_bloglist"}},{"SetConceptName":{"newName":"blogList","conceptId":"concept_ekFQdS_bloglist"}},{"DefineConcept":{"name":"page","root":"shape_l3IRiqVXew","conceptId":"concept_6M7LXJ_page"}},{"SetConceptName":{"newName":"page","conceptId":"concept_6M7LXJ_page"}},{"DefineConcept":{"name":"blogPage","root":"shape_XyTsVpfvOB","conceptId":"concept_YSMwiE_blogpage"}},{"SetConceptName":{"newName":"blogPage","conceptId":"concept_YSMwiE_blogpage"}},{"DefineConcept":{"name":"articlesList","root":"shape_DKPz2rh158","conceptId":"concept_xpxUxX_articleslist"}},{"SetConceptName":{"newName":"articlesList","conceptId":"concept_xpxUxX_articleslist"}},{"DefineConcept":{"name":"glossaryList","root":"shape_HIhLSRa07u","conceptId":"concept_4LENkv_glossarylist"}},{"SetConceptName":{"newName":"glossaryList","conceptId":"concept_4LENkv_glossarylist"}},{"DefineConcept":{"name":"questionPage","root":"shape_f4Kc1Q2Lal","conceptId":"concept_wQOIpI_questionpage"}},{"SetConceptName":{"newName":"questionPage","conceptId":"concept_wQOIpI_questionpage"}},{"DefineConcept":{"name":"questionsList","root":"shape_mTQDIHclUq","conceptId":"concept_ZVufM7_questionslist"}},{"SetConceptName":{"newName":"questionsList","conceptId":"concept_ZVufM7_questionslist"}},{"DefineConcept":{"name":"topicsList","root":"shape_vmNLAzMAFu","conceptId":"concept_u6nuPT_topicslist"}},{"SetConceptName":{"newName":"topicsList","conceptId":"concept_u6nuPT_topicslist"}},{"DefineConcept":{"name":"glossaryPage","root":"shape_wsCRM5ijb6","conceptId":"concept_0kINti_glossarypage"}},{"SetConceptName":{"newName":"glossaryPage","conceptId":"concept_0kINti_glossarypage"}},{"AssignType":{"id":"shape_rQzOHWKST1","to":{"ObjectT":{}},"conceptId":"concept_sO6jxu_stateslist"}},{"AddField":{"parentId":"shape_rQzOHWKST1","id":"shape_UxbRBTiXDn","conceptId":"concept_sO6jxu_stateslist"}},{"SetFieldName":{"id":"shape_UxbRBTiXDn","newName":"states","conceptId":"concept_sO6jxu_stateslist"}},{"AssignType":{"id":"shape_UxbRBTiXDn","to":{"ListT":{}},"conceptId":"concept_sO6jxu_stateslist"}},{"AddTypeParameter":{"parentId":"shape_UxbRBTiXDn","id":"shape_QR6sCyKs16","conceptId":"concept_sO6jxu_stateslist"}},{"AssignType":{"id":"shape_QR6sCyKs16","to":{"ListT":{}},"conceptId":"concept_sO6jxu_stateslist"}},{"AddTypeParameter":{"parentId":"shape_QR6sCyKs16","id":"shape_gC5Ml9zVvZ","conceptId":"concept_sO6jxu_stateslist"}},{"AssignType":{"id":"shape_gC5Ml9zVvZ","to":{"ObjectT":{}},"conceptId":"concept_sO6jxu_stateslist"}},{"AssignType":{"id":"shape_nDB77LdoL1","to":{"ObjectT":{}},"conceptId":"concept_plTWjq_statepage"}},{"AddField":{"parentId":"shape_nDB77LdoL1","id":"shape_mcV3g0hMHP","conceptId":"concept_plTWjq_statepage"}},{"SetFieldName":{"id":"shape_mcV3g0hMHP","newName":"path","conceptId":"concept_plTWjq_statepage"}},{"AssignType":{"id":"shape_mcV3g0hMHP","to":{"StringT":{}},"conceptId":"concept_plTWjq_statepage"}},{"AddField":{"parentId":"shape_nDB77LdoL1","id":"shape_cx2g32r06c","conceptId":"concept_plTWjq_statepage"}},{"SetFieldName":{"id":"shape_cx2g32r06c","newName":"excerpt","conceptId":"concept_plTWjq_statepage"}},{"AssignType":{"id":"shape_cx2g32r06c","to":{"StringT":{}},"conceptId":"concept_plTWjq_statepage"}},{"AddField":{"parentId":"shape_nDB77LdoL1","id":"shape_vqvDwcSx4p","conceptId":"concept_plTWjq_statepage"}},{"SetFieldName":{"id":"shape_vqvDwcSx4p","newName":"url","conceptId":"concept_plTWjq_statepage"}},{"AssignType":{"id":"shape_vqvDwcSx4p","to":{"StringT":{}},"conceptId":"concept_plTWjq_statepage"}},{"AddField":{"parentId":"shape_nDB77LdoL1","id":"shape_5YOz0hlINU","conceptId":"concept_plTWjq_statepage"}},{"SetFieldName":{"id":"shape_5YOz0hlINU","newName":"tags","conceptId":"concept_plTWjq_statepage"}},{"AssignType":{"id":"shape_5YOz0hlINU","to":{"ListT":{}},"conceptId":"concept_plTWjq_statepage"}},{"AddTypeParameter":{"parentId":"shape_5YOz0hlINU","id":"shape_uN4eLu3fF2","conceptId":"concept_plTWjq_statepage"}},{"AssignType":{"id":"shape_uN4eLu3fF2","to":{"ListT":{}},"conceptId":"concept_plTWjq_statepage"}},{"AddTypeParameter":{"parentId":"shape_uN4eLu3fF2","id":"shape_gzdDasNBqg","conceptId":"concept_plTWjq_statepage"}},{"AssignType":{"id":"shape_gzdDasNBqg","to":{"StringT":{}},"conceptId":"concept_plTWjq_statepage"}},{"AddField":{"parentId":"shape_nDB77LdoL1","id":"shape_xHpegtpvPQ","conceptId":"concept_plTWjq_statepage"}},{"SetFieldName":{"id":"shape_xHpegtpvPQ","newName":"stateurl","conceptId":"concept_plTWjq_statepage"}},{"AssignType":{"id":"shape_xHpegtpvPQ","to":{"StringT":{}},"conceptId":"concept_plTWjq_statepage"}},{"AddField":{"parentId":"shape_nDB77LdoL1","id":"shape_18y1jLbMFn","conceptId":"concept_plTWjq_statepage"}},{"SetFieldName":{"id":"shape_18y1jLbMFn","newName":"id","conceptId":"concept_plTWjq_statepage"}},{"AssignType":{"id":"shape_18y1jLbMFn","to":{"StringT":{}},"conceptId":"concept_plTWjq_statepage"}},{"AddField":{"parentId":"shape_nDB77LdoL1","id":"shape_6VhTQI5ydB","conceptId":"concept_plTWjq_statepage"}},{"SetFieldName":{"id":"shape_6VhTQI5ydB","newName":"date","conceptId":"concept_plTWjq_statepage"}},{"AssignType":{"id":"shape_6VhTQI5ydB","to":{"StringT":{}},"conceptId":"concept_plTWjq_statepage"}},{"AddField":{"parentId":"shape_nDB77LdoL1","id":"shape_1pQmOBKH3l","conceptId":"concept_plTWjq_statepage"}},{"SetFieldName":{"id":"shape_1pQmOBKH3l","newName":"categories","conceptId":"concept_plTWjq_statepage"}},{"AssignType":{"id":"shape_1pQmOBKH3l","to":{"ListT":{}},"conceptId":"concept_plTWjq_statepage"}},{"AddTypeParameter":{"parentId":"shape_1pQmOBKH3l","id":"shape_crGgz1VJAs","conceptId":"concept_plTWjq_statepage"}},{"AssignType":{"id":"shape_crGgz1VJAs","to":{"ListT":{}},"conceptId":"concept_plTWjq_statepage"}},{"AddTypeParameter":{"parentId":"shape_crGgz1VJAs","id":"shape_7xPOFQCeID","conceptId":"concept_plTWjq_statepage"}},{"AssignType":{"id":"shape_7xPOFQCeID","to":{"AnyT":{}},"conceptId":"concept_plTWjq_statepage"}},{"AddField":{"parentId":"shape_nDB77LdoL1","id":"shape_6ObnzA3K1A","conceptId":"concept_plTWjq_statepage"}},{"SetFieldName":{"id":"shape_6ObnzA3K1A","newName":"content","conceptId":"concept_plTWjq_statepage"}},{"AssignType":{"id":"shape_6ObnzA3K1A","to":{"StringT":{}},"conceptId":"concept_plTWjq_statepage"}},{"AddField":{"parentId":"shape_nDB77LdoL1","id":"shape_k1WuxbCI6X","conceptId":"concept_plTWjq_statepage"}},{"SetFieldName":{"id":"shape_k1WuxbCI6X","newName":"title","conceptId":"concept_plTWjq_statepage"}},{"AssignType":{"id":"shape_k1WuxbCI6X","to":{"StringT":{}},"conceptId":"concept_plTWjq_statepage"}},{"AddField":{"parentId":"shape_nDB77LdoL1","id":"shape_jOLAo2TGKS","conceptId":"concept_plTWjq_statepage"}},{"SetFieldName":{"id":"shape_jOLAo2TGKS","newName":"lang","conceptId":"concept_plTWjq_statepage"}},{"AssignType":{"id":"shape_jOLAo2TGKS","to":{"StringT":{}},"conceptId":"concept_plTWjq_statepage"}},{"AddField":{"parentId":"shape_nDB77LdoL1","id":"shape_yXJyq3CK92","conceptId":"concept_plTWjq_statepage"}},{"SetFieldName":{"id":"shape_yXJyq3CK92","newName":"sort","conceptId":"concept_plTWjq_statepage"}},{"AssignType":{"id":"shape_yXJyq3CK92","to":{"NumberT":{}},"conceptId":"concept_plTWjq_statepage"}},{"AssignType":{"id":"shape_AdpKAlReAA","to":{"ObjectT":{}},"conceptId":"concept_ekFQdS_bloglist"}},{"AddField":{"parentId":"shape_AdpKAlReAA","id":"shape_E9fOIWioNZ","conceptId":"concept_ekFQdS_bloglist"}},{"SetFieldName":{"id":"shape_E9fOIWioNZ","newName":"blog","conceptId":"concept_ekFQdS_bloglist"}},{"AssignType":{"id":"shape_E9fOIWioNZ","to":{"ListT":{}},"conceptId":"concept_ekFQdS_bloglist"}},{"AddTypeParameter":{"parentId":"shape_E9fOIWioNZ","id":"shape_PEY8Zq63Xx","conceptId":"concept_ekFQdS_bloglist"}},{"AssignType":{"id":"shape_PEY8Zq63Xx","to":{"ListT":{}},"conceptId":"concept_ekFQdS_bloglist"}},{"AddTypeParameter":{"parentId":"shape_PEY8Zq63Xx","id":"shape_uRnf3xB1L3","conceptId":"concept_ekFQdS_bloglist"}},{"AssignType":{"id":"shape_uRnf3xB1L3","to":{"ObjectT":{}},"conceptId":"concept_ekFQdS_bloglist"}},{"AssignType":{"id":"shape_l3IRiqVXew","to":{"ObjectT":{}},"conceptId":"concept_6M7LXJ_page"}},{"AddField":{"parentId":"shape_l3IRiqVXew","id":"shape_BR6Pd2HxCk","conceptId":"concept_6M7LXJ_page"}},{"SetFieldName":{"id":"shape_BR6Pd2HxCk","newName":"path","conceptId":"concept_6M7LXJ_page"}},{"AssignType":{"id":"shape_BR6Pd2HxCk","to":{"StringT":{}},"conceptId":"concept_6M7LXJ_page"}},{"AddField":{"parentId":"shape_l3IRiqVXew","id":"shape_X9de5guI9h","conceptId":"concept_6M7LXJ_page"}},{"SetFieldName":{"id":"shape_X9de5guI9h","newName":"excerpt","conceptId":"concept_6M7LXJ_page"}},{"AssignType":{"id":"shape_X9de5guI9h","to":{"StringT":{}},"conceptId":"concept_6M7LXJ_page"}},{"AddField":{"parentId":"shape_l3IRiqVXew","id":"shape_REkMs8Gc6S","conceptId":"concept_6M7LXJ_page"}},{"SetFieldName":{"id":"shape_REkMs8Gc6S","newName":"url","conceptId":"concept_6M7LXJ_page"}},{"AssignType":{"id":"shape_REkMs8Gc6S","to":{"StringT":{}},"conceptId":"concept_6M7LXJ_page"}},{"AddField":{"parentId":"shape_l3IRiqVXew","id":"shape_iGTIrV2CGy","conceptId":"concept_6M7LXJ_page"}},{"SetFieldName":{"id":"shape_iGTIrV2CGy","newName":"tags","conceptId":"concept_6M7LXJ_page"}},{"AssignType":{"id":"shape_iGTIrV2CGy","to":{"ListT":{}},"conceptId":"concept_6M7LXJ_page"}},{"AddTypeParameter":{"parentId":"shape_iGTIrV2CGy","id":"shape_SckNmODvM1","conceptId":"concept_6M7LXJ_page"}},{"AssignType":{"id":"shape_SckNmODvM1","to":{"ListT":{}},"conceptId":"concept_6M7LXJ_page"}},{"AddTypeParameter":{"parentId":"shape_SckNmODvM1","id":"shape_mTIaKJKCtI","conceptId":"concept_6M7LXJ_page"}},{"AssignType":{"id":"shape_mTIaKJKCtI","to":{"AnyT":{}},"conceptId":"concept_6M7LXJ_page"}},{"AddField":{"parentId":"shape_l3IRiqVXew","id":"shape_DSL3Hb007p","conceptId":"concept_6M7LXJ_page"}},{"SetFieldName":{"id":"shape_DSL3Hb007p","newName":"published","conceptId":"concept_6M7LXJ_page"}},{"AssignType":{"id":"shape_DSL3Hb007p","to":{"BooleanT":{}},"conceptId":"concept_6M7LXJ_page"}},{"AddField":{"parentId":"shape_l3IRiqVXew","id":"shape_s56FJgHFvs","conceptId":"concept_6M7LXJ_page"}},{"SetFieldName":{"id":"shape_s56FJgHFvs","newName":"experience","conceptId":"concept_6M7LXJ_page"}},{"AssignType":{"id":"shape_s56FJgHFvs","to":{"StringT":{}},"conceptId":"concept_6M7LXJ_page"}},{"AddField":{"parentId":"shape_l3IRiqVXew","id":"shape_q8oQXgZWmc","conceptId":"concept_6M7LXJ_page"}},{"SetFieldName":{"id":"shape_q8oQXgZWmc","newName":"id","conceptId":"concept_6M7LXJ_page"}},{"AssignType":{"id":"shape_q8oQXgZWmc","to":{"StringT":{}},"conceptId":"concept_6M7LXJ_page"}},{"AddField":{"parentId":"shape_l3IRiqVXew","id":"shape_DnBlAEbKHj","conceptId":"concept_6M7LXJ_page"}},{"SetFieldName":{"id":"shape_DnBlAEbKHj","newName":"date","conceptId":"concept_6M7LXJ_page"}},{"AssignType":{"id":"shape_DnBlAEbKHj","to":{"StringT":{}},"conceptId":"concept_6M7LXJ_page"}},{"AddField":{"parentId":"shape_l3IRiqVXew","id":"shape_Dpxtjn8OCT","conceptId":"concept_6M7LXJ_page"}},{"SetFieldName":{"id":"shape_Dpxtjn8OCT","newName":"categories","conceptId":"concept_6M7LXJ_page"}},{"AssignType":{"id":"shape_Dpxtjn8OCT","to":{"ListT":{}},"conceptId":"concept_6M7LXJ_page"}},{"AddTypeParameter":{"parentId":"shape_Dpxtjn8OCT","id":"shape_62zal23g8k","conceptId":"concept_6M7LXJ_page"}},{"AssignType":{"id":"shape_62zal23g8k","to":{"ListT":{}},"conceptId":"concept_6M7LXJ_page"}},{"AddTypeParameter":{"parentId":"shape_62zal23g8k","id":"shape_s4J1olH2sb","conceptId":"concept_6M7LXJ_page"}},{"AssignType":{"id":"shape_s4J1olH2sb","to":{"AnyT":{}},"conceptId":"concept_6M7LXJ_page"}},{"AddField":{"parentId":"shape_l3IRiqVXew","id":"shape_DunASeWRpU","conceptId":"concept_6M7LXJ_page"}},{"SetFieldName":{"id":"shape_DunASeWRpU","newName":"content","conceptId":"concept_6M7LXJ_page"}},{"AssignType":{"id":"shape_DunASeWRpU","to":{"StringT":{}},"conceptId":"concept_6M7LXJ_page"}},{"AddField":{"parentId":"shape_l3IRiqVXew","id":"shape_VfJ3TaMdy7","conceptId":"concept_6M7LXJ_page"}},{"SetFieldName":{"id":"shape_VfJ3TaMdy7","newName":"layout","conceptId":"concept_6M7LXJ_page"}},{"AssignType":{"id":"shape_VfJ3TaMdy7","to":{"StringT":{}},"conceptId":"concept_6M7LXJ_page"}},{"AddField":{"parentId":"shape_l3IRiqVXew","id":"shape_4SpMaZPpNO","conceptId":"concept_6M7LXJ_page"}},{"SetFieldName":{"id":"shape_4SpMaZPpNO","newName":"title","conceptId":"concept_6M7LXJ_page"}},{"AssignType":{"id":"shape_4SpMaZPpNO","to":{"StringT":{}},"conceptId":"concept_6M7LXJ_page"}},{"AddField":{"parentId":"shape_l3IRiqVXew","id":"shape_0QRuCLCjZM","conceptId":"concept_6M7LXJ_page"}},{"SetFieldName":{"id":"shape_0QRuCLCjZM","newName":"lang","conceptId":"concept_6M7LXJ_page"}},{"AssignType":{"id":"shape_0QRuCLCjZM","to":{"StringT":{}},"conceptId":"concept_6M7LXJ_page"}},{"AddField":{"parentId":"shape_l3IRiqVXew","id":"shape_GuNsIZWT1I","conceptId":"concept_6M7LXJ_page"}},{"SetFieldName":{"id":"shape_GuNsIZWT1I","newName":"sort","conceptId":"concept_6M7LXJ_page"}},{"AssignType":{"id":"shape_GuNsIZWT1I","to":{"NumberT":{}},"conceptId":"concept_6M7LXJ_page"}},{"AssignType":{"id":"shape_XyTsVpfvOB","to":{"ObjectT":{}},"conceptId":"concept_YSMwiE_blogpage"}},{"AddField":{"parentId":"shape_XyTsVpfvOB","id":"shape_5qMaUR3fwu","conceptId":"concept_YSMwiE_blogpage"}},{"SetFieldName":{"id":"shape_5qMaUR3fwu","newName":"meta-title","conceptId":"concept_YSMwiE_blogpage"}},{"AssignType":{"id":"shape_5qMaUR3fwu","to":{"StringT":{}},"conceptId":"concept_YSMwiE_blogpage"}},{"AddField":{"parentId":"shape_XyTsVpfvOB","id":"shape_c9ZU1wOv0d","conceptId":"concept_YSMwiE_blogpage"}},{"SetFieldName":{"id":"shape_c9ZU1wOv0d","newName":"topics","conceptId":"concept_YSMwiE_blogpage"}},{"AssignType":{"id":"shape_c9ZU1wOv0d","to":{"ListT":{}},"conceptId":"concept_YSMwiE_blogpage"}},{"AddTypeParameter":{"parentId":"shape_c9ZU1wOv0d","id":"shape_DEza0PSwWI","conceptId":"concept_YSMwiE_blogpage"}},{"AssignType":{"id":"shape_DEza0PSwWI","to":{"ListT":{}},"conceptId":"concept_YSMwiE_blogpage"}},{"AddTypeParameter":{"parentId":"shape_DEza0PSwWI","id":"shape_JXrecyH3b0","conceptId":"concept_YSMwiE_blogpage"}},{"AssignType":{"id":"shape_JXrecyH3b0","to":{"StringT":{}},"conceptId":"concept_YSMwiE_blogpage"}},{"AddField":{"parentId":"shape_XyTsVpfvOB","id":"shape_3EosaDk0R9","conceptId":"concept_YSMwiE_blogpage"}},{"SetFieldName":{"id":"shape_3EosaDk0R9","newName":"path","conceptId":"concept_YSMwiE_blogpage"}},{"AssignType":{"id":"shape_3EosaDk0R9","to":{"StringT":{}},"conceptId":"concept_YSMwiE_blogpage"}},{"AddField":{"parentId":"shape_XyTsVpfvOB","id":"shape_5ZY9szRc7f","conceptId":"concept_YSMwiE_blogpage"}},{"SetFieldName":{"id":"shape_5ZY9szRc7f","newName":"excerpt","conceptId":"concept_YSMwiE_blogpage"}},{"AssignType":{"id":"shape_5ZY9szRc7f","to":{"StringT":{}},"conceptId":"concept_YSMwiE_blogpage"}},{"AddField":{"parentId":"shape_XyTsVpfvOB","id":"shape_py9N9TSuXr","conceptId":"concept_YSMwiE_blogpage"}},{"SetFieldName":{"id":"shape_py9N9TSuXr","newName":"url","conceptId":"concept_YSMwiE_blogpage"}},{"AssignType":{"id":"shape_py9N9TSuXr","to":{"StringT":{}},"conceptId":"concept_YSMwiE_blogpage"}},{"AddField":{"parentId":"shape_XyTsVpfvOB","id":"shape_6kuTOfE1K0","conceptId":"concept_YSMwiE_blogpage"}},{"SetFieldName":{"id":"shape_6kuTOfE1K0","newName":"tags","conceptId":"concept_YSMwiE_blogpage"}},{"AssignType":{"id":"shape_6kuTOfE1K0","to":{"ListT":{}},"conceptId":"concept_YSMwiE_blogpage"}},{"AddTypeParameter":{"parentId":"shape_6kuTOfE1K0","id":"shape_kyjDptN3jU","conceptId":"concept_YSMwiE_blogpage"}},{"AssignType":{"id":"shape_kyjDptN3jU","to":{"ListT":{}},"conceptId":"concept_YSMwiE_blogpage"}},{"AddTypeParameter":{"parentId":"shape_kyjDptN3jU","id":"shape_KHJLqup4OZ","conceptId":"concept_YSMwiE_blogpage"}},{"AssignType":{"id":"shape_KHJLqup4OZ","to":{"AnyT":{}},"conceptId":"concept_YSMwiE_blogpage"}},{"AddField":{"parentId":"shape_XyTsVpfvOB","id":"shape_lnfiRRPWY2","conceptId":"concept_YSMwiE_blogpage"}},{"SetFieldName":{"id":"shape_lnfiRRPWY2","newName":"published","conceptId":"concept_YSMwiE_blogpage"}},{"AssignType":{"id":"shape_lnfiRRPWY2","to":{"BooleanT":{}},"conceptId":"concept_YSMwiE_blogpage"}},{"AddField":{"parentId":"shape_XyTsVpfvOB","id":"shape_jvW7t92enD","conceptId":"concept_YSMwiE_blogpage"}},{"SetFieldName":{"id":"shape_jvW7t92enD","newName":"id","conceptId":"concept_YSMwiE_blogpage"}},{"AssignType":{"id":"shape_jvW7t92enD","to":{"StringT":{}},"conceptId":"concept_YSMwiE_blogpage"}},{"AddField":{"parentId":"shape_XyTsVpfvOB","id":"shape_b3dOaHxrYQ","conceptId":"concept_YSMwiE_blogpage"}},{"SetFieldName":{"id":"shape_b3dOaHxrYQ","newName":"date","conceptId":"concept_YSMwiE_blogpage"}},{"AssignType":{"id":"shape_b3dOaHxrYQ","to":{"StringT":{}},"conceptId":"concept_YSMwiE_blogpage"}},{"AddField":{"parentId":"shape_XyTsVpfvOB","id":"shape_lJ6t4GspRX","conceptId":"concept_YSMwiE_blogpage"}},{"SetFieldName":{"id":"shape_lJ6t4GspRX","newName":"categories","conceptId":"concept_YSMwiE_blogpage"}},{"AssignType":{"id":"shape_lJ6t4GspRX","to":{"ListT":{}},"conceptId":"concept_YSMwiE_blogpage"}},{"AddTypeParameter":{"parentId":"shape_lJ6t4GspRX","id":"shape_Q4IBmOZ3hI","conceptId":"concept_YSMwiE_blogpage"}},{"AssignType":{"id":"shape_Q4IBmOZ3hI","to":{"ListT":{}},"conceptId":"concept_YSMwiE_blogpage"}},{"AddTypeParameter":{"parentId":"shape_Q4IBmOZ3hI","id":"shape_pCjMiVmFIW","conceptId":"concept_YSMwiE_blogpage"}},{"AssignType":{"id":"shape_pCjMiVmFIW","to":{"StringT":{}},"conceptId":"concept_YSMwiE_blogpage"}},{"AddField":{"parentId":"shape_XyTsVpfvOB","id":"shape_LYspP77K2q","conceptId":"concept_YSMwiE_blogpage"}},{"SetFieldName":{"id":"shape_LYspP77K2q","newName":"content","conceptId":"concept_YSMwiE_blogpage"}},{"AssignType":{"id":"shape_LYspP77K2q","to":{"StringT":{}},"conceptId":"concept_YSMwiE_blogpage"}},{"AddField":{"parentId":"shape_XyTsVpfvOB","id":"shape_IRatLmo0js","conceptId":"concept_YSMwiE_blogpage"}},{"SetFieldName":{"id":"shape_IRatLmo0js","newName":"meta-description","conceptId":"concept_YSMwiE_blogpage"}},{"AssignType":{"id":"shape_IRatLmo0js","to":{"StringT":{}},"conceptId":"concept_YSMwiE_blogpage"}},{"AddField":{"parentId":"shape_XyTsVpfvOB","id":"shape_Zl30ZDZQLz","conceptId":"concept_YSMwiE_blogpage"}},{"SetFieldName":{"id":"shape_Zl30ZDZQLz","newName":"layout","conceptId":"concept_YSMwiE_blogpage"}},{"AssignType":{"id":"shape_Zl30ZDZQLz","to":{"StringT":{}},"conceptId":"concept_YSMwiE_blogpage"}},{"AddField":{"parentId":"shape_XyTsVpfvOB","id":"shape_oPYLGrsNrh","conceptId":"concept_YSMwiE_blogpage"}},{"SetFieldName":{"id":"shape_oPYLGrsNrh","newName":"title","conceptId":"concept_YSMwiE_blogpage"}},{"AssignType":{"id":"shape_oPYLGrsNrh","to":{"StringT":{}},"conceptId":"concept_YSMwiE_blogpage"}},{"AddField":{"parentId":"shape_XyTsVpfvOB","id":"shape_S6vDhF9PWO","conceptId":"concept_YSMwiE_blogpage"}},{"SetFieldName":{"id":"shape_S6vDhF9PWO","newName":"lang","conceptId":"concept_YSMwiE_blogpage"}},{"AssignType":{"id":"shape_S6vDhF9PWO","to":{"StringT":{}},"conceptId":"concept_YSMwiE_blogpage"}},{"AddField":{"parentId":"shape_XyTsVpfvOB","id":"shape_Gt0DUFkj7U","conceptId":"concept_YSMwiE_blogpage"}},{"SetFieldName":{"id":"shape_Gt0DUFkj7U","newName":"sort","conceptId":"concept_YSMwiE_blogpage"}},{"AssignType":{"id":"shape_Gt0DUFkj7U","to":{"NumberT":{}},"conceptId":"concept_YSMwiE_blogpage"}},{"AddField":{"parentId":"shape_XyTsVpfvOB","id":"shape_OyCDLiKXNl","conceptId":"concept_YSMwiE_blogpage"}},{"SetFieldName":{"id":"shape_OyCDLiKXNl","newName":"seo-keywords","conceptId":"concept_YSMwiE_blogpage"}},{"AssignType":{"id":"shape_OyCDLiKXNl","to":{"StringT":{}},"conceptId":"concept_YSMwiE_blogpage"}},{"AssignType":{"id":"shape_DKPz2rh158","to":{"ObjectT":{}},"conceptId":"concept_xpxUxX_articleslist"}},{"AddField":{"parentId":"shape_DKPz2rh158","id":"shape_TpCyIwKHmH","conceptId":"concept_xpxUxX_articleslist"}},{"SetFieldName":{"id":"shape_TpCyIwKHmH","newName":"articles","conceptId":"concept_xpxUxX_articleslist"}},{"AssignType":{"id":"shape_TpCyIwKHmH","to":{"ListT":{}},"conceptId":"concept_xpxUxX_articleslist"}},{"AddTypeParameter":{"parentId":"shape_TpCyIwKHmH","id":"shape_I9R7CEffgp","conceptId":"concept_xpxUxX_articleslist"}},{"AssignType":{"id":"shape_I9R7CEffgp","to":{"ObjectT":{}},"conceptId":"concept_xpxUxX_articleslist"}},{"AssignType":{"id":"shape_HIhLSRa07u","to":{"ObjectT":{}},"conceptId":"concept_4LENkv_glossarylist"}},{"AddField":{"parentId":"shape_HIhLSRa07u","id":"shape_X3L9ZNWm3S","conceptId":"concept_4LENkv_glossarylist"}},{"SetFieldName":{"id":"shape_X3L9ZNWm3S","newName":"glossary","conceptId":"concept_4LENkv_glossarylist"}},{"AssignType":{"id":"shape_X3L9ZNWm3S","to":{"ListT":{}},"conceptId":"concept_4LENkv_glossarylist"}},{"AddTypeParameter":{"parentId":"shape_X3L9ZNWm3S","id":"shape_3PDp8Ixp8K","conceptId":"concept_4LENkv_glossarylist"}},{"AssignType":{"id":"shape_3PDp8Ixp8K","to":{"ObjectT":{}},"conceptId":"concept_4LENkv_glossarylist"}},{"AssignType":{"id":"shape_f4Kc1Q2Lal","to":{"ObjectT":{}},"conceptId":"concept_wQOIpI_questionpage"}},{"AddField":{"parentId":"shape_f4Kc1Q2Lal","id":"shape_HzT7Pma4WC","conceptId":"concept_wQOIpI_questionpage"}},{"SetFieldName":{"id":"shape_HzT7Pma4WC","newName":"path","conceptId":"concept_wQOIpI_questionpage"}},{"AssignType":{"id":"shape_HzT7Pma4WC","to":{"StringT":{}},"conceptId":"concept_wQOIpI_questionpage"}},{"AddField":{"parentId":"shape_f4Kc1Q2Lal","id":"shape_P638Ao7hoG","conceptId":"concept_wQOIpI_questionpage"}},{"SetFieldName":{"id":"shape_P638Ao7hoG","newName":"excerpt","conceptId":"concept_wQOIpI_questionpage"}},{"AssignType":{"id":"shape_P638Ao7hoG","to":{"StringT":{}},"conceptId":"concept_wQOIpI_questionpage"}},{"AddField":{"parentId":"shape_f4Kc1Q2Lal","id":"shape_TcqGZcCzlH","conceptId":"concept_wQOIpI_questionpage"}},{"SetFieldName":{"id":"shape_TcqGZcCzlH","newName":"url","conceptId":"concept_wQOIpI_questionpage"}},{"AssignType":{"id":"shape_TcqGZcCzlH","to":{"StringT":{}},"conceptId":"concept_wQOIpI_questionpage"}},{"AddField":{"parentId":"shape_f4Kc1Q2Lal","id":"shape_Eg4RHLn8Of","conceptId":"concept_wQOIpI_questionpage"}},{"SetFieldName":{"id":"shape_Eg4RHLn8Of","newName":"tags","conceptId":"concept_wQOIpI_questionpage"}},{"AssignType":{"id":"shape_Eg4RHLn8Of","to":{"ListT":{}},"conceptId":"concept_wQOIpI_questionpage"}},{"AddTypeParameter":{"parentId":"shape_Eg4RHLn8Of","id":"shape_mfDDGJNojQ","conceptId":"concept_wQOIpI_questionpage"}},{"AssignType":{"id":"shape_mfDDGJNojQ","to":{"StringT":{}},"conceptId":"concept_wQOIpI_questionpage"}},{"AddField":{"parentId":"shape_f4Kc1Q2Lal","id":"shape_e2K59kLRlC","conceptId":"concept_wQOIpI_questionpage"}},{"SetFieldName":{"id":"shape_e2K59kLRlC","newName":"published","conceptId":"concept_wQOIpI_questionpage"}},{"AssignType":{"id":"shape_e2K59kLRlC","to":{"BooleanT":{}},"conceptId":"concept_wQOIpI_questionpage"}},{"AddField":{"parentId":"shape_f4Kc1Q2Lal","id":"shape_Lc1QeJBQAF","conceptId":"concept_wQOIpI_questionpage"}},{"SetFieldName":{"id":"shape_Lc1QeJBQAF","newName":"id","conceptId":"concept_wQOIpI_questionpage"}},{"AssignType":{"id":"shape_Lc1QeJBQAF","to":{"StringT":{}},"conceptId":"concept_wQOIpI_questionpage"}},{"AddField":{"parentId":"shape_f4Kc1Q2Lal","id":"shape_kH0QqnEr14","conceptId":"concept_wQOIpI_questionpage"}},{"SetFieldName":{"id":"shape_kH0QqnEr14","newName":"date","conceptId":"concept_wQOIpI_questionpage"}},{"AssignType":{"id":"shape_kH0QqnEr14","to":{"StringT":{}},"conceptId":"concept_wQOIpI_questionpage"}},{"AddField":{"parentId":"shape_f4Kc1Q2Lal","id":"shape_5RGbNz3wvg","conceptId":"concept_wQOIpI_questionpage"}},{"SetFieldName":{"id":"shape_5RGbNz3wvg","newName":"categories","conceptId":"concept_wQOIpI_questionpage"}},{"AssignType":{"id":"shape_5RGbNz3wvg","to":{"ListT":{}},"conceptId":"concept_wQOIpI_questionpage"}},{"AddTypeParameter":{"parentId":"shape_5RGbNz3wvg","id":"shape_Pd9S3Bq6Ct","conceptId":"concept_wQOIpI_questionpage"}},{"AssignType":{"id":"shape_Pd9S3Bq6Ct","to":{"StringT":{}},"conceptId":"concept_wQOIpI_questionpage"}},{"AddField":{"parentId":"shape_f4Kc1Q2Lal","id":"shape_Oz47JCBJ8Y","conceptId":"concept_wQOIpI_questionpage"}},{"SetFieldName":{"id":"shape_Oz47JCBJ8Y","newName":"content","conceptId":"concept_wQOIpI_questionpage"}},{"AssignType":{"id":"shape_Oz47JCBJ8Y","to":{"StringT":{}},"conceptId":"concept_wQOIpI_questionpage"}},{"AddField":{"parentId":"shape_f4Kc1Q2Lal","id":"shape_4yiXxU5iKe","conceptId":"concept_wQOIpI_questionpage"}},{"SetFieldName":{"id":"shape_4yiXxU5iKe","newName":"title","conceptId":"concept_wQOIpI_questionpage"}},{"AssignType":{"id":"shape_4yiXxU5iKe","to":{"StringT":{}},"conceptId":"concept_wQOIpI_questionpage"}},{"AddField":{"parentId":"shape_f4Kc1Q2Lal","id":"shape_JxJ85bEyvA","conceptId":"concept_wQOIpI_questionpage"}},{"SetFieldName":{"id":"shape_JxJ85bEyvA","newName":"lang","conceptId":"concept_wQOIpI_questionpage"}},{"AssignType":{"id":"shape_JxJ85bEyvA","to":{"StringT":{}},"conceptId":"concept_wQOIpI_questionpage"}},{"AddField":{"parentId":"shape_f4Kc1Q2Lal","id":"shape_SPWOO5QwgJ","conceptId":"concept_wQOIpI_questionpage"}},{"SetFieldName":{"id":"shape_SPWOO5QwgJ","newName":"sort","conceptId":"concept_wQOIpI_questionpage"}},{"AssignType":{"id":"shape_SPWOO5QwgJ","to":{"NumberT":{}},"conceptId":"concept_wQOIpI_questionpage"}},{"AssignType":{"id":"shape_mTQDIHclUq","to":{"ObjectT":{}},"conceptId":"concept_ZVufM7_questionslist"}},{"AddField":{"parentId":"shape_mTQDIHclUq","id":"shape_mAuC23WWPr","conceptId":"concept_ZVufM7_questionslist"}},{"SetFieldName":{"id":"shape_mAuC23WWPr","newName":"questions","conceptId":"concept_ZVufM7_questionslist"}},{"AssignType":{"id":"shape_mAuC23WWPr","to":{"ListT":{}},"conceptId":"concept_ZVufM7_questionslist"}},{"AddTypeParameter":{"parentId":"shape_mAuC23WWPr","id":"shape_eQRlUQsJyw","conceptId":"concept_ZVufM7_questionslist"}},{"AssignType":{"id":"shape_eQRlUQsJyw","to":{"ObjectT":{}},"conceptId":"concept_ZVufM7_questionslist"}},{"AssignType":{"id":"shape_vmNLAzMAFu","to":{"ObjectT":{}},"conceptId":"concept_u6nuPT_topicslist"}},{"AddField":{"parentId":"shape_vmNLAzMAFu","id":"shape_U6OLliuDP5","conceptId":"concept_u6nuPT_topicslist"}},{"SetFieldName":{"id":"shape_U6OLliuDP5","newName":"topics","conceptId":"concept_u6nuPT_topicslist"}},{"AssignType":{"id":"shape_U6OLliuDP5","to":{"ListT":{}},"conceptId":"concept_u6nuPT_topicslist"}},{"AddTypeParameter":{"parentId":"shape_U6OLliuDP5","id":"shape_WIqJjSRRq1","conceptId":"concept_u6nuPT_topicslist"}},{"AssignType":{"id":"shape_WIqJjSRRq1","to":{"ObjectT":{}},"conceptId":"concept_u6nuPT_topicslist"}},{"AssignType":{"id":"shape_wsCRM5ijb6","to":{"ObjectT":{}},"conceptId":"concept_0kINti_glossarypage"}},{"AddField":{"parentId":"shape_wsCRM5ijb6","id":"shape_pyk6QSrGA4","conceptId":"concept_0kINti_glossarypage"}},{"SetFieldName":{"id":"shape_pyk6QSrGA4","newName":"path","conceptId":"concept_0kINti_glossarypage"}},{"AssignType":{"id":"shape_pyk6QSrGA4","to":{"StringT":{}},"conceptId":"concept_0kINti_glossarypage"}},{"AddField":{"parentId":"shape_wsCRM5ijb6","id":"shape_UybHNLRk5v","conceptId":"concept_0kINti_glossarypage"}},{"SetFieldName":{"id":"shape_UybHNLRk5v","newName":"excerpt","conceptId":"concept_0kINti_glossarypage"}},{"AssignType":{"id":"shape_UybHNLRk5v","to":{"StringT":{}},"conceptId":"concept_0kINti_glossarypage"}},{"AddField":{"parentId":"shape_wsCRM5ijb6","id":"shape_BJq4BBk0ak","conceptId":"concept_0kINti_glossarypage"}},{"SetFieldName":{"id":"shape_BJq4BBk0ak","newName":"url","conceptId":"concept_0kINti_glossarypage"}},{"AssignType":{"id":"shape_BJq4BBk0ak","to":{"StringT":{}},"conceptId":"concept_0kINti_glossarypage"}},{"AddField":{"parentId":"shape_wsCRM5ijb6","id":"shape_0n1xBUSu9W","conceptId":"concept_0kINti_glossarypage"}},{"SetFieldName":{"id":"shape_0n1xBUSu9W","newName":"tags","conceptId":"concept_0kINti_glossarypage"}},{"AssignType":{"id":"shape_0n1xBUSu9W","to":{"ListT":{}},"conceptId":"concept_0kINti_glossarypage"}},{"AddTypeParameter":{"parentId":"shape_0n1xBUSu9W","id":"shape_WERFddU2cK","conceptId":"concept_0kINti_glossarypage"}},{"AssignType":{"id":"shape_WERFddU2cK","to":{"StringT":{}},"conceptId":"concept_0kINti_glossarypage"}},{"AddField":{"parentId":"shape_wsCRM5ijb6","id":"shape_NdaJVNkkmz","conceptId":"concept_0kINti_glossarypage"}},{"SetFieldName":{"id":"shape_NdaJVNkkmz","newName":"published","conceptId":"concept_0kINti_glossarypage"}},{"AssignType":{"id":"shape_NdaJVNkkmz","to":{"BooleanT":{}},"conceptId":"concept_0kINti_glossarypage"}},{"AddField":{"parentId":"shape_wsCRM5ijb6","id":"shape_nMATnZRCmw","conceptId":"concept_0kINti_glossarypage"}},{"SetFieldName":{"id":"shape_nMATnZRCmw","newName":"id","conceptId":"concept_0kINti_glossarypage"}},{"AssignType":{"id":"shape_nMATnZRCmw","to":{"StringT":{}},"conceptId":"concept_0kINti_glossarypage"}},{"AddField":{"parentId":"shape_wsCRM5ijb6","id":"shape_AlTuVcIIg5","conceptId":"concept_0kINti_glossarypage"}},{"SetFieldName":{"id":"shape_AlTuVcIIg5","newName":"date","conceptId":"concept_0kINti_glossarypage"}},{"AssignType":{"id":"shape_AlTuVcIIg5","to":{"StringT":{}},"conceptId":"concept_0kINti_glossarypage"}},{"AddField":{"parentId":"shape_wsCRM5ijb6","id":"shape_3YMZ1HIYNq","conceptId":"concept_0kINti_glossarypage"}},{"SetFieldName":{"id":"shape_3YMZ1HIYNq","newName":"categories","conceptId":"concept_0kINti_glossarypage"}},{"AssignType":{"id":"shape_3YMZ1HIYNq","to":{"ListT":{}},"conceptId":"concept_0kINti_glossarypage"}},{"AddTypeParameter":{"parentId":"shape_3YMZ1HIYNq","id":"shape_0lnJ5juLhx","conceptId":"concept_0kINti_glossarypage"}},{"AssignType":{"id":"shape_0lnJ5juLhx","to":{"StringT":{}},"conceptId":"concept_0kINti_glossarypage"}},{"AddField":{"parentId":"shape_wsCRM5ijb6","id":"shape_zGppw0oNgX","conceptId":"concept_0kINti_glossarypage"}},{"SetFieldName":{"id":"shape_zGppw0oNgX","newName":"content","conceptId":"concept_0kINti_glossarypage"}},{"AssignType":{"id":"shape_zGppw0oNgX","to":{"StringT":{}},"conceptId":"concept_0kINti_glossarypage"}},{"AddField":{"parentId":"shape_wsCRM5ijb6","id":"shape_2H2HOxojmO","conceptId":"concept_0kINti_glossarypage"}},{"SetFieldName":{"id":"shape_2H2HOxojmO","newName":"layout","conceptId":"concept_0kINti_glossarypage"}},{"AssignType":{"id":"shape_2H2HOxojmO","to":{"StringT":{}},"conceptId":"concept_0kINti_glossarypage"}},{"AddField":{"parentId":"shape_wsCRM5ijb6","id":"shape_pmX1KDmMj4","conceptId":"concept_0kINti_glossarypage"}},{"SetFieldName":{"id":"shape_pmX1KDmMj4","newName":"title","conceptId":"concept_0kINti_glossarypage"}},{"AssignType":{"id":"shape_pmX1KDmMj4","to":{"StringT":{}},"conceptId":"concept_0kINti_glossarypage"}},{"AddField":{"parentId":"shape_wsCRM5ijb6","id":"shape_YrZSUDP8NB","conceptId":"concept_0kINti_glossarypage"}},{"SetFieldName":{"id":"shape_YrZSUDP8NB","newName":"lang","conceptId":"concept_0kINti_glossarypage"}},{"AssignType":{"id":"shape_YrZSUDP8NB","to":{"StringT":{}},"conceptId":"concept_0kINti_glossarypage"}},{"AddField":{"parentId":"shape_wsCRM5ijb6","id":"shape_Ky6zCbPnNx","conceptId":"concept_0kINti_glossarypage"}},{"SetFieldName":{"id":"shape_Ky6zCbPnNx","newName":"sort","conceptId":"concept_0kINti_glossarypage"}},{"AssignType":{"id":"shape_Ky6zCbPnNx","to":{"NumberT":{}},"conceptId":"concept_0kINti_glossarypage"}},{"AddPathComponent":{"pathId":"jYIFlB_path_0","parentPathId":"root","name":"api"}},{"AddPathComponent":{"pathId":"jYIFlB_path_1","parentPathId":"jYIFlB_path_0","name":"articles{mediaTypeExtension}"}},{"AddPathComponent":{"pathId":"jYIFlB_path_2","parentPathId":"jYIFlB_path_0","name":"blog{mediaTypeExtension}"}},{"AddPathComponent":{"pathId":"jYIFlB_path_3","parentPathId":"jYIFlB_path_0","name":"glossary{mediaTypeExtension}"}},{"AddPathComponent":{"pathId":"jYIFlB_path_4","parentPathId":"jYIFlB_path_0","name":"questions{mediaTypeExtension}"}},{"AddPathComponent":{"pathId":"jYIFlB_path_5","parentPathId":"jYIFlB_path_0","name":"states{mediaTypeExtension}"}},{"AddPathComponent":{"pathId":"jYIFlB_path_6","parentPathId":"jYIFlB_path_0","name":"topics{mediaTypeExtension}"}},{"AddPathComponent":{"pathId":"jYIFlB_path_7","parentPathId":"root","name":"blog"}},{"AddPathParameter":{"pathId":"jYIFlB_path_8","parentPathId":"jYIFlB_path_7","name":"pageName}{mediaTypeExtension"}},{"AddPathComponent":{"pathId":"jYIFlB_path_9","parentPathId":"root","name":"es"}},{"AddPathComponent":{"pathId":"jYIFlB_path_10","parentPathId":"jYIFlB_path_9","name":"blog"}},{"AddPathParameter":{"pathId":"jYIFlB_path_11","parentPathId":"jYIFlB_path_10","name":"pageName}{mediaTypeExtension"}},{"AddPathComponent":{"pathId":"jYIFlB_path_12","parentPathId":"jYIFlB_path_9","name":"glossary"}},{"AddPathParameter":{"pathId":"jYIFlB_path_13","parentPathId":"jYIFlB_path_12","name":"pageName}{mediaTypeExtension"}},{"AddPathComponent":{"pathId":"jYIFlB_path_14","parentPathId":"jYIFlB_path_9","name":"question"}},{"AddPathParameter":{"pathId":"jYIFlB_path_15","parentPathId":"jYIFlB_path_14","name":"pageName}{mediaTypeExtension"}},{"AddPathParameter":{"pathId":"jYIFlB_path_16","parentPathId":"jYIFlB_path_9","name":"stateName}{mediaTypeExtension"}},{"AddPathComponent":{"pathId":"jYIFlB_path_17","parentPathId":"root","name":"glossary"}},{"AddPathParameter":{"pathId":"jYIFlB_path_18","parentPathId":"jYIFlB_path_17","name":"pageName}{mediaTypeExtension"}},{"AddPathComponent":{"pathId":"jYIFlB_path_19","parentPathId":"root","name":"question"}},{"AddPathParameter":{"pathId":"jYIFlB_path_20","parentPathId":"jYIFlB_path_19","name":"pageName}{mediaTypeExtension"}},{"AddPathParameter":{"pathId":"jYIFlB_path_21","parentPathId":"root","name":"stateName}{mediaTypeExtension"}},{"AddRequest":{"requestId":"path_8myNBzIf9S}_get","pathId":"jYIFlB_path_6","httpMethod":"get"}},{"AddResponse":{"responseId":"response_P0t9nIKdSq","requestId":"path_8myNBzIf9S}_get","httpStatusCode":200}},{"DefineInlineConcept":{"root":"shape_5A3StSfwnj","conceptId":"concept_6rCtyUyaqL1G"}},{"AssignType":{"id":"shape_5A3StSfwnj","to":{"RefT":{"conceptId":"concept_u6nuPT_topicslist"}},"conceptId":"concept_6rCtyUyaqL1G"}},{"AddResponse":{"responseId":"response_9HwglmWtHN","requestId":"path_8myNBzIf9S}_get","httpStatusCode":404}},{"AddRequest":{"requestId":"path_1CEcnUo2Cb}_get","pathId":"jYIFlB_path_2","httpMethod":"get"}},{"AddResponse":{"responseId":"response_8Efzx8YQza","requestId":"path_1CEcnUo2Cb}_get","httpStatusCode":200}},{"DefineInlineConcept":{"root":"shape_snGYWKic2b","conceptId":"concept_6kgfMe0aZ5WX"}},{"AssignType":{"id":"shape_snGYWKic2b","to":{"RefT":{"conceptId":"concept_ekFQdS_bloglist"}},"conceptId":"concept_6kgfMe0aZ5WX"}},{"AddResponse":{"responseId":"response_kNW1iKTS5I","requestId":"path_1CEcnUo2Cb}_get","httpStatusCode":404}},{"AddRequest":{"requestId":"path_BITvzvS2wP}_get","pathId":"jYIFlB_path_21","httpMethod":"get"}},{"AddResponse":{"responseId":"response_ov13SXUWjj","requestId":"path_BITvzvS2wP}_get","httpStatusCode":200}},{"DefineInlineConcept":{"root":"shape_XHsmF0I9lA","conceptId":"concept_305dyQ1jD6EY"}},{"AssignType":{"id":"shape_XHsmF0I9lA","to":{"RefT":{"conceptId":"concept_6M7LXJ_page"}},"conceptId":"concept_305dyQ1jD6EY"}},{"AddResponse":{"responseId":"response_0umY4bNtrv","requestId":"path_BITvzvS2wP}_get","httpStatusCode":404}},{"AddRequest":{"requestId":"path_Y9t3ILQ6gu}_get","pathId":"jYIFlB_path_1","httpMethod":"get"}},{"AddResponse":{"responseId":"response_NtkTQXAAsG","requestId":"path_Y9t3ILQ6gu}_get","httpStatusCode":200}},{"DefineInlineConcept":{"root":"shape_aEZTanN2L0","conceptId":"concept_LbMYes8T1Czc"}},{"AssignType":{"id":"shape_aEZTanN2L0","to":{"RefT":{"conceptId":"concept_xpxUxX_articleslist"}},"conceptId":"concept_LbMYes8T1Czc"}},{"AddResponse":{"responseId":"response_KCKJPEiiTW","requestId":"path_Y9t3ILQ6gu}_get","httpStatusCode":404}},{"AddRequest":{"requestId":"path_qY04cvGv4V}_get","pathId":"jYIFlB_path_18","httpMethod":"get"}},{"AddResponse":{"responseId":"response_m3ljK4RQ4b","requestId":"path_qY04cvGv4V}_get","httpStatusCode":200}},{"DefineInlineConcept":{"root":"shape_FZ21ToE3Ta","conceptId":"concept_6YIfxftBL7NO"}},{"AssignType":{"id":"shape_FZ21ToE3Ta","to":{"RefT":{"conceptId":"concept_0kINti_glossarypage"}},"conceptId":"concept_6YIfxftBL7NO"}},{"AddResponse":{"responseId":"response_O0IXzH9411","requestId":"path_qY04cvGv4V}_get","httpStatusCode":404}},{"AddRequest":{"requestId":"path_kmqh7XsWm4}_get","pathId":"jYIFlB_path_3","httpMethod":"get"}},{"AddResponse":{"responseId":"response_4WbMHcauHo","requestId":"path_kmqh7XsWm4}_get","httpStatusCode":200}},{"DefineInlineConcept":{"root":"shape_iodiSGQJXg","conceptId":"concept_HoRh0BGc6xEr"}},{"AssignType":{"id":"shape_iodiSGQJXg","to":{"RefT":{"conceptId":"concept_4LENkv_glossarylist"}},"conceptId":"concept_HoRh0BGc6xEr"}},{"AddResponse":{"responseId":"response_nBmVZ5SHzC","requestId":"path_kmqh7XsWm4}_get","httpStatusCode":404}},{"AddRequest":{"requestId":"path_me58MbmJoP}_get","pathId":"jYIFlB_path_20","httpMethod":"get"}},{"AddResponse":{"responseId":"response_5HpZ9T6LDK","requestId":"path_me58MbmJoP}_get","httpStatusCode":200}},{"DefineInlineConcept":{"root":"shape_MYji2frMS6","conceptId":"concept_tmtj95SRcGGI"}},{"AssignType":{"id":"shape_MYji2frMS6","to":{"RefT":{"conceptId":"concept_wQOIpI_questionpage"}},"conceptId":"concept_tmtj95SRcGGI"}},{"AddResponse":{"responseId":"response_nKlrKht2aq","requestId":"path_me58MbmJoP}_get","httpStatusCode":404}},{"AddRequest":{"requestId":"path_xxtuhxAGjN}_get","pathId":"jYIFlB_path_21","httpMethod":"get"}},{"AddResponse":{"responseId":"response_uqKANpuRfj","requestId":"path_xxtuhxAGjN}_get","httpStatusCode":200}},{"DefineInlineConcept":{"root":"shape_6O8xPddjTF","conceptId":"concept_1wtelyJOJvrc"}},{"AssignType":{"id":"shape_6O8xPddjTF","to":{"RefT":{"conceptId":"concept_plTWjq_statepage"}},"conceptId":"concept_1wtelyJOJvrc"}},{"AddResponse":{"responseId":"response_DNX9alQCmI","requestId":"path_xxtuhxAGjN}_get","httpStatusCode":404}},{"AddRequest":{"requestId":"path_9kNvmTHRkT}_get","pathId":"jYIFlB_path_4","httpMethod":"get"}},{"AddResponse":{"responseId":"response_4PelsTCLNu","requestId":"path_9kNvmTHRkT}_get","httpStatusCode":200}},{"DefineInlineConcept":{"root":"shape_bNG78zMFAQ","conceptId":"concept_PKu4wXoo4Scc"}},{"AssignType":{"id":"shape_bNG78zMFAQ","to":{"RefT":{"conceptId":"concept_ZVufM7_questionslist"}},"conceptId":"concept_PKu4wXoo4Scc"}},{"AddResponse":{"responseId":"response_MgpSc31Cie","requestId":"path_9kNvmTHRkT}_get","httpStatusCode":404}},{"AddRequest":{"requestId":"path_CRD9C0k6hY}_get","pathId":"jYIFlB_path_15","httpMethod":"get"}},{"AddResponse":{"responseId":"response_Hd2MlD20Ih","requestId":"path_CRD9C0k6hY}_get","httpStatusCode":200}},{"DefineInlineConcept":{"root":"shape_QhrjEdZ8hx","conceptId":"concept_FexcQoc5OZKM"}},{"AssignType":{"id":"shape_QhrjEdZ8hx","to":{"RefT":{"conceptId":"concept_wQOIpI_questionpage"}},"conceptId":"concept_FexcQoc5OZKM"}},{"AddResponse":{"responseId":"response_m0jl1JUKCz","requestId":"path_CRD9C0k6hY}_get","httpStatusCode":404}},{"AddRequest":{"requestId":"path_ojXC3mjroJ}_get","pathId":"jYIFlB_path_16","httpMethod":"get"}},{"AddResponse":{"responseId":"response_vY2YvNIHKa","requestId":"path_ojXC3mjroJ}_get","httpStatusCode":200}},{"DefineInlineConcept":{"root":"shape_msJb37gc7N","conceptId":"concept_vuRFOm8b9XJ5"}},{"AssignType":{"id":"shape_msJb37gc7N","to":{"RefT":{"conceptId":"concept_6M7LXJ_page"}},"conceptId":"concept_vuRFOm8b9XJ5"}},{"AddResponse":{"responseId":"response_ZufKiaGyqF","requestId":"path_ojXC3mjroJ}_get","httpStatusCode":404}},{"AddRequest":{"requestId":"path_iNVQ4OKL0X}_get","pathId":"jYIFlB_path_13","httpMethod":"get"}},{"AddResponse":{"responseId":"response_nKtiTpfoTN","requestId":"path_iNVQ4OKL0X}_get","httpStatusCode":200}},{"DefineInlineConcept":{"root":"shape_s0XvaDoa88","conceptId":"concept_6adkEdXuV8Vu"}},{"AssignType":{"id":"shape_s0XvaDoa88","to":{"RefT":{"conceptId":"concept_0kINti_glossarypage"}},"conceptId":"concept_6adkEdXuV8Vu"}},{"AddResponse":{"responseId":"response_saYSR85Iz7","requestId":"path_iNVQ4OKL0X}_get","httpStatusCode":404}},{"AddRequest":{"requestId":"path_jKcS7XhD5u}_get","pathId":"jYIFlB_path_5","httpMethod":"get"}},{"AddResponse":{"responseId":"response_e784EHu9cO","requestId":"path_jKcS7XhD5u}_get","httpStatusCode":200}},{"DefineInlineConcept":{"root":"shape_1GiMR4TQmb","conceptId":"concept_v9ZByo90SnA8"}},{"AssignType":{"id":"shape_1GiMR4TQmb","to":{"RefT":{"conceptId":"concept_sO6jxu_stateslist"}},"conceptId":"concept_v9ZByo90SnA8"}},{"AddResponse":{"responseId":"response_VRHIDHeZIJ","requestId":"path_jKcS7XhD5u}_get","httpStatusCode":404}},{"AddRequest":{"requestId":"path_4mwmckD1QJ}_get","pathId":"jYIFlB_path_16","httpMethod":"get"}},{"AddResponse":{"responseId":"response_g9eo821iOM","requestId":"path_4mwmckD1QJ}_get","httpStatusCode":200}},{"DefineInlineConcept":{"root":"shape_VMfKLPdMII","conceptId":"concept_QY9wjQos3JAQ"}},{"AssignType":{"id":"shape_VMfKLPdMII","to":{"RefT":{"conceptId":"concept_plTWjq_statepage"}},"conceptId":"concept_QY9wjQos3JAQ"}},{"AddResponse":{"responseId":"response_JOAyvtPyg6","requestId":"path_4mwmckD1QJ}_get","httpStatusCode":404}},{"AddRequest":{"requestId":"path_QCPH1Yx8jY}_get","pathId":"jYIFlB_path_11","httpMethod":"get"}},{"AddResponse":{"responseId":"response_xbOpNoo7P6","requestId":"path_QCPH1Yx8jY}_get","httpStatusCode":200}},{"DefineInlineConcept":{"root":"shape_GkgE6EENLn","conceptId":"concept_gq8kBb2py2bx"}},{"AssignType":{"id":"shape_GkgE6EENLn","to":{"RefT":{"conceptId":"concept_YSMwiE_blogpage"}},"conceptId":"concept_gq8kBb2py2bx"}},{"AddResponse":{"responseId":"response_rXTY2GWNzP","requestId":"path_QCPH1Yx8jY}_get","httpStatusCode":404}},{"AddRequest":{"requestId":"path_y4bsiFkWt2}_get","pathId":"jYIFlB_path_8","httpMethod":"get"}},{"AddResponse":{"responseId":"response_GLEqcQPt4p","requestId":"path_y4bsiFkWt2}_get","httpStatusCode":200}},{"DefineInlineConcept":{"root":"shape_ERBeGymcsJ","conceptId":"concept_yAfvUAqe9giy"}},{"AssignType":{"id":"shape_ERBeGymcsJ","to":{"RefT":{"conceptId":"concept_YSMwiE_blogpage"}},"conceptId":"concept_yAfvUAqe9giy"}},{"AddResponse":{"responseId":"response_2Z1PQRwUKq","requestId":"path_y4bsiFkWt2}_get","httpStatusCode":404}},{"SetResponseBodyShape":{"responseId":"response_P0t9nIKdSq","bodyDescriptor":{"httpContentType":"application/json","conceptId":"concept_6rCtyUyaqL1G"}}},{"SetResponseBodyShape":{"responseId":"response_8Efzx8YQza","bodyDescriptor":{"httpContentType":"application/json","conceptId":"concept_6kgfMe0aZ5WX"}}},{"SetResponseBodyShape":{"responseId":"response_ov13SXUWjj","bodyDescriptor":{"httpContentType":"application/html","conceptId":"concept_305dyQ1jD6EY"}}},{"SetResponseBodyShape":{"responseId":"response_NtkTQXAAsG","bodyDescriptor":{"httpContentType":"application/json","conceptId":"concept_LbMYes8T1Czc"}}},{"SetResponseBodyShape":{"responseId":"response_m3ljK4RQ4b","bodyDescriptor":{"httpContentType":"application/html","conceptId":"concept_6YIfxftBL7NO"}}},{"SetResponseBodyShape":{"responseId":"response_4WbMHcauHo","bodyDescriptor":{"httpContentType":"application/json","conceptId":"concept_HoRh0BGc6xEr"}}},{"SetResponseBodyShape":{"responseId":"response_5HpZ9T6LDK","bodyDescriptor":{"httpContentType":"application/json","conceptId":"concept_tmtj95SRcGGI"}}},{"SetResponseBodyShape":{"responseId":"response_uqKANpuRfj","bodyDescriptor":{"httpContentType":"application/json","conceptId":"concept_1wtelyJOJvrc"}}},{"SetResponseBodyShape":{"responseId":"response_4PelsTCLNu","bodyDescriptor":{"httpContentType":"application/json","conceptId":"concept_PKu4wXoo4Scc"}}},{"SetResponseBodyShape":{"responseId":"response_Hd2MlD20Ih","bodyDescriptor":{"httpContentType":"application/json","conceptId":"concept_FexcQoc5OZKM"}}},{"SetResponseBodyShape":{"responseId":"response_vY2YvNIHKa","bodyDescriptor":{"httpContentType":"application/html","conceptId":"concept_vuRFOm8b9XJ5"}}},{"SetResponseBodyShape":{"responseId":"response_nKtiTpfoTN","bodyDescriptor":{"httpContentType":"application/html","conceptId":"concept_6adkEdXuV8Vu"}}},{"SetResponseBodyShape":{"responseId":"response_e784EHu9cO","bodyDescriptor":{"httpContentType":"application/json","conceptId":"concept_v9ZByo90SnA8"}}},{"SetResponseBodyShape":{"responseId":"response_g9eo821iOM","bodyDescriptor":{"httpContentType":"application/json","conceptId":"concept_QY9wjQos3JAQ"}}},{"SetResponseBodyShape":{"responseId":"response_xbOpNoo7P6","bodyDescriptor":{"httpContentType":"application/html","conceptId":"concept_gq8kBb2py2bx"}}},{"SetResponseBodyShape":{"responseId":"response_GLEqcQPt4p","bodyDescriptor":{"httpContentType":"application/html","conceptId":"concept_yAfvUAqe9giy"}}}]