[{"DefineConcept":{"name":"cell_lte_nmr","root":"shape_qyyvxuwTo5","conceptId":"concept_6Tqhe7_cell_lte_nmr"}},{"SetConceptName":{"newName":"cell_lte_nmr","conceptId":"concept_6Tqhe7_cell_lte_nmr"}},{"DefineConcept":{"name":"cell_cdma_nmr","root":"shape_s7SzOvt41h","conceptId":"concept_30zBAG_cell_cdma_nmr"}},{"SetConceptName":{"newName":"cell_cdma_nmr","conceptId":"concept_30zBAG_cell_cdma_nmr"}},{"DefineConcept":{"name":"cell_gsm_nmr","root":"shape_Vc4lRzRMAd","conceptId":"concept_d6nWtG_cell_gsm_nmr"}},{"SetConceptName":{"newName":"cell_gsm_nmr","conceptId":"concept_d6nWtG_cell_gsm_nmr"}},{"DefineConcept":{"name":"wlan_locate","root":"shape_jYf25fgm9L","conceptId":"concept_3E0ejR_wlan_locate"}},{"SetConceptName":{"newName":"wlan_locate","conceptId":"concept_3E0ejR_wlan_locate"}},{"DefineConcept":{"name":"response_success_locate","root":"shape_h3zR6Mzg2t","conceptId":"concept_gX9nzK_response_success_locate"}},{"SetConceptName":{"newName":"response_success_locate","conceptId":"concept_gX9nzK_response_success_locate"}},{"DefineConcept":{"name":"response_error","root":"shape_u2VfT8iL48","conceptId":"concept_DuaOCe_response_error"}},{"SetConceptName":{"newName":"response_error","conceptId":"concept_DuaOCe_response_error"}},{"DefineConcept":{"name":"cell_gsm_locate","root":"shape_H0u7idzUR2","conceptId":"concept_iIFl1e_cell_gsm_locate"}},{"SetConceptName":{"newName":"cell_gsm_locate","conceptId":"concept_iIFl1e_cell_gsm_locate"}},{"DefineConcept":{"name":"cell_wcdma_nmr","root":"shape_cTfcxfqum0","conceptId":"concept_dh3AYv_cell_wcdma_nmr"}},{"SetConceptName":{"newName":"cell_wcdma_nmr","conceptId":"concept_dh3AYv_cell_wcdma_nmr"}},{"DefineConcept":{"name":"cell_lte_locate","root":"shape_SFH39eURHg","conceptId":"concept_rsHeLU_cell_lte_locate"}},{"SetConceptName":{"newName":"cell_lte_locate","conceptId":"concept_rsHeLU_cell_lte_locate"}},{"DefineConcept":{"name":"observations_locate","root":"shape_qANF3vpQ5H","conceptId":"concept_KfCJl7_observations_locate"}},{"SetConceptName":{"newName":"observations_locate","conceptId":"concept_KfCJl7_observations_locate"}},{"DefineConcept":{"name":"client_info","root":"shape_Jm3ulGTOL3","conceptId":"concept_FpUcxP_client_info"}},{"SetConceptName":{"newName":"client_info","conceptId":"concept_FpUcxP_client_info"}},{"DefineConcept":{"name":"cell_tdscdma_nmr","root":"shape_ppwwNm2741","conceptId":"concept_nvp5XS_cell_tdscdma_nmr"}},{"SetConceptName":{"newName":"cell_tdscdma_nmr","conceptId":"concept_nvp5XS_cell_tdscdma_nmr"}},{"DefineConcept":{"name":"position_locate","root":"shape_LYCCypnpgL","conceptId":"concept_cofxIU_position_locate"}},{"SetConceptName":{"newName":"position_locate","conceptId":"concept_cofxIU_position_locate"}},{"DefineConcept":{"name":"cell_tdscdma_locate","root":"shape_a0TooHSPki","conceptId":"concept_uxShRb_cell_tdscdma_locate"}},{"SetConceptName":{"newName":"cell_tdscdma_locate","conceptId":"concept_uxShRb_cell_tdscdma_locate"}},{"DefineConcept":{"name":"cell_cdma_locate","root":"shape_Q8UVhXXjs6","conceptId":"concept_rS9cFR_cell_cdma_locate"}},{"SetConceptName":{"newName":"cell_cdma_locate","conceptId":"concept_rS9cFR_cell_cdma_locate"}},{"DefineConcept":{"name":"cell_wcdma_locate","root":"shape_A4nhOwahQv","conceptId":"concept_xbcubl_cell_wcdma_locate"}},{"SetConceptName":{"newName":"cell_wcdma_locate","conceptId":"concept_xbcubl_cell_wcdma_locate"}},{"AssignType":{"id":"shape_qyyvxuwTo5","to":{"ObjectT":{}},"conceptId":"concept_6Tqhe7_cell_lte_nmr"}},{"AddField":{"parentId":"shape_qyyvxuwTo5","id":"shape_9310ziXoLj","conceptId":"concept_6Tqhe7_cell_lte_nmr"}},{"SetFieldName":{"id":"shape_9310ziXoLj","newName":"rsrp","conceptId":"concept_6Tqhe7_cell_lte_nmr"}},{"AssignType":{"id":"shape_9310ziXoLj","to":{"IntegerT":{}},"conceptId":"concept_6Tqhe7_cell_lte_nmr"}},{"AddField":{"parentId":"shape_qyyvxuwTo5","id":"shape_qRSFc4vKeq","conceptId":"concept_6Tqhe7_cell_lte_nmr"}},{"SetFieldName":{"id":"shape_qRSFc4vKeq","newName":"earfcn","conceptId":"concept_6Tqhe7_cell_lte_nmr"}},{"AssignType":{"id":"shape_qRSFc4vKeq","to":{"IntegerT":{}},"conceptId":"concept_6Tqhe7_cell_lte_nmr"}},{"AddField":{"parentId":"shape_qyyvxuwTo5","id":"shape_D9coy5WEjI","conceptId":"concept_6Tqhe7_cell_lte_nmr"}},{"SetFieldName":{"id":"shape_D9coy5WEjI","newName":"cid","conceptId":"concept_6Tqhe7_cell_lte_nmr"}},{"AssignType":{"id":"shape_D9coy5WEjI","to":{"IntegerT":{}},"conceptId":"concept_6Tqhe7_cell_lte_nmr"}},{"AddField":{"parentId":"shape_qyyvxuwTo5","id":"shape_erlQPg4M41","conceptId":"concept_6Tqhe7_cell_lte_nmr"}},{"SetFieldName":{"id":"shape_erlQPg4M41","newName":"pci","conceptId":"concept_6Tqhe7_cell_lte_nmr"}},{"AssignType":{"id":"shape_erlQPg4M41","to":{"IntegerT":{}},"conceptId":"concept_6Tqhe7_cell_lte_nmr"}},{"AddField":{"parentId":"shape_qyyvxuwTo5","id":"shape_EOQySCTw3K","conceptId":"concept_6Tqhe7_cell_lte_nmr"}},{"SetFieldName":{"id":"shape_EOQySCTw3K","newName":"rsrq","conceptId":"concept_6Tqhe7_cell_lte_nmr"}},{"AssignType":{"id":"shape_EOQySCTw3K","to":{"NumberT":{}},"conceptId":"concept_6Tqhe7_cell_lte_nmr"}},{"AssignType":{"id":"shape_s7SzOvt41h","to":{"ObjectT":{}},"conceptId":"concept_30zBAG_cell_cdma_nmr"}},{"AddField":{"parentId":"shape_s7SzOvt41h","id":"shape_FWJmYWxQFV","conceptId":"concept_30zBAG_cell_cdma_nmr"}},{"SetFieldName":{"id":"shape_FWJmYWxQFV","newName":"bsid","conceptId":"concept_30zBAG_cell_cdma_nmr"}},{"AssignType":{"id":"shape_FWJmYWxQFV","to":{"IntegerT":{}},"conceptId":"concept_30zBAG_cell_cdma_nmr"}},{"AddField":{"parentId":"shape_s7SzOvt41h","id":"shape_GK1ISfQfaf","conceptId":"concept_30zBAG_cell_cdma_nmr"}},{"SetFieldName":{"id":"shape_GK1ISfQfaf","newName":"channel","conceptId":"concept_30zBAG_cell_cdma_nmr"}},{"AssignType":{"id":"shape_GK1ISfQfaf","to":{"IntegerT":{}},"conceptId":"concept_30zBAG_cell_cdma_nmr"}},{"AddField":{"parentId":"shape_s7SzOvt41h","id":"shape_VL6RKChDAE","conceptId":"concept_30zBAG_cell_cdma_nmr"}},{"SetFieldName":{"id":"shape_VL6RKChDAE","newName":"pilotpower","conceptId":"concept_30zBAG_cell_cdma_nmr"}},{"AssignType":{"id":"shape_VL6RKChDAE","to":{"IntegerT":{}},"conceptId":"concept_30zBAG_cell_cdma_nmr"}},{"AddField":{"parentId":"shape_s7SzOvt41h","id":"shape_WEFOtWkTQt","conceptId":"concept_30zBAG_cell_cdma_nmr"}},{"SetFieldName":{"id":"shape_WEFOtWkTQt","newName":"pnoffset","conceptId":"concept_30zBAG_cell_cdma_nmr"}},{"AssignType":{"id":"shape_WEFOtWkTQt","to":{"IntegerT":{}},"conceptId":"concept_30zBAG_cell_cdma_nmr"}},{"AssignType":{"id":"shape_Vc4lRzRMAd","to":{"ObjectT":{}},"conceptId":"concept_d6nWtG_cell_gsm_nmr"}},{"AddField":{"parentId":"shape_Vc4lRzRMAd","id":"shape_bh1NDlzUA9","conceptId":"concept_d6nWtG_cell_gsm_nmr"}},{"SetFieldName":{"id":"shape_bh1NDlzUA9","newName":"bsic","conceptId":"concept_d6nWtG_cell_gsm_nmr"}},{"AssignType":{"id":"shape_bh1NDlzUA9","to":{"IntegerT":{}},"conceptId":"concept_d6nWtG_cell_gsm_nmr"}},{"AddField":{"parentId":"shape_Vc4lRzRMAd","id":"shape_D4ElmdMRyG","conceptId":"concept_d6nWtG_cell_gsm_nmr"}},{"SetFieldName":{"id":"shape_D4ElmdMRyG","newName":"bcch","conceptId":"concept_d6nWtG_cell_gsm_nmr"}},{"AssignType":{"id":"shape_D4ElmdMRyG","to":{"IntegerT":{}},"conceptId":"concept_d6nWtG_cell_gsm_nmr"}},{"AddField":{"parentId":"shape_Vc4lRzRMAd","id":"shape_1wHHy2p9Hv","conceptId":"concept_d6nWtG_cell_gsm_nmr"}},{"SetFieldName":{"id":"shape_1wHHy2p9Hv","newName":"cid","conceptId":"concept_d6nWtG_cell_gsm_nmr"}},{"AssignType":{"id":"shape_1wHHy2p9Hv","to":{"IntegerT":{}},"conceptId":"concept_d6nWtG_cell_gsm_nmr"}},{"AddField":{"parentId":"shape_Vc4lRzRMAd","id":"shape_iV1wPdxFVH","conceptId":"concept_d6nWtG_cell_gsm_nmr"}},{"SetFieldName":{"id":"shape_iV1wPdxFVH","newName":"rxlevel","conceptId":"concept_d6nWtG_cell_gsm_nmr"}},{"AssignType":{"id":"shape_iV1wPdxFVH","to":{"IntegerT":{}},"conceptId":"concept_d6nWtG_cell_gsm_nmr"}},{"AddField":{"parentId":"shape_Vc4lRzRMAd","id":"shape_fI4PA22yxo","conceptId":"concept_d6nWtG_cell_gsm_nmr"}},{"SetFieldName":{"id":"shape_fI4PA22yxo","newName":"lac","conceptId":"concept_d6nWtG_cell_gsm_nmr"}},{"AssignType":{"id":"shape_fI4PA22yxo","to":{"IntegerT":{}},"conceptId":"concept_d6nWtG_cell_gsm_nmr"}},{"AssignType":{"id":"shape_jYf25fgm9L","to":{"ObjectT":{}},"conceptId":"concept_3E0ejR_wlan_locate"}},{"AddField":{"parentId":"shape_jYf25fgm9L","id":"shape_UyeDpGdXzU","conceptId":"concept_3E0ejR_wlan_locate"}},{"SetFieldName":{"id":"shape_UyeDpGdXzU","newName":"mac","conceptId":"concept_3E0ejR_wlan_locate"}},{"AssignType":{"id":"shape_UyeDpGdXzU","to":{"StringT":{}},"conceptId":"concept_3E0ejR_wlan_locate"}},{"AddField":{"parentId":"shape_jYf25fgm9L","id":"shape_bwD2pPSgjg","conceptId":"concept_3E0ejR_wlan_locate"}},{"SetFieldName":{"id":"shape_bwD2pPSgjg","newName":"powrx","conceptId":"concept_3E0ejR_wlan_locate"}},{"AssignType":{"id":"shape_bwD2pPSgjg","to":{"IntegerT":{}},"conceptId":"concept_3E0ejR_wlan_locate"}},{"AssignType":{"id":"shape_h3zR6Mzg2t","to":{"ObjectT":{}},"conceptId":"concept_gX9nzK_response_success_locate"}},{"AddField":{"parentId":"shape_h3zR6Mzg2t","id":"shape_qcTxbuH93A","conceptId":"concept_gX9nzK_response_success_locate"}},{"SetFieldName":{"id":"shape_qcTxbuH93A","newName":"location","conceptId":"concept_gX9nzK_response_success_locate"}},{"AssignType":{"id":"shape_qcTxbuH93A","to":{"RefT":{"conceptId":"concept_cofxIU_position_locate"}},"conceptId":"concept_gX9nzK_response_success_locate"}},{"AssignType":{"id":"shape_u2VfT8iL48","to":{"ObjectT":{}},"conceptId":"concept_DuaOCe_response_error"}},{"AddField":{"parentId":"shape_u2VfT8iL48","id":"shape_oPK7Bo1vtT","conceptId":"concept_DuaOCe_response_error"}},{"SetFieldName":{"id":"shape_oPK7Bo1vtT","newName":"error","conceptId":"concept_DuaOCe_response_error"}},{"AssignType":{"id":"shape_oPK7Bo1vtT","to":{"ObjectT":{}},"conceptId":"concept_DuaOCe_response_error"}},{"AddField":{"parentId":"shape_oPK7Bo1vtT","id":"shape_JVsyHiFl9l","conceptId":"concept_DuaOCe_response_error"}},{"SetFieldName":{"id":"shape_JVsyHiFl9l","newName":"code","conceptId":"concept_DuaOCe_response_error"}},{"AssignType":{"id":"shape_JVsyHiFl9l","to":{"IntegerT":{}},"conceptId":"concept_DuaOCe_response_error"}},{"AddField":{"parentId":"shape_oPK7Bo1vtT","id":"shape_58Vjbc00ff","conceptId":"concept_DuaOCe_response_error"}},{"SetFieldName":{"id":"shape_58Vjbc00ff","newName":"description","conceptId":"concept_DuaOCe_response_error"}},{"AssignType":{"id":"shape_58Vjbc00ff","to":{"StringT":{}},"conceptId":"concept_DuaOCe_response_error"}},{"AddField":{"parentId":"shape_oPK7Bo1vtT","id":"shape_fFDigC50Ov","conceptId":"concept_DuaOCe_response_error"}},{"SetFieldName":{"id":"shape_fFDigC50Ov","newName":"statusMessage","conceptId":"concept_DuaOCe_response_error"}},{"AssignType":{"id":"shape_fFDigC50Ov","to":{"StringT":{}},"conceptId":"concept_DuaOCe_response_error"}},{"AssignType":{"id":"shape_H0u7idzUR2","to":{"ObjectT":{}},"conceptId":"concept_iIFl1e_cell_gsm_locate"}},{"AddField":{"parentId":"shape_H0u7idzUR2","id":"shape_FBbe3RXorU","conceptId":"concept_iIFl1e_cell_gsm_locate"}},{"SetFieldName":{"id":"shape_FBbe3RXorU","newName":"ta","conceptId":"concept_iIFl1e_cell_gsm_locate"}},{"AssignType":{"id":"shape_FBbe3RXorU","to":{"IntegerT":{}},"conceptId":"concept_iIFl1e_cell_gsm_locate"}},{"AddField":{"parentId":"shape_H0u7idzUR2","id":"shape_C0CdAHGuqS","conceptId":"concept_iIFl1e_cell_gsm_locate"}},{"SetFieldName":{"id":"shape_C0CdAHGuqS","newName":"mnc","conceptId":"concept_iIFl1e_cell_gsm_locate"}},{"AssignType":{"id":"shape_C0CdAHGuqS","to":{"IntegerT":{}},"conceptId":"concept_iIFl1e_cell_gsm_locate"}},{"AddField":{"parentId":"shape_H0u7idzUR2","id":"shape_2hctEBQo9z","conceptId":"concept_iIFl1e_cell_gsm_locate"}},{"SetFieldName":{"id":"shape_2hctEBQo9z","newName":"cid","conceptId":"concept_iIFl1e_cell_gsm_locate"}},{"AssignType":{"id":"shape_2hctEBQo9z","to":{"IntegerT":{}},"conceptId":"concept_iIFl1e_cell_gsm_locate"}},{"AddField":{"parentId":"shape_H0u7idzUR2","id":"shape_6SVj3uZgwD","conceptId":"concept_iIFl1e_cell_gsm_locate"}},{"SetFieldName":{"id":"shape_6SVj3uZgwD","newName":"mcc","conceptId":"concept_iIFl1e_cell_gsm_locate"}},{"AssignType":{"id":"shape_6SVj3uZgwD","to":{"IntegerT":{}},"conceptId":"concept_iIFl1e_cell_gsm_locate"}},{"AddField":{"parentId":"shape_H0u7idzUR2","id":"shape_aKB9bTh7RT","conceptId":"concept_iIFl1e_cell_gsm_locate"}},{"SetFieldName":{"id":"shape_aKB9bTh7RT","newName":"nmr","conceptId":"concept_iIFl1e_cell_gsm_locate"}},{"AssignType":{"id":"shape_aKB9bTh7RT","to":{"ListT":{}},"conceptId":"concept_iIFl1e_cell_gsm_locate"}},{"AddTypeParameter":{"parentId":"shape_aKB9bTh7RT","id":"shape_y8JGHzwtCx","conceptId":"concept_iIFl1e_cell_gsm_locate"}},{"AssignType":{"id":"shape_y8JGHzwtCx","to":{"RefT":{"conceptId":"concept_d6nWtG_cell_gsm_nmr"}},"conceptId":"concept_iIFl1e_cell_gsm_locate"}},{"AddField":{"parentId":"shape_H0u7idzUR2","id":"shape_xFA1lmajh1","conceptId":"concept_iIFl1e_cell_gsm_locate"}},{"SetFieldName":{"id":"shape_xFA1lmajh1","newName":"rxlevel","conceptId":"concept_iIFl1e_cell_gsm_locate"}},{"AssignType":{"id":"shape_xFA1lmajh1","to":{"IntegerT":{}},"conceptId":"concept_iIFl1e_cell_gsm_locate"}},{"AddField":{"parentId":"shape_H0u7idzUR2","id":"shape_sUAPNIDVNz","conceptId":"concept_iIFl1e_cell_gsm_locate"}},{"SetFieldName":{"id":"shape_sUAPNIDVNz","newName":"lac","conceptId":"concept_iIFl1e_cell_gsm_locate"}},{"AssignType":{"id":"shape_sUAPNIDVNz","to":{"IntegerT":{}},"conceptId":"concept_iIFl1e_cell_gsm_locate"}},{"AssignType":{"id":"shape_cTfcxfqum0","to":{"ObjectT":{}},"conceptId":"concept_dh3AYv_cell_wcdma_nmr"}},{"AddField":{"parentId":"shape_cTfcxfqum0","id":"shape_Yw1nn06zFf","conceptId":"concept_dh3AYv_cell_wcdma_nmr"}},{"SetFieldName":{"id":"shape_Yw1nn06zFf","newName":"uarfcndl","conceptId":"concept_dh3AYv_cell_wcdma_nmr"}},{"AssignType":{"id":"shape_Yw1nn06zFf","to":{"IntegerT":{}},"conceptId":"concept_dh3AYv_cell_wcdma_nmr"}},{"AddField":{"parentId":"shape_cTfcxfqum0","id":"shape_5c7yLUIlDV","conceptId":"concept_dh3AYv_cell_wcdma_nmr"}},{"SetFieldName":{"id":"shape_5c7yLUIlDV","newName":"psc","conceptId":"concept_dh3AYv_cell_wcdma_nmr"}},{"AssignType":{"id":"shape_5c7yLUIlDV","to":{"IntegerT":{}},"conceptId":"concept_dh3AYv_cell_wcdma_nmr"}},{"AddField":{"parentId":"shape_cTfcxfqum0","id":"shape_QB3oE7QjVf","conceptId":"concept_dh3AYv_cell_wcdma_nmr"}},{"SetFieldName":{"id":"shape_QB3oE7QjVf","newName":"rscp","conceptId":"concept_dh3AYv_cell_wcdma_nmr"}},{"AssignType":{"id":"shape_QB3oE7QjVf","to":{"IntegerT":{}},"conceptId":"concept_dh3AYv_cell_wcdma_nmr"}},{"AddField":{"parentId":"shape_cTfcxfqum0","id":"shape_vk4lQAuUH1","conceptId":"concept_dh3AYv_cell_wcdma_nmr"}},{"SetFieldName":{"id":"shape_vk4lQAuUH1","newName":"cid","conceptId":"concept_dh3AYv_cell_wcdma_nmr"}},{"AssignType":{"id":"shape_vk4lQAuUH1","to":{"IntegerT":{}},"conceptId":"concept_dh3AYv_cell_wcdma_nmr"}},{"AddField":{"parentId":"shape_cTfcxfqum0","id":"shape_KZT9V6sPg0","conceptId":"concept_dh3AYv_cell_wcdma_nmr"}},{"SetFieldName":{"id":"shape_KZT9V6sPg0","newName":"pathloss","conceptId":"concept_dh3AYv_cell_wcdma_nmr"}},{"AssignType":{"id":"shape_KZT9V6sPg0","to":{"IntegerT":{}},"conceptId":"concept_dh3AYv_cell_wcdma_nmr"}},{"AssignType":{"id":"shape_SFH39eURHg","to":{"ObjectT":{}},"conceptId":"concept_rsHeLU_cell_lte_locate"}},{"AddField":{"parentId":"shape_SFH39eURHg","id":"shape_cqdQN6i1mc","conceptId":"concept_rsHeLU_cell_lte_locate"}},{"SetFieldName":{"id":"shape_cqdQN6i1mc","newName":"rsrp","conceptId":"concept_rsHeLU_cell_lte_locate"}},{"AssignType":{"id":"shape_cqdQN6i1mc","to":{"IntegerT":{}},"conceptId":"concept_rsHeLU_cell_lte_locate"}},{"AddField":{"parentId":"shape_SFH39eURHg","id":"shape_TBqqKrL6iP","conceptId":"concept_rsHeLU_cell_lte_locate"}},{"SetFieldName":{"id":"shape_TBqqKrL6iP","newName":"ta","conceptId":"concept_rsHeLU_cell_lte_locate"}},{"AssignType":{"id":"shape_TBqqKrL6iP","to":{"IntegerT":{}},"conceptId":"concept_rsHeLU_cell_lte_locate"}},{"AddField":{"parentId":"shape_SFH39eURHg","id":"shape_uO8JvLmz02","conceptId":"concept_rsHeLU_cell_lte_locate"}},{"SetFieldName":{"id":"shape_uO8JvLmz02","newName":"mnc","conceptId":"concept_rsHeLU_cell_lte_locate"}},{"AssignType":{"id":"shape_uO8JvLmz02","to":{"IntegerT":{}},"conceptId":"concept_rsHeLU_cell_lte_locate"}},{"AddField":{"parentId":"shape_SFH39eURHg","id":"shape_Dq6lpEr1Fh","conceptId":"concept_rsHeLU_cell_lte_locate"}},{"SetFieldName":{"id":"shape_Dq6lpEr1Fh","newName":"tac","conceptId":"concept_rsHeLU_cell_lte_locate"}},{"AssignType":{"id":"shape_Dq6lpEr1Fh","to":{"IntegerT":{}},"conceptId":"concept_rsHeLU_cell_lte_locate"}},{"AddField":{"parentId":"shape_SFH39eURHg","id":"shape_ZCvZujUmng","conceptId":"concept_rsHeLU_cell_lte_locate"}},{"SetFieldName":{"id":"shape_ZCvZujUmng","newName":"cid","conceptId":"concept_rsHeLU_cell_lte_locate"}},{"AssignType":{"id":"shape_ZCvZujUmng","to":{"IntegerT":{}},"conceptId":"concept_rsHeLU_cell_lte_locate"}},{"AddField":{"parentId":"shape_SFH39eURHg","id":"shape_v1KFcCZ56X","conceptId":"concept_rsHeLU_cell_lte_locate"}},{"SetFieldName":{"id":"shape_v1KFcCZ56X","newName":"mcc","conceptId":"concept_rsHeLU_cell_lte_locate"}},{"AssignType":{"id":"shape_v1KFcCZ56X","to":{"IntegerT":{}},"conceptId":"concept_rsHeLU_cell_lte_locate"}},{"AddField":{"parentId":"shape_SFH39eURHg","id":"shape_IHOuzcJ7Sz","conceptId":"concept_rsHeLU_cell_lte_locate"}},{"SetFieldName":{"id":"shape_IHOuzcJ7Sz","newName":"nmr","conceptId":"concept_rsHeLU_cell_lte_locate"}},{"AssignType":{"id":"shape_IHOuzcJ7Sz","to":{"ListT":{}},"conceptId":"concept_rsHeLU_cell_lte_locate"}},{"AddTypeParameter":{"parentId":"shape_IHOuzcJ7Sz","id":"shape_nS1VRO3v5V","conceptId":"concept_rsHeLU_cell_lte_locate"}},{"AssignType":{"id":"shape_nS1VRO3v5V","to":{"RefT":{"conceptId":"concept_6Tqhe7_cell_lte_nmr"}},"conceptId":"concept_rsHeLU_cell_lte_locate"}},{"AddField":{"parentId":"shape_SFH39eURHg","id":"shape_Hyc9d36fqG","conceptId":"concept_rsHeLU_cell_lte_locate"}},{"SetFieldName":{"id":"shape_Hyc9d36fqG","newName":"rsrq","conceptId":"concept_rsHeLU_cell_lte_locate"}},{"AssignType":{"id":"shape_Hyc9d36fqG","to":{"NumberT":{}},"conceptId":"concept_rsHeLU_cell_lte_locate"}},{"AssignType":{"id":"shape_qANF3vpQ5H","to":{"AnyT":{}},"conceptId":"concept_KfCJl7_observations_locate"}},{"AssignType":{"id":"shape_Jm3ulGTOL3","to":{"ObjectT":{}},"conceptId":"concept_FpUcxP_client_info"}},{"AddField":{"parentId":"shape_Jm3ulGTOL3","id":"shape_haS8bPjnBI","conceptId":"concept_FpUcxP_client_info"}},{"SetFieldName":{"id":"shape_haS8bPjnBI","newName":"name","conceptId":"concept_FpUcxP_client_info"}},{"AssignType":{"id":"shape_haS8bPjnBI","to":{"StringT":{}},"conceptId":"concept_FpUcxP_client_info"}},{"AddField":{"parentId":"shape_Jm3ulGTOL3","id":"shape_08v7AK3M9r","conceptId":"concept_FpUcxP_client_info"}},{"SetFieldName":{"id":"shape_08v7AK3M9r","newName":"model","conceptId":"concept_FpUcxP_client_info"}},{"AssignType":{"id":"shape_08v7AK3M9r","to":{"StringT":{}},"conceptId":"concept_FpUcxP_client_info"}},{"AddField":{"parentId":"shape_Jm3ulGTOL3","id":"shape_AblRxwnz2g","conceptId":"concept_FpUcxP_client_info"}},{"SetFieldName":{"id":"shape_AblRxwnz2g","newName":"firmware","conceptId":"concept_FpUcxP_client_info"}},{"AssignType":{"id":"shape_AblRxwnz2g","to":{"StringT":{}},"conceptId":"concept_FpUcxP_client_info"}},{"AddField":{"parentId":"shape_Jm3ulGTOL3","id":"shape_BtOor4Il3v","conceptId":"concept_FpUcxP_client_info"}},{"SetFieldName":{"id":"shape_BtOor4Il3v","newName":"version","conceptId":"concept_FpUcxP_client_info"}},{"AssignType":{"id":"shape_BtOor4Il3v","to":{"StringT":{}},"conceptId":"concept_FpUcxP_client_info"}},{"AddField":{"parentId":"shape_Jm3ulGTOL3","id":"shape_M6SNzfH87y","conceptId":"concept_FpUcxP_client_info"}},{"SetFieldName":{"id":"shape_M6SNzfH87y","newName":"manufacturer","conceptId":"concept_FpUcxP_client_info"}},{"AssignType":{"id":"shape_M6SNzfH87y","to":{"StringT":{}},"conceptId":"concept_FpUcxP_client_info"}},{"AddField":{"parentId":"shape_Jm3ulGTOL3","id":"shape_BV7AGcSvqB","conceptId":"concept_FpUcxP_client_info"}},{"SetFieldName":{"id":"shape_BV7AGcSvqB","newName":"platform","conceptId":"concept_FpUcxP_client_info"}},{"AssignType":{"id":"shape_BV7AGcSvqB","to":{"StringT":{}},"conceptId":"concept_FpUcxP_client_info"}},{"AssignType":{"id":"shape_ppwwNm2741","to":{"ObjectT":{}},"conceptId":"concept_nvp5XS_cell_tdscdma_nmr"}},{"AddField":{"parentId":"shape_ppwwNm2741","id":"shape_GayWzeLcn0","conceptId":"concept_nvp5XS_cell_tdscdma_nmr"}},{"SetFieldName":{"id":"shape_GayWzeLcn0","newName":"uarfcn","conceptId":"concept_nvp5XS_cell_tdscdma_nmr"}},{"AssignType":{"id":"shape_GayWzeLcn0","to":{"IntegerT":{}},"conceptId":"concept_nvp5XS_cell_tdscdma_nmr"}},{"AddField":{"parentId":"shape_ppwwNm2741","id":"shape_nz9w2lTvI0","conceptId":"concept_nvp5XS_cell_tdscdma_nmr"}},{"SetFieldName":{"id":"shape_nz9w2lTvI0","newName":"cellparams","conceptId":"concept_nvp5XS_cell_tdscdma_nmr"}},{"AssignType":{"id":"shape_nz9w2lTvI0","to":{"IntegerT":{}},"conceptId":"concept_nvp5XS_cell_tdscdma_nmr"}},{"AddField":{"parentId":"shape_ppwwNm2741","id":"shape_j4B3eAKjLd","conceptId":"concept_nvp5XS_cell_tdscdma_nmr"}},{"SetFieldName":{"id":"shape_j4B3eAKjLd","newName":"rscp","conceptId":"concept_nvp5XS_cell_tdscdma_nmr"}},{"AssignType":{"id":"shape_j4B3eAKjLd","to":{"IntegerT":{}},"conceptId":"concept_nvp5XS_cell_tdscdma_nmr"}},{"AddField":{"parentId":"shape_ppwwNm2741","id":"shape_6mVptbcNwv","conceptId":"concept_nvp5XS_cell_tdscdma_nmr"}},{"SetFieldName":{"id":"shape_6mVptbcNwv","newName":"cid","conceptId":"concept_nvp5XS_cell_tdscdma_nmr"}},{"AssignType":{"id":"shape_6mVptbcNwv","to":{"IntegerT":{}},"conceptId":"concept_nvp5XS_cell_tdscdma_nmr"}},{"AddField":{"parentId":"shape_ppwwNm2741","id":"shape_AE8rVVYYXf","conceptId":"concept_nvp5XS_cell_tdscdma_nmr"}},{"SetFieldName":{"id":"shape_AE8rVVYYXf","newName":"pathloss","conceptId":"concept_nvp5XS_cell_tdscdma_nmr"}},{"AssignType":{"id":"shape_AE8rVVYYXf","to":{"IntegerT":{}},"conceptId":"concept_nvp5XS_cell_tdscdma_nmr"}},{"AssignType":{"id":"shape_LYCCypnpgL","to":{"ObjectT":{}},"conceptId":"concept_cofxIU_position_locate"}},{"AddField":{"parentId":"shape_LYCCypnpgL","id":"shape_SOIEdZv1HB","conceptId":"concept_cofxIU_position_locate"}},{"SetFieldName":{"id":"shape_SOIEdZv1HB","newName":"lng","conceptId":"concept_cofxIU_position_locate"}},{"AssignType":{"id":"shape_SOIEdZv1HB","to":{"NumberT":{}},"conceptId":"concept_cofxIU_position_locate"}},{"AddField":{"parentId":"shape_LYCCypnpgL","id":"shape_Cru8xhpKXn","conceptId":"concept_cofxIU_position_locate"}},{"SetFieldName":{"id":"shape_Cru8xhpKXn","newName":"accuracy","conceptId":"concept_cofxIU_position_locate"}},{"AssignType":{"id":"shape_Cru8xhpKXn","to":{"NumberT":{}},"conceptId":"concept_cofxIU_position_locate"}},{"AddField":{"parentId":"shape_LYCCypnpgL","id":"shape_AKwTKMGR12","conceptId":"concept_cofxIU_position_locate"}},{"SetFieldName":{"id":"shape_AKwTKMGR12","newName":"alt","conceptId":"concept_cofxIU_position_locate"}},{"AssignType":{"id":"shape_AKwTKMGR12","to":{"IntegerT":{}},"conceptId":"concept_cofxIU_position_locate"}},{"AddField":{"parentId":"shape_LYCCypnpgL","id":"shape_QDgx2F9G6C","conceptId":"concept_cofxIU_position_locate"}},{"SetFieldName":{"id":"shape_QDgx2F9G6C","newName":"altaccuracy","conceptId":"concept_cofxIU_position_locate"}},{"AssignType":{"id":"shape_QDgx2F9G6C","to":{"IntegerT":{}},"conceptId":"concept_cofxIU_position_locate"}},{"AddField":{"parentId":"shape_LYCCypnpgL","id":"shape_ZPPRXkeUed","conceptId":"concept_cofxIU_position_locate"}},{"SetFieldName":{"id":"shape_ZPPRXkeUed","newName":"lat","conceptId":"concept_cofxIU_position_locate"}},{"AssignType":{"id":"shape_ZPPRXkeUed","to":{"NumberT":{}},"conceptId":"concept_cofxIU_position_locate"}},{"AssignType":{"id":"shape_a0TooHSPki","to":{"ObjectT":{}},"conceptId":"concept_uxShRb_cell_tdscdma_locate"}},{"AddField":{"parentId":"shape_a0TooHSPki","id":"shape_6YqRjbLuZX","conceptId":"concept_uxShRb_cell_tdscdma_locate"}},{"SetFieldName":{"id":"shape_6YqRjbLuZX","newName":"ta","conceptId":"concept_uxShRb_cell_tdscdma_locate"}},{"AssignType":{"id":"shape_6YqRjbLuZX","to":{"IntegerT":{}},"conceptId":"concept_uxShRb_cell_tdscdma_locate"}},{"AddField":{"parentId":"shape_a0TooHSPki","id":"shape_kEJj6f1Ky8","conceptId":"concept_uxShRb_cell_tdscdma_locate"}},{"SetFieldName":{"id":"shape_kEJj6f1Ky8","newName":"mnc","conceptId":"concept_uxShRb_cell_tdscdma_locate"}},{"AssignType":{"id":"shape_kEJj6f1Ky8","to":{"IntegerT":{}},"conceptId":"concept_uxShRb_cell_tdscdma_locate"}},{"AddField":{"parentId":"shape_a0TooHSPki","id":"shape_aDXqubAefp","conceptId":"concept_uxShRb_cell_tdscdma_locate"}},{"SetFieldName":{"id":"shape_aDXqubAefp","newName":"cid","conceptId":"concept_uxShRb_cell_tdscdma_locate"}},{"AssignType":{"id":"shape_aDXqubAefp","to":{"IntegerT":{}},"conceptId":"concept_uxShRb_cell_tdscdma_locate"}},{"AddField":{"parentId":"shape_a0TooHSPki","id":"shape_Qx3PyfGWcG","conceptId":"concept_uxShRb_cell_tdscdma_locate"}},{"SetFieldName":{"id":"shape_Qx3PyfGWcG","newName":"mcc","conceptId":"concept_uxShRb_cell_tdscdma_locate"}},{"AssignType":{"id":"shape_Qx3PyfGWcG","to":{"IntegerT":{}},"conceptId":"concept_uxShRb_cell_tdscdma_locate"}},{"AddField":{"parentId":"shape_a0TooHSPki","id":"shape_ymIDJ9KmD1","conceptId":"concept_uxShRb_cell_tdscdma_locate"}},{"SetFieldName":{"id":"shape_ymIDJ9KmD1","newName":"nmr","conceptId":"concept_uxShRb_cell_tdscdma_locate"}},{"AssignType":{"id":"shape_ymIDJ9KmD1","to":{"ListT":{}},"conceptId":"concept_uxShRb_cell_tdscdma_locate"}},{"AddTypeParameter":{"parentId":"shape_ymIDJ9KmD1","id":"shape_wRxVTPLvDi","conceptId":"concept_uxShRb_cell_tdscdma_locate"}},{"AssignType":{"id":"shape_wRxVTPLvDi","to":{"RefT":{"conceptId":"concept_nvp5XS_cell_tdscdma_nmr"}},"conceptId":"concept_uxShRb_cell_tdscdma_locate"}},{"AddField":{"parentId":"shape_a0TooHSPki","id":"shape_oN9WwF97EO","conceptId":"concept_uxShRb_cell_tdscdma_locate"}},{"SetFieldName":{"id":"shape_oN9WwF97EO","newName":"lac","conceptId":"concept_uxShRb_cell_tdscdma_locate"}},{"AssignType":{"id":"shape_oN9WwF97EO","to":{"IntegerT":{}},"conceptId":"concept_uxShRb_cell_tdscdma_locate"}},{"AssignType":{"id":"shape_Q8UVhXXjs6","to":{"ObjectT":{}},"conceptId":"concept_rS9cFR_cell_cdma_locate"}},{"AddField":{"parentId":"shape_Q8UVhXXjs6","id":"shape_1cecQprZ5v","conceptId":"concept_rS9cFR_cell_cdma_locate"}},{"SetFieldName":{"id":"shape_1cecQprZ5v","newName":"channel","conceptId":"concept_rS9cFR_cell_cdma_locate"}},{"AssignType":{"id":"shape_1cecQprZ5v","to":{"IntegerT":{}},"conceptId":"concept_rS9cFR_cell_cdma_locate"}},{"AddField":{"parentId":"shape_Q8UVhXXjs6","id":"shape_fOc7ohrd3x","conceptId":"concept_rS9cFR_cell_cdma_locate"}},{"SetFieldName":{"id":"shape_fOc7ohrd3x","newName":"pilotpower","conceptId":"concept_rS9cFR_cell_cdma_locate"}},{"AssignType":{"id":"shape_fOc7ohrd3x","to":{"IntegerT":{}},"conceptId":"concept_rS9cFR_cell_cdma_locate"}},{"AddField":{"parentId":"shape_Q8UVhXXjs6","id":"shape_6jkOrJyMT1","conceptId":"concept_rS9cFR_cell_cdma_locate"}},{"SetFieldName":{"id":"shape_6jkOrJyMT1","newName":"rz","conceptId":"concept_rS9cFR_cell_cdma_locate"}},{"AssignType":{"id":"shape_6jkOrJyMT1","to":{"IntegerT":{}},"conceptId":"concept_rS9cFR_cell_cdma_locate"}},{"AddField":{"parentId":"shape_Q8UVhXXjs6","id":"shape_oNx2SfREmO","conceptId":"concept_rS9cFR_cell_cdma_locate"}},{"SetFieldName":{"id":"shape_oNx2SfREmO","newName":"nmr","conceptId":"concept_rS9cFR_cell_cdma_locate"}},{"AssignType":{"id":"shape_oNx2SfREmO","to":{"ListT":{}},"conceptId":"concept_rS9cFR_cell_cdma_locate"}},{"AddTypeParameter":{"parentId":"shape_oNx2SfREmO","id":"shape_s2fwaY7ezV","conceptId":"concept_rS9cFR_cell_cdma_locate"}},{"AssignType":{"id":"shape_s2fwaY7ezV","to":{"RefT":{"conceptId":"concept_30zBAG_cell_cdma_nmr"}},"conceptId":"concept_rS9cFR_cell_cdma_locate"}},{"AddField":{"parentId":"shape_Q8UVhXXjs6","id":"shape_ZucjGOHUDc","conceptId":"concept_rS9cFR_cell_cdma_locate"}},{"SetFieldName":{"id":"shape_ZucjGOHUDc","newName":"bsid","conceptId":"concept_rS9cFR_cell_cdma_locate"}},{"AssignType":{"id":"shape_ZucjGOHUDc","to":{"IntegerT":{}},"conceptId":"concept_rS9cFR_cell_cdma_locate"}},{"AddField":{"parentId":"shape_Q8UVhXXjs6","id":"shape_SJ62DnHJoa","conceptId":"concept_rS9cFR_cell_cdma_locate"}},{"SetFieldName":{"id":"shape_SJ62DnHJoa","newName":"nid","conceptId":"concept_rS9cFR_cell_cdma_locate"}},{"AssignType":{"id":"shape_SJ62DnHJoa","to":{"IntegerT":{}},"conceptId":"concept_rS9cFR_cell_cdma_locate"}},{"AddField":{"parentId":"shape_Q8UVhXXjs6","id":"shape_oC8uGQbeIf","conceptId":"concept_rS9cFR_cell_cdma_locate"}},{"SetFieldName":{"id":"shape_oC8uGQbeIf","newName":"pnoffset","conceptId":"concept_rS9cFR_cell_cdma_locate"}},{"AssignType":{"id":"shape_oC8uGQbeIf","to":{"IntegerT":{}},"conceptId":"concept_rS9cFR_cell_cdma_locate"}},{"AddField":{"parentId":"shape_Q8UVhXXjs6","id":"shape_61hzXVx8jp","conceptId":"concept_rS9cFR_cell_cdma_locate"}},{"SetFieldName":{"id":"shape_61hzXVx8jp","newName":"sid","conceptId":"concept_rS9cFR_cell_cdma_locate"}},{"AssignType":{"id":"shape_61hzXVx8jp","to":{"IntegerT":{}},"conceptId":"concept_rS9cFR_cell_cdma_locate"}},{"AssignType":{"id":"shape_A4nhOwahQv","to":{"ObjectT":{}},"conceptId":"concept_xbcubl_cell_wcdma_locate"}},{"AddField":{"parentId":"shape_A4nhOwahQv","id":"shape_1aEVxljx1s","conceptId":"concept_xbcubl_cell_wcdma_locate"}},{"SetFieldName":{"id":"shape_1aEVxljx1s","newName":"mnc","conceptId":"concept_xbcubl_cell_wcdma_locate"}},{"AssignType":{"id":"shape_1aEVxljx1s","to":{"IntegerT":{}},"conceptId":"concept_xbcubl_cell_wcdma_locate"}},{"AddField":{"parentId":"shape_A4nhOwahQv","id":"shape_NygZckNwfk","conceptId":"concept_xbcubl_cell_wcdma_locate"}},{"SetFieldName":{"id":"shape_NygZckNwfk","newName":"cid","conceptId":"concept_xbcubl_cell_wcdma_locate"}},{"AssignType":{"id":"shape_NygZckNwfk","to":{"IntegerT":{}},"conceptId":"concept_xbcubl_cell_wcdma_locate"}},{"AddField":{"parentId":"shape_A4nhOwahQv","id":"shape_ws1p1SzMNu","conceptId":"concept_xbcubl_cell_wcdma_locate"}},{"SetFieldName":{"id":"shape_ws1p1SzMNu","newName":"mcc","conceptId":"concept_xbcubl_cell_wcdma_locate"}},{"AssignType":{"id":"shape_ws1p1SzMNu","to":{"IntegerT":{}},"conceptId":"concept_xbcubl_cell_wcdma_locate"}},{"AddField":{"parentId":"shape_A4nhOwahQv","id":"shape_BR9xED0EXE","conceptId":"concept_xbcubl_cell_wcdma_locate"}},{"SetFieldName":{"id":"shape_BR9xED0EXE","newName":"nmr","conceptId":"concept_xbcubl_cell_wcdma_locate"}},{"AssignType":{"id":"shape_BR9xED0EXE","to":{"ListT":{}},"conceptId":"concept_xbcubl_cell_wcdma_locate"}},{"AddTypeParameter":{"parentId":"shape_BR9xED0EXE","id":"shape_HkCZOkrT2r","conceptId":"concept_xbcubl_cell_wcdma_locate"}},{"AssignType":{"id":"shape_HkCZOkrT2r","to":{"RefT":{"conceptId":"concept_dh3AYv_cell_wcdma_nmr"}},"conceptId":"concept_xbcubl_cell_wcdma_locate"}},{"AddField":{"parentId":"shape_A4nhOwahQv","id":"shape_p6eCKeDHwi","conceptId":"concept_xbcubl_cell_wcdma_locate"}},{"SetFieldName":{"id":"shape_p6eCKeDHwi","newName":"lac","conceptId":"concept_xbcubl_cell_wcdma_locate"}},{"AssignType":{"id":"shape_p6eCKeDHwi","to":{"IntegerT":{}},"conceptId":"concept_xbcubl_cell_wcdma_locate"}},{"AddPathComponent":{"pathId":"kusDU9_path_0","parentPathId":"root","name":"locate"}},{"AddRequest":{"requestId":"path_LO99i7HNuB}_post","pathId":"kusDU9_path_0","httpMethod":"post"}},{"DefineInlineConcept":{"root":"shape_MTTdvHQhJS","conceptId":"concept_locate_post_body"}},{"AssignType":{"id":"shape_MTTdvHQhJS","to":{"RefT":{"conceptId":"concept_KfCJl7_observations_locate"}},"conceptId":"concept_locate_post_body"}},{"AddResponse":{"responseId":"response_kMv2wiCDXK","requestId":"path_LO99i7HNuB}_post","httpStatusCode":400}},{"DefineInlineConcept":{"root":"shape_35hR9iTGBK","conceptId":"concept_mwfhzFdDNvnE"}},{"AssignType":{"id":"shape_35hR9iTGBK","to":{"RefT":{"conceptId":"concept_DuaOCe_response_error"}},"conceptId":"concept_mwfhzFdDNvnE"}},{"AddResponse":{"responseId":"response_6zgSF0P8Et","requestId":"path_LO99i7HNuB}_post","httpStatusCode":404}},{"DefineInlineConcept":{"root":"shape_innbF6cA39","conceptId":"concept_Sy9lUGr7t2Mk"}},{"AssignType":{"id":"shape_innbF6cA39","to":{"RefT":{"conceptId":"concept_DuaOCe_response_error"}},"conceptId":"concept_Sy9lUGr7t2Mk"}},{"AddResponse":{"responseId":"response_VHSmYvgbfz","requestId":"path_LO99i7HNuB}_post","httpStatusCode":500}},{"DefineInlineConcept":{"root":"shape_QrVH1hf9jF","conceptId":"concept_CICKxEZb3Kd4"}},{"AssignType":{"id":"shape_QrVH1hf9jF","to":{"RefT":{"conceptId":"concept_DuaOCe_response_error"}},"conceptId":"concept_CICKxEZb3Kd4"}},{"AddResponse":{"responseId":"response_B9euW4cOcf","requestId":"path_LO99i7HNuB}_post","httpStatusCode":403}},{"DefineInlineConcept":{"root":"shape_y99vwSACww","conceptId":"concept_5X6vrqHrJpXU"}},{"AssignType":{"id":"shape_y99vwSACww","to":{"RefT":{"conceptId":"concept_DuaOCe_response_error"}},"conceptId":"concept_5X6vrqHrJpXU"}},{"AddResponse":{"responseId":"response_D6TyfbOoCW","requestId":"path_LO99i7HNuB}_post","httpStatusCode":405}},{"DefineInlineConcept":{"root":"shape_1RGiE9gKxi","conceptId":"concept_mZKEm1VsP2LA"}},{"AssignType":{"id":"shape_1RGiE9gKxi","to":{"RefT":{"conceptId":"concept_DuaOCe_response_error"}},"conceptId":"concept_mZKEm1VsP2LA"}},{"AddResponse":{"responseId":"response_LTefpoBdGZ","requestId":"path_LO99i7HNuB}_post","httpStatusCode":401}},{"DefineInlineConcept":{"root":"shape_T9qJyanfS0","conceptId":"concept_lpISAKI0yzbn"}},{"AssignType":{"id":"shape_T9qJyanfS0","to":{"RefT":{"conceptId":"concept_DuaOCe_response_error"}},"conceptId":"concept_lpISAKI0yzbn"}},{"AddResponse":{"responseId":"response_EfSxZHZuR5","requestId":"path_LO99i7HNuB}_post","httpStatusCode":200}},{"DefineInlineConcept":{"root":"shape_cpNxw3Gjls","conceptId":"concept_R5yIAV0YsEAv"}},{"AssignType":{"id":"shape_cpNxw3Gjls","to":{"RefT":{"conceptId":"concept_gX9nzK_response_success_locate"}},"conceptId":"concept_R5yIAV0YsEAv"}},{"SetRequestBodyShape":{"requestId":"path_LO99i7HNuB}_post","bodyDescriptor":{"httpContentType":"application/json","conceptId":"concept_locate_post_body"}}},{"SetResponseBodyShape":{"responseId":"response_kMv2wiCDXK","bodyDescriptor":{"httpContentType":"application/json","conceptId":"concept_mwfhzFdDNvnE"}}},{"SetResponseBodyShape":{"responseId":"response_6zgSF0P8Et","bodyDescriptor":{"httpContentType":"application/json","conceptId":"concept_Sy9lUGr7t2Mk"}}},{"SetResponseBodyShape":{"responseId":"response_VHSmYvgbfz","bodyDescriptor":{"httpContentType":"application/json","conceptId":"concept_CICKxEZb3Kd4"}}},{"SetResponseBodyShape":{"responseId":"response_B9euW4cOcf","bodyDescriptor":{"httpContentType":"application/json","conceptId":"concept_5X6vrqHrJpXU"}}},{"SetResponseBodyShape":{"responseId":"response_D6TyfbOoCW","bodyDescriptor":{"httpContentType":"application/json","conceptId":"concept_mZKEm1VsP2LA"}}},{"SetResponseBodyShape":{"responseId":"response_LTefpoBdGZ","bodyDescriptor":{"httpContentType":"application/json","conceptId":"concept_lpISAKI0yzbn"}}},{"SetResponseBodyShape":{"responseId":"response_EfSxZHZuR5","bodyDescriptor":{"httpContentType":"application/json","conceptId":"concept_R5yIAV0YsEAv"}}}]