[{"DefineConcept":{"name":"Info_Public","root":"shape_yI2BE5t6Xp","conceptId":"concept_8yj1uU_info_public"}},{"SetConceptName":{"newName":"Info_Public","conceptId":"concept_8yj1uU_info_public"}},{"DefineConcept":{"name":"SearchResult","root":"shape_CQBHNntVkL","conceptId":"concept_bVW4wX_searchresult"}},{"SetConceptName":{"newName":"SearchResult","conceptId":"concept_bVW4wX_searchresult"}},{"DefineConcept":{"name":"RiskFactor_Details","root":"shape_EyfB08rIBn","conceptId":"concept_zKAFRa_riskfactor_details"}},{"SetConceptName":{"newName":"RiskFactor_Details","conceptId":"concept_zKAFRa_riskfactor_details"}},{"DefineConcept":{"name":"Choice","root":"shape_OUqZAgjqth","conceptId":"concept_qaZCWR_choice"}},{"SetConceptName":{"newName":"Choice","conceptId":"concept_qaZCWR_choice"}},{"DefineConcept":{"name":"Evidence","root":"shape_R1D955iKpx","conceptId":"concept_rQ0gwG_evidence"}},{"SetConceptName":{"newName":"Evidence","conceptId":"concept_rQ0gwG_evidence"}},{"DefineConcept":{"name":"LabTest_Details","root":"shape_OLmyPVHY8Q","conceptId":"concept_hISzi9_labtest_details"}},{"SetConceptName":{"newName":"LabTest_Details","conceptId":"concept_hISzi9_labtest_details"}},{"DefineConcept":{"name":"ExplanationResponse","root":"shape_XxPpWBy5vY","conceptId":"concept_euK8kH_explanationresponse"}},{"SetConceptName":{"newName":"ExplanationResponse","conceptId":"concept_euK8kH_explanationresponse"}},{"DefineConcept":{"name":"Question","root":"shape_6N26YuIyhZ","conceptId":"concept_TwNQTN_question"}},{"SetConceptName":{"newName":"Question","conceptId":"concept_TwNQTN_question"}},{"DefineConcept":{"name":"ParseRequest","root":"shape_knFt77FpXK","conceptId":"concept_FSSZQq_parserequest"}},{"SetConceptName":{"newName":"ParseRequest","conceptId":"concept_FSSZQq_parserequest"}},{"DefineConcept":{"name":"ConditionProbability","root":"shape_uY51I8CzZU","conceptId":"concept_b2D23C_conditionprobability"}},{"SetConceptName":{"newName":"ConditionProbability","conceptId":"concept_b2D23C_conditionprobability"}},{"DefineConcept":{"name":"Symptom_Public","root":"shape_Snp5dTRNlw","conceptId":"concept_r6VhG0_symptom_public"}},{"SetConceptName":{"newName":"Symptom_Public","conceptId":"concept_r6VhG0_symptom_public"}},{"DefineConcept":{"name":"ExplanationEvidence","root":"shape_Y97JULRdk3","conceptId":"concept_jXwvoR_explanationevidence"}},{"SetConceptName":{"newName":"ExplanationEvidence","conceptId":"concept_jXwvoR_explanationevidence"}},{"DefineConcept":{"name":"DiagnosisResponse","root":"shape_vGC2LEhJst","conceptId":"concept_pMokeq_diagnosisresponse"}},{"SetConceptName":{"newName":"DiagnosisResponse","conceptId":"concept_pMokeq_diagnosisresponse"}},{"DefineConcept":{"name":"DiagnosisRequest","root":"shape_fIsEUDXoC5","conceptId":"concept_7yMfvJ_diagnosisrequest"}},{"SetConceptName":{"newName":"DiagnosisRequest","conceptId":"concept_7yMfvJ_diagnosisrequest"}},{"DefineConcept":{"name":"LabTestResult_Public","root":"shape_JSqpTaW0Fu","conceptId":"concept_7RPRdB_labtestresult_public"}},{"SetConceptName":{"newName":"LabTestResult_Public","conceptId":"concept_7RPRdB_labtestresult_public"}},{"DefineConcept":{"name":"QuestionItem","root":"shape_8F6YYN4cAs","conceptId":"concept_zB93Qs_questionitem"}},{"SetConceptName":{"newName":"QuestionItem","conceptId":"concept_zB93Qs_questionitem"}},{"DefineConcept":{"name":"Symptom_Details","root":"shape_AeOtGlC2NH","conceptId":"concept_aeldcA_symptom_details"}},{"SetConceptName":{"newName":"Symptom_Details","conceptId":"concept_aeldcA_symptom_details"}},{"DefineConcept":{"name":"TriageResponse","root":"shape_U7EVnnN9Ze","conceptId":"concept_JRSsH4_triageresponse"}},{"SetConceptName":{"newName":"TriageResponse","conceptId":"concept_JRSsH4_triageresponse"}},{"DefineConcept":{"name":"ExplanationRequest","root":"shape_8eZVc7AEv8","conceptId":"concept_J1cISw_explanationrequest"}},{"SetConceptName":{"newName":"ExplanationRequest","conceptId":"concept_J1cISw_explanationrequest"}},{"DefineConcept":{"name":"ParseResponse","root":"shape_0rCeeB6wur","conceptId":"concept_zDKIXs_parseresponse"}},{"SetConceptName":{"newName":"ParseResponse","conceptId":"concept_zDKIXs_parseresponse"}},{"DefineConcept":{"name":"ObservationMention","root":"shape_BvR2eyHrAw","conceptId":"concept_KnB2Ar_observationmention"}},{"SetConceptName":{"newName":"ObservationMention","conceptId":"concept_KnB2Ar_observationmention"}},{"DefineConcept":{"name":"LabTestResult_Details","root":"shape_S6BoFHVRjL","conceptId":"concept_yDNvpY_labtestresult_details"}},{"SetConceptName":{"newName":"LabTestResult_Details","conceptId":"concept_yDNvpY_labtestresult_details"}},{"DefineConcept":{"name":"SeriousObservation","root":"shape_jbW0GcdaiA","conceptId":"concept_izWIEq_seriousobservation"}},{"SetConceptName":{"newName":"SeriousObservation","conceptId":"concept_izWIEq_seriousobservation"}},{"DefineConcept":{"name":"SuggestRequest","root":"shape_dcCHioaDru","conceptId":"concept_DNNnOk_suggestrequest"}},{"SetConceptName":{"newName":"SuggestRequest","conceptId":"concept_DNNnOk_suggestrequest"}},{"DefineConcept":{"name":"LabTest_Public","root":"shape_PpDN4yAM2I","conceptId":"concept_Btjsx1_labtest_public"}},{"SetConceptName":{"newName":"LabTest_Public","conceptId":"concept_Btjsx1_labtest_public"}},{"DefineConcept":{"name":"RiskFactor_Public","root":"shape_IBhqNlZ1So","conceptId":"concept_juoARq_riskfactor_public"}},{"SetConceptName":{"newName":"RiskFactor_Public","conceptId":"concept_juoARq_riskfactor_public"}},{"DefineConcept":{"name":"SuggestResult","root":"shape_6yfiLyEGwb","conceptId":"concept_jQsBa1_suggestresult"}},{"SetConceptName":{"newName":"SuggestResult","conceptId":"concept_jQsBa1_suggestresult"}},{"DefineConcept":{"name":"Condition_Details","root":"shape_6CfL0Fi8l4","conceptId":"concept_NQT6pF_condition_details"}},{"SetConceptName":{"newName":"Condition_Details","conceptId":"concept_NQT6pF_condition_details"}},{"DefineConcept":{"name":"Condition_Public","root":"shape_N7LDvbZtHO","conceptId":"concept_FCvXuk_condition_public"}},{"SetConceptName":{"newName":"Condition_Public","conceptId":"concept_FCvXuk_condition_public"}},{"AssignType":{"id":"shape_yI2BE5t6Xp","to":{"ObjectT":{}},"conceptId":"concept_8yj1uU_info_public"}},{"AddField":{"parentId":"shape_yI2BE5t6Xp","id":"shape_WxuktUFACe","conceptId":"concept_8yj1uU_info_public"}},{"SetFieldName":{"id":"shape_WxuktUFACe","newName":"risk_factors_count","conceptId":"concept_8yj1uU_info_public"}},{"AssignType":{"id":"shape_WxuktUFACe","to":{"IntegerT":{}},"conceptId":"concept_8yj1uU_info_public"}},{"AddField":{"parentId":"shape_yI2BE5t6Xp","id":"shape_Su5UeiWMzb","conceptId":"concept_8yj1uU_info_public"}},{"SetFieldName":{"id":"shape_Su5UeiWMzb","newName":"conditions_count","conceptId":"concept_8yj1uU_info_public"}},{"AssignType":{"id":"shape_Su5UeiWMzb","to":{"IntegerT":{}},"conceptId":"concept_8yj1uU_info_public"}},{"AddField":{"parentId":"shape_yI2BE5t6Xp","id":"shape_NfhVbLrJoO","conceptId":"concept_8yj1uU_info_public"}},{"SetFieldName":{"id":"shape_NfhVbLrJoO","newName":"symptoms_count","conceptId":"concept_8yj1uU_info_public"}},{"AssignType":{"id":"shape_NfhVbLrJoO","to":{"IntegerT":{}},"conceptId":"concept_8yj1uU_info_public"}},{"AddField":{"parentId":"shape_yI2BE5t6Xp","id":"shape_k2XBJ9cFUw","conceptId":"concept_8yj1uU_info_public"}},{"SetFieldName":{"id":"shape_k2XBJ9cFUw","newName":"lab_tests_count","conceptId":"concept_8yj1uU_info_public"}},{"AssignType":{"id":"shape_k2XBJ9cFUw","to":{"IntegerT":{}},"conceptId":"concept_8yj1uU_info_public"}},{"AddField":{"parentId":"shape_yI2BE5t6Xp","id":"shape_IinkI72fm1","conceptId":"concept_8yj1uU_info_public"}},{"SetFieldName":{"id":"shape_IinkI72fm1","newName":"updated_at","conceptId":"concept_8yj1uU_info_public"}},{"AssignType":{"id":"shape_IinkI72fm1","to":{"StringT":{}},"conceptId":"concept_8yj1uU_info_public"}},{"AssignType":{"id":"shape_CQBHNntVkL","to":{"ObjectT":{}},"conceptId":"concept_bVW4wX_searchresult"}},{"AddField":{"parentId":"shape_CQBHNntVkL","id":"shape_qRsAFzL7oy","conceptId":"concept_bVW4wX_searchresult"}},{"SetFieldName":{"id":"shape_qRsAFzL7oy","newName":"id","conceptId":"concept_bVW4wX_searchresult"}},{"AssignType":{"id":"shape_qRsAFzL7oy","to":{"StringT":{}},"conceptId":"concept_bVW4wX_searchresult"}},{"AddField":{"parentId":"shape_CQBHNntVkL","id":"shape_ThJ1jjyJ9J","conceptId":"concept_bVW4wX_searchresult"}},{"SetFieldName":{"id":"shape_ThJ1jjyJ9J","newName":"label","conceptId":"concept_bVW4wX_searchresult"}},{"AssignType":{"id":"shape_ThJ1jjyJ9J","to":{"StringT":{}},"conceptId":"concept_bVW4wX_searchresult"}},{"AssignType":{"id":"shape_EyfB08rIBn","to":{"ObjectT":{}},"conceptId":"concept_zKAFRa_riskfactor_details"}},{"AddField":{"parentId":"shape_EyfB08rIBn","id":"shape_VtrMTXpdAh","conceptId":"concept_zKAFRa_riskfactor_details"}},{"SetFieldName":{"id":"shape_VtrMTXpdAh","newName":"question","conceptId":"concept_zKAFRa_riskfactor_details"}},{"AssignType":{"id":"shape_VtrMTXpdAh","to":{"StringT":{}},"conceptId":"concept_zKAFRa_riskfactor_details"}},{"AddField":{"parentId":"shape_EyfB08rIBn","id":"shape_ShYpEomqNP","conceptId":"concept_zKAFRa_riskfactor_details"}},{"SetFieldName":{"id":"shape_ShYpEomqNP","newName":"image_url","conceptId":"concept_zKAFRa_riskfactor_details"}},{"AssignType":{"id":"shape_ShYpEomqNP","to":{"StringT":{}},"conceptId":"concept_zKAFRa_riskfactor_details"}},{"AddField":{"parentId":"shape_EyfB08rIBn","id":"shape_KmhEtXDq2e","conceptId":"concept_zKAFRa_riskfactor_details"}},{"SetFieldName":{"id":"shape_KmhEtXDq2e","newName":"name","conceptId":"concept_zKAFRa_riskfactor_details"}},{"AssignType":{"id":"shape_KmhEtXDq2e","to":{"StringT":{}},"conceptId":"concept_zKAFRa_riskfactor_details"}},{"AddField":{"parentId":"shape_EyfB08rIBn","id":"shape_0kqvLABSeB","conceptId":"concept_zKAFRa_riskfactor_details"}},{"SetFieldName":{"id":"shape_0kqvLABSeB","newName":"image_source","conceptId":"concept_zKAFRa_riskfactor_details"}},{"AssignType":{"id":"shape_0kqvLABSeB","to":{"StringT":{}},"conceptId":"concept_zKAFRa_riskfactor_details"}},{"AddField":{"parentId":"shape_EyfB08rIBn","id":"shape_FXDknAnXOK","conceptId":"concept_zKAFRa_riskfactor_details"}},{"SetFieldName":{"id":"shape_FXDknAnXOK","newName":"id","conceptId":"concept_zKAFRa_riskfactor_details"}},{"AssignType":{"id":"shape_FXDknAnXOK","to":{"StringT":{}},"conceptId":"concept_zKAFRa_riskfactor_details"}},{"AddField":{"parentId":"shape_EyfB08rIBn","id":"shape_VOjbqFelMG","conceptId":"concept_zKAFRa_riskfactor_details"}},{"SetFieldName":{"id":"shape_VOjbqFelMG","newName":"extras","conceptId":"concept_zKAFRa_riskfactor_details"}},{"AssignType":{"id":"shape_VOjbqFelMG","to":{"ObjectT":{}},"conceptId":"concept_zKAFRa_riskfactor_details"}},{"AddField":{"parentId":"shape_EyfB08rIBn","id":"shape_npX3TGoNzW","conceptId":"concept_zKAFRa_riskfactor_details"}},{"SetFieldName":{"id":"shape_npX3TGoNzW","newName":"common_name","conceptId":"concept_zKAFRa_riskfactor_details"}},{"AssignType":{"id":"shape_npX3TGoNzW","to":{"StringT":{}},"conceptId":"concept_zKAFRa_riskfactor_details"}},{"AddField":{"parentId":"shape_EyfB08rIBn","id":"shape_puPIvE44rh","conceptId":"concept_zKAFRa_riskfactor_details"}},{"SetFieldName":{"id":"shape_puPIvE44rh","newName":"category","conceptId":"concept_zKAFRa_riskfactor_details"}},{"AssignType":{"id":"shape_puPIvE44rh","to":{"StringT":{}},"conceptId":"concept_zKAFRa_riskfactor_details"}},{"AddField":{"parentId":"shape_EyfB08rIBn","id":"shape_AM8ymeYJob","conceptId":"concept_zKAFRa_riskfactor_details"}},{"SetFieldName":{"id":"shape_AM8ymeYJob","newName":"sex_filter","conceptId":"concept_zKAFRa_riskfactor_details"}},{"AssignType":{"id":"shape_AM8ymeYJob","to":{"StringT":{}},"conceptId":"concept_zKAFRa_riskfactor_details"}},{"AssignType":{"id":"shape_OUqZAgjqth","to":{"ObjectT":{}},"conceptId":"concept_qaZCWR_choice"}},{"AddField":{"parentId":"shape_OUqZAgjqth","id":"shape_8vF9wOriCp","conceptId":"concept_qaZCWR_choice"}},{"SetFieldName":{"id":"shape_8vF9wOriCp","newName":"id","conceptId":"concept_qaZCWR_choice"}},{"AssignType":{"id":"shape_8vF9wOriCp","to":{"StringT":{}},"conceptId":"concept_qaZCWR_choice"}},{"AddField":{"parentId":"shape_OUqZAgjqth","id":"shape_nN2Xj55BV7","conceptId":"concept_qaZCWR_choice"}},{"SetFieldName":{"id":"shape_nN2Xj55BV7","newName":"label","conceptId":"concept_qaZCWR_choice"}},{"AssignType":{"id":"shape_nN2Xj55BV7","to":{"StringT":{}},"conceptId":"concept_qaZCWR_choice"}},{"AssignType":{"id":"shape_R1D955iKpx","to":{"ObjectT":{}},"conceptId":"concept_rQ0gwG_evidence"}},{"AddField":{"parentId":"shape_R1D955iKpx","id":"shape_8ctnBR5SWa","conceptId":"concept_rQ0gwG_evidence"}},{"SetFieldName":{"id":"shape_8ctnBR5SWa","newName":"choice_id","conceptId":"concept_rQ0gwG_evidence"}},{"AssignType":{"id":"shape_8ctnBR5SWa","to":{"StringT":{}},"conceptId":"concept_rQ0gwG_evidence"}},{"AddField":{"parentId":"shape_R1D955iKpx","id":"shape_2BnJcmKF6Y","conceptId":"concept_rQ0gwG_evidence"}},{"SetFieldName":{"id":"shape_2BnJcmKF6Y","newName":"initial","conceptId":"concept_rQ0gwG_evidence"}},{"AssignType":{"id":"shape_2BnJcmKF6Y","to":{"BooleanT":{}},"conceptId":"concept_rQ0gwG_evidence"}},{"AddField":{"parentId":"shape_R1D955iKpx","id":"shape_0SQlxzu7Gk","conceptId":"concept_rQ0gwG_evidence"}},{"SetFieldName":{"id":"shape_0SQlxzu7Gk","newName":"id","conceptId":"concept_rQ0gwG_evidence"}},{"AssignType":{"id":"shape_0SQlxzu7Gk","to":{"StringT":{}},"conceptId":"concept_rQ0gwG_evidence"}},{"AddField":{"parentId":"shape_R1D955iKpx","id":"shape_ZfBfaa06cK","conceptId":"concept_rQ0gwG_evidence"}},{"SetFieldName":{"id":"shape_ZfBfaa06cK","newName":"observed_at","conceptId":"concept_rQ0gwG_evidence"}},{"AssignType":{"id":"shape_ZfBfaa06cK","to":{"StringT":{}},"conceptId":"concept_rQ0gwG_evidence"}},{"AddField":{"parentId":"shape_R1D955iKpx","id":"shape_ScwnWYeKDN","conceptId":"concept_rQ0gwG_evidence"}},{"SetFieldName":{"id":"shape_ScwnWYeKDN","newName":"related","conceptId":"concept_rQ0gwG_evidence"}},{"AssignType":{"id":"shape_ScwnWYeKDN","to":{"BooleanT":{}},"conceptId":"concept_rQ0gwG_evidence"}},{"AssignType":{"id":"shape_OLmyPVHY8Q","to":{"ObjectT":{}},"conceptId":"concept_hISzi9_labtest_details"}},{"AddField":{"parentId":"shape_OLmyPVHY8Q","id":"shape_76epomwOiO","conceptId":"concept_hISzi9_labtest_details"}},{"SetFieldName":{"id":"shape_76epomwOiO","newName":"name","conceptId":"concept_hISzi9_labtest_details"}},{"AssignType":{"id":"shape_76epomwOiO","to":{"StringT":{}},"conceptId":"concept_hISzi9_labtest_details"}},{"AddField":{"parentId":"shape_OLmyPVHY8Q","id":"shape_gnaDa5OQz0","conceptId":"concept_hISzi9_labtest_details"}},{"SetFieldName":{"id":"shape_gnaDa5OQz0","newName":"id","conceptId":"concept_hISzi9_labtest_details"}},{"AssignType":{"id":"shape_gnaDa5OQz0","to":{"StringT":{}},"conceptId":"concept_hISzi9_labtest_details"}},{"AddField":{"parentId":"shape_OLmyPVHY8Q","id":"shape_NKZmJROGrN","conceptId":"concept_hISzi9_labtest_details"}},{"SetFieldName":{"id":"shape_NKZmJROGrN","newName":"results","conceptId":"concept_hISzi9_labtest_details"}},{"AssignType":{"id":"shape_NKZmJROGrN","to":{"ListT":{}},"conceptId":"concept_hISzi9_labtest_details"}},{"AddTypeParameter":{"parentId":"shape_NKZmJROGrN","id":"shape_zmSmoLLDwD","conceptId":"concept_hISzi9_labtest_details"}},{"AssignType":{"id":"shape_zmSmoLLDwD","to":{"RefT":{"conceptId":"concept_7RPRdB_labtestresult_public"}},"conceptId":"concept_hISzi9_labtest_details"}},{"AddField":{"parentId":"shape_OLmyPVHY8Q","id":"shape_aerPFBg6PQ","conceptId":"concept_hISzi9_labtest_details"}},{"SetFieldName":{"id":"shape_aerPFBg6PQ","newName":"common_name","conceptId":"concept_hISzi9_labtest_details"}},{"AssignType":{"id":"shape_aerPFBg6PQ","to":{"StringT":{}},"conceptId":"concept_hISzi9_labtest_details"}},{"AddField":{"parentId":"shape_OLmyPVHY8Q","id":"shape_4b9qsWoiYD","conceptId":"concept_hISzi9_labtest_details"}},{"SetFieldName":{"id":"shape_4b9qsWoiYD","newName":"category","conceptId":"concept_hISzi9_labtest_details"}},{"AssignType":{"id":"shape_4b9qsWoiYD","to":{"StringT":{}},"conceptId":"concept_hISzi9_labtest_details"}},{"AssignType":{"id":"shape_XxPpWBy5vY","to":{"ObjectT":{}},"conceptId":"concept_euK8kH_explanationresponse"}},{"AddField":{"parentId":"shape_XxPpWBy5vY","id":"shape_4PLVRPPimO","conceptId":"concept_euK8kH_explanationresponse"}},{"SetFieldName":{"id":"shape_4PLVRPPimO","newName":"conflicting_evidence","conceptId":"concept_euK8kH_explanationresponse"}},{"AssignType":{"id":"shape_4PLVRPPimO","to":{"ListT":{}},"conceptId":"concept_euK8kH_explanationresponse"}},{"AddTypeParameter":{"parentId":"shape_4PLVRPPimO","id":"shape_X9KQ5DHL5C","conceptId":"concept_euK8kH_explanationresponse"}},{"AssignType":{"id":"shape_X9KQ5DHL5C","to":{"RefT":{"conceptId":"concept_jXwvoR_explanationevidence"}},"conceptId":"concept_euK8kH_explanationresponse"}},{"AddField":{"parentId":"shape_XxPpWBy5vY","id":"shape_qXnQdK1Ir6","conceptId":"concept_euK8kH_explanationresponse"}},{"SetFieldName":{"id":"shape_qXnQdK1Ir6","newName":"supporting_evidence","conceptId":"concept_euK8kH_explanationresponse"}},{"AssignType":{"id":"shape_qXnQdK1Ir6","to":{"ListT":{}},"conceptId":"concept_euK8kH_explanationresponse"}},{"AddTypeParameter":{"parentId":"shape_qXnQdK1Ir6","id":"shape_IRkxwdgqq5","conceptId":"concept_euK8kH_explanationresponse"}},{"AssignType":{"id":"shape_IRkxwdgqq5","to":{"RefT":{"conceptId":"concept_jXwvoR_explanationevidence"}},"conceptId":"concept_euK8kH_explanationresponse"}},{"AddField":{"parentId":"shape_XxPpWBy5vY","id":"shape_rIcLDFaYcU","conceptId":"concept_euK8kH_explanationresponse"}},{"SetFieldName":{"id":"shape_rIcLDFaYcU","newName":"unconfirmed_evidence","conceptId":"concept_euK8kH_explanationresponse"}},{"AssignType":{"id":"shape_rIcLDFaYcU","to":{"ListT":{}},"conceptId":"concept_euK8kH_explanationresponse"}},{"AddTypeParameter":{"parentId":"shape_rIcLDFaYcU","id":"shape_gLbwvw5L8x","conceptId":"concept_euK8kH_explanationresponse"}},{"AssignType":{"id":"shape_gLbwvw5L8x","to":{"RefT":{"conceptId":"concept_jXwvoR_explanationevidence"}},"conceptId":"concept_euK8kH_explanationresponse"}},{"AssignType":{"id":"shape_6N26YuIyhZ","to":{"ObjectT":{}},"conceptId":"concept_TwNQTN_question"}},{"AddField":{"parentId":"shape_6N26YuIyhZ","id":"shape_ujRypsY3Qe","conceptId":"concept_TwNQTN_question"}},{"SetFieldName":{"id":"shape_ujRypsY3Qe","newName":"extras","conceptId":"concept_TwNQTN_question"}},{"AssignType":{"id":"shape_ujRypsY3Qe","to":{"ObjectT":{}},"conceptId":"concept_TwNQTN_question"}},{"AddField":{"parentId":"shape_6N26YuIyhZ","id":"shape_k1CMAFTmLR","conceptId":"concept_TwNQTN_question"}},{"SetFieldName":{"id":"shape_k1CMAFTmLR","newName":"items","conceptId":"concept_TwNQTN_question"}},{"AssignType":{"id":"shape_k1CMAFTmLR","to":{"ListT":{}},"conceptId":"concept_TwNQTN_question"}},{"AddTypeParameter":{"parentId":"shape_k1CMAFTmLR","id":"shape_8v2pfyOe3J","conceptId":"concept_TwNQTN_question"}},{"AssignType":{"id":"shape_8v2pfyOe3J","to":{"RefT":{"conceptId":"concept_zB93Qs_questionitem"}},"conceptId":"concept_TwNQTN_question"}},{"AddField":{"parentId":"shape_6N26YuIyhZ","id":"shape_9PLmyzel4U","conceptId":"concept_TwNQTN_question"}},{"SetFieldName":{"id":"shape_9PLmyzel4U","newName":"text","conceptId":"concept_TwNQTN_question"}},{"AssignType":{"id":"shape_9PLmyzel4U","to":{"StringT":{}},"conceptId":"concept_TwNQTN_question"}},{"AddField":{"parentId":"shape_6N26YuIyhZ","id":"shape_yLvSsqPQMS","conceptId":"concept_TwNQTN_question"}},{"SetFieldName":{"id":"shape_yLvSsqPQMS","newName":"type","conceptId":"concept_TwNQTN_question"}},{"AssignType":{"id":"shape_yLvSsqPQMS","to":{"StringT":{}},"conceptId":"concept_TwNQTN_question"}},{"AssignType":{"id":"shape_knFt77FpXK","to":{"ObjectT":{}},"conceptId":"concept_FSSZQq_parserequest"}},{"AddField":{"parentId":"shape_knFt77FpXK","id":"shape_M5TPG6BggL","conceptId":"concept_FSSZQq_parserequest"}},{"SetFieldName":{"id":"shape_M5TPG6BggL","newName":"context","conceptId":"concept_FSSZQq_parserequest"}},{"AssignType":{"id":"shape_M5TPG6BggL","to":{"ListT":{}},"conceptId":"concept_FSSZQq_parserequest"}},{"AddTypeParameter":{"parentId":"shape_M5TPG6BggL","id":"shape_NzkfXq437s","conceptId":"concept_FSSZQq_parserequest"}},{"AssignType":{"id":"shape_NzkfXq437s","to":{"StringT":{}},"conceptId":"concept_FSSZQq_parserequest"}},{"AddField":{"parentId":"shape_knFt77FpXK","id":"shape_Gqqjv1hSX1","conceptId":"concept_FSSZQq_parserequest"}},{"SetFieldName":{"id":"shape_Gqqjv1hSX1","newName":"concept_types","conceptId":"concept_FSSZQq_parserequest"}},{"AssignType":{"id":"shape_Gqqjv1hSX1","to":{"ListT":{}},"conceptId":"concept_FSSZQq_parserequest"}},{"AddTypeParameter":{"parentId":"shape_Gqqjv1hSX1","id":"shape_SA4w12fkOr","conceptId":"concept_FSSZQq_parserequest"}},{"AssignType":{"id":"shape_SA4w12fkOr","to":{"StringT":{}},"conceptId":"concept_FSSZQq_parserequest"}},{"AddField":{"parentId":"shape_knFt77FpXK","id":"shape_MKIWzFYdMt","conceptId":"concept_FSSZQq_parserequest"}},{"SetFieldName":{"id":"shape_MKIWzFYdMt","newName":"include_tokens","conceptId":"concept_FSSZQq_parserequest"}},{"AssignType":{"id":"shape_MKIWzFYdMt","to":{"BooleanT":{}},"conceptId":"concept_FSSZQq_parserequest"}},{"AddField":{"parentId":"shape_knFt77FpXK","id":"shape_Z9mtXs3PfH","conceptId":"concept_FSSZQq_parserequest"}},{"SetFieldName":{"id":"shape_Z9mtXs3PfH","newName":"text","conceptId":"concept_FSSZQq_parserequest"}},{"AssignType":{"id":"shape_Z9mtXs3PfH","to":{"StringT":{}},"conceptId":"concept_FSSZQq_parserequest"}},{"AddField":{"parentId":"shape_knFt77FpXK","id":"shape_xTlsiPbXs2","conceptId":"concept_FSSZQq_parserequest"}},{"SetFieldName":{"id":"shape_xTlsiPbXs2","newName":"correct_spelling","conceptId":"concept_FSSZQq_parserequest"}},{"AssignType":{"id":"shape_xTlsiPbXs2","to":{"BooleanT":{}},"conceptId":"concept_FSSZQq_parserequest"}},{"AssignType":{"id":"shape_uY51I8CzZU","to":{"ObjectT":{}},"conceptId":"concept_b2D23C_conditionprobability"}},{"AddField":{"parentId":"shape_uY51I8CzZU","id":"shape_AFpanO0V1S","conceptId":"concept_b2D23C_conditionprobability"}},{"SetFieldName":{"id":"shape_AFpanO0V1S","newName":"common_name","conceptId":"concept_b2D23C_conditionprobability"}},{"AssignType":{"id":"shape_AFpanO0V1S","to":{"StringT":{}},"conceptId":"concept_b2D23C_conditionprobability"}},{"AddField":{"parentId":"shape_uY51I8CzZU","id":"shape_StpVn1RH8R","conceptId":"concept_b2D23C_conditionprobability"}},{"SetFieldName":{"id":"shape_StpVn1RH8R","newName":"id","conceptId":"concept_b2D23C_conditionprobability"}},{"AssignType":{"id":"shape_StpVn1RH8R","to":{"StringT":{}},"conceptId":"concept_b2D23C_conditionprobability"}},{"AddField":{"parentId":"shape_uY51I8CzZU","id":"shape_JrRp6QkAPJ","conceptId":"concept_b2D23C_conditionprobability"}},{"SetFieldName":{"id":"shape_JrRp6QkAPJ","newName":"name","conceptId":"concept_b2D23C_conditionprobability"}},{"AssignType":{"id":"shape_JrRp6QkAPJ","to":{"StringT":{}},"conceptId":"concept_b2D23C_conditionprobability"}},{"AddField":{"parentId":"shape_uY51I8CzZU","id":"shape_UmTOB2crTI","conceptId":"concept_b2D23C_conditionprobability"}},{"SetFieldName":{"id":"shape_UmTOB2crTI","newName":"probability","conceptId":"concept_b2D23C_conditionprobability"}},{"AssignType":{"id":"shape_UmTOB2crTI","to":{"NumberT":{}},"conceptId":"concept_b2D23C_conditionprobability"}},{"AssignType":{"id":"shape_Snp5dTRNlw","to":{"ObjectT":{}},"conceptId":"concept_r6VhG0_symptom_public"}},{"AddField":{"parentId":"shape_Snp5dTRNlw","id":"shape_eweoRyPau5","conceptId":"concept_r6VhG0_symptom_public"}},{"SetFieldName":{"id":"shape_eweoRyPau5","newName":"image_url","conceptId":"concept_r6VhG0_symptom_public"}},{"AssignType":{"id":"shape_eweoRyPau5","to":{"StringT":{}},"conceptId":"concept_r6VhG0_symptom_public"}},{"AddField":{"parentId":"shape_Snp5dTRNlw","id":"shape_M63PaqQuHw","conceptId":"concept_r6VhG0_symptom_public"}},{"SetFieldName":{"id":"shape_M63PaqQuHw","newName":"children","conceptId":"concept_r6VhG0_symptom_public"}},{"AssignType":{"id":"shape_M63PaqQuHw","to":{"ObjectT":{}},"conceptId":"concept_r6VhG0_symptom_public"}},{"AddField":{"parentId":"shape_Snp5dTRNlw","id":"shape_cTz41nZNMN","conceptId":"concept_r6VhG0_symptom_public"}},{"SetFieldName":{"id":"shape_cTz41nZNMN","newName":"name","conceptId":"concept_r6VhG0_symptom_public"}},{"AssignType":{"id":"shape_cTz41nZNMN","to":{"StringT":{}},"conceptId":"concept_r6VhG0_symptom_public"}},{"AddField":{"parentId":"shape_Snp5dTRNlw","id":"shape_XeHO0KYR7o","conceptId":"concept_r6VhG0_symptom_public"}},{"SetFieldName":{"id":"shape_XeHO0KYR7o","newName":"parent_id","conceptId":"concept_r6VhG0_symptom_public"}},{"AssignType":{"id":"shape_XeHO0KYR7o","to":{"StringT":{}},"conceptId":"concept_r6VhG0_symptom_public"}},{"AddField":{"parentId":"shape_Snp5dTRNlw","id":"shape_g4WQjGLs4a","conceptId":"concept_r6VhG0_symptom_public"}},{"SetFieldName":{"id":"shape_g4WQjGLs4a","newName":"image_source","conceptId":"concept_r6VhG0_symptom_public"}},{"AssignType":{"id":"shape_g4WQjGLs4a","to":{"StringT":{}},"conceptId":"concept_r6VhG0_symptom_public"}},{"AddField":{"parentId":"shape_Snp5dTRNlw","id":"shape_datLUZeIsJ","conceptId":"concept_r6VhG0_symptom_public"}},{"SetFieldName":{"id":"shape_datLUZeIsJ","newName":"parent_relation","conceptId":"concept_r6VhG0_symptom_public"}},{"AssignType":{"id":"shape_datLUZeIsJ","to":{"StringT":{}},"conceptId":"concept_r6VhG0_symptom_public"}},{"AddField":{"parentId":"shape_Snp5dTRNlw","id":"shape_aNKsZ6XeCI","conceptId":"concept_r6VhG0_symptom_public"}},{"SetFieldName":{"id":"shape_aNKsZ6XeCI","newName":"id","conceptId":"concept_r6VhG0_symptom_public"}},{"AssignType":{"id":"shape_aNKsZ6XeCI","to":{"StringT":{}},"conceptId":"concept_r6VhG0_symptom_public"}},{"AddField":{"parentId":"shape_Snp5dTRNlw","id":"shape_JwUK3GMWAd","conceptId":"concept_r6VhG0_symptom_public"}},{"SetFieldName":{"id":"shape_JwUK3GMWAd","newName":"extras","conceptId":"concept_r6VhG0_symptom_public"}},{"AssignType":{"id":"shape_JwUK3GMWAd","to":{"ObjectT":{}},"conceptId":"concept_r6VhG0_symptom_public"}},{"AddField":{"parentId":"shape_Snp5dTRNlw","id":"shape_jAc1ZBQj30","conceptId":"concept_r6VhG0_symptom_public"}},{"SetFieldName":{"id":"shape_jAc1ZBQj30","newName":"common_name","conceptId":"concept_r6VhG0_symptom_public"}},{"AssignType":{"id":"shape_jAc1ZBQj30","to":{"StringT":{}},"conceptId":"concept_r6VhG0_symptom_public"}},{"AddField":{"parentId":"shape_Snp5dTRNlw","id":"shape_mTl9P77o3F","conceptId":"concept_r6VhG0_symptom_public"}},{"SetFieldName":{"id":"shape_mTl9P77o3F","newName":"category","conceptId":"concept_r6VhG0_symptom_public"}},{"AssignType":{"id":"shape_mTl9P77o3F","to":{"StringT":{}},"conceptId":"concept_r6VhG0_symptom_public"}},{"AddField":{"parentId":"shape_Snp5dTRNlw","id":"shape_qXQgh0ahYL","conceptId":"concept_r6VhG0_symptom_public"}},{"SetFieldName":{"id":"shape_qXQgh0ahYL","newName":"sex_filter","conceptId":"concept_r6VhG0_symptom_public"}},{"AssignType":{"id":"shape_qXQgh0ahYL","to":{"StringT":{}},"conceptId":"concept_r6VhG0_symptom_public"}},{"AssignType":{"id":"shape_Y97JULRdk3","to":{"ObjectT":{}},"conceptId":"concept_jXwvoR_explanationevidence"}},{"AddField":{"parentId":"shape_Y97JULRdk3","id":"shape_PUrUNDxBAX","conceptId":"concept_jXwvoR_explanationevidence"}},{"SetFieldName":{"id":"shape_PUrUNDxBAX","newName":"common_name","conceptId":"concept_jXwvoR_explanationevidence"}},{"AssignType":{"id":"shape_PUrUNDxBAX","to":{"StringT":{}},"conceptId":"concept_jXwvoR_explanationevidence"}},{"AddField":{"parentId":"shape_Y97JULRdk3","id":"shape_8aYgF7vnfr","conceptId":"concept_jXwvoR_explanationevidence"}},{"SetFieldName":{"id":"shape_8aYgF7vnfr","newName":"id","conceptId":"concept_jXwvoR_explanationevidence"}},{"AssignType":{"id":"shape_8aYgF7vnfr","to":{"StringT":{}},"conceptId":"concept_jXwvoR_explanationevidence"}},{"AddField":{"parentId":"shape_Y97JULRdk3","id":"shape_WtfmIuzqO3","conceptId":"concept_jXwvoR_explanationevidence"}},{"SetFieldName":{"id":"shape_WtfmIuzqO3","newName":"name","conceptId":"concept_jXwvoR_explanationevidence"}},{"AssignType":{"id":"shape_WtfmIuzqO3","to":{"StringT":{}},"conceptId":"concept_jXwvoR_explanationevidence"}},{"AssignType":{"id":"shape_vGC2LEhJst","to":{"ObjectT":{}},"conceptId":"concept_pMokeq_diagnosisresponse"}},{"AddField":{"parentId":"shape_vGC2LEhJst","id":"shape_bKQGjMUqKQ","conceptId":"concept_pMokeq_diagnosisresponse"}},{"SetFieldName":{"id":"shape_bKQGjMUqKQ","newName":"conditions","conceptId":"concept_pMokeq_diagnosisresponse"}},{"AssignType":{"id":"shape_bKQGjMUqKQ","to":{"ListT":{}},"conceptId":"concept_pMokeq_diagnosisresponse"}},{"AddTypeParameter":{"parentId":"shape_bKQGjMUqKQ","id":"shape_Y0mUvRmJKG","conceptId":"concept_pMokeq_diagnosisresponse"}},{"AssignType":{"id":"shape_Y0mUvRmJKG","to":{"RefT":{"conceptId":"concept_b2D23C_conditionprobability"}},"conceptId":"concept_pMokeq_diagnosisresponse"}},{"AddField":{"parentId":"shape_vGC2LEhJst","id":"shape_szCyTliZwh","conceptId":"concept_pMokeq_diagnosisresponse"}},{"SetFieldName":{"id":"shape_szCyTliZwh","newName":"extras","conceptId":"concept_pMokeq_diagnosisresponse"}},{"AssignType":{"id":"shape_szCyTliZwh","to":{"ObjectT":{}},"conceptId":"concept_pMokeq_diagnosisresponse"}},{"AddField":{"parentId":"shape_vGC2LEhJst","id":"shape_l0AFq098ul","conceptId":"concept_pMokeq_diagnosisresponse"}},{"SetFieldName":{"id":"shape_l0AFq098ul","newName":"question","conceptId":"concept_pMokeq_diagnosisresponse"}},{"AssignType":{"id":"shape_l0AFq098ul","to":{"RefT":{"conceptId":"concept_TwNQTN_question"}},"conceptId":"concept_pMokeq_diagnosisresponse"}},{"AddField":{"parentId":"shape_vGC2LEhJst","id":"shape_ZSL0M8CLXe","conceptId":"concept_pMokeq_diagnosisresponse"}},{"SetFieldName":{"id":"shape_ZSL0M8CLXe","newName":"should_stop","conceptId":"concept_pMokeq_diagnosisresponse"}},{"AssignType":{"id":"shape_ZSL0M8CLXe","to":{"BooleanT":{}},"conceptId":"concept_pMokeq_diagnosisresponse"}},{"AssignType":{"id":"shape_fIsEUDXoC5","to":{"ObjectT":{}},"conceptId":"concept_7yMfvJ_diagnosisrequest"}},{"AddField":{"parentId":"shape_fIsEUDXoC5","id":"shape_zhjwWDeg4U","conceptId":"concept_7yMfvJ_diagnosisrequest"}},{"SetFieldName":{"id":"shape_zhjwWDeg4U","newName":"age","conceptId":"concept_7yMfvJ_diagnosisrequest"}},{"AssignType":{"id":"shape_zhjwWDeg4U","to":{"IntegerT":{}},"conceptId":"concept_7yMfvJ_diagnosisrequest"}},{"AddField":{"parentId":"shape_fIsEUDXoC5","id":"shape_iDfGHWbCdc","conceptId":"concept_7yMfvJ_diagnosisrequest"}},{"SetFieldName":{"id":"shape_iDfGHWbCdc","newName":"sex","conceptId":"concept_7yMfvJ_diagnosisrequest"}},{"AssignType":{"id":"shape_iDfGHWbCdc","to":{"StringT":{}},"conceptId":"concept_7yMfvJ_diagnosisrequest"}},{"AddField":{"parentId":"shape_fIsEUDXoC5","id":"shape_3wvPlq6iKY","conceptId":"concept_7yMfvJ_diagnosisrequest"}},{"SetFieldName":{"id":"shape_3wvPlq6iKY","newName":"evidence","conceptId":"concept_7yMfvJ_diagnosisrequest"}},{"AssignType":{"id":"shape_3wvPlq6iKY","to":{"ListT":{}},"conceptId":"concept_7yMfvJ_diagnosisrequest"}},{"AddTypeParameter":{"parentId":"shape_3wvPlq6iKY","id":"shape_ZNGtBTGw09","conceptId":"concept_7yMfvJ_diagnosisrequest"}},{"AssignType":{"id":"shape_ZNGtBTGw09","to":{"RefT":{"conceptId":"concept_rQ0gwG_evidence"}},"conceptId":"concept_7yMfvJ_diagnosisrequest"}},{"AddField":{"parentId":"shape_fIsEUDXoC5","id":"shape_ULMNcVV6Tp","conceptId":"concept_7yMfvJ_diagnosisrequest"}},{"SetFieldName":{"id":"shape_ULMNcVV6Tp","newName":"extras","conceptId":"concept_7yMfvJ_diagnosisrequest"}},{"AssignType":{"id":"shape_ULMNcVV6Tp","to":{"ObjectT":{}},"conceptId":"concept_7yMfvJ_diagnosisrequest"}},{"AddField":{"parentId":"shape_fIsEUDXoC5","id":"shape_OpSdYDSuaa","conceptId":"concept_7yMfvJ_diagnosisrequest"}},{"SetFieldName":{"id":"shape_OpSdYDSuaa","newName":"evaluated_at","conceptId":"concept_7yMfvJ_diagnosisrequest"}},{"AssignType":{"id":"shape_OpSdYDSuaa","to":{"StringT":{}},"conceptId":"concept_7yMfvJ_diagnosisrequest"}},{"AssignType":{"id":"shape_JSqpTaW0Fu","to":{"ObjectT":{}},"conceptId":"concept_7RPRdB_labtestresult_public"}},{"AddField":{"parentId":"shape_JSqpTaW0Fu","id":"shape_hvKuJFntPP","conceptId":"concept_7RPRdB_labtestresult_public"}},{"SetFieldName":{"id":"shape_hvKuJFntPP","newName":"id","conceptId":"concept_7RPRdB_labtestresult_public"}},{"AssignType":{"id":"shape_hvKuJFntPP","to":{"StringT":{}},"conceptId":"concept_7RPRdB_labtestresult_public"}},{"AddField":{"parentId":"shape_JSqpTaW0Fu","id":"shape_zoU3aeRzID","conceptId":"concept_7RPRdB_labtestresult_public"}},{"SetFieldName":{"id":"shape_zoU3aeRzID","newName":"type","conceptId":"concept_7RPRdB_labtestresult_public"}},{"AssignType":{"id":"shape_zoU3aeRzID","to":{"StringT":{}},"conceptId":"concept_7RPRdB_labtestresult_public"}},{"AssignType":{"id":"shape_8F6YYN4cAs","to":{"ObjectT":{}},"conceptId":"concept_zB93Qs_questionitem"}},{"AddField":{"parentId":"shape_8F6YYN4cAs","id":"shape_YHc7ARC5f8","conceptId":"concept_zB93Qs_questionitem"}},{"SetFieldName":{"id":"shape_YHc7ARC5f8","newName":"choices","conceptId":"concept_zB93Qs_questionitem"}},{"AssignType":{"id":"shape_YHc7ARC5f8","to":{"ListT":{}},"conceptId":"concept_zB93Qs_questionitem"}},{"AddTypeParameter":{"parentId":"shape_YHc7ARC5f8","id":"shape_BLZ7m2dGnz","conceptId":"concept_zB93Qs_questionitem"}},{"AssignType":{"id":"shape_BLZ7m2dGnz","to":{"RefT":{"conceptId":"concept_qaZCWR_choice"}},"conceptId":"concept_zB93Qs_questionitem"}},{"AddField":{"parentId":"shape_8F6YYN4cAs","id":"shape_3lQUIVZLna","conceptId":"concept_zB93Qs_questionitem"}},{"SetFieldName":{"id":"shape_3lQUIVZLna","newName":"id","conceptId":"concept_zB93Qs_questionitem"}},{"AssignType":{"id":"shape_3lQUIVZLna","to":{"StringT":{}},"conceptId":"concept_zB93Qs_questionitem"}},{"AddField":{"parentId":"shape_8F6YYN4cAs","id":"shape_cbIXbxbu3C","conceptId":"concept_zB93Qs_questionitem"}},{"SetFieldName":{"id":"shape_cbIXbxbu3C","newName":"name","conceptId":"concept_zB93Qs_questionitem"}},{"AssignType":{"id":"shape_cbIXbxbu3C","to":{"StringT":{}},"conceptId":"concept_zB93Qs_questionitem"}},{"AssignType":{"id":"shape_AeOtGlC2NH","to":{"ObjectT":{}},"conceptId":"concept_aeldcA_symptom_details"}},{"AddField":{"parentId":"shape_AeOtGlC2NH","id":"shape_wUrfAQKJGt","conceptId":"concept_aeldcA_symptom_details"}},{"SetFieldName":{"id":"shape_wUrfAQKJGt","newName":"question","conceptId":"concept_aeldcA_symptom_details"}},{"AssignType":{"id":"shape_wUrfAQKJGt","to":{"StringT":{}},"conceptId":"concept_aeldcA_symptom_details"}},{"AddField":{"parentId":"shape_AeOtGlC2NH","id":"shape_3Rg3XCpDa0","conceptId":"concept_aeldcA_symptom_details"}},{"SetFieldName":{"id":"shape_3Rg3XCpDa0","newName":"image_url","conceptId":"concept_aeldcA_symptom_details"}},{"AssignType":{"id":"shape_3Rg3XCpDa0","to":{"StringT":{}},"conceptId":"concept_aeldcA_symptom_details"}},{"AddField":{"parentId":"shape_AeOtGlC2NH","id":"shape_nnVjwMGpRK","conceptId":"concept_aeldcA_symptom_details"}},{"SetFieldName":{"id":"shape_nnVjwMGpRK","newName":"children","conceptId":"concept_aeldcA_symptom_details"}},{"AssignType":{"id":"shape_nnVjwMGpRK","to":{"ObjectT":{}},"conceptId":"concept_aeldcA_symptom_details"}},{"AddField":{"parentId":"shape_AeOtGlC2NH","id":"shape_17ma6ZZpHZ","conceptId":"concept_aeldcA_symptom_details"}},{"SetFieldName":{"id":"shape_17ma6ZZpHZ","newName":"name","conceptId":"concept_aeldcA_symptom_details"}},{"AssignType":{"id":"shape_17ma6ZZpHZ","to":{"StringT":{}},"conceptId":"concept_aeldcA_symptom_details"}},{"AddField":{"parentId":"shape_AeOtGlC2NH","id":"shape_3YSAxLODW6","conceptId":"concept_aeldcA_symptom_details"}},{"SetFieldName":{"id":"shape_3YSAxLODW6","newName":"parent_id","conceptId":"concept_aeldcA_symptom_details"}},{"AssignType":{"id":"shape_3YSAxLODW6","to":{"StringT":{}},"conceptId":"concept_aeldcA_symptom_details"}},{"AddField":{"parentId":"shape_AeOtGlC2NH","id":"shape_EmHrVxiybt","conceptId":"concept_aeldcA_symptom_details"}},{"SetFieldName":{"id":"shape_EmHrVxiybt","newName":"image_source","conceptId":"concept_aeldcA_symptom_details"}},{"AssignType":{"id":"shape_EmHrVxiybt","to":{"StringT":{}},"conceptId":"concept_aeldcA_symptom_details"}},{"AddField":{"parentId":"shape_AeOtGlC2NH","id":"shape_VKFOUMeoGP","conceptId":"concept_aeldcA_symptom_details"}},{"SetFieldName":{"id":"shape_VKFOUMeoGP","newName":"parent_relation","conceptId":"concept_aeldcA_symptom_details"}},{"AssignType":{"id":"shape_VKFOUMeoGP","to":{"StringT":{}},"conceptId":"concept_aeldcA_symptom_details"}},{"AddField":{"parentId":"shape_AeOtGlC2NH","id":"shape_e2Xq6BpMRA","conceptId":"concept_aeldcA_symptom_details"}},{"SetFieldName":{"id":"shape_e2Xq6BpMRA","newName":"id","conceptId":"concept_aeldcA_symptom_details"}},{"AssignType":{"id":"shape_e2Xq6BpMRA","to":{"StringT":{}},"conceptId":"concept_aeldcA_symptom_details"}},{"AddField":{"parentId":"shape_AeOtGlC2NH","id":"shape_PgBWVKPJhs","conceptId":"concept_aeldcA_symptom_details"}},{"SetFieldName":{"id":"shape_PgBWVKPJhs","newName":"extras","conceptId":"concept_aeldcA_symptom_details"}},{"AssignType":{"id":"shape_PgBWVKPJhs","to":{"ObjectT":{}},"conceptId":"concept_aeldcA_symptom_details"}},{"AddField":{"parentId":"shape_AeOtGlC2NH","id":"shape_zb8yJXWV2U","conceptId":"concept_aeldcA_symptom_details"}},{"SetFieldName":{"id":"shape_zb8yJXWV2U","newName":"common_name","conceptId":"concept_aeldcA_symptom_details"}},{"AssignType":{"id":"shape_zb8yJXWV2U","to":{"StringT":{}},"conceptId":"concept_aeldcA_symptom_details"}},{"AddField":{"parentId":"shape_AeOtGlC2NH","id":"shape_iOiQu4DUDM","conceptId":"concept_aeldcA_symptom_details"}},{"SetFieldName":{"id":"shape_iOiQu4DUDM","newName":"category","conceptId":"concept_aeldcA_symptom_details"}},{"AssignType":{"id":"shape_iOiQu4DUDM","to":{"StringT":{}},"conceptId":"concept_aeldcA_symptom_details"}},{"AddField":{"parentId":"shape_AeOtGlC2NH","id":"shape_ld22YqMOXA","conceptId":"concept_aeldcA_symptom_details"}},{"SetFieldName":{"id":"shape_ld22YqMOXA","newName":"sex_filter","conceptId":"concept_aeldcA_symptom_details"}},{"AssignType":{"id":"shape_ld22YqMOXA","to":{"StringT":{}},"conceptId":"concept_aeldcA_symptom_details"}},{"AssignType":{"id":"shape_U7EVnnN9Ze","to":{"ObjectT":{}},"conceptId":"concept_JRSsH4_triageresponse"}},{"AddField":{"parentId":"shape_U7EVnnN9Ze","id":"shape_NRuuYIPjtS","conceptId":"concept_JRSsH4_triageresponse"}},{"SetFieldName":{"id":"shape_NRuuYIPjtS","newName":"serious","conceptId":"concept_JRSsH4_triageresponse"}},{"AssignType":{"id":"shape_NRuuYIPjtS","to":{"ListT":{}},"conceptId":"concept_JRSsH4_triageresponse"}},{"AddTypeParameter":{"parentId":"shape_NRuuYIPjtS","id":"shape_T8H5hm3P2h","conceptId":"concept_JRSsH4_triageresponse"}},{"AssignType":{"id":"shape_T8H5hm3P2h","to":{"RefT":{"conceptId":"concept_izWIEq_seriousobservation"}},"conceptId":"concept_JRSsH4_triageresponse"}},{"AddField":{"parentId":"shape_U7EVnnN9Ze","id":"shape_O4R8PKWFml","conceptId":"concept_JRSsH4_triageresponse"}},{"SetFieldName":{"id":"shape_O4R8PKWFml","newName":"triage_level","conceptId":"concept_JRSsH4_triageresponse"}},{"AssignType":{"id":"shape_O4R8PKWFml","to":{"StringT":{}},"conceptId":"concept_JRSsH4_triageresponse"}},{"AssignType":{"id":"shape_8eZVc7AEv8","to":{"ObjectT":{}},"conceptId":"concept_J1cISw_explanationrequest"}},{"AddField":{"parentId":"shape_8eZVc7AEv8","id":"shape_zrtnOP1uec","conceptId":"concept_J1cISw_explanationrequest"}},{"SetFieldName":{"id":"shape_zrtnOP1uec","newName":"age","conceptId":"concept_J1cISw_explanationrequest"}},{"AssignType":{"id":"shape_zrtnOP1uec","to":{"IntegerT":{}},"conceptId":"concept_J1cISw_explanationrequest"}},{"AddField":{"parentId":"shape_8eZVc7AEv8","id":"shape_KtLbFaydfl","conceptId":"concept_J1cISw_explanationrequest"}},{"SetFieldName":{"id":"shape_KtLbFaydfl","newName":"sex","conceptId":"concept_J1cISw_explanationrequest"}},{"AssignType":{"id":"shape_KtLbFaydfl","to":{"StringT":{}},"conceptId":"concept_J1cISw_explanationrequest"}},{"AddField":{"parentId":"shape_8eZVc7AEv8","id":"shape_4J6864UZNT","conceptId":"concept_J1cISw_explanationrequest"}},{"SetFieldName":{"id":"shape_4J6864UZNT","newName":"evidence","conceptId":"concept_J1cISw_explanationrequest"}},{"AssignType":{"id":"shape_4J6864UZNT","to":{"ListT":{}},"conceptId":"concept_J1cISw_explanationrequest"}},{"AddTypeParameter":{"parentId":"shape_4J6864UZNT","id":"shape_InRFEtzSBX","conceptId":"concept_J1cISw_explanationrequest"}},{"AssignType":{"id":"shape_InRFEtzSBX","to":{"RefT":{"conceptId":"concept_rQ0gwG_evidence"}},"conceptId":"concept_J1cISw_explanationrequest"}},{"AddField":{"parentId":"shape_8eZVc7AEv8","id":"shape_L9vC0Ot8lS","conceptId":"concept_J1cISw_explanationrequest"}},{"SetFieldName":{"id":"shape_L9vC0Ot8lS","newName":"extras","conceptId":"concept_J1cISw_explanationrequest"}},{"AssignType":{"id":"shape_L9vC0Ot8lS","to":{"ObjectT":{}},"conceptId":"concept_J1cISw_explanationrequest"}},{"AddField":{"parentId":"shape_8eZVc7AEv8","id":"shape_vRYDxVAW4m","conceptId":"concept_J1cISw_explanationrequest"}},{"SetFieldName":{"id":"shape_vRYDxVAW4m","newName":"target","conceptId":"concept_J1cISw_explanationrequest"}},{"AssignType":{"id":"shape_vRYDxVAW4m","to":{"StringT":{}},"conceptId":"concept_J1cISw_explanationrequest"}},{"AddField":{"parentId":"shape_8eZVc7AEv8","id":"shape_IJ9j7fAABe","conceptId":"concept_J1cISw_explanationrequest"}},{"SetFieldName":{"id":"shape_IJ9j7fAABe","newName":"evaluated_at","conceptId":"concept_J1cISw_explanationrequest"}},{"AssignType":{"id":"shape_IJ9j7fAABe","to":{"StringT":{}},"conceptId":"concept_J1cISw_explanationrequest"}},{"AssignType":{"id":"shape_0rCeeB6wur","to":{"ObjectT":{}},"conceptId":"concept_zDKIXs_parseresponse"}},{"AddField":{"parentId":"shape_0rCeeB6wur","id":"shape_cxWch4W0ZM","conceptId":"concept_zDKIXs_parseresponse"}},{"SetFieldName":{"id":"shape_cxWch4W0ZM","newName":"mentions","conceptId":"concept_zDKIXs_parseresponse"}},{"AssignType":{"id":"shape_cxWch4W0ZM","to":{"ListT":{}},"conceptId":"concept_zDKIXs_parseresponse"}},{"AddTypeParameter":{"parentId":"shape_cxWch4W0ZM","id":"shape_BOwfdrVsRl","conceptId":"concept_zDKIXs_parseresponse"}},{"AssignType":{"id":"shape_BOwfdrVsRl","to":{"RefT":{"conceptId":"concept_KnB2Ar_observationmention"}},"conceptId":"concept_zDKIXs_parseresponse"}},{"AddField":{"parentId":"shape_0rCeeB6wur","id":"shape_8NYziAzUfq","conceptId":"concept_zDKIXs_parseresponse"}},{"SetFieldName":{"id":"shape_8NYziAzUfq","newName":"obvious","conceptId":"concept_zDKIXs_parseresponse"}},{"AssignType":{"id":"shape_8NYziAzUfq","to":{"BooleanT":{}},"conceptId":"concept_zDKIXs_parseresponse"}},{"AddField":{"parentId":"shape_0rCeeB6wur","id":"shape_uOHDW6y74O","conceptId":"concept_zDKIXs_parseresponse"}},{"SetFieldName":{"id":"shape_uOHDW6y74O","newName":"tokens","conceptId":"concept_zDKIXs_parseresponse"}},{"AssignType":{"id":"shape_uOHDW6y74O","to":{"ListT":{}},"conceptId":"concept_zDKIXs_parseresponse"}},{"AddTypeParameter":{"parentId":"shape_uOHDW6y74O","id":"shape_k6boGs7Gjc","conceptId":"concept_zDKIXs_parseresponse"}},{"AssignType":{"id":"shape_k6boGs7Gjc","to":{"StringT":{}},"conceptId":"concept_zDKIXs_parseresponse"}},{"AssignType":{"id":"shape_BvR2eyHrAw","to":{"ObjectT":{}},"conceptId":"concept_KnB2Ar_observationmention"}},{"AddField":{"parentId":"shape_BvR2eyHrAw","id":"shape_JceYjKHIgE","conceptId":"concept_KnB2Ar_observationmention"}},{"SetFieldName":{"id":"shape_JceYjKHIgE","newName":"choice_id","conceptId":"concept_KnB2Ar_observationmention"}},{"AssignType":{"id":"shape_JceYjKHIgE","to":{"StringT":{}},"conceptId":"concept_KnB2Ar_observationmention"}},{"AddField":{"parentId":"shape_BvR2eyHrAw","id":"shape_hhfs6mMqCG","conceptId":"concept_KnB2Ar_observationmention"}},{"SetFieldName":{"id":"shape_hhfs6mMqCG","newName":"name","conceptId":"concept_KnB2Ar_observationmention"}},{"AssignType":{"id":"shape_hhfs6mMqCG","to":{"StringT":{}},"conceptId":"concept_KnB2Ar_observationmention"}},{"AddField":{"parentId":"shape_BvR2eyHrAw","id":"shape_QTwIzarvpN","conceptId":"concept_KnB2Ar_observationmention"}},{"SetFieldName":{"id":"shape_QTwIzarvpN","newName":"orth","conceptId":"concept_KnB2Ar_observationmention"}},{"AssignType":{"id":"shape_QTwIzarvpN","to":{"StringT":{}},"conceptId":"concept_KnB2Ar_observationmention"}},{"AddField":{"parentId":"shape_BvR2eyHrAw","id":"shape_qdK0z0qCyu","conceptId":"concept_KnB2Ar_observationmention"}},{"SetFieldName":{"id":"shape_qdK0z0qCyu","newName":"id","conceptId":"concept_KnB2Ar_observationmention"}},{"AssignType":{"id":"shape_qdK0z0qCyu","to":{"StringT":{}},"conceptId":"concept_KnB2Ar_observationmention"}},{"AddField":{"parentId":"shape_BvR2eyHrAw","id":"shape_DjiNqgRtFQ","conceptId":"concept_KnB2Ar_observationmention"}},{"SetFieldName":{"id":"shape_DjiNqgRtFQ","newName":"positions","conceptId":"concept_KnB2Ar_observationmention"}},{"AssignType":{"id":"shape_DjiNqgRtFQ","to":{"ListT":{}},"conceptId":"concept_KnB2Ar_observationmention"}},{"AddTypeParameter":{"parentId":"shape_DjiNqgRtFQ","id":"shape_af81dSENXB","conceptId":"concept_KnB2Ar_observationmention"}},{"AssignType":{"id":"shape_af81dSENXB","to":{"IntegerT":{}},"conceptId":"concept_KnB2Ar_observationmention"}},{"AddField":{"parentId":"shape_BvR2eyHrAw","id":"shape_6LDCElnMGu","conceptId":"concept_KnB2Ar_observationmention"}},{"SetFieldName":{"id":"shape_6LDCElnMGu","newName":"head_position","conceptId":"concept_KnB2Ar_observationmention"}},{"AssignType":{"id":"shape_6LDCElnMGu","to":{"IntegerT":{}},"conceptId":"concept_KnB2Ar_observationmention"}},{"AddField":{"parentId":"shape_BvR2eyHrAw","id":"shape_MU4kotBT65","conceptId":"concept_KnB2Ar_observationmention"}},{"SetFieldName":{"id":"shape_MU4kotBT65","newName":"common_name","conceptId":"concept_KnB2Ar_observationmention"}},{"AssignType":{"id":"shape_MU4kotBT65","to":{"StringT":{}},"conceptId":"concept_KnB2Ar_observationmention"}},{"AssignType":{"id":"shape_S6BoFHVRjL","to":{"ObjectT":{}},"conceptId":"concept_yDNvpY_labtestresult_details"}},{"AddField":{"parentId":"shape_S6BoFHVRjL","id":"shape_1Hcun1kCbx","conceptId":"concept_yDNvpY_labtestresult_details"}},{"SetFieldName":{"id":"shape_1Hcun1kCbx","newName":"id","conceptId":"concept_yDNvpY_labtestresult_details"}},{"AssignType":{"id":"shape_1Hcun1kCbx","to":{"StringT":{}},"conceptId":"concept_yDNvpY_labtestresult_details"}},{"AddField":{"parentId":"shape_S6BoFHVRjL","id":"shape_vgemS9FRuu","conceptId":"concept_yDNvpY_labtestresult_details"}},{"SetFieldName":{"id":"shape_vgemS9FRuu","newName":"type","conceptId":"concept_yDNvpY_labtestresult_details"}},{"AssignType":{"id":"shape_vgemS9FRuu","to":{"StringT":{}},"conceptId":"concept_yDNvpY_labtestresult_details"}},{"AssignType":{"id":"shape_jbW0GcdaiA","to":{"ObjectT":{}},"conceptId":"concept_izWIEq_seriousobservation"}},{"AddField":{"parentId":"shape_jbW0GcdaiA","id":"shape_KzEaKANxaz","conceptId":"concept_izWIEq_seriousobservation"}},{"SetFieldName":{"id":"shape_KzEaKANxaz","newName":"common_name","conceptId":"concept_izWIEq_seriousobservation"}},{"AssignType":{"id":"shape_KzEaKANxaz","to":{"StringT":{}},"conceptId":"concept_izWIEq_seriousobservation"}},{"AddField":{"parentId":"shape_jbW0GcdaiA","id":"shape_2TlOaiqQ03","conceptId":"concept_izWIEq_seriousobservation"}},{"SetFieldName":{"id":"shape_2TlOaiqQ03","newName":"id","conceptId":"concept_izWIEq_seriousobservation"}},{"AssignType":{"id":"shape_2TlOaiqQ03","to":{"StringT":{}},"conceptId":"concept_izWIEq_seriousobservation"}},{"AddField":{"parentId":"shape_jbW0GcdaiA","id":"shape_UnPRA5iOug","conceptId":"concept_izWIEq_seriousobservation"}},{"SetFieldName":{"id":"shape_UnPRA5iOug","newName":"is_emergency","conceptId":"concept_izWIEq_seriousobservation"}},{"AssignType":{"id":"shape_UnPRA5iOug","to":{"BooleanT":{}},"conceptId":"concept_izWIEq_seriousobservation"}},{"AddField":{"parentId":"shape_jbW0GcdaiA","id":"shape_CvgyLJAPzp","conceptId":"concept_izWIEq_seriousobservation"}},{"SetFieldName":{"id":"shape_CvgyLJAPzp","newName":"name","conceptId":"concept_izWIEq_seriousobservation"}},{"AssignType":{"id":"shape_CvgyLJAPzp","to":{"StringT":{}},"conceptId":"concept_izWIEq_seriousobservation"}},{"AssignType":{"id":"shape_dcCHioaDru","to":{"ObjectT":{}},"conceptId":"concept_DNNnOk_suggestrequest"}},{"AddField":{"parentId":"shape_dcCHioaDru","id":"shape_s6fLm4OsCz","conceptId":"concept_DNNnOk_suggestrequest"}},{"SetFieldName":{"id":"shape_s6fLm4OsCz","newName":"age","conceptId":"concept_DNNnOk_suggestrequest"}},{"AssignType":{"id":"shape_s6fLm4OsCz","to":{"IntegerT":{}},"conceptId":"concept_DNNnOk_suggestrequest"}},{"AddField":{"parentId":"shape_dcCHioaDru","id":"shape_HL1p98e7Ci","conceptId":"concept_DNNnOk_suggestrequest"}},{"SetFieldName":{"id":"shape_HL1p98e7Ci","newName":"sex","conceptId":"concept_DNNnOk_suggestrequest"}},{"AssignType":{"id":"shape_HL1p98e7Ci","to":{"StringT":{}},"conceptId":"concept_DNNnOk_suggestrequest"}},{"AddField":{"parentId":"shape_dcCHioaDru","id":"shape_vBWcq9HOun","conceptId":"concept_DNNnOk_suggestrequest"}},{"SetFieldName":{"id":"shape_vBWcq9HOun","newName":"evidence","conceptId":"concept_DNNnOk_suggestrequest"}},{"AssignType":{"id":"shape_vBWcq9HOun","to":{"ListT":{}},"conceptId":"concept_DNNnOk_suggestrequest"}},{"AddTypeParameter":{"parentId":"shape_vBWcq9HOun","id":"shape_1whuz2kdFy","conceptId":"concept_DNNnOk_suggestrequest"}},{"AssignType":{"id":"shape_1whuz2kdFy","to":{"RefT":{"conceptId":"concept_rQ0gwG_evidence"}},"conceptId":"concept_DNNnOk_suggestrequest"}},{"AddField":{"parentId":"shape_dcCHioaDru","id":"shape_jPy81W76cR","conceptId":"concept_DNNnOk_suggestrequest"}},{"SetFieldName":{"id":"shape_jPy81W76cR","newName":"extras","conceptId":"concept_DNNnOk_suggestrequest"}},{"AssignType":{"id":"shape_jPy81W76cR","to":{"ObjectT":{}},"conceptId":"concept_DNNnOk_suggestrequest"}},{"AddField":{"parentId":"shape_dcCHioaDru","id":"shape_cBjHIgH6QU","conceptId":"concept_DNNnOk_suggestrequest"}},{"SetFieldName":{"id":"shape_cBjHIgH6QU","newName":"evaluated_at","conceptId":"concept_DNNnOk_suggestrequest"}},{"AssignType":{"id":"shape_cBjHIgH6QU","to":{"StringT":{}},"conceptId":"concept_DNNnOk_suggestrequest"}},{"AssignType":{"id":"shape_PpDN4yAM2I","to":{"ObjectT":{}},"conceptId":"concept_Btjsx1_labtest_public"}},{"AddField":{"parentId":"shape_PpDN4yAM2I","id":"shape_cRziKg1Pxj","conceptId":"concept_Btjsx1_labtest_public"}},{"SetFieldName":{"id":"shape_cRziKg1Pxj","newName":"name","conceptId":"concept_Btjsx1_labtest_public"}},{"AssignType":{"id":"shape_cRziKg1Pxj","to":{"StringT":{}},"conceptId":"concept_Btjsx1_labtest_public"}},{"AddField":{"parentId":"shape_PpDN4yAM2I","id":"shape_NAMB9zmEDV","conceptId":"concept_Btjsx1_labtest_public"}},{"SetFieldName":{"id":"shape_NAMB9zmEDV","newName":"id","conceptId":"concept_Btjsx1_labtest_public"}},{"AssignType":{"id":"shape_NAMB9zmEDV","to":{"StringT":{}},"conceptId":"concept_Btjsx1_labtest_public"}},{"AddField":{"parentId":"shape_PpDN4yAM2I","id":"shape_VNoce7gHQ0","conceptId":"concept_Btjsx1_labtest_public"}},{"SetFieldName":{"id":"shape_VNoce7gHQ0","newName":"results","conceptId":"concept_Btjsx1_labtest_public"}},{"AssignType":{"id":"shape_VNoce7gHQ0","to":{"ListT":{}},"conceptId":"concept_Btjsx1_labtest_public"}},{"AddTypeParameter":{"parentId":"shape_VNoce7gHQ0","id":"shape_aPSBsjQP3E","conceptId":"concept_Btjsx1_labtest_public"}},{"AssignType":{"id":"shape_aPSBsjQP3E","to":{"RefT":{"conceptId":"concept_7RPRdB_labtestresult_public"}},"conceptId":"concept_Btjsx1_labtest_public"}},{"AddField":{"parentId":"shape_PpDN4yAM2I","id":"shape_SFmzf4qvdI","conceptId":"concept_Btjsx1_labtest_public"}},{"SetFieldName":{"id":"shape_SFmzf4qvdI","newName":"common_name","conceptId":"concept_Btjsx1_labtest_public"}},{"AssignType":{"id":"shape_SFmzf4qvdI","to":{"StringT":{}},"conceptId":"concept_Btjsx1_labtest_public"}},{"AddField":{"parentId":"shape_PpDN4yAM2I","id":"shape_UuiH5q58EB","conceptId":"concept_Btjsx1_labtest_public"}},{"SetFieldName":{"id":"shape_UuiH5q58EB","newName":"category","conceptId":"concept_Btjsx1_labtest_public"}},{"AssignType":{"id":"shape_UuiH5q58EB","to":{"StringT":{}},"conceptId":"concept_Btjsx1_labtest_public"}},{"AssignType":{"id":"shape_IBhqNlZ1So","to":{"ObjectT":{}},"conceptId":"concept_juoARq_riskfactor_public"}},{"AddField":{"parentId":"shape_IBhqNlZ1So","id":"shape_x6EQBT2PHF","conceptId":"concept_juoARq_riskfactor_public"}},{"SetFieldName":{"id":"shape_x6EQBT2PHF","newName":"image_url","conceptId":"concept_juoARq_riskfactor_public"}},{"AssignType":{"id":"shape_x6EQBT2PHF","to":{"StringT":{}},"conceptId":"concept_juoARq_riskfactor_public"}},{"AddField":{"parentId":"shape_IBhqNlZ1So","id":"shape_jDwnSRhZjR","conceptId":"concept_juoARq_riskfactor_public"}},{"SetFieldName":{"id":"shape_jDwnSRhZjR","newName":"name","conceptId":"concept_juoARq_riskfactor_public"}},{"AssignType":{"id":"shape_jDwnSRhZjR","to":{"StringT":{}},"conceptId":"concept_juoARq_riskfactor_public"}},{"AddField":{"parentId":"shape_IBhqNlZ1So","id":"shape_JvoY8VmUA2","conceptId":"concept_juoARq_riskfactor_public"}},{"SetFieldName":{"id":"shape_JvoY8VmUA2","newName":"image_source","conceptId":"concept_juoARq_riskfactor_public"}},{"AssignType":{"id":"shape_JvoY8VmUA2","to":{"StringT":{}},"conceptId":"concept_juoARq_riskfactor_public"}},{"AddField":{"parentId":"shape_IBhqNlZ1So","id":"shape_hboVknMlN8","conceptId":"concept_juoARq_riskfactor_public"}},{"SetFieldName":{"id":"shape_hboVknMlN8","newName":"id","conceptId":"concept_juoARq_riskfactor_public"}},{"AssignType":{"id":"shape_hboVknMlN8","to":{"StringT":{}},"conceptId":"concept_juoARq_riskfactor_public"}},{"AddField":{"parentId":"shape_IBhqNlZ1So","id":"shape_mYzJImPiUu","conceptId":"concept_juoARq_riskfactor_public"}},{"SetFieldName":{"id":"shape_mYzJImPiUu","newName":"extras","conceptId":"concept_juoARq_riskfactor_public"}},{"AssignType":{"id":"shape_mYzJImPiUu","to":{"ObjectT":{}},"conceptId":"concept_juoARq_riskfactor_public"}},{"AddField":{"parentId":"shape_IBhqNlZ1So","id":"shape_E3S3o0AFir","conceptId":"concept_juoARq_riskfactor_public"}},{"SetFieldName":{"id":"shape_E3S3o0AFir","newName":"common_name","conceptId":"concept_juoARq_riskfactor_public"}},{"AssignType":{"id":"shape_E3S3o0AFir","to":{"StringT":{}},"conceptId":"concept_juoARq_riskfactor_public"}},{"AddField":{"parentId":"shape_IBhqNlZ1So","id":"shape_8MXi5cecOt","conceptId":"concept_juoARq_riskfactor_public"}},{"SetFieldName":{"id":"shape_8MXi5cecOt","newName":"category","conceptId":"concept_juoARq_riskfactor_public"}},{"AssignType":{"id":"shape_8MXi5cecOt","to":{"StringT":{}},"conceptId":"concept_juoARq_riskfactor_public"}},{"AddField":{"parentId":"shape_IBhqNlZ1So","id":"shape_91sGDccBd1","conceptId":"concept_juoARq_riskfactor_public"}},{"SetFieldName":{"id":"shape_91sGDccBd1","newName":"sex_filter","conceptId":"concept_juoARq_riskfactor_public"}},{"AssignType":{"id":"shape_91sGDccBd1","to":{"StringT":{}},"conceptId":"concept_juoARq_riskfactor_public"}},{"AssignType":{"id":"shape_6yfiLyEGwb","to":{"ObjectT":{}},"conceptId":"concept_jQsBa1_suggestresult"}},{"AddField":{"parentId":"shape_6yfiLyEGwb","id":"shape_HC8Rjz5yAh","conceptId":"concept_jQsBa1_suggestresult"}},{"SetFieldName":{"id":"shape_HC8Rjz5yAh","newName":"common_name","conceptId":"concept_jQsBa1_suggestresult"}},{"AssignType":{"id":"shape_HC8Rjz5yAh","to":{"StringT":{}},"conceptId":"concept_jQsBa1_suggestresult"}},{"AddField":{"parentId":"shape_6yfiLyEGwb","id":"shape_ZITxCg1geq","conceptId":"concept_jQsBa1_suggestresult"}},{"SetFieldName":{"id":"shape_ZITxCg1geq","newName":"id","conceptId":"concept_jQsBa1_suggestresult"}},{"AssignType":{"id":"shape_ZITxCg1geq","to":{"StringT":{}},"conceptId":"concept_jQsBa1_suggestresult"}},{"AddField":{"parentId":"shape_6yfiLyEGwb","id":"shape_ZJllN3fLNo","conceptId":"concept_jQsBa1_suggestresult"}},{"SetFieldName":{"id":"shape_ZJllN3fLNo","newName":"name","conceptId":"concept_jQsBa1_suggestresult"}},{"AssignType":{"id":"shape_ZJllN3fLNo","to":{"StringT":{}},"conceptId":"concept_jQsBa1_suggestresult"}},{"AssignType":{"id":"shape_6CfL0Fi8l4","to":{"ObjectT":{}},"conceptId":"concept_NQT6pF_condition_details"}},{"AddField":{"parentId":"shape_6CfL0Fi8l4","id":"shape_y9S97PzKeE","conceptId":"concept_NQT6pF_condition_details"}},{"SetFieldName":{"id":"shape_y9S97PzKeE","newName":"name","conceptId":"concept_NQT6pF_condition_details"}},{"AssignType":{"id":"shape_y9S97PzKeE","to":{"StringT":{}},"conceptId":"concept_NQT6pF_condition_details"}},{"AddField":{"parentId":"shape_6CfL0Fi8l4","id":"shape_rbG2JOKY3M","conceptId":"concept_NQT6pF_condition_details"}},{"SetFieldName":{"id":"shape_rbG2JOKY3M","newName":"acuteness","conceptId":"concept_NQT6pF_condition_details"}},{"AssignType":{"id":"shape_rbG2JOKY3M","to":{"StringT":{}},"conceptId":"concept_NQT6pF_condition_details"}},{"AddField":{"parentId":"shape_6CfL0Fi8l4","id":"shape_Ih7VA6iKGN","conceptId":"concept_NQT6pF_condition_details"}},{"SetFieldName":{"id":"shape_Ih7VA6iKGN","newName":"triage_level","conceptId":"concept_NQT6pF_condition_details"}},{"AssignType":{"id":"shape_Ih7VA6iKGN","to":{"StringT":{}},"conceptId":"concept_NQT6pF_condition_details"}},{"AddField":{"parentId":"shape_6CfL0Fi8l4","id":"shape_JVxBAYM7t3","conceptId":"concept_NQT6pF_condition_details"}},{"SetFieldName":{"id":"shape_JVxBAYM7t3","newName":"id","conceptId":"concept_NQT6pF_condition_details"}},{"AssignType":{"id":"shape_JVxBAYM7t3","to":{"StringT":{}},"conceptId":"concept_NQT6pF_condition_details"}},{"AddField":{"parentId":"shape_6CfL0Fi8l4","id":"shape_ioCklKE2hk","conceptId":"concept_NQT6pF_condition_details"}},{"SetFieldName":{"id":"shape_ioCklKE2hk","newName":"categories","conceptId":"concept_NQT6pF_condition_details"}},{"AssignType":{"id":"shape_ioCklKE2hk","to":{"ListT":{}},"conceptId":"concept_NQT6pF_condition_details"}},{"AddTypeParameter":{"parentId":"shape_ioCklKE2hk","id":"shape_WmUwrVjp9c","conceptId":"concept_NQT6pF_condition_details"}},{"AssignType":{"id":"shape_WmUwrVjp9c","to":{"StringT":{}},"conceptId":"concept_NQT6pF_condition_details"}},{"AddField":{"parentId":"shape_6CfL0Fi8l4","id":"shape_gl1hgfQAT4","conceptId":"concept_NQT6pF_condition_details"}},{"SetFieldName":{"id":"shape_gl1hgfQAT4","newName":"extras","conceptId":"concept_NQT6pF_condition_details"}},{"AssignType":{"id":"shape_gl1hgfQAT4","to":{"ObjectT":{}},"conceptId":"concept_NQT6pF_condition_details"}},{"AddField":{"parentId":"shape_6CfL0Fi8l4","id":"shape_kHWHKNRlg4","conceptId":"concept_NQT6pF_condition_details"}},{"SetFieldName":{"id":"shape_kHWHKNRlg4","newName":"common_name","conceptId":"concept_NQT6pF_condition_details"}},{"AssignType":{"id":"shape_kHWHKNRlg4","to":{"StringT":{}},"conceptId":"concept_NQT6pF_condition_details"}},{"AddField":{"parentId":"shape_6CfL0Fi8l4","id":"shape_79jjFFitzT","conceptId":"concept_NQT6pF_condition_details"}},{"SetFieldName":{"id":"shape_79jjFFitzT","newName":"severity","conceptId":"concept_NQT6pF_condition_details"}},{"AssignType":{"id":"shape_79jjFFitzT","to":{"StringT":{}},"conceptId":"concept_NQT6pF_condition_details"}},{"AddField":{"parentId":"shape_6CfL0Fi8l4","id":"shape_3gCyGd8kSH","conceptId":"concept_NQT6pF_condition_details"}},{"SetFieldName":{"id":"shape_3gCyGd8kSH","newName":"sex_filter","conceptId":"concept_NQT6pF_condition_details"}},{"AssignType":{"id":"shape_3gCyGd8kSH","to":{"StringT":{}},"conceptId":"concept_NQT6pF_condition_details"}},{"AddField":{"parentId":"shape_6CfL0Fi8l4","id":"shape_1PfI2bEf35","conceptId":"concept_NQT6pF_condition_details"}},{"SetFieldName":{"id":"shape_1PfI2bEf35","newName":"prevalence","conceptId":"concept_NQT6pF_condition_details"}},{"AssignType":{"id":"shape_1PfI2bEf35","to":{"StringT":{}},"conceptId":"concept_NQT6pF_condition_details"}},{"AssignType":{"id":"shape_N7LDvbZtHO","to":{"ObjectT":{}},"conceptId":"concept_FCvXuk_condition_public"}},{"AddField":{"parentId":"shape_N7LDvbZtHO","id":"shape_8KobiTYlXb","conceptId":"concept_FCvXuk_condition_public"}},{"SetFieldName":{"id":"shape_8KobiTYlXb","newName":"name","conceptId":"concept_FCvXuk_condition_public"}},{"AssignType":{"id":"shape_8KobiTYlXb","to":{"StringT":{}},"conceptId":"concept_FCvXuk_condition_public"}},{"AddField":{"parentId":"shape_N7LDvbZtHO","id":"shape_gzluqSqZ55","conceptId":"concept_FCvXuk_condition_public"}},{"SetFieldName":{"id":"shape_gzluqSqZ55","newName":"acuteness","conceptId":"concept_FCvXuk_condition_public"}},{"AssignType":{"id":"shape_gzluqSqZ55","to":{"StringT":{}},"conceptId":"concept_FCvXuk_condition_public"}},{"AddField":{"parentId":"shape_N7LDvbZtHO","id":"shape_zINubxVFSr","conceptId":"concept_FCvXuk_condition_public"}},{"SetFieldName":{"id":"shape_zINubxVFSr","newName":"triage_level","conceptId":"concept_FCvXuk_condition_public"}},{"AssignType":{"id":"shape_zINubxVFSr","to":{"StringT":{}},"conceptId":"concept_FCvXuk_condition_public"}},{"AddField":{"parentId":"shape_N7LDvbZtHO","id":"shape_g63zuDPC7A","conceptId":"concept_FCvXuk_condition_public"}},{"SetFieldName":{"id":"shape_g63zuDPC7A","newName":"id","conceptId":"concept_FCvXuk_condition_public"}},{"AssignType":{"id":"shape_g63zuDPC7A","to":{"StringT":{}},"conceptId":"concept_FCvXuk_condition_public"}},{"AddField":{"parentId":"shape_N7LDvbZtHO","id":"shape_mw3MzVjyiU","conceptId":"concept_FCvXuk_condition_public"}},{"SetFieldName":{"id":"shape_mw3MzVjyiU","newName":"categories","conceptId":"concept_FCvXuk_condition_public"}},{"AssignType":{"id":"shape_mw3MzVjyiU","to":{"ListT":{}},"conceptId":"concept_FCvXuk_condition_public"}},{"AddTypeParameter":{"parentId":"shape_mw3MzVjyiU","id":"shape_YEM8gxflMa","conceptId":"concept_FCvXuk_condition_public"}},{"AssignType":{"id":"shape_YEM8gxflMa","to":{"StringT":{}},"conceptId":"concept_FCvXuk_condition_public"}},{"AddField":{"parentId":"shape_N7LDvbZtHO","id":"shape_Fj1gIkL8W4","conceptId":"concept_FCvXuk_condition_public"}},{"SetFieldName":{"id":"shape_Fj1gIkL8W4","newName":"extras","conceptId":"concept_FCvXuk_condition_public"}},{"AssignType":{"id":"shape_Fj1gIkL8W4","to":{"ObjectT":{}},"conceptId":"concept_FCvXuk_condition_public"}},{"AddField":{"parentId":"shape_N7LDvbZtHO","id":"shape_DWfYi025AV","conceptId":"concept_FCvXuk_condition_public"}},{"SetFieldName":{"id":"shape_DWfYi025AV","newName":"common_name","conceptId":"concept_FCvXuk_condition_public"}},{"AssignType":{"id":"shape_DWfYi025AV","to":{"StringT":{}},"conceptId":"concept_FCvXuk_condition_public"}},{"AddField":{"parentId":"shape_N7LDvbZtHO","id":"shape_dDDs6VrSkw","conceptId":"concept_FCvXuk_condition_public"}},{"SetFieldName":{"id":"shape_dDDs6VrSkw","newName":"severity","conceptId":"concept_FCvXuk_condition_public"}},{"AssignType":{"id":"shape_dDDs6VrSkw","to":{"StringT":{}},"conceptId":"concept_FCvXuk_condition_public"}},{"AddField":{"parentId":"shape_N7LDvbZtHO","id":"shape_QV96JMhr7k","conceptId":"concept_FCvXuk_condition_public"}},{"SetFieldName":{"id":"shape_QV96JMhr7k","newName":"sex_filter","conceptId":"concept_FCvXuk_condition_public"}},{"AssignType":{"id":"shape_QV96JMhr7k","to":{"StringT":{}},"conceptId":"concept_FCvXuk_condition_public"}},{"AddField":{"parentId":"shape_N7LDvbZtHO","id":"shape_skdAHY0HX5","conceptId":"concept_FCvXuk_condition_public"}},{"SetFieldName":{"id":"shape_skdAHY0HX5","newName":"prevalence","conceptId":"concept_FCvXuk_condition_public"}},{"AssignType":{"id":"shape_skdAHY0HX5","to":{"StringT":{}},"conceptId":"concept_FCvXuk_condition_public"}},{"AddPathComponent":{"pathId":"5oJG4j_path_0","parentPathId":"root","name":"conditions"}},{"AddPathParameter":{"pathId":"5oJG4j_path_1","parentPathId":"5oJG4j_path_0","name":"id"}},{"AddPathComponent":{"pathId":"5oJG4j_path_2","parentPathId":"root","name":"diagnosis"}},{"AddPathComponent":{"pathId":"5oJG4j_path_3","parentPathId":"root","name":"explain"}},{"AddPathComponent":{"pathId":"5oJG4j_path_4","parentPathId":"root","name":"info"}},{"AddPathComponent":{"pathId":"5oJG4j_path_5","parentPathId":"root","name":"lab_tests"}},{"AddPathParameter":{"pathId":"5oJG4j_path_6","parentPathId":"5oJG4j_path_5","name":"id"}},{"AddPathComponent":{"pathId":"5oJG4j_path_7","parentPathId":"root","name":"lookup"}},{"AddPathComponent":{"pathId":"5oJG4j_path_8","parentPathId":"root","name":"parse"}},{"AddPathComponent":{"pathId":"5oJG4j_path_9","parentPathId":"root","name":"risk_factors"}},{"AddPathParameter":{"pathId":"5oJG4j_path_10","parentPathId":"5oJG4j_path_9","name":"id"}},{"AddPathComponent":{"pathId":"5oJG4j_path_11","parentPathId":"root","name":"search"}},{"AddPathComponent":{"pathId":"5oJG4j_path_12","parentPathId":"root","name":"suggest"}},{"AddPathComponent":{"pathId":"5oJG4j_path_13","parentPathId":"root","name":"symptoms"}},{"AddPathParameter":{"pathId":"5oJG4j_path_14","parentPathId":"5oJG4j_path_13","name":"id"}},{"AddPathComponent":{"pathId":"5oJG4j_path_15","parentPathId":"root","name":"triage"}},{"AddRequest":{"requestId":"path_kGdme3pFN9}_get","pathId":"5oJG4j_path_5","httpMethod":"get"}},{"AddResponse":{"responseId":"response_H7kBhsnOQk","requestId":"path_kGdme3pFN9}_get","httpStatusCode":200}},{"DefineInlineConcept":{"root":"shape_Mxza3FMOdt","conceptId":"concept_hBRKZ2rUi7GQ"}},{"AssignType":{"id":"shape_Mxza3FMOdt","to":{"ListT":{}},"conceptId":"concept_hBRKZ2rUi7GQ"}},{"AddTypeParameter":{"parentId":"shape_Mxza3FMOdt","id":"shape_VGF0tElSVC","conceptId":"concept_hBRKZ2rUi7GQ"}},{"AssignType":{"id":"shape_VGF0tElSVC","to":{"RefT":{"conceptId":"concept_Btjsx1_labtest_public"}},"conceptId":"concept_hBRKZ2rUi7GQ"}},{"AddRequest":{"requestId":"path_2rfF9SltCE}_get","pathId":"5oJG4j_path_0","httpMethod":"get"}},{"AddResponse":{"responseId":"response_sTYh6vmIbr","requestId":"path_2rfF9SltCE}_get","httpStatusCode":200}},{"DefineInlineConcept":{"root":"shape_9vQLbnKyU7","conceptId":"concept_y31pFrEcR7Hw"}},{"AssignType":{"id":"shape_9vQLbnKyU7","to":{"ListT":{}},"conceptId":"concept_y31pFrEcR7Hw"}},{"AddTypeParameter":{"parentId":"shape_9vQLbnKyU7","id":"shape_Xt9OgGFAZq","conceptId":"concept_y31pFrEcR7Hw"}},{"AssignType":{"id":"shape_Xt9OgGFAZq","to":{"RefT":{"conceptId":"concept_NQT6pF_condition_details"}},"conceptId":"concept_y31pFrEcR7Hw"}},{"AddRequest":{"requestId":"path_ONirAJ8hkz}_get","pathId":"5oJG4j_path_10","httpMethod":"get"}},{"AddResponse":{"responseId":"response_7zC2GLBOIe","requestId":"path_ONirAJ8hkz}_get","httpStatusCode":200}},{"DefineInlineConcept":{"root":"shape_lWWX0nUyaS","conceptId":"concept_Xvk7owe82pZt"}},{"AssignType":{"id":"shape_lWWX0nUyaS","to":{"RefT":{"conceptId":"concept_zKAFRa_riskfactor_details"}},"conceptId":"concept_Xvk7owe82pZt"}},{"AddResponse":{"responseId":"response_UCorZLIKGj","requestId":"path_ONirAJ8hkz}_get","httpStatusCode":400}},{"AddResponse":{"responseId":"response_tSe4UeTxjo","requestId":"path_ONirAJ8hkz}_get","httpStatusCode":404}},{"AddRequest":{"requestId":"path_czIGzapHuV}_post","pathId":"5oJG4j_path_15","httpMethod":"post"}},{"DefineInlineConcept":{"root":"shape_NlGhJxoe8t","conceptId":"concept_triage_post_body"}},{"AssignType":{"id":"shape_NlGhJxoe8t","to":{"RefT":{"conceptId":"concept_7yMfvJ_diagnosisrequest"}},"conceptId":"concept_triage_post_body"}},{"AddResponse":{"responseId":"response_qA0OD2sGfG","requestId":"path_czIGzapHuV}_post","httpStatusCode":200}},{"DefineInlineConcept":{"root":"shape_o7PfSemmE1","conceptId":"concept_2IsPPZeJuej6"}},{"AssignType":{"id":"shape_o7PfSemmE1","to":{"RefT":{"conceptId":"concept_JRSsH4_triageresponse"}},"conceptId":"concept_2IsPPZeJuej6"}},{"AddRequest":{"requestId":"path_keBGDiKQGa}_get","pathId":"5oJG4j_path_6","httpMethod":"get"}},{"AddResponse":{"responseId":"response_tVNrvitgCE","requestId":"path_keBGDiKQGa}_get","httpStatusCode":200}},{"DefineInlineConcept":{"root":"shape_0VXVGA5vuf","conceptId":"concept_4SG6FKFDoBOY"}},{"AssignType":{"id":"shape_0VXVGA5vuf","to":{"RefT":{"conceptId":"concept_hISzi9_labtest_details"}},"conceptId":"concept_4SG6FKFDoBOY"}},{"AddResponse":{"responseId":"response_PBjAeVQw4q","requestId":"path_keBGDiKQGa}_get","httpStatusCode":400}},{"AddResponse":{"responseId":"response_QHcJeE5Zu1","requestId":"path_keBGDiKQGa}_get","httpStatusCode":404}},{"AddRequest":{"requestId":"path_H3MKLQvACv}_post","pathId":"5oJG4j_path_2","httpMethod":"post"}},{"DefineInlineConcept":{"root":"shape_Q2t8Pwu7k9","conceptId":"concept_diagnosis_post_body"}},{"AssignType":{"id":"shape_Q2t8Pwu7k9","to":{"RefT":{"conceptId":"concept_7yMfvJ_diagnosisrequest"}},"conceptId":"concept_diagnosis_post_body"}},{"AddResponse":{"responseId":"response_kajM4cwhsJ","requestId":"path_H3MKLQvACv}_post","httpStatusCode":200}},{"DefineInlineConcept":{"root":"shape_I7T1V5Wyqf","conceptId":"concept_ToFnVUkoMubY"}},{"AssignType":{"id":"shape_I7T1V5Wyqf","to":{"RefT":{"conceptId":"concept_pMokeq_diagnosisresponse"}},"conceptId":"concept_ToFnVUkoMubY"}},{"AddRequest":{"requestId":"path_32rbu6Q7r0}_post","pathId":"5oJG4j_path_8","httpMethod":"post"}},{"DefineInlineConcept":{"root":"shape_z8or9unssZ","conceptId":"concept_parse_post_body"}},{"AssignType":{"id":"shape_z8or9unssZ","to":{"RefT":{"conceptId":"concept_FSSZQq_parserequest"}},"conceptId":"concept_parse_post_body"}},{"AddResponse":{"responseId":"response_XKvqffBhfH","requestId":"path_32rbu6Q7r0}_post","httpStatusCode":200}},{"DefineInlineConcept":{"root":"shape_T5yKN2eb9h","conceptId":"concept_rGM1a6APoQL6"}},{"AssignType":{"id":"shape_T5yKN2eb9h","to":{"RefT":{"conceptId":"concept_zDKIXs_parseresponse"}},"conceptId":"concept_rGM1a6APoQL6"}},{"AddResponse":{"responseId":"response_kfNiecQS4V","requestId":"path_32rbu6Q7r0}_post","httpStatusCode":400}},{"AddRequest":{"requestId":"path_F6BbMxctse}_post","pathId":"5oJG4j_path_12","httpMethod":"post"}},{"DefineInlineConcept":{"root":"shape_dhbRH3LXqC","conceptId":"concept_suggest_post_body"}},{"AssignType":{"id":"shape_dhbRH3LXqC","to":{"RefT":{"conceptId":"concept_DNNnOk_suggestrequest"}},"conceptId":"concept_suggest_post_body"}},{"AddResponse":{"responseId":"response_NaSa1HnCYy","requestId":"path_F6BbMxctse}_post","httpStatusCode":200}},{"DefineInlineConcept":{"root":"shape_OoInGHHkrt","conceptId":"concept_fFcaV1ljveKh"}},{"AssignType":{"id":"shape_OoInGHHkrt","to":{"ListT":{}},"conceptId":"concept_fFcaV1ljveKh"}},{"AddTypeParameter":{"parentId":"shape_OoInGHHkrt","id":"shape_4jgk5tH8ct","conceptId":"concept_fFcaV1ljveKh"}},{"AssignType":{"id":"shape_4jgk5tH8ct","to":{"RefT":{"conceptId":"concept_jQsBa1_suggestresult"}},"conceptId":"concept_fFcaV1ljveKh"}},{"AddRequest":{"requestId":"path_YWybBWQhLD}_get","pathId":"5oJG4j_path_1","httpMethod":"get"}},{"AddResponse":{"responseId":"response_qyGcBrjwq0","requestId":"path_YWybBWQhLD}_get","httpStatusCode":200}},{"DefineInlineConcept":{"root":"shape_mdORnbGl9B","conceptId":"concept_PohzjtYTiRWt"}},{"AssignType":{"id":"shape_mdORnbGl9B","to":{"RefT":{"conceptId":"concept_NQT6pF_condition_details"}},"conceptId":"concept_PohzjtYTiRWt"}},{"AddResponse":{"responseId":"response_9itfqSPX7j","requestId":"path_YWybBWQhLD}_get","httpStatusCode":400}},{"AddResponse":{"responseId":"response_rrAh1adtbJ","requestId":"path_YWybBWQhLD}_get","httpStatusCode":404}},{"AddRequest":{"requestId":"path_Et9IS2ASSJ}_get","pathId":"5oJG4j_path_14","httpMethod":"get"}},{"AddResponse":{"responseId":"response_gbeoYeatiJ","requestId":"path_Et9IS2ASSJ}_get","httpStatusCode":200}},{"DefineInlineConcept":{"root":"shape_0UuV8bzWjr","conceptId":"concept_VTsEXxsoWc78"}},{"AssignType":{"id":"shape_0UuV8bzWjr","to":{"RefT":{"conceptId":"concept_aeldcA_symptom_details"}},"conceptId":"concept_VTsEXxsoWc78"}},{"AddResponse":{"responseId":"response_w87mcRK9mG","requestId":"path_Et9IS2ASSJ}_get","httpStatusCode":400}},{"AddResponse":{"responseId":"response_K4iyG4bfpq","requestId":"path_Et9IS2ASSJ}_get","httpStatusCode":404}},{"AddRequest":{"requestId":"path_m8E60scNsv}_post","pathId":"5oJG4j_path_3","httpMethod":"post"}},{"DefineInlineConcept":{"root":"shape_wgmUELdZuw","conceptId":"concept_explain_post_body"}},{"AssignType":{"id":"shape_wgmUELdZuw","to":{"RefT":{"conceptId":"concept_J1cISw_explanationrequest"}},"conceptId":"concept_explain_post_body"}},{"AddResponse":{"responseId":"response_N0UMgIbQdu","requestId":"path_m8E60scNsv}_post","httpStatusCode":200}},{"DefineInlineConcept":{"root":"shape_w5k26cvwWv","conceptId":"concept_6o5SFBnvYJz6"}},{"AssignType":{"id":"shape_w5k26cvwWv","to":{"RefT":{"conceptId":"concept_euK8kH_explanationresponse"}},"conceptId":"concept_6o5SFBnvYJz6"}},{"AddRequest":{"requestId":"path_5TO5971ibG}_get","pathId":"5oJG4j_path_13","httpMethod":"get"}},{"AddResponse":{"responseId":"response_gyJYI4H4gL","requestId":"path_5TO5971ibG}_get","httpStatusCode":200}},{"DefineInlineConcept":{"root":"shape_BFqgQUgxtO","conceptId":"concept_0HZ3BP5KbXhh"}},{"AssignType":{"id":"shape_BFqgQUgxtO","to":{"ListT":{}},"conceptId":"concept_0HZ3BP5KbXhh"}},{"AddTypeParameter":{"parentId":"shape_BFqgQUgxtO","id":"shape_0XtXsZvqSq","conceptId":"concept_0HZ3BP5KbXhh"}},{"AssignType":{"id":"shape_0XtXsZvqSq","to":{"RefT":{"conceptId":"concept_r6VhG0_symptom_public"}},"conceptId":"concept_0HZ3BP5KbXhh"}},{"AddRequest":{"requestId":"path_XFqtK5cNLU}_get","pathId":"5oJG4j_path_4","httpMethod":"get"}},{"AddResponse":{"responseId":"response_heAMqyhObN","requestId":"path_XFqtK5cNLU}_get","httpStatusCode":200}},{"DefineInlineConcept":{"root":"shape_mitk8YYjHG","conceptId":"concept_H1u28r1HkBd8"}},{"AssignType":{"id":"shape_mitk8YYjHG","to":{"RefT":{"conceptId":"concept_8yj1uU_info_public"}},"conceptId":"concept_H1u28r1HkBd8"}},{"AddRequest":{"requestId":"path_E8AujDZLOg}_get","pathId":"5oJG4j_path_7","httpMethod":"get"}},{"AddResponse":{"responseId":"response_oXvYTDOOiH","requestId":"path_E8AujDZLOg}_get","httpStatusCode":200}},{"DefineInlineConcept":{"root":"shape_qNJEEdLZQP","conceptId":"concept_Nw3KhmorBfxz"}},{"AssignType":{"id":"shape_qNJEEdLZQP","to":{"RefT":{"conceptId":"concept_bVW4wX_searchresult"}},"conceptId":"concept_Nw3KhmorBfxz"}},{"AddResponse":{"responseId":"response_qz94nlIJoH","requestId":"path_E8AujDZLOg}_get","httpStatusCode":400}},{"AddResponse":{"responseId":"response_J8WMZLuCJT","requestId":"path_E8AujDZLOg}_get","httpStatusCode":404}},{"AddRequest":{"requestId":"path_6eK2mpYncr}_get","pathId":"5oJG4j_path_11","httpMethod":"get"}},{"AddResponse":{"responseId":"response_B9viu5bI9A","requestId":"path_6eK2mpYncr}_get","httpStatusCode":200}},{"DefineInlineConcept":{"root":"shape_eN78taZ5fg","conceptId":"concept_7Drzmq7vabyc"}},{"AssignType":{"id":"shape_eN78taZ5fg","to":{"ListT":{}},"conceptId":"concept_7Drzmq7vabyc"}},{"AddTypeParameter":{"parentId":"shape_eN78taZ5fg","id":"shape_mHbzcHh0sV","conceptId":"concept_7Drzmq7vabyc"}},{"AssignType":{"id":"shape_mHbzcHh0sV","to":{"RefT":{"conceptId":"concept_bVW4wX_searchresult"}},"conceptId":"concept_7Drzmq7vabyc"}},{"AddResponse":{"responseId":"response_kJyVSqGhIF","requestId":"path_6eK2mpYncr}_get","httpStatusCode":400}},{"AddRequest":{"requestId":"path_0clU9zbAmE}_get","pathId":"5oJG4j_path_9","httpMethod":"get"}},{"AddResponse":{"responseId":"response_a8zXLJj5C5","requestId":"path_0clU9zbAmE}_get","httpStatusCode":200}},{"DefineInlineConcept":{"root":"shape_mbcHN5rTyB","conceptId":"concept_XUIIrYNTxuI8"}},{"AssignType":{"id":"shape_mbcHN5rTyB","to":{"ListT":{}},"conceptId":"concept_XUIIrYNTxuI8"}},{"AddTypeParameter":{"parentId":"shape_mbcHN5rTyB","id":"shape_81BjyqkTBw","conceptId":"concept_XUIIrYNTxuI8"}},{"AssignType":{"id":"shape_81BjyqkTBw","to":{"RefT":{"conceptId":"concept_juoARq_riskfactor_public"}},"conceptId":"concept_XUIIrYNTxuI8"}},{"SetResponseBodyShape":{"responseId":"response_H7kBhsnOQk","bodyDescriptor":{"httpContentType":"application/json","conceptId":"concept_hBRKZ2rUi7GQ"}}},{"SetResponseBodyShape":{"responseId":"response_sTYh6vmIbr","bodyDescriptor":{"httpContentType":"application/json","conceptId":"concept_y31pFrEcR7Hw"}}},{"SetResponseBodyShape":{"responseId":"response_7zC2GLBOIe","bodyDescriptor":{"httpContentType":"application/json","conceptId":"concept_Xvk7owe82pZt"}}},{"SetRequestBodyShape":{"requestId":"path_czIGzapHuV}_post","bodyDescriptor":{"httpContentType":"application/json","conceptId":"concept_triage_post_body"}}},{"SetResponseBodyShape":{"responseId":"response_qA0OD2sGfG","bodyDescriptor":{"httpContentType":"application/json","conceptId":"concept_2IsPPZeJuej6"}}},{"SetResponseBodyShape":{"responseId":"response_tVNrvitgCE","bodyDescriptor":{"httpContentType":"application/json","conceptId":"concept_4SG6FKFDoBOY"}}},{"SetRequestBodyShape":{"requestId":"path_H3MKLQvACv}_post","bodyDescriptor":{"httpContentType":"application/json","conceptId":"concept_diagnosis_post_body"}}},{"SetResponseBodyShape":{"responseId":"response_kajM4cwhsJ","bodyDescriptor":{"httpContentType":"application/json","conceptId":"concept_ToFnVUkoMubY"}}},{"SetRequestBodyShape":{"requestId":"path_32rbu6Q7r0}_post","bodyDescriptor":{"httpContentType":"application/json","conceptId":"concept_parse_post_body"}}},{"SetResponseBodyShape":{"responseId":"response_XKvqffBhfH","bodyDescriptor":{"httpContentType":"application/json","conceptId":"concept_rGM1a6APoQL6"}}},{"SetRequestBodyShape":{"requestId":"path_F6BbMxctse}_post","bodyDescriptor":{"httpContentType":"application/json","conceptId":"concept_suggest_post_body"}}},{"SetResponseBodyShape":{"responseId":"response_NaSa1HnCYy","bodyDescriptor":{"httpContentType":"application/json","conceptId":"concept_fFcaV1ljveKh"}}},{"SetResponseBodyShape":{"responseId":"response_qyGcBrjwq0","bodyDescriptor":{"httpContentType":"application/json","conceptId":"concept_PohzjtYTiRWt"}}},{"SetResponseBodyShape":{"responseId":"response_gbeoYeatiJ","bodyDescriptor":{"httpContentType":"application/json","conceptId":"concept_VTsEXxsoWc78"}}},{"SetRequestBodyShape":{"requestId":"path_m8E60scNsv}_post","bodyDescriptor":{"httpContentType":"application/json","conceptId":"concept_explain_post_body"}}},{"SetResponseBodyShape":{"responseId":"response_N0UMgIbQdu","bodyDescriptor":{"httpContentType":"application/json","conceptId":"concept_6o5SFBnvYJz6"}}},{"SetResponseBodyShape":{"responseId":"response_gyJYI4H4gL","bodyDescriptor":{"httpContentType":"application/json","conceptId":"concept_0HZ3BP5KbXhh"}}},{"SetResponseBodyShape":{"responseId":"response_heAMqyhObN","bodyDescriptor":{"httpContentType":"application/json","conceptId":"concept_H1u28r1HkBd8"}}},{"SetResponseBodyShape":{"responseId":"response_oXvYTDOOiH","bodyDescriptor":{"httpContentType":"application/json","conceptId":"concept_Nw3KhmorBfxz"}}},{"SetResponseBodyShape":{"responseId":"response_B9viu5bI9A","bodyDescriptor":{"httpContentType":"application/json","conceptId":"concept_7Drzmq7vabyc"}}},{"SetResponseBodyShape":{"responseId":"response_a8zXLJj5C5","bodyDescriptor":{"httpContentType":"application/json","conceptId":"concept_XUIIrYNTxuI8"}}}]