[{"DefineConcept":{"name":"RelationshipInfo","root":"shape_YesVKBAjgm","conceptId":"concept_6lxtoh_relationshipinfo"}},{"SetConceptName":{"newName":"RelationshipInfo","conceptId":"concept_6lxtoh_relationshipinfo"}},{"DefineConcept":{"name":"TagSearchResponse","root":"shape_vgZ986DzqH","conceptId":"concept_IfsNrc_tagsearchresponse"}},{"SetConceptName":{"newName":"TagSearchResponse","conceptId":"concept_IfsNrc_tagsearchresponse"}},{"DefineConcept":{"name":"RelationshipStatus","root":"shape_1vJe4oUBeg","conceptId":"concept_i0tS5r_relationshipstatus"}},{"SetConceptName":{"newName":"RelationshipStatus","conceptId":"concept_i0tS5r_relationshipstatus"}},{"DefineConcept":{"name":"MediaEntry","root":"shape_WImL5dQLle","conceptId":"concept_9smI5M_mediaentry"}},{"SetConceptName":{"newName":"MediaEntry","conceptId":"concept_9smI5M_mediaentry"}},{"DefineConcept":{"name":"LikesCollection","root":"shape_9USFWcZ070","conceptId":"concept_3mlmlj_likescollection"}},{"SetConceptName":{"newName":"LikesCollection","conceptId":"concept_3mlmlj_likescollection"}},{"DefineConcept":{"name":"ImageInfo","root":"shape_vprQBoEhmL","conceptId":"concept_kcWSta_imageinfo"}},{"SetConceptName":{"newName":"ImageInfo","conceptId":"concept_kcWSta_imageinfo"}},{"DefineConcept":{"name":"Position","root":"shape_BaenIMkSOD","conceptId":"concept_EzTm0N_position"}},{"SetConceptName":{"newName":"Position","conceptId":"concept_EzTm0N_position"}},{"DefineConcept":{"name":"TagMediaListResponse","root":"shape_Ix5UXnYJLw","conceptId":"concept_rz9YGO_tagmedialistresponse"}},{"SetConceptName":{"newName":"TagMediaListResponse","conceptId":"concept_rz9YGO_tagmedialistresponse"}},{"DefineConcept":{"name":"CaptionData","root":"shape_H2tnDTk8xT","conceptId":"concept_4wb4Oa_captiondata"}},{"SetConceptName":{"newName":"CaptionData","conceptId":"concept_4wb4Oa_captiondata"}},{"DefineConcept":{"name":"RelationshipPostResponse","root":"shape_TnLx6NB9jN","conceptId":"concept_GKlXx1_relationshippostresponse"}},{"SetConceptName":{"newName":"RelationshipPostResponse","conceptId":"concept_GKlXx1_relationshippostresponse"}},{"DefineConcept":{"name":"CommentsResponse","root":"shape_aZ0gHYYOig","conceptId":"concept_VxrDz9_commentsresponse"}},{"SetConceptName":{"newName":"CommentsResponse","conceptId":"concept_VxrDz9_commentsresponse"}},{"DefineConcept":{"name":"CursorPaginationInfo","root":"shape_dOV080U2Yk","conceptId":"concept_2sXNK8_cursorpaginationinfo"}},{"SetConceptName":{"newName":"CursorPaginationInfo","conceptId":"concept_2sXNK8_cursorpaginationinfo"}},{"DefineConcept":{"name":"UserResponse","root":"shape_CEphyWaGs7","conceptId":"concept_0moBLg_userresponse"}},{"SetConceptName":{"newName":"UserResponse","conceptId":"concept_0moBLg_userresponse"}},{"DefineConcept":{"name":"MetaData","root":"shape_PAh8gfkk38","conceptId":"concept_558k0Z_metadata"}},{"SetConceptName":{"newName":"MetaData","conceptId":"concept_558k0Z_metadata"}},{"DefineConcept":{"name":"IdPaginationInfo","root":"shape_VE91Xe7WVq","conceptId":"concept_VHTreT_idpaginationinfo"}},{"SetConceptName":{"newName":"IdPaginationInfo","conceptId":"concept_VHTreT_idpaginationinfo"}},{"DefineConcept":{"name":"TagPaginationInfo","root":"shape_Ka9EkvzOua","conceptId":"concept_J0EjjC_tagpaginationinfo"}},{"SetConceptName":{"newName":"TagPaginationInfo","conceptId":"concept_J0EjjC_tagpaginationinfo"}},{"DefineConcept":{"name":"TagInfoResponse","root":"shape_ijYyOjPZ5t","conceptId":"concept_7eKF5u_taginforesponse"}},{"SetConceptName":{"newName":"TagInfoResponse","conceptId":"concept_7eKF5u_taginforesponse"}},{"DefineConcept":{"name":"LocationInfoResponse","root":"shape_dqke9Vvy8j","conceptId":"concept_iYE2YD_locationinforesponse"}},{"SetConceptName":{"newName":"LocationInfoResponse","conceptId":"concept_iYE2YD_locationinforesponse"}},{"DefineConcept":{"name":"UserShortInfo","root":"shape_dTTnvc9j49","conceptId":"concept_ERFh5l_usershortinfo"}},{"SetConceptName":{"newName":"UserShortInfo","conceptId":"concept_ERFh5l_usershortinfo"}},{"DefineConcept":{"name":"LocationSearchResponse","root":"shape_SQVT63H4bu","conceptId":"concept_EzXXjM_locationsearchresponse"}},{"SetConceptName":{"newName":"LocationSearchResponse","conceptId":"concept_EzXXjM_locationsearchresponse"}},{"DefineConcept":{"name":"CommentsCollection","root":"shape_rDEFfHmwXK","conceptId":"concept_mRAtgt_commentscollection"}},{"SetConceptName":{"newName":"CommentsCollection","conceptId":"concept_mRAtgt_commentscollection"}},{"DefineConcept":{"name":"TagInfo","root":"shape_sPXkcH9Wg5","conceptId":"concept_tYPIwQ_taginfo"}},{"SetConceptName":{"newName":"TagInfo","conceptId":"concept_tYPIwQ_taginfo"}},{"DefineConcept":{"name":"CommentEntry","root":"shape_fMeRsNYXMZ","conceptId":"concept_AB9tv7_commententry"}},{"SetConceptName":{"newName":"CommentEntry","conceptId":"concept_AB9tv7_commententry"}},{"DefineConcept":{"name":"StatusResponse","root":"shape_RBcre7D5yw","conceptId":"concept_CuQ72q_statusresponse"}},{"SetConceptName":{"newName":"StatusResponse","conceptId":"concept_CuQ72q_statusresponse"}},{"DefineConcept":{"name":"UserInfo","root":"shape_p7KYWf9ifp","conceptId":"concept_vuKXys_userinfo"}},{"SetConceptName":{"newName":"UserInfo","conceptId":"concept_vuKXys_userinfo"}},{"DefineConcept":{"name":"MediaSearchResponse","root":"shape_8SopIvHo92","conceptId":"concept_6v1nto_mediasearchresponse"}},{"SetConceptName":{"newName":"MediaSearchResponse","conceptId":"concept_6v1nto_mediasearchresponse"}},{"DefineConcept":{"name":"ImagesData","root":"shape_VMQd7kDlK7","conceptId":"concept_onYzIe_imagesdata"}},{"SetConceptName":{"newName":"ImagesData","conceptId":"concept_onYzIe_imagesdata"}},{"DefineConcept":{"name":"UserInPhoto","root":"shape_Ha2ssE95Fh","conceptId":"concept_wtnIpm_userinphoto"}},{"SetConceptName":{"newName":"UserInPhoto","conceptId":"concept_wtnIpm_userinphoto"}},{"DefineConcept":{"name":"VideosData","root":"shape_20SUT0DtUj","conceptId":"concept_5aFumD_videosdata"}},{"SetConceptName":{"newName":"VideosData","conceptId":"concept_5aFumD_videosdata"}},{"DefineConcept":{"name":"UsersPagingResponse","root":"shape_2jkjxS6XfY","conceptId":"concept_dHweVj_userspagingresponse"}},{"SetConceptName":{"newName":"UsersPagingResponse","conceptId":"concept_dHweVj_userspagingresponse"}},{"DefineConcept":{"name":"UsersInfoResponse","root":"shape_BdcUwMcRqA","conceptId":"concept_xEL5Tx_usersinforesponse"}},{"SetConceptName":{"newName":"UsersInfoResponse","conceptId":"concept_xEL5Tx_usersinforesponse"}},{"DefineConcept":{"name":"MediaListResponse","root":"shape_BIkakC2Nrt","conceptId":"concept_tqVtpy_medialistresponse"}},{"SetConceptName":{"newName":"MediaListResponse","conceptId":"concept_tqVtpy_medialistresponse"}},{"DefineConcept":{"name":"RelationshipResponse","root":"shape_w7IKw7CoWG","conceptId":"concept_Is4H9w_relationshipresponse"}},{"SetConceptName":{"newName":"RelationshipResponse","conceptId":"concept_Is4H9w_relationshipresponse"}},{"DefineConcept":{"name":"LocationInfo","root":"shape_bh35ouJlHQ","conceptId":"concept_1CU6Lk_locationinfo"}},{"SetConceptName":{"newName":"LocationInfo","conceptId":"concept_1CU6Lk_locationinfo"}},{"DefineConcept":{"name":"MediaEntryResponse","root":"shape_QGNsSkdbGV","conceptId":"concept_mZh1fB_mediaentryresponse"}},{"SetConceptName":{"newName":"MediaEntryResponse","conceptId":"concept_mZh1fB_mediaentryresponse"}},{"DefineConcept":{"name":"UserCounts","root":"shape_UOqULBbUrN","conceptId":"concept_EkkRXk_usercounts"}},{"SetConceptName":{"newName":"UserCounts","conceptId":"concept_EkkRXk_usercounts"}},{"AssignType":{"id":"shape_YesVKBAjgm","to":{"ObjectT":{}},"conceptId":"concept_6lxtoh_relationshipinfo"}},{"AddField":{"parentId":"shape_YesVKBAjgm","id":"shape_zX4nM6p9A1","conceptId":"concept_6lxtoh_relationshipinfo"}},{"SetFieldName":{"id":"shape_zX4nM6p9A1","newName":"incoming_status","conceptId":"concept_6lxtoh_relationshipinfo"}},{"AssignType":{"id":"shape_zX4nM6p9A1","to":{"StringT":{}},"conceptId":"concept_6lxtoh_relationshipinfo"}},{"AddField":{"parentId":"shape_YesVKBAjgm","id":"shape_0JH5K5JZKJ","conceptId":"concept_6lxtoh_relationshipinfo"}},{"SetFieldName":{"id":"shape_0JH5K5JZKJ","newName":"outgoing_status","conceptId":"concept_6lxtoh_relationshipinfo"}},{"AssignType":{"id":"shape_0JH5K5JZKJ","to":{"StringT":{}},"conceptId":"concept_6lxtoh_relationshipinfo"}},{"AddField":{"parentId":"shape_YesVKBAjgm","id":"shape_iN2k6QKyOB","conceptId":"concept_6lxtoh_relationshipinfo"}},{"SetFieldName":{"id":"shape_iN2k6QKyOB","newName":"target_user_is_private","conceptId":"concept_6lxtoh_relationshipinfo"}},{"AssignType":{"id":"shape_iN2k6QKyOB","to":{"BooleanT":{}},"conceptId":"concept_6lxtoh_relationshipinfo"}},{"AssignType":{"id":"shape_vgZ986DzqH","to":{"ObjectT":{}},"conceptId":"concept_IfsNrc_tagsearchresponse"}},{"AddField":{"parentId":"shape_vgZ986DzqH","id":"shape_0bTxdgFl4O","conceptId":"concept_IfsNrc_tagsearchresponse"}},{"SetFieldName":{"id":"shape_0bTxdgFl4O","newName":"data","conceptId":"concept_IfsNrc_tagsearchresponse"}},{"AssignType":{"id":"shape_0bTxdgFl4O","to":{"ListT":{}},"conceptId":"concept_IfsNrc_tagsearchresponse"}},{"AddTypeParameter":{"parentId":"shape_0bTxdgFl4O","id":"shape_yOrCdYhNDr","conceptId":"concept_IfsNrc_tagsearchresponse"}},{"AssignType":{"id":"shape_yOrCdYhNDr","to":{"RefT":{"conceptId":"concept_tYPIwQ_taginfo"}},"conceptId":"concept_IfsNrc_tagsearchresponse"}},{"AddField":{"parentId":"shape_vgZ986DzqH","id":"shape_RXgfjAw7L5","conceptId":"concept_IfsNrc_tagsearchresponse"}},{"SetFieldName":{"id":"shape_RXgfjAw7L5","newName":"meta","conceptId":"concept_IfsNrc_tagsearchresponse"}},{"AssignType":{"id":"shape_RXgfjAw7L5","to":{"RefT":{"conceptId":"concept_558k0Z_metadata"}},"conceptId":"concept_IfsNrc_tagsearchresponse"}},{"AssignType":{"id":"shape_1vJe4oUBeg","to":{"ObjectT":{}},"conceptId":"concept_i0tS5r_relationshipstatus"}},{"AddField":{"parentId":"shape_1vJe4oUBeg","id":"shape_k5mE9lQXMi","conceptId":"concept_i0tS5r_relationshipstatus"}},{"SetFieldName":{"id":"shape_k5mE9lQXMi","newName":"outgoing_status","conceptId":"concept_i0tS5r_relationshipstatus"}},{"AssignType":{"id":"shape_k5mE9lQXMi","to":{"StringT":{}},"conceptId":"concept_i0tS5r_relationshipstatus"}},{"AssignType":{"id":"shape_WImL5dQLle","to":{"ObjectT":{}},"conceptId":"concept_9smI5M_mediaentry"}},{"AddField":{"parentId":"shape_WImL5dQLle","id":"shape_huWkQJNIPU","conceptId":"concept_9smI5M_mediaentry"}},{"SetFieldName":{"id":"shape_huWkQJNIPU","newName":"location","conceptId":"concept_9smI5M_mediaentry"}},{"AssignType":{"id":"shape_huWkQJNIPU","to":{"RefT":{"conceptId":"concept_1CU6Lk_locationinfo"}},"conceptId":"concept_9smI5M_mediaentry"}},{"AddField":{"parentId":"shape_WImL5dQLle","id":"shape_oUL1w8IWgI","conceptId":"concept_9smI5M_mediaentry"}},{"SetFieldName":{"id":"shape_oUL1w8IWgI","newName":"created_time","conceptId":"concept_9smI5M_mediaentry"}},{"AssignType":{"id":"shape_oUL1w8IWgI","to":{"StringT":{}},"conceptId":"concept_9smI5M_mediaentry"}},{"AddField":{"parentId":"shape_WImL5dQLle","id":"shape_WF1MbVS3iD","conceptId":"concept_9smI5M_mediaentry"}},{"SetFieldName":{"id":"shape_WF1MbVS3iD","newName":"user_has_liked","conceptId":"concept_9smI5M_mediaentry"}},{"AssignType":{"id":"shape_WF1MbVS3iD","to":{"BooleanT":{}},"conceptId":"concept_9smI5M_mediaentry"}},{"AddField":{"parentId":"shape_WImL5dQLle","id":"shape_0Q1jL8vBcj","conceptId":"concept_9smI5M_mediaentry"}},{"SetFieldName":{"id":"shape_0Q1jL8vBcj","newName":"tags","conceptId":"concept_9smI5M_mediaentry"}},{"AssignType":{"id":"shape_0Q1jL8vBcj","to":{"ListT":{}},"conceptId":"concept_9smI5M_mediaentry"}},{"AddTypeParameter":{"parentId":"shape_0Q1jL8vBcj","id":"shape_2K6BoPRTVz","conceptId":"concept_9smI5M_mediaentry"}},{"AssignType":{"id":"shape_2K6BoPRTVz","to":{"StringT":{}},"conceptId":"concept_9smI5M_mediaentry"}},{"AddField":{"parentId":"shape_WImL5dQLle","id":"shape_JNQWRnlbE0","conceptId":"concept_9smI5M_mediaentry"}},{"SetFieldName":{"id":"shape_JNQWRnlbE0","newName":"users_in_photo","conceptId":"concept_9smI5M_mediaentry"}},{"AssignType":{"id":"shape_JNQWRnlbE0","to":{"ListT":{}},"conceptId":"concept_9smI5M_mediaentry"}},{"AddTypeParameter":{"parentId":"shape_JNQWRnlbE0","id":"shape_cdZJLqOIUv","conceptId":"concept_9smI5M_mediaentry"}},{"AssignType":{"id":"shape_cdZJLqOIUv","to":{"RefT":{"conceptId":"concept_wtnIpm_userinphoto"}},"conceptId":"concept_9smI5M_mediaentry"}},{"AddField":{"parentId":"shape_WImL5dQLle","id":"shape_JW8umqc4vH","conceptId":"concept_9smI5M_mediaentry"}},{"SetFieldName":{"id":"shape_JW8umqc4vH","newName":"attribution","conceptId":"concept_9smI5M_mediaentry"}},{"AssignType":{"id":"shape_JW8umqc4vH","to":{"StringT":{}},"conceptId":"concept_9smI5M_mediaentry"}},{"AddField":{"parentId":"shape_WImL5dQLle","id":"shape_DGbSp48jAt","conceptId":"concept_9smI5M_mediaentry"}},{"SetFieldName":{"id":"shape_DGbSp48jAt","newName":"filter","conceptId":"concept_9smI5M_mediaentry"}},{"AssignType":{"id":"shape_DGbSp48jAt","to":{"StringT":{}},"conceptId":"concept_9smI5M_mediaentry"}},{"AddField":{"parentId":"shape_WImL5dQLle","id":"shape_510CUvOYOV","conceptId":"concept_9smI5M_mediaentry"}},{"SetFieldName":{"id":"shape_510CUvOYOV","newName":"likes","conceptId":"concept_9smI5M_mediaentry"}},{"AssignType":{"id":"shape_510CUvOYOV","to":{"RefT":{"conceptId":"concept_3mlmlj_likescollection"}},"conceptId":"concept_9smI5M_mediaentry"}},{"AddField":{"parentId":"shape_WImL5dQLle","id":"shape_XcG5MPUj3n","conceptId":"concept_9smI5M_mediaentry"}},{"SetFieldName":{"id":"shape_XcG5MPUj3n","newName":"id","conceptId":"concept_9smI5M_mediaentry"}},{"AssignType":{"id":"shape_XcG5MPUj3n","to":{"StringT":{}},"conceptId":"concept_9smI5M_mediaentry"}},{"AddField":{"parentId":"shape_WImL5dQLle","id":"shape_dbioFvOczN","conceptId":"concept_9smI5M_mediaentry"}},{"SetFieldName":{"id":"shape_dbioFvOczN","newName":"caption","conceptId":"concept_9smI5M_mediaentry"}},{"AssignType":{"id":"shape_dbioFvOczN","to":{"RefT":{"conceptId":"concept_4wb4Oa_captiondata"}},"conceptId":"concept_9smI5M_mediaentry"}},{"AddField":{"parentId":"shape_WImL5dQLle","id":"shape_lrzNeQ5l4M","conceptId":"concept_9smI5M_mediaentry"}},{"SetFieldName":{"id":"shape_lrzNeQ5l4M","newName":"link","conceptId":"concept_9smI5M_mediaentry"}},{"AssignType":{"id":"shape_lrzNeQ5l4M","to":{"StringT":{}},"conceptId":"concept_9smI5M_mediaentry"}},{"AddField":{"parentId":"shape_WImL5dQLle","id":"shape_Rz3hP44x9v","conceptId":"concept_9smI5M_mediaentry"}},{"SetFieldName":{"id":"shape_Rz3hP44x9v","newName":"videos","conceptId":"concept_9smI5M_mediaentry"}},{"AssignType":{"id":"shape_Rz3hP44x9v","to":{"RefT":{"conceptId":"concept_5aFumD_videosdata"}},"conceptId":"concept_9smI5M_mediaentry"}},{"AddField":{"parentId":"shape_WImL5dQLle","id":"shape_mUllyjjzds","conceptId":"concept_9smI5M_mediaentry"}},{"SetFieldName":{"id":"shape_mUllyjjzds","newName":"type","conceptId":"concept_9smI5M_mediaentry"}},{"AssignType":{"id":"shape_mUllyjjzds","to":{"StringT":{}},"conceptId":"concept_9smI5M_mediaentry"}},{"AddField":{"parentId":"shape_WImL5dQLle","id":"shape_LarSPNFHsm","conceptId":"concept_9smI5M_mediaentry"}},{"SetFieldName":{"id":"shape_LarSPNFHsm","newName":"images","conceptId":"concept_9smI5M_mediaentry"}},{"AssignType":{"id":"shape_LarSPNFHsm","to":{"RefT":{"conceptId":"concept_onYzIe_imagesdata"}},"conceptId":"concept_9smI5M_mediaentry"}},{"AddField":{"parentId":"shape_WImL5dQLle","id":"shape_xD4hCuUrqz","conceptId":"concept_9smI5M_mediaentry"}},{"SetFieldName":{"id":"shape_xD4hCuUrqz","newName":"user","conceptId":"concept_9smI5M_mediaentry"}},{"AssignType":{"id":"shape_xD4hCuUrqz","to":{"RefT":{"conceptId":"concept_ERFh5l_usershortinfo"}},"conceptId":"concept_9smI5M_mediaentry"}},{"AddField":{"parentId":"shape_WImL5dQLle","id":"shape_xtYrHiDWVN","conceptId":"concept_9smI5M_mediaentry"}},{"SetFieldName":{"id":"shape_xtYrHiDWVN","newName":"comments","conceptId":"concept_9smI5M_mediaentry"}},{"AssignType":{"id":"shape_xtYrHiDWVN","to":{"RefT":{"conceptId":"concept_mRAtgt_commentscollection"}},"conceptId":"concept_9smI5M_mediaentry"}},{"AssignType":{"id":"shape_9USFWcZ070","to":{"ObjectT":{}},"conceptId":"concept_3mlmlj_likescollection"}},{"AddField":{"parentId":"shape_9USFWcZ070","id":"shape_sMjMGTqSE0","conceptId":"concept_3mlmlj_likescollection"}},{"SetFieldName":{"id":"shape_sMjMGTqSE0","newName":"count","conceptId":"concept_3mlmlj_likescollection"}},{"AssignType":{"id":"shape_sMjMGTqSE0","to":{"IntegerT":{}},"conceptId":"concept_3mlmlj_likescollection"}},{"AddField":{"parentId":"shape_9USFWcZ070","id":"shape_9DiHe1iiTn","conceptId":"concept_3mlmlj_likescollection"}},{"SetFieldName":{"id":"shape_9DiHe1iiTn","newName":"data","conceptId":"concept_3mlmlj_likescollection"}},{"AssignType":{"id":"shape_9DiHe1iiTn","to":{"ListT":{}},"conceptId":"concept_3mlmlj_likescollection"}},{"AddTypeParameter":{"parentId":"shape_9DiHe1iiTn","id":"shape_AIj0qPBLJA","conceptId":"concept_3mlmlj_likescollection"}},{"AssignType":{"id":"shape_AIj0qPBLJA","to":{"RefT":{"conceptId":"concept_ERFh5l_usershortinfo"}},"conceptId":"concept_3mlmlj_likescollection"}},{"AssignType":{"id":"shape_vprQBoEhmL","to":{"ObjectT":{}},"conceptId":"concept_kcWSta_imageinfo"}},{"AddField":{"parentId":"shape_vprQBoEhmL","id":"shape_egp01ejqrr","conceptId":"concept_kcWSta_imageinfo"}},{"SetFieldName":{"id":"shape_egp01ejqrr","newName":"height","conceptId":"concept_kcWSta_imageinfo"}},{"AssignType":{"id":"shape_egp01ejqrr","to":{"IntegerT":{}},"conceptId":"concept_kcWSta_imageinfo"}},{"AddField":{"parentId":"shape_vprQBoEhmL","id":"shape_HKkyRm1Gfa","conceptId":"concept_kcWSta_imageinfo"}},{"SetFieldName":{"id":"shape_HKkyRm1Gfa","newName":"url","conceptId":"concept_kcWSta_imageinfo"}},{"AssignType":{"id":"shape_HKkyRm1Gfa","to":{"StringT":{}},"conceptId":"concept_kcWSta_imageinfo"}},{"AddField":{"parentId":"shape_vprQBoEhmL","id":"shape_aSdh42XHhj","conceptId":"concept_kcWSta_imageinfo"}},{"SetFieldName":{"id":"shape_aSdh42XHhj","newName":"width","conceptId":"concept_kcWSta_imageinfo"}},{"AssignType":{"id":"shape_aSdh42XHhj","to":{"IntegerT":{}},"conceptId":"concept_kcWSta_imageinfo"}},{"AssignType":{"id":"shape_BaenIMkSOD","to":{"ObjectT":{}},"conceptId":"concept_EzTm0N_position"}},{"AddField":{"parentId":"shape_BaenIMkSOD","id":"shape_kmXYfboe5F","conceptId":"concept_EzTm0N_position"}},{"SetFieldName":{"id":"shape_kmXYfboe5F","newName":"x","conceptId":"concept_EzTm0N_position"}},{"AssignType":{"id":"shape_kmXYfboe5F","to":{"NumberT":{}},"conceptId":"concept_EzTm0N_position"}},{"AddField":{"parentId":"shape_BaenIMkSOD","id":"shape_vHOco2WHLD","conceptId":"concept_EzTm0N_position"}},{"SetFieldName":{"id":"shape_vHOco2WHLD","newName":"y","conceptId":"concept_EzTm0N_position"}},{"AssignType":{"id":"shape_vHOco2WHLD","to":{"NumberT":{}},"conceptId":"concept_EzTm0N_position"}},{"AssignType":{"id":"shape_Ix5UXnYJLw","to":{"ObjectT":{}},"conceptId":"concept_rz9YGO_tagmedialistresponse"}},{"AddField":{"parentId":"shape_Ix5UXnYJLw","id":"shape_ELyFrpBf51","conceptId":"concept_rz9YGO_tagmedialistresponse"}},{"SetFieldName":{"id":"shape_ELyFrpBf51","newName":"data","conceptId":"concept_rz9YGO_tagmedialistresponse"}},{"AssignType":{"id":"shape_ELyFrpBf51","to":{"ListT":{}},"conceptId":"concept_rz9YGO_tagmedialistresponse"}},{"AddTypeParameter":{"parentId":"shape_ELyFrpBf51","id":"shape_6FxBuYybVg","conceptId":"concept_rz9YGO_tagmedialistresponse"}},{"AssignType":{"id":"shape_6FxBuYybVg","to":{"RefT":{"conceptId":"concept_9smI5M_mediaentry"}},"conceptId":"concept_rz9YGO_tagmedialistresponse"}},{"AddField":{"parentId":"shape_Ix5UXnYJLw","id":"shape_vFP5ZxSADW","conceptId":"concept_rz9YGO_tagmedialistresponse"}},{"SetFieldName":{"id":"shape_vFP5ZxSADW","newName":"meta","conceptId":"concept_rz9YGO_tagmedialistresponse"}},{"AssignType":{"id":"shape_vFP5ZxSADW","to":{"RefT":{"conceptId":"concept_558k0Z_metadata"}},"conceptId":"concept_rz9YGO_tagmedialistresponse"}},{"AddField":{"parentId":"shape_Ix5UXnYJLw","id":"shape_J9OuYnOY5A","conceptId":"concept_rz9YGO_tagmedialistresponse"}},{"SetFieldName":{"id":"shape_J9OuYnOY5A","newName":"pagination","conceptId":"concept_rz9YGO_tagmedialistresponse"}},{"AssignType":{"id":"shape_J9OuYnOY5A","to":{"RefT":{"conceptId":"concept_J0EjjC_tagpaginationinfo"}},"conceptId":"concept_rz9YGO_tagmedialistresponse"}},{"AssignType":{"id":"shape_H2tnDTk8xT","to":{"ObjectT":{}},"conceptId":"concept_4wb4Oa_captiondata"}},{"AddField":{"parentId":"shape_H2tnDTk8xT","id":"shape_irTYz8b0WD","conceptId":"concept_4wb4Oa_captiondata"}},{"SetFieldName":{"id":"shape_irTYz8b0WD","newName":"created_time","conceptId":"concept_4wb4Oa_captiondata"}},{"AssignType":{"id":"shape_irTYz8b0WD","to":{"StringT":{}},"conceptId":"concept_4wb4Oa_captiondata"}},{"AddField":{"parentId":"shape_H2tnDTk8xT","id":"shape_4gbUJsgwbT","conceptId":"concept_4wb4Oa_captiondata"}},{"SetFieldName":{"id":"shape_4gbUJsgwbT","newName":"from","conceptId":"concept_4wb4Oa_captiondata"}},{"AssignType":{"id":"shape_4gbUJsgwbT","to":{"RefT":{"conceptId":"concept_ERFh5l_usershortinfo"}},"conceptId":"concept_4wb4Oa_captiondata"}},{"AddField":{"parentId":"shape_H2tnDTk8xT","id":"shape_qrU3qvuLCz","conceptId":"concept_4wb4Oa_captiondata"}},{"SetFieldName":{"id":"shape_qrU3qvuLCz","newName":"id","conceptId":"concept_4wb4Oa_captiondata"}},{"AssignType":{"id":"shape_qrU3qvuLCz","to":{"StringT":{}},"conceptId":"concept_4wb4Oa_captiondata"}},{"AddField":{"parentId":"shape_H2tnDTk8xT","id":"shape_NDlY7iGqhE","conceptId":"concept_4wb4Oa_captiondata"}},{"SetFieldName":{"id":"shape_NDlY7iGqhE","newName":"text","conceptId":"concept_4wb4Oa_captiondata"}},{"AssignType":{"id":"shape_NDlY7iGqhE","to":{"StringT":{}},"conceptId":"concept_4wb4Oa_captiondata"}},{"AssignType":{"id":"shape_TnLx6NB9jN","to":{"ObjectT":{}},"conceptId":"concept_GKlXx1_relationshippostresponse"}},{"AddField":{"parentId":"shape_TnLx6NB9jN","id":"shape_HvjfniFnGu","conceptId":"concept_GKlXx1_relationshippostresponse"}},{"SetFieldName":{"id":"shape_HvjfniFnGu","newName":"data","conceptId":"concept_GKlXx1_relationshippostresponse"}},{"AssignType":{"id":"shape_HvjfniFnGu","to":{"RefT":{"conceptId":"concept_i0tS5r_relationshipstatus"}},"conceptId":"concept_GKlXx1_relationshippostresponse"}},{"AddField":{"parentId":"shape_TnLx6NB9jN","id":"shape_1VHc321q7h","conceptId":"concept_GKlXx1_relationshippostresponse"}},{"SetFieldName":{"id":"shape_1VHc321q7h","newName":"meta","conceptId":"concept_GKlXx1_relationshippostresponse"}},{"AssignType":{"id":"shape_1VHc321q7h","to":{"RefT":{"conceptId":"concept_558k0Z_metadata"}},"conceptId":"concept_GKlXx1_relationshippostresponse"}},{"AssignType":{"id":"shape_aZ0gHYYOig","to":{"ObjectT":{}},"conceptId":"concept_VxrDz9_commentsresponse"}},{"AddField":{"parentId":"shape_aZ0gHYYOig","id":"shape_iD5hZsRf1T","conceptId":"concept_VxrDz9_commentsresponse"}},{"SetFieldName":{"id":"shape_iD5hZsRf1T","newName":"data","conceptId":"concept_VxrDz9_commentsresponse"}},{"AssignType":{"id":"shape_iD5hZsRf1T","to":{"ListT":{}},"conceptId":"concept_VxrDz9_commentsresponse"}},{"AddTypeParameter":{"parentId":"shape_iD5hZsRf1T","id":"shape_eCxBc9vBdI","conceptId":"concept_VxrDz9_commentsresponse"}},{"AssignType":{"id":"shape_eCxBc9vBdI","to":{"RefT":{"conceptId":"concept_AB9tv7_commententry"}},"conceptId":"concept_VxrDz9_commentsresponse"}},{"AddField":{"parentId":"shape_aZ0gHYYOig","id":"shape_bnS64gNm4C","conceptId":"concept_VxrDz9_commentsresponse"}},{"SetFieldName":{"id":"shape_bnS64gNm4C","newName":"meta","conceptId":"concept_VxrDz9_commentsresponse"}},{"AssignType":{"id":"shape_bnS64gNm4C","to":{"RefT":{"conceptId":"concept_558k0Z_metadata"}},"conceptId":"concept_VxrDz9_commentsresponse"}},{"AssignType":{"id":"shape_dOV080U2Yk","to":{"ObjectT":{}},"conceptId":"concept_2sXNK8_cursorpaginationinfo"}},{"AddField":{"parentId":"shape_dOV080U2Yk","id":"shape_97d3yxIhLa","conceptId":"concept_2sXNK8_cursorpaginationinfo"}},{"SetFieldName":{"id":"shape_97d3yxIhLa","newName":"next_cursor","conceptId":"concept_2sXNK8_cursorpaginationinfo"}},{"AssignType":{"id":"shape_97d3yxIhLa","to":{"StringT":{}},"conceptId":"concept_2sXNK8_cursorpaginationinfo"}},{"AddField":{"parentId":"shape_dOV080U2Yk","id":"shape_eGoS082JlF","conceptId":"concept_2sXNK8_cursorpaginationinfo"}},{"SetFieldName":{"id":"shape_eGoS082JlF","newName":"next_url","conceptId":"concept_2sXNK8_cursorpaginationinfo"}},{"AssignType":{"id":"shape_eGoS082JlF","to":{"StringT":{}},"conceptId":"concept_2sXNK8_cursorpaginationinfo"}},{"AssignType":{"id":"shape_CEphyWaGs7","to":{"ObjectT":{}},"conceptId":"concept_0moBLg_userresponse"}},{"AddField":{"parentId":"shape_CEphyWaGs7","id":"shape_6df43Et8hd","conceptId":"concept_0moBLg_userresponse"}},{"SetFieldName":{"id":"shape_6df43Et8hd","newName":"data","conceptId":"concept_0moBLg_userresponse"}},{"AssignType":{"id":"shape_6df43Et8hd","to":{"RefT":{"conceptId":"concept_vuKXys_userinfo"}},"conceptId":"concept_0moBLg_userresponse"}},{"AddField":{"parentId":"shape_CEphyWaGs7","id":"shape_Ey0WPbYozG","conceptId":"concept_0moBLg_userresponse"}},{"SetFieldName":{"id":"shape_Ey0WPbYozG","newName":"meta","conceptId":"concept_0moBLg_userresponse"}},{"AssignType":{"id":"shape_Ey0WPbYozG","to":{"RefT":{"conceptId":"concept_558k0Z_metadata"}},"conceptId":"concept_0moBLg_userresponse"}},{"AssignType":{"id":"shape_PAh8gfkk38","to":{"ObjectT":{}},"conceptId":"concept_558k0Z_metadata"}},{"AddField":{"parentId":"shape_PAh8gfkk38","id":"shape_FjEgzSnLYF","conceptId":"concept_558k0Z_metadata"}},{"SetFieldName":{"id":"shape_FjEgzSnLYF","newName":"code","conceptId":"concept_558k0Z_metadata"}},{"AssignType":{"id":"shape_FjEgzSnLYF","to":{"IntegerT":{}},"conceptId":"concept_558k0Z_metadata"}},{"AssignType":{"id":"shape_VE91Xe7WVq","to":{"ObjectT":{}},"conceptId":"concept_VHTreT_idpaginationinfo"}},{"AddField":{"parentId":"shape_VE91Xe7WVq","id":"shape_p8lwjXN5ay","conceptId":"concept_VHTreT_idpaginationinfo"}},{"SetFieldName":{"id":"shape_p8lwjXN5ay","newName":"next_max_id","conceptId":"concept_VHTreT_idpaginationinfo"}},{"AssignType":{"id":"shape_p8lwjXN5ay","to":{"StringT":{}},"conceptId":"concept_VHTreT_idpaginationinfo"}},{"AddField":{"parentId":"shape_VE91Xe7WVq","id":"shape_H9e7EUHFdE","conceptId":"concept_VHTreT_idpaginationinfo"}},{"SetFieldName":{"id":"shape_H9e7EUHFdE","newName":"next_url","conceptId":"concept_VHTreT_idpaginationinfo"}},{"AssignType":{"id":"shape_H9e7EUHFdE","to":{"StringT":{}},"conceptId":"concept_VHTreT_idpaginationinfo"}},{"AssignType":{"id":"shape_Ka9EkvzOua","to":{"ObjectT":{}},"conceptId":"concept_J0EjjC_tagpaginationinfo"}},{"AddField":{"parentId":"shape_Ka9EkvzOua","id":"shape_rRH2tgoSx0","conceptId":"concept_J0EjjC_tagpaginationinfo"}},{"SetFieldName":{"id":"shape_rRH2tgoSx0","newName":"next_max_id","conceptId":"concept_J0EjjC_tagpaginationinfo"}},{"AssignType":{"id":"shape_rRH2tgoSx0","to":{"StringT":{}},"conceptId":"concept_J0EjjC_tagpaginationinfo"}},{"AddField":{"parentId":"shape_Ka9EkvzOua","id":"shape_pKTZ9LbtVh","conceptId":"concept_J0EjjC_tagpaginationinfo"}},{"SetFieldName":{"id":"shape_pKTZ9LbtVh","newName":"deprecation_warning","conceptId":"concept_J0EjjC_tagpaginationinfo"}},{"AssignType":{"id":"shape_pKTZ9LbtVh","to":{"StringT":{}},"conceptId":"concept_J0EjjC_tagpaginationinfo"}},{"AddField":{"parentId":"shape_Ka9EkvzOua","id":"shape_50XPYUt2Xc","conceptId":"concept_J0EjjC_tagpaginationinfo"}},{"SetFieldName":{"id":"shape_50XPYUt2Xc","newName":"min_tag_id","conceptId":"concept_J0EjjC_tagpaginationinfo"}},{"AssignType":{"id":"shape_50XPYUt2Xc","to":{"StringT":{}},"conceptId":"concept_J0EjjC_tagpaginationinfo"}},{"AddField":{"parentId":"shape_Ka9EkvzOua","id":"shape_JiIlhKbljN","conceptId":"concept_J0EjjC_tagpaginationinfo"}},{"SetFieldName":{"id":"shape_JiIlhKbljN","newName":"next_url","conceptId":"concept_J0EjjC_tagpaginationinfo"}},{"AssignType":{"id":"shape_JiIlhKbljN","to":{"StringT":{}},"conceptId":"concept_J0EjjC_tagpaginationinfo"}},{"AddField":{"parentId":"shape_Ka9EkvzOua","id":"shape_NW8hgbLHjK","conceptId":"concept_J0EjjC_tagpaginationinfo"}},{"SetFieldName":{"id":"shape_NW8hgbLHjK","newName":"next_min_id","conceptId":"concept_J0EjjC_tagpaginationinfo"}},{"AssignType":{"id":"shape_NW8hgbLHjK","to":{"StringT":{}},"conceptId":"concept_J0EjjC_tagpaginationinfo"}},{"AddField":{"parentId":"shape_Ka9EkvzOua","id":"shape_DUjFLjw6p1","conceptId":"concept_J0EjjC_tagpaginationinfo"}},{"SetFieldName":{"id":"shape_DUjFLjw6p1","newName":"next_max_tag_id","conceptId":"concept_J0EjjC_tagpaginationinfo"}},{"AssignType":{"id":"shape_DUjFLjw6p1","to":{"StringT":{}},"conceptId":"concept_J0EjjC_tagpaginationinfo"}},{"AssignType":{"id":"shape_ijYyOjPZ5t","to":{"ObjectT":{}},"conceptId":"concept_7eKF5u_taginforesponse"}},{"AddField":{"parentId":"shape_ijYyOjPZ5t","id":"shape_vs6XXRfhV1","conceptId":"concept_7eKF5u_taginforesponse"}},{"SetFieldName":{"id":"shape_vs6XXRfhV1","newName":"data","conceptId":"concept_7eKF5u_taginforesponse"}},{"AssignType":{"id":"shape_vs6XXRfhV1","to":{"RefT":{"conceptId":"concept_tYPIwQ_taginfo"}},"conceptId":"concept_7eKF5u_taginforesponse"}},{"AddField":{"parentId":"shape_ijYyOjPZ5t","id":"shape_uxTNMEDJKr","conceptId":"concept_7eKF5u_taginforesponse"}},{"SetFieldName":{"id":"shape_uxTNMEDJKr","newName":"meta","conceptId":"concept_7eKF5u_taginforesponse"}},{"AssignType":{"id":"shape_uxTNMEDJKr","to":{"RefT":{"conceptId":"concept_558k0Z_metadata"}},"conceptId":"concept_7eKF5u_taginforesponse"}},{"AssignType":{"id":"shape_dqke9Vvy8j","to":{"ObjectT":{}},"conceptId":"concept_iYE2YD_locationinforesponse"}},{"AddField":{"parentId":"shape_dqke9Vvy8j","id":"shape_UxQylKo7LZ","conceptId":"concept_iYE2YD_locationinforesponse"}},{"SetFieldName":{"id":"shape_UxQylKo7LZ","newName":"data","conceptId":"concept_iYE2YD_locationinforesponse"}},{"AssignType":{"id":"shape_UxQylKo7LZ","to":{"RefT":{"conceptId":"concept_1CU6Lk_locationinfo"}},"conceptId":"concept_iYE2YD_locationinforesponse"}},{"AddField":{"parentId":"shape_dqke9Vvy8j","id":"shape_zRIPTHGI8c","conceptId":"concept_iYE2YD_locationinforesponse"}},{"SetFieldName":{"id":"shape_zRIPTHGI8c","newName":"meta","conceptId":"concept_iYE2YD_locationinforesponse"}},{"AssignType":{"id":"shape_zRIPTHGI8c","to":{"RefT":{"conceptId":"concept_558k0Z_metadata"}},"conceptId":"concept_iYE2YD_locationinforesponse"}},{"AssignType":{"id":"shape_dTTnvc9j49","to":{"ObjectT":{}},"conceptId":"concept_ERFh5l_usershortinfo"}},{"AddField":{"parentId":"shape_dTTnvc9j49","id":"shape_xYPtmjy1DG","conceptId":"concept_ERFh5l_usershortinfo"}},{"SetFieldName":{"id":"shape_xYPtmjy1DG","newName":"full_name","conceptId":"concept_ERFh5l_usershortinfo"}},{"AssignType":{"id":"shape_xYPtmjy1DG","to":{"StringT":{}},"conceptId":"concept_ERFh5l_usershortinfo"}},{"AddField":{"parentId":"shape_dTTnvc9j49","id":"shape_RIm4elHeDY","conceptId":"concept_ERFh5l_usershortinfo"}},{"SetFieldName":{"id":"shape_RIm4elHeDY","newName":"id","conceptId":"concept_ERFh5l_usershortinfo"}},{"AssignType":{"id":"shape_RIm4elHeDY","to":{"StringT":{}},"conceptId":"concept_ERFh5l_usershortinfo"}},{"AddField":{"parentId":"shape_dTTnvc9j49","id":"shape_O6OKWLVocm","conceptId":"concept_ERFh5l_usershortinfo"}},{"SetFieldName":{"id":"shape_O6OKWLVocm","newName":"profile_picture","conceptId":"concept_ERFh5l_usershortinfo"}},{"AssignType":{"id":"shape_O6OKWLVocm","to":{"StringT":{}},"conceptId":"concept_ERFh5l_usershortinfo"}},{"AddField":{"parentId":"shape_dTTnvc9j49","id":"shape_73jo5WaSM3","conceptId":"concept_ERFh5l_usershortinfo"}},{"SetFieldName":{"id":"shape_73jo5WaSM3","newName":"username","conceptId":"concept_ERFh5l_usershortinfo"}},{"AssignType":{"id":"shape_73jo5WaSM3","to":{"StringT":{}},"conceptId":"concept_ERFh5l_usershortinfo"}},{"AssignType":{"id":"shape_SQVT63H4bu","to":{"ObjectT":{}},"conceptId":"concept_EzXXjM_locationsearchresponse"}},{"AddField":{"parentId":"shape_SQVT63H4bu","id":"shape_EALI4SVPd8","conceptId":"concept_EzXXjM_locationsearchresponse"}},{"SetFieldName":{"id":"shape_EALI4SVPd8","newName":"data","conceptId":"concept_EzXXjM_locationsearchresponse"}},{"AssignType":{"id":"shape_EALI4SVPd8","to":{"ListT":{}},"conceptId":"concept_EzXXjM_locationsearchresponse"}},{"AddTypeParameter":{"parentId":"shape_EALI4SVPd8","id":"shape_Sq9B4nbbuY","conceptId":"concept_EzXXjM_locationsearchresponse"}},{"AssignType":{"id":"shape_Sq9B4nbbuY","to":{"RefT":{"conceptId":"concept_1CU6Lk_locationinfo"}},"conceptId":"concept_EzXXjM_locationsearchresponse"}},{"AddField":{"parentId":"shape_SQVT63H4bu","id":"shape_K7WKsTspY6","conceptId":"concept_EzXXjM_locationsearchresponse"}},{"SetFieldName":{"id":"shape_K7WKsTspY6","newName":"meta","conceptId":"concept_EzXXjM_locationsearchresponse"}},{"AssignType":{"id":"shape_K7WKsTspY6","to":{"RefT":{"conceptId":"concept_558k0Z_metadata"}},"conceptId":"concept_EzXXjM_locationsearchresponse"}},{"AssignType":{"id":"shape_rDEFfHmwXK","to":{"ObjectT":{}},"conceptId":"concept_mRAtgt_commentscollection"}},{"AddField":{"parentId":"shape_rDEFfHmwXK","id":"shape_XHNUIzLWEN","conceptId":"concept_mRAtgt_commentscollection"}},{"SetFieldName":{"id":"shape_XHNUIzLWEN","newName":"count","conceptId":"concept_mRAtgt_commentscollection"}},{"AssignType":{"id":"shape_XHNUIzLWEN","to":{"IntegerT":{}},"conceptId":"concept_mRAtgt_commentscollection"}},{"AddField":{"parentId":"shape_rDEFfHmwXK","id":"shape_QgqvyiZwpq","conceptId":"concept_mRAtgt_commentscollection"}},{"SetFieldName":{"id":"shape_QgqvyiZwpq","newName":"data","conceptId":"concept_mRAtgt_commentscollection"}},{"AssignType":{"id":"shape_QgqvyiZwpq","to":{"ListT":{}},"conceptId":"concept_mRAtgt_commentscollection"}},{"AddTypeParameter":{"parentId":"shape_QgqvyiZwpq","id":"shape_7zcbya7r6j","conceptId":"concept_mRAtgt_commentscollection"}},{"AssignType":{"id":"shape_7zcbya7r6j","to":{"RefT":{"conceptId":"concept_AB9tv7_commententry"}},"conceptId":"concept_mRAtgt_commentscollection"}},{"AssignType":{"id":"shape_sPXkcH9Wg5","to":{"ObjectT":{}},"conceptId":"concept_tYPIwQ_taginfo"}},{"AddField":{"parentId":"shape_sPXkcH9Wg5","id":"shape_OmuT5qJoxT","conceptId":"concept_tYPIwQ_taginfo"}},{"SetFieldName":{"id":"shape_OmuT5qJoxT","newName":"media_count","conceptId":"concept_tYPIwQ_taginfo"}},{"AssignType":{"id":"shape_OmuT5qJoxT","to":{"IntegerT":{}},"conceptId":"concept_tYPIwQ_taginfo"}},{"AddField":{"parentId":"shape_sPXkcH9Wg5","id":"shape_BAgHnRja2q","conceptId":"concept_tYPIwQ_taginfo"}},{"SetFieldName":{"id":"shape_BAgHnRja2q","newName":"name","conceptId":"concept_tYPIwQ_taginfo"}},{"AssignType":{"id":"shape_BAgHnRja2q","to":{"StringT":{}},"conceptId":"concept_tYPIwQ_taginfo"}},{"AssignType":{"id":"shape_fMeRsNYXMZ","to":{"ObjectT":{}},"conceptId":"concept_AB9tv7_commententry"}},{"AddField":{"parentId":"shape_fMeRsNYXMZ","id":"shape_OSKIizifLX","conceptId":"concept_AB9tv7_commententry"}},{"SetFieldName":{"id":"shape_OSKIizifLX","newName":"created_time","conceptId":"concept_AB9tv7_commententry"}},{"AssignType":{"id":"shape_OSKIizifLX","to":{"StringT":{}},"conceptId":"concept_AB9tv7_commententry"}},{"AddField":{"parentId":"shape_fMeRsNYXMZ","id":"shape_t9yDyAtX8y","conceptId":"concept_AB9tv7_commententry"}},{"SetFieldName":{"id":"shape_t9yDyAtX8y","newName":"from","conceptId":"concept_AB9tv7_commententry"}},{"AssignType":{"id":"shape_t9yDyAtX8y","to":{"RefT":{"conceptId":"concept_ERFh5l_usershortinfo"}},"conceptId":"concept_AB9tv7_commententry"}},{"AddField":{"parentId":"shape_fMeRsNYXMZ","id":"shape_er0WA0CjUb","conceptId":"concept_AB9tv7_commententry"}},{"SetFieldName":{"id":"shape_er0WA0CjUb","newName":"id","conceptId":"concept_AB9tv7_commententry"}},{"AssignType":{"id":"shape_er0WA0CjUb","to":{"StringT":{}},"conceptId":"concept_AB9tv7_commententry"}},{"AddField":{"parentId":"shape_fMeRsNYXMZ","id":"shape_G1TNI21LfD","conceptId":"concept_AB9tv7_commententry"}},{"SetFieldName":{"id":"shape_G1TNI21LfD","newName":"text","conceptId":"concept_AB9tv7_commententry"}},{"AssignType":{"id":"shape_G1TNI21LfD","to":{"StringT":{}},"conceptId":"concept_AB9tv7_commententry"}},{"AssignType":{"id":"shape_RBcre7D5yw","to":{"ObjectT":{}},"conceptId":"concept_CuQ72q_statusresponse"}},{"AddField":{"parentId":"shape_RBcre7D5yw","id":"shape_mW7teuGFdv","conceptId":"concept_CuQ72q_statusresponse"}},{"SetFieldName":{"id":"shape_mW7teuGFdv","newName":"data","conceptId":"concept_CuQ72q_statusresponse"}},{"AssignType":{"id":"shape_mW7teuGFdv","to":{"StringT":{}},"conceptId":"concept_CuQ72q_statusresponse"}},{"AddField":{"parentId":"shape_RBcre7D5yw","id":"shape_jxB69MxMMs","conceptId":"concept_CuQ72q_statusresponse"}},{"SetFieldName":{"id":"shape_jxB69MxMMs","newName":"meta","conceptId":"concept_CuQ72q_statusresponse"}},{"AssignType":{"id":"shape_jxB69MxMMs","to":{"RefT":{"conceptId":"concept_558k0Z_metadata"}},"conceptId":"concept_CuQ72q_statusresponse"}},{"AssignType":{"id":"shape_p7KYWf9ifp","to":{"ObjectT":{}},"conceptId":"concept_vuKXys_userinfo"}},{"AddField":{"parentId":"shape_p7KYWf9ifp","id":"shape_JMzCMlgzgf","conceptId":"concept_vuKXys_userinfo"}},{"SetFieldName":{"id":"shape_JMzCMlgzgf","newName":"website","conceptId":"concept_vuKXys_userinfo"}},{"AssignType":{"id":"shape_JMzCMlgzgf","to":{"StringT":{}},"conceptId":"concept_vuKXys_userinfo"}},{"AddField":{"parentId":"shape_p7KYWf9ifp","id":"shape_jJLVuOuos4","conceptId":"concept_vuKXys_userinfo"}},{"SetFieldName":{"id":"shape_jJLVuOuos4","newName":"profile_picture","conceptId":"concept_vuKXys_userinfo"}},{"AssignType":{"id":"shape_jJLVuOuos4","to":{"StringT":{}},"conceptId":"concept_vuKXys_userinfo"}},{"AddField":{"parentId":"shape_p7KYWf9ifp","id":"shape_YgwIjuRkZP","conceptId":"concept_vuKXys_userinfo"}},{"SetFieldName":{"id":"shape_YgwIjuRkZP","newName":"username","conceptId":"concept_vuKXys_userinfo"}},{"AssignType":{"id":"shape_YgwIjuRkZP","to":{"StringT":{}},"conceptId":"concept_vuKXys_userinfo"}},{"AddField":{"parentId":"shape_p7KYWf9ifp","id":"shape_x8B6IE5kgR","conceptId":"concept_vuKXys_userinfo"}},{"SetFieldName":{"id":"shape_x8B6IE5kgR","newName":"full_name","conceptId":"concept_vuKXys_userinfo"}},{"AssignType":{"id":"shape_x8B6IE5kgR","to":{"StringT":{}},"conceptId":"concept_vuKXys_userinfo"}},{"AddField":{"parentId":"shape_p7KYWf9ifp","id":"shape_46WP7Tv9yK","conceptId":"concept_vuKXys_userinfo"}},{"SetFieldName":{"id":"shape_46WP7Tv9yK","newName":"bio","conceptId":"concept_vuKXys_userinfo"}},{"AssignType":{"id":"shape_46WP7Tv9yK","to":{"StringT":{}},"conceptId":"concept_vuKXys_userinfo"}},{"AddField":{"parentId":"shape_p7KYWf9ifp","id":"shape_xCaokyhiIP","conceptId":"concept_vuKXys_userinfo"}},{"SetFieldName":{"id":"shape_xCaokyhiIP","newName":"id","conceptId":"concept_vuKXys_userinfo"}},{"AssignType":{"id":"shape_xCaokyhiIP","to":{"StringT":{}},"conceptId":"concept_vuKXys_userinfo"}},{"AddField":{"parentId":"shape_p7KYWf9ifp","id":"shape_f5kfzS42qS","conceptId":"concept_vuKXys_userinfo"}},{"SetFieldName":{"id":"shape_f5kfzS42qS","newName":"counts","conceptId":"concept_vuKXys_userinfo"}},{"AssignType":{"id":"shape_f5kfzS42qS","to":{"RefT":{"conceptId":"concept_EkkRXk_usercounts"}},"conceptId":"concept_vuKXys_userinfo"}},{"AssignType":{"id":"shape_8SopIvHo92","to":{"ObjectT":{}},"conceptId":"concept_6v1nto_mediasearchresponse"}},{"AddField":{"parentId":"shape_8SopIvHo92","id":"shape_vgKsNz9hnH","conceptId":"concept_6v1nto_mediasearchresponse"}},{"SetFieldName":{"id":"shape_vgKsNz9hnH","newName":"data","conceptId":"concept_6v1nto_mediasearchresponse"}},{"AssignType":{"id":"shape_vgKsNz9hnH","to":{"ListT":{}},"conceptId":"concept_6v1nto_mediasearchresponse"}},{"AddTypeParameter":{"parentId":"shape_vgKsNz9hnH","id":"shape_RLdSkIJThb","conceptId":"concept_6v1nto_mediasearchresponse"}},{"AssignType":{"id":"shape_RLdSkIJThb","to":{"RefT":{"conceptId":"concept_9smI5M_mediaentry"}},"conceptId":"concept_6v1nto_mediasearchresponse"}},{"AddField":{"parentId":"shape_8SopIvHo92","id":"shape_aiqhtK1TPe","conceptId":"concept_6v1nto_mediasearchresponse"}},{"SetFieldName":{"id":"shape_aiqhtK1TPe","newName":"meta","conceptId":"concept_6v1nto_mediasearchresponse"}},{"AssignType":{"id":"shape_aiqhtK1TPe","to":{"RefT":{"conceptId":"concept_558k0Z_metadata"}},"conceptId":"concept_6v1nto_mediasearchresponse"}},{"AssignType":{"id":"shape_VMQd7kDlK7","to":{"ObjectT":{}},"conceptId":"concept_onYzIe_imagesdata"}},{"AddField":{"parentId":"shape_VMQd7kDlK7","id":"shape_l6PmrqLUHy","conceptId":"concept_onYzIe_imagesdata"}},{"SetFieldName":{"id":"shape_l6PmrqLUHy","newName":"low_resolution","conceptId":"concept_onYzIe_imagesdata"}},{"AssignType":{"id":"shape_l6PmrqLUHy","to":{"RefT":{"conceptId":"concept_kcWSta_imageinfo"}},"conceptId":"concept_onYzIe_imagesdata"}},{"AddField":{"parentId":"shape_VMQd7kDlK7","id":"shape_jiZNYulHE0","conceptId":"concept_onYzIe_imagesdata"}},{"SetFieldName":{"id":"shape_jiZNYulHE0","newName":"standard_resolution","conceptId":"concept_onYzIe_imagesdata"}},{"AssignType":{"id":"shape_jiZNYulHE0","to":{"RefT":{"conceptId":"concept_kcWSta_imageinfo"}},"conceptId":"concept_onYzIe_imagesdata"}},{"AddField":{"parentId":"shape_VMQd7kDlK7","id":"shape_iRAwWmhQXk","conceptId":"concept_onYzIe_imagesdata"}},{"SetFieldName":{"id":"shape_iRAwWmhQXk","newName":"thumbnail","conceptId":"concept_onYzIe_imagesdata"}},{"AssignType":{"id":"shape_iRAwWmhQXk","to":{"RefT":{"conceptId":"concept_kcWSta_imageinfo"}},"conceptId":"concept_onYzIe_imagesdata"}},{"AssignType":{"id":"shape_Ha2ssE95Fh","to":{"ObjectT":{}},"conceptId":"concept_wtnIpm_userinphoto"}},{"AddField":{"parentId":"shape_Ha2ssE95Fh","id":"shape_zPtXIbknKp","conceptId":"concept_wtnIpm_userinphoto"}},{"SetFieldName":{"id":"shape_zPtXIbknKp","newName":"position","conceptId":"concept_wtnIpm_userinphoto"}},{"AssignType":{"id":"shape_zPtXIbknKp","to":{"RefT":{"conceptId":"concept_EzTm0N_position"}},"conceptId":"concept_wtnIpm_userinphoto"}},{"AddField":{"parentId":"shape_Ha2ssE95Fh","id":"shape_SGUil09fAv","conceptId":"concept_wtnIpm_userinphoto"}},{"SetFieldName":{"id":"shape_SGUil09fAv","newName":"user","conceptId":"concept_wtnIpm_userinphoto"}},{"AssignType":{"id":"shape_SGUil09fAv","to":{"RefT":{"conceptId":"concept_ERFh5l_usershortinfo"}},"conceptId":"concept_wtnIpm_userinphoto"}},{"AssignType":{"id":"shape_20SUT0DtUj","to":{"ObjectT":{}},"conceptId":"concept_5aFumD_videosdata"}},{"AddField":{"parentId":"shape_20SUT0DtUj","id":"shape_6nmmFAsVv7","conceptId":"concept_5aFumD_videosdata"}},{"SetFieldName":{"id":"shape_6nmmFAsVv7","newName":"low_resolution","conceptId":"concept_5aFumD_videosdata"}},{"AssignType":{"id":"shape_6nmmFAsVv7","to":{"RefT":{"conceptId":"concept_kcWSta_imageinfo"}},"conceptId":"concept_5aFumD_videosdata"}},{"AddField":{"parentId":"shape_20SUT0DtUj","id":"shape_FTpvXIk1Ne","conceptId":"concept_5aFumD_videosdata"}},{"SetFieldName":{"id":"shape_FTpvXIk1Ne","newName":"standard_resolution","conceptId":"concept_5aFumD_videosdata"}},{"AssignType":{"id":"shape_FTpvXIk1Ne","to":{"RefT":{"conceptId":"concept_kcWSta_imageinfo"}},"conceptId":"concept_5aFumD_videosdata"}},{"AssignType":{"id":"shape_2jkjxS6XfY","to":{"ObjectT":{}},"conceptId":"concept_dHweVj_userspagingresponse"}},{"AddField":{"parentId":"shape_2jkjxS6XfY","id":"shape_myac7PAkTv","conceptId":"concept_dHweVj_userspagingresponse"}},{"SetFieldName":{"id":"shape_myac7PAkTv","newName":"data","conceptId":"concept_dHweVj_userspagingresponse"}},{"AssignType":{"id":"shape_myac7PAkTv","to":{"ListT":{}},"conceptId":"concept_dHweVj_userspagingresponse"}},{"AddTypeParameter":{"parentId":"shape_myac7PAkTv","id":"shape_d1davSDZrn","conceptId":"concept_dHweVj_userspagingresponse"}},{"AssignType":{"id":"shape_d1davSDZrn","to":{"RefT":{"conceptId":"concept_ERFh5l_usershortinfo"}},"conceptId":"concept_dHweVj_userspagingresponse"}},{"AddField":{"parentId":"shape_2jkjxS6XfY","id":"shape_3lfy1ZlZYO","conceptId":"concept_dHweVj_userspagingresponse"}},{"SetFieldName":{"id":"shape_3lfy1ZlZYO","newName":"meta","conceptId":"concept_dHweVj_userspagingresponse"}},{"AssignType":{"id":"shape_3lfy1ZlZYO","to":{"RefT":{"conceptId":"concept_558k0Z_metadata"}},"conceptId":"concept_dHweVj_userspagingresponse"}},{"AddField":{"parentId":"shape_2jkjxS6XfY","id":"shape_OoaKPR1P2f","conceptId":"concept_dHweVj_userspagingresponse"}},{"SetFieldName":{"id":"shape_OoaKPR1P2f","newName":"pagination","conceptId":"concept_dHweVj_userspagingresponse"}},{"AssignType":{"id":"shape_OoaKPR1P2f","to":{"RefT":{"conceptId":"concept_2sXNK8_cursorpaginationinfo"}},"conceptId":"concept_dHweVj_userspagingresponse"}},{"AssignType":{"id":"shape_BdcUwMcRqA","to":{"ObjectT":{}},"conceptId":"concept_xEL5Tx_usersinforesponse"}},{"AddField":{"parentId":"shape_BdcUwMcRqA","id":"shape_EFULpst4OP","conceptId":"concept_xEL5Tx_usersinforesponse"}},{"SetFieldName":{"id":"shape_EFULpst4OP","newName":"data","conceptId":"concept_xEL5Tx_usersinforesponse"}},{"AssignType":{"id":"shape_EFULpst4OP","to":{"ListT":{}},"conceptId":"concept_xEL5Tx_usersinforesponse"}},{"AddTypeParameter":{"parentId":"shape_EFULpst4OP","id":"shape_1fm8sBEwg7","conceptId":"concept_xEL5Tx_usersinforesponse"}},{"AssignType":{"id":"shape_1fm8sBEwg7","to":{"RefT":{"conceptId":"concept_ERFh5l_usershortinfo"}},"conceptId":"concept_xEL5Tx_usersinforesponse"}},{"AddField":{"parentId":"shape_BdcUwMcRqA","id":"shape_DwlxwBWPFu","conceptId":"concept_xEL5Tx_usersinforesponse"}},{"SetFieldName":{"id":"shape_DwlxwBWPFu","newName":"meta","conceptId":"concept_xEL5Tx_usersinforesponse"}},{"AssignType":{"id":"shape_DwlxwBWPFu","to":{"RefT":{"conceptId":"concept_558k0Z_metadata"}},"conceptId":"concept_xEL5Tx_usersinforesponse"}},{"AssignType":{"id":"shape_BIkakC2Nrt","to":{"ObjectT":{}},"conceptId":"concept_tqVtpy_medialistresponse"}},{"AddField":{"parentId":"shape_BIkakC2Nrt","id":"shape_JJkih7uQFd","conceptId":"concept_tqVtpy_medialistresponse"}},{"SetFieldName":{"id":"shape_JJkih7uQFd","newName":"data","conceptId":"concept_tqVtpy_medialistresponse"}},{"AssignType":{"id":"shape_JJkih7uQFd","to":{"ListT":{}},"conceptId":"concept_tqVtpy_medialistresponse"}},{"AddTypeParameter":{"parentId":"shape_JJkih7uQFd","id":"shape_07RpfeglxT","conceptId":"concept_tqVtpy_medialistresponse"}},{"AssignType":{"id":"shape_07RpfeglxT","to":{"RefT":{"conceptId":"concept_9smI5M_mediaentry"}},"conceptId":"concept_tqVtpy_medialistresponse"}},{"AddField":{"parentId":"shape_BIkakC2Nrt","id":"shape_d2f4lAy3ip","conceptId":"concept_tqVtpy_medialistresponse"}},{"SetFieldName":{"id":"shape_d2f4lAy3ip","newName":"meta","conceptId":"concept_tqVtpy_medialistresponse"}},{"AssignType":{"id":"shape_d2f4lAy3ip","to":{"RefT":{"conceptId":"concept_558k0Z_metadata"}},"conceptId":"concept_tqVtpy_medialistresponse"}},{"AddField":{"parentId":"shape_BIkakC2Nrt","id":"shape_TnXPLUBvH2","conceptId":"concept_tqVtpy_medialistresponse"}},{"SetFieldName":{"id":"shape_TnXPLUBvH2","newName":"pagination","conceptId":"concept_tqVtpy_medialistresponse"}},{"AssignType":{"id":"shape_TnXPLUBvH2","to":{"RefT":{"conceptId":"concept_VHTreT_idpaginationinfo"}},"conceptId":"concept_tqVtpy_medialistresponse"}},{"AssignType":{"id":"shape_w7IKw7CoWG","to":{"ObjectT":{}},"conceptId":"concept_Is4H9w_relationshipresponse"}},{"AddField":{"parentId":"shape_w7IKw7CoWG","id":"shape_tM7DsJ4MA2","conceptId":"concept_Is4H9w_relationshipresponse"}},{"SetFieldName":{"id":"shape_tM7DsJ4MA2","newName":"data","conceptId":"concept_Is4H9w_relationshipresponse"}},{"AssignType":{"id":"shape_tM7DsJ4MA2","to":{"RefT":{"conceptId":"concept_6lxtoh_relationshipinfo"}},"conceptId":"concept_Is4H9w_relationshipresponse"}},{"AddField":{"parentId":"shape_w7IKw7CoWG","id":"shape_zpHrqlcnWq","conceptId":"concept_Is4H9w_relationshipresponse"}},{"SetFieldName":{"id":"shape_zpHrqlcnWq","newName":"meta","conceptId":"concept_Is4H9w_relationshipresponse"}},{"AssignType":{"id":"shape_zpHrqlcnWq","to":{"RefT":{"conceptId":"concept_558k0Z_metadata"}},"conceptId":"concept_Is4H9w_relationshipresponse"}},{"AssignType":{"id":"shape_bh35ouJlHQ","to":{"ObjectT":{}},"conceptId":"concept_1CU6Lk_locationinfo"}},{"AddField":{"parentId":"shape_bh35ouJlHQ","id":"shape_894WpwPKVe","conceptId":"concept_1CU6Lk_locationinfo"}},{"SetFieldName":{"id":"shape_894WpwPKVe","newName":"id","conceptId":"concept_1CU6Lk_locationinfo"}},{"AssignType":{"id":"shape_894WpwPKVe","to":{"StringT":{}},"conceptId":"concept_1CU6Lk_locationinfo"}},{"AddField":{"parentId":"shape_bh35ouJlHQ","id":"shape_lPKMorUeT4","conceptId":"concept_1CU6Lk_locationinfo"}},{"SetFieldName":{"id":"shape_lPKMorUeT4","newName":"latitude","conceptId":"concept_1CU6Lk_locationinfo"}},{"AssignType":{"id":"shape_lPKMorUeT4","to":{"NumberT":{}},"conceptId":"concept_1CU6Lk_locationinfo"}},{"AddField":{"parentId":"shape_bh35ouJlHQ","id":"shape_1MBkGRvxgy","conceptId":"concept_1CU6Lk_locationinfo"}},{"SetFieldName":{"id":"shape_1MBkGRvxgy","newName":"longitude","conceptId":"concept_1CU6Lk_locationinfo"}},{"AssignType":{"id":"shape_1MBkGRvxgy","to":{"NumberT":{}},"conceptId":"concept_1CU6Lk_locationinfo"}},{"AddField":{"parentId":"shape_bh35ouJlHQ","id":"shape_70l1kmSYg6","conceptId":"concept_1CU6Lk_locationinfo"}},{"SetFieldName":{"id":"shape_70l1kmSYg6","newName":"name","conceptId":"concept_1CU6Lk_locationinfo"}},{"AssignType":{"id":"shape_70l1kmSYg6","to":{"StringT":{}},"conceptId":"concept_1CU6Lk_locationinfo"}},{"AssignType":{"id":"shape_QGNsSkdbGV","to":{"ObjectT":{}},"conceptId":"concept_mZh1fB_mediaentryresponse"}},{"AddField":{"parentId":"shape_QGNsSkdbGV","id":"shape_zTbM6vHBtn","conceptId":"concept_mZh1fB_mediaentryresponse"}},{"SetFieldName":{"id":"shape_zTbM6vHBtn","newName":"data","conceptId":"concept_mZh1fB_mediaentryresponse"}},{"AssignType":{"id":"shape_zTbM6vHBtn","to":{"RefT":{"conceptId":"concept_9smI5M_mediaentry"}},"conceptId":"concept_mZh1fB_mediaentryresponse"}},{"AddField":{"parentId":"shape_QGNsSkdbGV","id":"shape_0szVlpm6QH","conceptId":"concept_mZh1fB_mediaentryresponse"}},{"SetFieldName":{"id":"shape_0szVlpm6QH","newName":"meta","conceptId":"concept_mZh1fB_mediaentryresponse"}},{"AssignType":{"id":"shape_0szVlpm6QH","to":{"RefT":{"conceptId":"concept_558k0Z_metadata"}},"conceptId":"concept_mZh1fB_mediaentryresponse"}},{"AssignType":{"id":"shape_UOqULBbUrN","to":{"ObjectT":{}},"conceptId":"concept_EkkRXk_usercounts"}},{"AddField":{"parentId":"shape_UOqULBbUrN","id":"shape_j2o7iDaKNm","conceptId":"concept_EkkRXk_usercounts"}},{"SetFieldName":{"id":"shape_j2o7iDaKNm","newName":"followed_by","conceptId":"concept_EkkRXk_usercounts"}},{"AssignType":{"id":"shape_j2o7iDaKNm","to":{"IntegerT":{}},"conceptId":"concept_EkkRXk_usercounts"}},{"AddField":{"parentId":"shape_UOqULBbUrN","id":"shape_rxo3kqgVYj","conceptId":"concept_EkkRXk_usercounts"}},{"SetFieldName":{"id":"shape_rxo3kqgVYj","newName":"follows","conceptId":"concept_EkkRXk_usercounts"}},{"AssignType":{"id":"shape_rxo3kqgVYj","to":{"IntegerT":{}},"conceptId":"concept_EkkRXk_usercounts"}},{"AddField":{"parentId":"shape_UOqULBbUrN","id":"shape_OeRYRptXo5","conceptId":"concept_EkkRXk_usercounts"}},{"SetFieldName":{"id":"shape_OeRYRptXo5","newName":"media","conceptId":"concept_EkkRXk_usercounts"}},{"AssignType":{"id":"shape_OeRYRptXo5","to":{"IntegerT":{}},"conceptId":"concept_EkkRXk_usercounts"}},{"AddPathComponent":{"pathId":"pPURy2_path_0","parentPathId":"root","name":"geographies"}},{"AddPathParameter":{"pathId":"pPURy2_path_1","parentPathId":"pPURy2_path_0","name":""}},{"AddPathComponent":{"pathId":"pPURy2_path_2","parentPathId":"pPURy2_path_1","name":"media"}},{"AddPathComponent":{"pathId":"pPURy2_path_3","parentPathId":"pPURy2_path_2","name":"recent"}},{"AddPathComponent":{"pathId":"pPURy2_path_4","parentPathId":"root","name":"locations"}},{"AddPathComponent":{"pathId":"pPURy2_path_5","parentPathId":"pPURy2_path_4","name":"search"}},{"AddPathParameter":{"pathId":"pPURy2_path_6","parentPathId":"pPURy2_path_4","name":"location-id"}},{"AddPathComponent":{"pathId":"pPURy2_path_7","parentPathId":"pPURy2_path_6","name":"media"}},{"AddPathComponent":{"pathId":"pPURy2_path_8","parentPathId":"pPURy2_path_7","name":"recent"}},{"AddPathComponent":{"pathId":"pPURy2_path_9","parentPathId":"root","name":"media"}},{"AddPathComponent":{"pathId":"pPURy2_path_10","parentPathId":"pPURy2_path_9","name":"popular"}},{"AddPathComponent":{"pathId":"pPURy2_path_11","parentPathId":"pPURy2_path_9","name":"search"}},{"AddPathComponent":{"pathId":"pPURy2_path_12","parentPathId":"pPURy2_path_9","name":"shortcode"}},{"AddPathParameter":{"pathId":"pPURy2_path_13","parentPathId":"pPURy2_path_12","name":"shortcode"}},{"AddPathParameter":{"pathId":"pPURy2_path_14","parentPathId":"pPURy2_path_9","name":"media-id"}},{"AddPathComponent":{"pathId":"pPURy2_path_15","parentPathId":"pPURy2_path_14","name":"comments"}},{"AddPathParameter":{"pathId":"pPURy2_path_16","parentPathId":"pPURy2_path_15","name":"comment-id"}},{"AddPathComponent":{"pathId":"pPURy2_path_17","parentPathId":"pPURy2_path_14","name":"likes"}},{"AddPathComponent":{"pathId":"pPURy2_path_18","parentPathId":"root","name":"tags"}},{"AddPathComponent":{"pathId":"pPURy2_path_19","parentPathId":"pPURy2_path_18","name":"search"}},{"AddPathParameter":{"pathId":"pPURy2_path_20","parentPathId":"pPURy2_path_18","name":"tag-name"}},{"AddPathComponent":{"pathId":"pPURy2_path_21","parentPathId":"pPURy2_path_20","name":"media"}},{"AddPathComponent":{"pathId":"pPURy2_path_22","parentPathId":"pPURy2_path_21","name":"recent"}},{"AddPathComponent":{"pathId":"pPURy2_path_23","parentPathId":"root","name":"users"}},{"AddPathComponent":{"pathId":"pPURy2_path_24","parentPathId":"pPURy2_path_23","name":"search"}},{"AddPathComponent":{"pathId":"pPURy2_path_25","parentPathId":"pPURy2_path_23","name":"self"}},{"AddPathComponent":{"pathId":"pPURy2_path_26","parentPathId":"pPURy2_path_25","name":"feed"}},{"AddPathComponent":{"pathId":"pPURy2_path_27","parentPathId":"pPURy2_path_25","name":"media"}},{"AddPathComponent":{"pathId":"pPURy2_path_28","parentPathId":"pPURy2_path_27","name":"liked"}},{"AddPathComponent":{"pathId":"pPURy2_path_29","parentPathId":"pPURy2_path_25","name":"requested-by"}},{"AddPathParameter":{"pathId":"pPURy2_path_30","parentPathId":"pPURy2_path_23","name":"user-id"}},{"AddPathComponent":{"pathId":"pPURy2_path_31","parentPathId":"pPURy2_path_30","name":"followed-by"}},{"AddPathComponent":{"pathId":"pPURy2_path_32","parentPathId":"pPURy2_path_30","name":"follows"}},{"AddPathComponent":{"pathId":"pPURy2_path_33","parentPathId":"pPURy2_path_30","name":"media"}},{"AddPathComponent":{"pathId":"pPURy2_path_34","parentPathId":"pPURy2_path_33","name":"recent"}},{"AddPathComponent":{"pathId":"pPURy2_path_35","parentPathId":"pPURy2_path_30","name":"relationship"}},{"AddRequest":{"requestId":"path_rSSKcIWLj5}_delete","pathId":"pPURy2_path_17","httpMethod":"delete"}},{"AddResponse":{"responseId":"response_lSDwhPrQaY","requestId":"path_rSSKcIWLj5}_delete","httpStatusCode":200}},{"DefineInlineConcept":{"root":"shape_HLtBCvoIun","conceptId":"concept_c6lOBFxmVwOa"}},{"AssignType":{"id":"shape_HLtBCvoIun","to":{"RefT":{"conceptId":"concept_CuQ72q_statusresponse"}},"conceptId":"concept_c6lOBFxmVwOa"}},{"AddRequest":{"requestId":"path_rSSKcIWLj5}_get","pathId":"pPURy2_path_17","httpMethod":"get"}},{"AddResponse":{"responseId":"response_QGqgnSIFN0","requestId":"path_rSSKcIWLj5}_get","httpStatusCode":200}},{"DefineInlineConcept":{"root":"shape_81HEXrf0TH","conceptId":"concept_fnwDhZI1KRD7"}},{"AssignType":{"id":"shape_81HEXrf0TH","to":{"RefT":{"conceptId":"concept_xEL5Tx_usersinforesponse"}},"conceptId":"concept_fnwDhZI1KRD7"}},{"AddRequest":{"requestId":"path_rSSKcIWLj5}_post","pathId":"pPURy2_path_17","httpMethod":"post"}},{"AddResponse":{"responseId":"response_VtQOCrOp0o","requestId":"path_rSSKcIWLj5}_post","httpStatusCode":200}},{"DefineInlineConcept":{"root":"shape_ZaA4paa6zK","conceptId":"concept_uTzd7FN1vw0x"}},{"AssignType":{"id":"shape_ZaA4paa6zK","to":{"RefT":{"conceptId":"concept_CuQ72q_statusresponse"}},"conceptId":"concept_uTzd7FN1vw0x"}},{"AddRequest":{"requestId":"path_FacGZoUSnW}_get","pathId":"pPURy2_path_32","httpMethod":"get"}},{"AddResponse":{"responseId":"response_z5MXd8NP3u","requestId":"path_FacGZoUSnW}_get","httpStatusCode":200}},{"DefineInlineConcept":{"root":"shape_jsRi7w76R9","conceptId":"concept_2MosGE9T700K"}},{"AssignType":{"id":"shape_jsRi7w76R9","to":{"RefT":{"conceptId":"concept_dHweVj_userspagingresponse"}},"conceptId":"concept_2MosGE9T700K"}},{"AddRequest":{"requestId":"path_DuOULziYnw}_get","pathId":"pPURy2_path_13","httpMethod":"get"}},{"AddResponse":{"responseId":"response_25gC7S7mpK","requestId":"path_DuOULziYnw}_get","httpStatusCode":200}},{"DefineInlineConcept":{"root":"shape_yfaA06Va0i","conceptId":"concept_BU0lfF5gMIgX"}},{"AssignType":{"id":"shape_yfaA06Va0i","to":{"RefT":{"conceptId":"concept_mZh1fB_mediaentryresponse"}},"conceptId":"concept_BU0lfF5gMIgX"}},{"AddRequest":{"requestId":"path_MM5lgbN9XF}_get","pathId":"pPURy2_path_6","httpMethod":"get"}},{"AddResponse":{"responseId":"response_yK9WYPg0op","requestId":"path_MM5lgbN9XF}_get","httpStatusCode":200}},{"DefineInlineConcept":{"root":"shape_GuzM8YEOSF","conceptId":"concept_yLxThPNEmtUp"}},{"AssignType":{"id":"shape_GuzM8YEOSF","to":{"RefT":{"conceptId":"concept_iYE2YD_locationinforesponse"}},"conceptId":"concept_yLxThPNEmtUp"}},{"AddRequest":{"requestId":"path_eXaOuoVAqX}_get","pathId":"pPURy2_path_24","httpMethod":"get"}},{"AddResponse":{"responseId":"response_KFi5T1cnCl","requestId":"path_eXaOuoVAqX}_get","httpStatusCode":200}},{"DefineInlineConcept":{"root":"shape_6w2CMQFi1C","conceptId":"concept_2zs74yc39EQp"}},{"AssignType":{"id":"shape_6w2CMQFi1C","to":{"RefT":{"conceptId":"concept_xEL5Tx_usersinforesponse"}},"conceptId":"concept_2zs74yc39EQp"}},{"AddRequest":{"requestId":"path_6BzZ4FearP}_get","pathId":"pPURy2_path_28","httpMethod":"get"}},{"AddResponse":{"responseId":"response_7uNs02Xl98","requestId":"path_6BzZ4FearP}_get","httpStatusCode":200}},{"DefineInlineConcept":{"root":"shape_btlRzmTEF6","conceptId":"concept_CxMQcbCQMdY1"}},{"AssignType":{"id":"shape_btlRzmTEF6","to":{"RefT":{"conceptId":"concept_tqVtpy_medialistresponse"}},"conceptId":"concept_CxMQcbCQMdY1"}},{"AddRequest":{"requestId":"path_N5c5rs0XOQ}_get","pathId":"pPURy2_path_20","httpMethod":"get"}},{"AddResponse":{"responseId":"response_JnacQdu5Ge","requestId":"path_N5c5rs0XOQ}_get","httpStatusCode":200}},{"DefineInlineConcept":{"root":"shape_kV7R9HfyjU","conceptId":"concept_3t9jCDlCayAF"}},{"AssignType":{"id":"shape_kV7R9HfyjU","to":{"RefT":{"conceptId":"concept_7eKF5u_taginforesponse"}},"conceptId":"concept_3t9jCDlCayAF"}},{"AddRequest":{"requestId":"path_8eA6CeTl6E}_get","pathId":"pPURy2_path_19","httpMethod":"get"}},{"AddResponse":{"responseId":"response_X7M5V26P7t","requestId":"path_8eA6CeTl6E}_get","httpStatusCode":200}},{"DefineInlineConcept":{"root":"shape_ZPvCpiilkp","conceptId":"concept_C7qVBTC19iIp"}},{"AssignType":{"id":"shape_ZPvCpiilkp","to":{"RefT":{"conceptId":"concept_IfsNrc_tagsearchresponse"}},"conceptId":"concept_C7qVBTC19iIp"}},{"AddRequest":{"requestId":"path_BWuS9rnaWY}_delete","pathId":"pPURy2_path_16","httpMethod":"delete"}},{"AddResponse":{"responseId":"response_a8h4OVLHed","requestId":"path_BWuS9rnaWY}_delete","httpStatusCode":200}},{"DefineInlineConcept":{"root":"shape_7HIveUdWOm","conceptId":"concept_yDmnrhQyQ58E"}},{"AssignType":{"id":"shape_7HIveUdWOm","to":{"RefT":{"conceptId":"concept_CuQ72q_statusresponse"}},"conceptId":"concept_yDmnrhQyQ58E"}},{"AddRequest":{"requestId":"path_aiWSTgXrZB}_get","pathId":"pPURy2_path_31","httpMethod":"get"}},{"AddResponse":{"responseId":"response_0bFL6FXsUz","requestId":"path_aiWSTgXrZB}_get","httpStatusCode":200}},{"DefineInlineConcept":{"root":"shape_Wm4OACGvKI","conceptId":"concept_qDc4QM5iRt2k"}},{"AssignType":{"id":"shape_Wm4OACGvKI","to":{"RefT":{"conceptId":"concept_dHweVj_userspagingresponse"}},"conceptId":"concept_qDc4QM5iRt2k"}},{"AddRequest":{"requestId":"path_gQQORa5RRA}_get","pathId":"pPURy2_path_15","httpMethod":"get"}},{"AddResponse":{"responseId":"response_1Bj2cMXt1V","requestId":"path_gQQORa5RRA}_get","httpStatusCode":200}},{"DefineInlineConcept":{"root":"shape_uFrX6RImSU","conceptId":"concept_z2oDDboCOkMZ"}},{"AssignType":{"id":"shape_uFrX6RImSU","to":{"RefT":{"conceptId":"concept_VxrDz9_commentsresponse"}},"conceptId":"concept_z2oDDboCOkMZ"}},{"AddRequest":{"requestId":"path_gQQORa5RRA}_post","pathId":"pPURy2_path_15","httpMethod":"post"}},{"AddResponse":{"responseId":"response_uQFjC0O1PF","requestId":"path_gQQORa5RRA}_post","httpStatusCode":200}},{"DefineInlineConcept":{"root":"shape_BJnCyTTS9p","conceptId":"concept_V0yQo6TSoVVB"}},{"AssignType":{"id":"shape_BJnCyTTS9p","to":{"RefT":{"conceptId":"concept_CuQ72q_statusresponse"}},"conceptId":"concept_V0yQo6TSoVVB"}},{"AddRequest":{"requestId":"path_Wee0dSBbtN}_get","pathId":"pPURy2_path_22","httpMethod":"get"}},{"AddResponse":{"responseId":"response_23Vlbxr22J","requestId":"path_Wee0dSBbtN}_get","httpStatusCode":200}},{"DefineInlineConcept":{"root":"shape_YcBrGBpC3w","conceptId":"concept_SJ3lkwuAJSj0"}},{"AssignType":{"id":"shape_YcBrGBpC3w","to":{"RefT":{"conceptId":"concept_rz9YGO_tagmedialistresponse"}},"conceptId":"concept_SJ3lkwuAJSj0"}},{"AddRequest":{"requestId":"path_NbJrXybdgQ}_get","pathId":"pPURy2_path_35","httpMethod":"get"}},{"AddResponse":{"responseId":"response_feczussG17","requestId":"path_NbJrXybdgQ}_get","httpStatusCode":200}},{"DefineInlineConcept":{"root":"shape_elTcFw1YgA","conceptId":"concept_TEagN5QmSMMw"}},{"AssignType":{"id":"shape_elTcFw1YgA","to":{"RefT":{"conceptId":"concept_Is4H9w_relationshipresponse"}},"conceptId":"concept_TEagN5QmSMMw"}},{"AddRequest":{"requestId":"path_NbJrXybdgQ}_post","pathId":"pPURy2_path_35","httpMethod":"post"}},{"AddResponse":{"responseId":"response_mEHPEsSRp6","requestId":"path_NbJrXybdgQ}_post","httpStatusCode":200}},{"DefineInlineConcept":{"root":"shape_KFe9nM5B78","conceptId":"concept_0zFzCvEcIXml"}},{"AssignType":{"id":"shape_KFe9nM5B78","to":{"RefT":{"conceptId":"concept_GKlXx1_relationshippostresponse"}},"conceptId":"concept_0zFzCvEcIXml"}},{"AddRequest":{"requestId":"path_lWtwhSE5C2}_get","pathId":"pPURy2_path_26","httpMethod":"get"}},{"AddResponse":{"responseId":"response_Zp4fuZ3oTQ","requestId":"path_lWtwhSE5C2}_get","httpStatusCode":200}},{"DefineInlineConcept":{"root":"shape_5MnRIMgoqN","conceptId":"concept_zmlDe1fWc4LS"}},{"AssignType":{"id":"shape_5MnRIMgoqN","to":{"RefT":{"conceptId":"concept_tqVtpy_medialistresponse"}},"conceptId":"concept_zmlDe1fWc4LS"}},{"AddRequest":{"requestId":"path_TfpXrXgjxA}_get","pathId":"pPURy2_path_30","httpMethod":"get"}},{"AddResponse":{"responseId":"response_ruERFWzvPL","requestId":"path_TfpXrXgjxA}_get","httpStatusCode":200}},{"DefineInlineConcept":{"root":"shape_INPBJG4x3Q","conceptId":"concept_HZtivnUKL418"}},{"AssignType":{"id":"shape_INPBJG4x3Q","to":{"RefT":{"conceptId":"concept_0moBLg_userresponse"}},"conceptId":"concept_HZtivnUKL418"}},{"AddResponse":{"responseId":"response_ra3HMI1Gy2","requestId":"path_TfpXrXgjxA}_get","httpStatusCode":404}},{"AddRequest":{"requestId":"path_zZwJfNdQBd}_get","pathId":"pPURy2_path_11","httpMethod":"get"}},{"AddResponse":{"responseId":"response_1WXJDM5Q15","requestId":"path_zZwJfNdQBd}_get","httpStatusCode":200}},{"DefineInlineConcept":{"root":"shape_VUu9PdyYqK","conceptId":"concept_MWSPQCSCdXUb"}},{"AssignType":{"id":"shape_VUu9PdyYqK","to":{"RefT":{"conceptId":"concept_6v1nto_mediasearchresponse"}},"conceptId":"concept_MWSPQCSCdXUb"}},{"AddRequest":{"requestId":"path_31DejDVehZ}_get","pathId":"pPURy2_path_3","httpMethod":"get"}},{"AddResponse":{"responseId":"response_zu2rT6aXA1","requestId":"path_31DejDVehZ}_get","httpStatusCode":200}},{"DefineInlineConcept":{"root":"shape_bDvui6xZbJ","conceptId":"concept_ULZ9TGkMWRVf"}},{"AssignType":{"id":"shape_bDvui6xZbJ","to":{"RefT":{"conceptId":"concept_tqVtpy_medialistresponse"}},"conceptId":"concept_ULZ9TGkMWRVf"}},{"AddRequest":{"requestId":"path_fBUN2BY3AD}_get","pathId":"pPURy2_path_5","httpMethod":"get"}},{"AddResponse":{"responseId":"response_QH1imGghLC","requestId":"path_fBUN2BY3AD}_get","httpStatusCode":200}},{"DefineInlineConcept":{"root":"shape_EIUGbrTWqo","conceptId":"concept_GW8dFs4Jt5kC"}},{"AssignType":{"id":"shape_EIUGbrTWqo","to":{"RefT":{"conceptId":"concept_EzXXjM_locationsearchresponse"}},"conceptId":"concept_GW8dFs4Jt5kC"}},{"AddRequest":{"requestId":"path_mkdZOcjLcx}_get","pathId":"pPURy2_path_29","httpMethod":"get"}},{"AddResponse":{"responseId":"response_TXj9sTBmzI","requestId":"path_mkdZOcjLcx}_get","httpStatusCode":200}},{"DefineInlineConcept":{"root":"shape_HWMiwtpFVn","conceptId":"concept_PU82qKVfVFp7"}},{"AssignType":{"id":"shape_HWMiwtpFVn","to":{"RefT":{"conceptId":"concept_xEL5Tx_usersinforesponse"}},"conceptId":"concept_PU82qKVfVFp7"}},{"AddRequest":{"requestId":"path_xoNMHCq8om}_get","pathId":"pPURy2_path_14","httpMethod":"get"}},{"AddResponse":{"responseId":"response_BTQKQ8OJm8","requestId":"path_xoNMHCq8om}_get","httpStatusCode":200}},{"DefineInlineConcept":{"root":"shape_3bOixHrdeo","conceptId":"concept_Ipmp82VZyfdE"}},{"AssignType":{"id":"shape_3bOixHrdeo","to":{"RefT":{"conceptId":"concept_mZh1fB_mediaentryresponse"}},"conceptId":"concept_Ipmp82VZyfdE"}},{"AddRequest":{"requestId":"path_GrnlGCT6Ia}_get","pathId":"pPURy2_path_8","httpMethod":"get"}},{"AddResponse":{"responseId":"response_EQdeowxCp7","requestId":"path_GrnlGCT6Ia}_get","httpStatusCode":200}},{"DefineInlineConcept":{"root":"shape_Oh5jDhEPF7","conceptId":"concept_2IVgusmfeDWm"}},{"AssignType":{"id":"shape_Oh5jDhEPF7","to":{"RefT":{"conceptId":"concept_tqVtpy_medialistresponse"}},"conceptId":"concept_2IVgusmfeDWm"}},{"AddRequest":{"requestId":"path_FlVkDNxnzz}_get","pathId":"pPURy2_path_34","httpMethod":"get"}},{"AddResponse":{"responseId":"response_ekyGOHfJqY","requestId":"path_FlVkDNxnzz}_get","httpStatusCode":200}},{"DefineInlineConcept":{"root":"shape_5ERN5pdrqF","conceptId":"concept_pEm7FAaDXe2s"}},{"AssignType":{"id":"shape_5ERN5pdrqF","to":{"RefT":{"conceptId":"concept_tqVtpy_medialistresponse"}},"conceptId":"concept_pEm7FAaDXe2s"}},{"AddRequest":{"requestId":"path_vgGvltLZDa}_get","pathId":"pPURy2_path_10","httpMethod":"get"}},{"AddResponse":{"responseId":"response_zh9HXPJZjO","requestId":"path_vgGvltLZDa}_get","httpStatusCode":200}},{"DefineInlineConcept":{"root":"shape_5UgD4BLbIN","conceptId":"concept_KOHKWWbMzLxz"}},{"AssignType":{"id":"shape_5UgD4BLbIN","to":{"RefT":{"conceptId":"concept_6v1nto_mediasearchresponse"}},"conceptId":"concept_KOHKWWbMzLxz"}},{"SetResponseBodyShape":{"responseId":"response_lSDwhPrQaY","bodyDescriptor":{"httpContentType":"application/json","conceptId":"concept_c6lOBFxmVwOa"}}},{"SetResponseBodyShape":{"responseId":"response_QGqgnSIFN0","bodyDescriptor":{"httpContentType":"application/json","conceptId":"concept_fnwDhZI1KRD7"}}},{"SetResponseBodyShape":{"responseId":"response_VtQOCrOp0o","bodyDescriptor":{"httpContentType":"application/json","conceptId":"concept_uTzd7FN1vw0x"}}},{"SetResponseBodyShape":{"responseId":"response_z5MXd8NP3u","bodyDescriptor":{"httpContentType":"application/json","conceptId":"concept_2MosGE9T700K"}}},{"SetResponseBodyShape":{"responseId":"response_25gC7S7mpK","bodyDescriptor":{"httpContentType":"application/json","conceptId":"concept_BU0lfF5gMIgX"}}},{"SetResponseBodyShape":{"responseId":"response_yK9WYPg0op","bodyDescriptor":{"httpContentType":"application/json","conceptId":"concept_yLxThPNEmtUp"}}},{"SetResponseBodyShape":{"responseId":"response_KFi5T1cnCl","bodyDescriptor":{"httpContentType":"application/json","conceptId":"concept_2zs74yc39EQp"}}},{"SetResponseBodyShape":{"responseId":"response_7uNs02Xl98","bodyDescriptor":{"httpContentType":"application/json","conceptId":"concept_CxMQcbCQMdY1"}}},{"SetResponseBodyShape":{"responseId":"response_JnacQdu5Ge","bodyDescriptor":{"httpContentType":"application/json","conceptId":"concept_3t9jCDlCayAF"}}},{"SetResponseBodyShape":{"responseId":"response_X7M5V26P7t","bodyDescriptor":{"httpContentType":"application/json","conceptId":"concept_C7qVBTC19iIp"}}},{"SetResponseBodyShape":{"responseId":"response_a8h4OVLHed","bodyDescriptor":{"httpContentType":"application/json","conceptId":"concept_yDmnrhQyQ58E"}}},{"SetResponseBodyShape":{"responseId":"response_0bFL6FXsUz","bodyDescriptor":{"httpContentType":"application/json","conceptId":"concept_qDc4QM5iRt2k"}}},{"SetResponseBodyShape":{"responseId":"response_1Bj2cMXt1V","bodyDescriptor":{"httpContentType":"application/json","conceptId":"concept_z2oDDboCOkMZ"}}},{"SetResponseBodyShape":{"responseId":"response_uQFjC0O1PF","bodyDescriptor":{"httpContentType":"application/json","conceptId":"concept_V0yQo6TSoVVB"}}},{"SetResponseBodyShape":{"responseId":"response_23Vlbxr22J","bodyDescriptor":{"httpContentType":"application/json","conceptId":"concept_SJ3lkwuAJSj0"}}},{"SetResponseBodyShape":{"responseId":"response_feczussG17","bodyDescriptor":{"httpContentType":"application/json","conceptId":"concept_TEagN5QmSMMw"}}},{"SetResponseBodyShape":{"responseId":"response_mEHPEsSRp6","bodyDescriptor":{"httpContentType":"application/json","conceptId":"concept_0zFzCvEcIXml"}}},{"SetResponseBodyShape":{"responseId":"response_Zp4fuZ3oTQ","bodyDescriptor":{"httpContentType":"application/json","conceptId":"concept_zmlDe1fWc4LS"}}},{"SetResponseBodyShape":{"responseId":"response_ruERFWzvPL","bodyDescriptor":{"httpContentType":"application/json","conceptId":"concept_HZtivnUKL418"}}},{"SetResponseBodyShape":{"responseId":"response_1WXJDM5Q15","bodyDescriptor":{"httpContentType":"application/json","conceptId":"concept_MWSPQCSCdXUb"}}},{"SetResponseBodyShape":{"responseId":"response_zu2rT6aXA1","bodyDescriptor":{"httpContentType":"application/json","conceptId":"concept_ULZ9TGkMWRVf"}}},{"SetResponseBodyShape":{"responseId":"response_QH1imGghLC","bodyDescriptor":{"httpContentType":"application/json","conceptId":"concept_GW8dFs4Jt5kC"}}},{"SetResponseBodyShape":{"responseId":"response_TXj9sTBmzI","bodyDescriptor":{"httpContentType":"application/json","conceptId":"concept_PU82qKVfVFp7"}}},{"SetResponseBodyShape":{"responseId":"response_BTQKQ8OJm8","bodyDescriptor":{"httpContentType":"application/json","conceptId":"concept_Ipmp82VZyfdE"}}},{"SetResponseBodyShape":{"responseId":"response_EQdeowxCp7","bodyDescriptor":{"httpContentType":"application/json","conceptId":"concept_2IVgusmfeDWm"}}},{"SetResponseBodyShape":{"responseId":"response_ekyGOHfJqY","bodyDescriptor":{"httpContentType":"application/json","conceptId":"concept_pEm7FAaDXe2s"}}},{"SetResponseBodyShape":{"responseId":"response_zh9HXPJZjO","bodyDescriptor":{"httpContentType":"application/json","conceptId":"concept_KOHKWWbMzLxz"}}}]