[{"DefineConcept":{"name":"Notification","root":"shape_VHOK6vOlc7","conceptId":"concept_lp3G8n_notification"}},{"SetConceptName":{"newName":"Notification","conceptId":"concept_lp3G8n_notification"}},{"DefineConcept":{"name":"GetCampaignWidgetresponse","root":"shape_ZKMYPdptFC","conceptId":"concept_uhu07O_getcampaignwidgetresponse"}},{"SetConceptName":{"newName":"GetCampaignWidgetresponse","conceptId":"concept_uhu07O_getcampaignwidgetresponse"}},{"DefineConcept":{"name":"Plan","root":"shape_GSeQcMDQoj","conceptId":"concept_EDByHx_plan"}},{"SetConceptName":{"newName":"Plan","conceptId":"concept_EDByHx_plan"}},{"DefineConcept":{"name":"UpdateACampaignresponse","root":"shape_6Yfnk8nwmh","conceptId":"concept_gZ8UKl_updateacampaignresponse"}},{"SetConceptName":{"newName":"UpdateACampaignresponse","conceptId":"concept_gZ8UKl_updateacampaignresponse"}},{"DefineConcept":{"name":"GetCampaignStatsresponse","root":"shape_R3CtYMUoII","conceptId":"concept_EmlWS0_getcampaignstatsresponse"}},{"SetConceptName":{"newName":"GetCampaignStatsresponse","conceptId":"concept_EmlWS0_getcampaignstatsresponse"}},{"DefineConcept":{"name":"Campaign13","root":"shape_Mfbjveqf4x","conceptId":"concept_gpxsaM_campaign13"}},{"SetConceptName":{"newName":"Campaign13","conceptId":"concept_gpxsaM_campaign13"}},{"DefineConcept":{"name":"CreateCampaignresponse","root":"shape_NPZgsf8lbe","conceptId":"concept_bDsMbv_createcampaignresponse"}},{"SetConceptName":{"newName":"CreateCampaignresponse","conceptId":"concept_bDsMbv_createcampaignresponse"}},{"DefineConcept":{"name":"AuthData","root":"shape_KoXGHYok5N","conceptId":"concept_IMadQO_authdata"}},{"SetConceptName":{"newName":"AuthData","conceptId":"concept_IMadQO_authdata"}},{"DefineConcept":{"name":"Meta","root":"shape_lVYDAjtAx0","conceptId":"concept_JJKpf3_meta"}},{"SetConceptName":{"newName":"Meta","conceptId":"concept_JJKpf3_meta"}},{"DefineConcept":{"name":"Campaign","root":"shape_uhB0iUS4ri","conceptId":"concept_mTnqqg_campaign"}},{"SetConceptName":{"newName":"Campaign","conceptId":"concept_mTnqqg_campaign"}},{"DefineConcept":{"name":"GetNotificationsresponse","root":"shape_ZcIn2rqM8o","conceptId":"concept_8BQz2a_getnotificationsresponse"}},{"SetConceptName":{"newName":"GetNotificationsresponse","conceptId":"concept_8BQz2a_getnotificationsresponse"}},{"DefineConcept":{"name":"GetCampaignresponse","root":"shape_fOPU2PsNtC","conceptId":"concept_Nz64K9_getcampaignresponse"}},{"SetConceptName":{"newName":"GetCampaignresponse","conceptId":"concept_Nz64K9_getcampaignresponse"}},{"DefineConcept":{"name":"FindPlansresponse","root":"shape_Xnvmz6AxR2","conceptId":"concept_AvdtFq_findplansresponse"}},{"SetConceptName":{"newName":"FindPlansresponse","conceptId":"concept_AvdtFq_findplansresponse"}},{"DefineConcept":{"name":"RequestPlanresponse","root":"shape_6mlkpx83Jm","conceptId":"concept_Q1ajwJ_requestplanresponse"}},{"SetConceptName":{"newName":"RequestPlanresponse","conceptId":"concept_Q1ajwJ_requestplanresponse"}},{"DefineConcept":{"name":"Helper","root":"shape_JaXGr5aRie","conceptId":"concept_tya215_helper"}},{"SetConceptName":{"newName":"Helper","conceptId":"concept_tya215_helper"}},{"DefineConcept":{"name":"Campaign8","root":"shape_8Lrt4XY9jb","conceptId":"concept_v6A4ie_campaign8"}},{"SetConceptName":{"newName":"Campaign8","conceptId":"concept_v6A4ie_campaign8"}},{"DefineConcept":{"name":"Stats","root":"shape_nfmASIZDc2","conceptId":"concept_6bGZTe_stats"}},{"SetConceptName":{"newName":"Stats","conceptId":"concept_6bGZTe_stats"}},{"DefineConcept":{"name":"Data","root":"shape_h0UpD21M2I","conceptId":"concept_8VjcFN_data"}},{"SetConceptName":{"newName":"Data","conceptId":"concept_8VjcFN_data"}},{"AssignType":{"id":"shape_VHOK6vOlc7","to":{"ObjectT":{}},"conceptId":"concept_lp3G8n_notification"}},{"AddField":{"parentId":"shape_VHOK6vOlc7","id":"shape_9mhwePM11W","conceptId":"concept_lp3G8n_notification"}},{"SetFieldName":{"id":"shape_9mhwePM11W","newName":"chat_url","conceptId":"concept_lp3G8n_notification"}},{"AssignType":{"id":"shape_9mhwePM11W","to":{"StringT":{}},"conceptId":"concept_lp3G8n_notification"}},{"AddField":{"parentId":"shape_VHOK6vOlc7","id":"shape_p3NIAzHDvn","conceptId":"concept_lp3G8n_notification"}},{"SetFieldName":{"id":"shape_p3NIAzHDvn","newName":"created","conceptId":"concept_lp3G8n_notification"}},{"AssignType":{"id":"shape_p3NIAzHDvn","to":{"StringT":{}},"conceptId":"concept_lp3G8n_notification"}},{"AddField":{"parentId":"shape_VHOK6vOlc7","id":"shape_1WigiCpTIc","conceptId":"concept_lp3G8n_notification"}},{"SetFieldName":{"id":"shape_1WigiCpTIc","newName":"is_read","conceptId":"concept_lp3G8n_notification"}},{"AssignType":{"id":"shape_1WigiCpTIc","to":{"IntegerT":{}},"conceptId":"concept_lp3G8n_notification"}},{"AddField":{"parentId":"shape_VHOK6vOlc7","id":"shape_WSDh07Qtnr","conceptId":"concept_lp3G8n_notification"}},{"SetFieldName":{"id":"shape_WSDh07Qtnr","newName":"text","conceptId":"concept_lp3G8n_notification"}},{"AssignType":{"id":"shape_WSDh07Qtnr","to":{"StringT":{}},"conceptId":"concept_lp3G8n_notification"}},{"AssignType":{"id":"shape_ZKMYPdptFC","to":{"ObjectT":{}},"conceptId":"concept_uhu07O_getcampaignwidgetresponse"}},{"AddField":{"parentId":"shape_ZKMYPdptFC","id":"shape_bpNrsAnT7L","conceptId":"concept_uhu07O_getcampaignwidgetresponse"}},{"SetFieldName":{"id":"shape_bpNrsAnT7L","newName":"embed_html","conceptId":"concept_uhu07O_getcampaignwidgetresponse"}},{"AssignType":{"id":"shape_bpNrsAnT7L","to":{"StringT":{}},"conceptId":"concept_uhu07O_getcampaignwidgetresponse"}},{"AssignType":{"id":"shape_GSeQcMDQoj","to":{"ObjectT":{}},"conceptId":"concept_EDByHx_plan"}},{"AddField":{"parentId":"shape_GSeQcMDQoj","id":"shape_9eKhxjVDhD","conceptId":"concept_EDByHx_plan"}},{"SetFieldName":{"id":"shape_9eKhxjVDhD","newName":"name","conceptId":"concept_EDByHx_plan"}},{"AssignType":{"id":"shape_9eKhxjVDhD","to":{"StringT":{}},"conceptId":"concept_EDByHx_plan"}},{"AddField":{"parentId":"shape_GSeQcMDQoj","id":"shape_z4vJZEC0ZI","conceptId":"concept_EDByHx_plan"}},{"SetFieldName":{"id":"shape_z4vJZEC0ZI","newName":"url","conceptId":"concept_EDByHx_plan"}},{"AssignType":{"id":"shape_z4vJZEC0ZI","to":{"StringT":{}},"conceptId":"concept_EDByHx_plan"}},{"AddField":{"parentId":"shape_GSeQcMDQoj","id":"shape_Pv61LZDUBC","conceptId":"concept_EDByHx_plan"}},{"SetFieldName":{"id":"shape_Pv61LZDUBC","newName":"image","conceptId":"concept_EDByHx_plan"}},{"AssignType":{"id":"shape_Pv61LZDUBC","to":{"StringT":{}},"conceptId":"concept_EDByHx_plan"}},{"AddField":{"parentId":"shape_GSeQcMDQoj","id":"shape_mnVBBkAaOi","conceptId":"concept_EDByHx_plan"}},{"SetFieldName":{"id":"shape_mnVBBkAaOi","newName":"description","conceptId":"concept_EDByHx_plan"}},{"AssignType":{"id":"shape_mnVBBkAaOi","to":{"StringT":{}},"conceptId":"concept_EDByHx_plan"}},{"AddField":{"parentId":"shape_GSeQcMDQoj","id":"shape_z3CncW2vWg","conceptId":"concept_EDByHx_plan"}},{"SetFieldName":{"id":"shape_z3CncW2vWg","newName":"price","conceptId":"concept_EDByHx_plan"}},{"AssignType":{"id":"shape_z3CncW2vWg","to":{"StringT":{}},"conceptId":"concept_EDByHx_plan"}},{"AddField":{"parentId":"shape_GSeQcMDQoj","id":"shape_HEoqPtsHUC","conceptId":"concept_EDByHx_plan"}},{"SetFieldName":{"id":"shape_HEoqPtsHUC","newName":"id","conceptId":"concept_EDByHx_plan"}},{"AssignType":{"id":"shape_HEoqPtsHUC","to":{"StringT":{}},"conceptId":"concept_EDByHx_plan"}},{"AddField":{"parentId":"shape_GSeQcMDQoj","id":"shape_CpfdOEusMf","conceptId":"concept_EDByHx_plan"}},{"SetFieldName":{"id":"shape_CpfdOEusMf","newName":"helper","conceptId":"concept_EDByHx_plan"}},{"AssignType":{"id":"shape_CpfdOEusMf","to":{"RefT":{"conceptId":"concept_tya215_helper"}},"conceptId":"concept_EDByHx_plan"}},{"AssignType":{"id":"shape_6Yfnk8nwmh","to":{"ObjectT":{}},"conceptId":"concept_gZ8UKl_updateacampaignresponse"}},{"AddField":{"parentId":"shape_6Yfnk8nwmh","id":"shape_HyYtRvak8b","conceptId":"concept_gZ8UKl_updateacampaignresponse"}},{"SetFieldName":{"id":"shape_HyYtRvak8b","newName":"campaign","conceptId":"concept_gZ8UKl_updateacampaignresponse"}},{"AssignType":{"id":"shape_HyYtRvak8b","to":{"RefT":{"conceptId":"concept_v6A4ie_campaign8"}},"conceptId":"concept_gZ8UKl_updateacampaignresponse"}},{"AssignType":{"id":"shape_R3CtYMUoII","to":{"ObjectT":{}},"conceptId":"concept_EmlWS0_getcampaignstatsresponse"}},{"AddField":{"parentId":"shape_R3CtYMUoII","id":"shape_Pzf9HA3eYC","conceptId":"concept_EmlWS0_getcampaignstatsresponse"}},{"SetFieldName":{"id":"shape_Pzf9HA3eYC","newName":"stats","conceptId":"concept_EmlWS0_getcampaignstatsresponse"}},{"AssignType":{"id":"shape_Pzf9HA3eYC","to":{"RefT":{"conceptId":"concept_6bGZTe_stats"}},"conceptId":"concept_EmlWS0_getcampaignstatsresponse"}},{"AssignType":{"id":"shape_Mfbjveqf4x","to":{"ObjectT":{}},"conceptId":"concept_gpxsaM_campaign13"}},{"AddField":{"parentId":"shape_Mfbjveqf4x","id":"shape_O7gIsMBLQ4","conceptId":"concept_gpxsaM_campaign13"}},{"SetFieldName":{"id":"shape_O7gIsMBLQ4","newName":"name","conceptId":"concept_gpxsaM_campaign13"}},{"AssignType":{"id":"shape_O7gIsMBLQ4","to":{"StringT":{}},"conceptId":"concept_gpxsaM_campaign13"}},{"AddField":{"parentId":"shape_Mfbjveqf4x","id":"shape_3CCnjuZHWl","conceptId":"concept_gpxsaM_campaign13"}},{"SetFieldName":{"id":"shape_3CCnjuZHWl","newName":"purpose_code","conceptId":"concept_gpxsaM_campaign13"}},{"AssignType":{"id":"shape_3CCnjuZHWl","to":{"StringT":{}},"conceptId":"concept_gpxsaM_campaign13"}},{"AddField":{"parentId":"shape_Mfbjveqf4x","id":"shape_EkFBdwub8O","conceptId":"concept_gpxsaM_campaign13"}},{"SetFieldName":{"id":"shape_EkFBdwub8O","newName":"campaign_plans","conceptId":"concept_gpxsaM_campaign13"}},{"AssignType":{"id":"shape_EkFBdwub8O","to":{"ListT":{}},"conceptId":"concept_gpxsaM_campaign13"}},{"AddTypeParameter":{"parentId":"shape_EkFBdwub8O","id":"shape_spTVqeC3Sa","conceptId":"concept_gpxsaM_campaign13"}},{"AssignType":{"id":"shape_spTVqeC3Sa","to":{"StringT":{}},"conceptId":"concept_gpxsaM_campaign13"}},{"AddField":{"parentId":"shape_Mfbjveqf4x","id":"shape_H9A8p00i9U","conceptId":"concept_gpxsaM_campaign13"}},{"SetFieldName":{"id":"shape_H9A8p00i9U","newName":"image","conceptId":"concept_gpxsaM_campaign13"}},{"AssignType":{"id":"shape_H9A8p00i9U","to":{"StringT":{}},"conceptId":"concept_gpxsaM_campaign13"}},{"AddField":{"parentId":"shape_Mfbjveqf4x","id":"shape_vQDJ3KT9AX","conceptId":"concept_gpxsaM_campaign13"}},{"SetFieldName":{"id":"shape_vQDJ3KT9AX","newName":"description","conceptId":"concept_gpxsaM_campaign13"}},{"AssignType":{"id":"shape_vQDJ3KT9AX","to":{"StringT":{}},"conceptId":"concept_gpxsaM_campaign13"}},{"AddField":{"parentId":"shape_Mfbjveqf4x","id":"shape_3jmTtfDlJr","conceptId":"concept_gpxsaM_campaign13"}},{"SetFieldName":{"id":"shape_3jmTtfDlJr","newName":"published","conceptId":"concept_gpxsaM_campaign13"}},{"AssignType":{"id":"shape_3jmTtfDlJr","to":{"IntegerT":{}},"conceptId":"concept_gpxsaM_campaign13"}},{"AddField":{"parentId":"shape_Mfbjveqf4x","id":"shape_GuykxoMf7s","conceptId":"concept_gpxsaM_campaign13"}},{"SetFieldName":{"id":"shape_GuykxoMf7s","newName":"data","conceptId":"concept_gpxsaM_campaign13"}},{"AssignType":{"id":"shape_GuykxoMf7s","to":{"RefT":{"conceptId":"concept_8VjcFN_data"}},"conceptId":"concept_gpxsaM_campaign13"}},{"AddField":{"parentId":"shape_Mfbjveqf4x","id":"shape_Bq3FeNR1hO","conceptId":"concept_gpxsaM_campaign13"}},{"SetFieldName":{"id":"shape_Bq3FeNR1hO","newName":"join_mode_text","conceptId":"concept_gpxsaM_campaign13"}},{"AssignType":{"id":"shape_Bq3FeNR1hO","to":{"StringT":{}},"conceptId":"concept_gpxsaM_campaign13"}},{"AddField":{"parentId":"shape_Mfbjveqf4x","id":"shape_fAvT6q4DOc","conceptId":"concept_gpxsaM_campaign13"}},{"SetFieldName":{"id":"shape_fAvT6q4DOc","newName":"enabled","conceptId":"concept_gpxsaM_campaign13"}},{"AssignType":{"id":"shape_fAvT6q4DOc","to":{"StringT":{}},"conceptId":"concept_gpxsaM_campaign13"}},{"AddField":{"parentId":"shape_Mfbjveqf4x","id":"shape_xlW7G7XzfR","conceptId":"concept_gpxsaM_campaign13"}},{"SetFieldName":{"id":"shape_xlW7G7XzfR","newName":"auth_type","conceptId":"concept_gpxsaM_campaign13"}},{"AssignType":{"id":"shape_xlW7G7XzfR","to":{"StringT":{}},"conceptId":"concept_gpxsaM_campaign13"}},{"AddField":{"parentId":"shape_Mfbjveqf4x","id":"shape_GCTgVoE3Py","conceptId":"concept_gpxsaM_campaign13"}},{"SetFieldName":{"id":"shape_GCTgVoE3Py","newName":"user_id","conceptId":"concept_gpxsaM_campaign13"}},{"AssignType":{"id":"shape_GCTgVoE3Py","to":{"StringT":{}},"conceptId":"concept_gpxsaM_campaign13"}},{"AddField":{"parentId":"shape_Mfbjveqf4x","id":"shape_oe3dXhGxLb","conceptId":"concept_gpxsaM_campaign13"}},{"SetFieldName":{"id":"shape_oe3dXhGxLb","newName":"used_plans_count","conceptId":"concept_gpxsaM_campaign13"}},{"AssignType":{"id":"shape_oe3dXhGxLb","to":{"IntegerT":{}},"conceptId":"concept_gpxsaM_campaign13"}},{"AddField":{"parentId":"shape_Mfbjveqf4x","id":"shape_vOfn2XTklN","conceptId":"concept_gpxsaM_campaign13"}},{"SetFieldName":{"id":"shape_vOfn2XTklN","newName":"code","conceptId":"concept_gpxsaM_campaign13"}},{"AssignType":{"id":"shape_vOfn2XTklN","to":{"StringT":{}},"conceptId":"concept_gpxsaM_campaign13"}},{"AddField":{"parentId":"shape_Mfbjveqf4x","id":"shape_w8QfZanKAZ","conceptId":"concept_gpxsaM_campaign13"}},{"SetFieldName":{"id":"shape_w8QfZanKAZ","newName":"id","conceptId":"concept_gpxsaM_campaign13"}},{"AssignType":{"id":"shape_w8QfZanKAZ","to":{"StringT":{}},"conceptId":"concept_gpxsaM_campaign13"}},{"AddField":{"parentId":"shape_Mfbjveqf4x","id":"shape_R0VOYvQJBd","conceptId":"concept_gpxsaM_campaign13"}},{"SetFieldName":{"id":"shape_R0VOYvQJBd","newName":"meta","conceptId":"concept_gpxsaM_campaign13"}},{"AssignType":{"id":"shape_R0VOYvQJBd","to":{"RefT":{"conceptId":"concept_JJKpf3_meta"}},"conceptId":"concept_gpxsaM_campaign13"}},{"AddField":{"parentId":"shape_Mfbjveqf4x","id":"shape_wGNIvSmWX1","conceptId":"concept_gpxsaM_campaign13"}},{"SetFieldName":{"id":"shape_wGNIvSmWX1","newName":"user_count","conceptId":"concept_gpxsaM_campaign13"}},{"AssignType":{"id":"shape_wGNIvSmWX1","to":{"IntegerT":{}},"conceptId":"concept_gpxsaM_campaign13"}},{"AddField":{"parentId":"shape_Mfbjveqf4x","id":"shape_h18lrIHv0o","conceptId":"concept_gpxsaM_campaign13"}},{"SetFieldName":{"id":"shape_h18lrIHv0o","newName":"created","conceptId":"concept_gpxsaM_campaign13"}},{"AssignType":{"id":"shape_h18lrIHv0o","to":{"StringT":{}},"conceptId":"concept_gpxsaM_campaign13"}},{"AssignType":{"id":"shape_NPZgsf8lbe","to":{"ObjectT":{}},"conceptId":"concept_bDsMbv_createcampaignresponse"}},{"AddField":{"parentId":"shape_NPZgsf8lbe","id":"shape_53hcN767CQ","conceptId":"concept_bDsMbv_createcampaignresponse"}},{"SetFieldName":{"id":"shape_53hcN767CQ","newName":"admin_url","conceptId":"concept_bDsMbv_createcampaignresponse"}},{"AssignType":{"id":"shape_53hcN767CQ","to":{"StringT":{}},"conceptId":"concept_bDsMbv_createcampaignresponse"}},{"AddField":{"parentId":"shape_NPZgsf8lbe","id":"shape_lI2Dl73F1s","conceptId":"concept_bDsMbv_createcampaignresponse"}},{"SetFieldName":{"id":"shape_lI2Dl73F1s","newName":"auth_token","conceptId":"concept_bDsMbv_createcampaignresponse"}},{"AssignType":{"id":"shape_lI2Dl73F1s","to":{"StringT":{}},"conceptId":"concept_bDsMbv_createcampaignresponse"}},{"AddField":{"parentId":"shape_NPZgsf8lbe","id":"shape_MFtAq2uvVK","conceptId":"concept_bDsMbv_createcampaignresponse"}},{"SetFieldName":{"id":"shape_MFtAq2uvVK","newName":"campaign","conceptId":"concept_bDsMbv_createcampaignresponse"}},{"AssignType":{"id":"shape_MFtAq2uvVK","to":{"RefT":{"conceptId":"concept_mTnqqg_campaign"}},"conceptId":"concept_bDsMbv_createcampaignresponse"}},{"AssignType":{"id":"shape_KoXGHYok5N","to":{"ObjectT":{}},"conceptId":"concept_IMadQO_authdata"}},{"AddField":{"parentId":"shape_KoXGHYok5N","id":"shape_6LBHV0tJTk","conceptId":"concept_IMadQO_authdata"}},{"SetFieldName":{"id":"shape_6LBHV0tJTk","newName":"mode","conceptId":"concept_IMadQO_authdata"}},{"AssignType":{"id":"shape_6LBHV0tJTk","to":{"StringT":{}},"conceptId":"concept_IMadQO_authdata"}},{"AssignType":{"id":"shape_lVYDAjtAx0","to":{"ObjectT":{}},"conceptId":"concept_JJKpf3_meta"}},{"AddField":{"parentId":"shape_lVYDAjtAx0","id":"shape_mIxTKjgfov","conceptId":"concept_JJKpf3_meta"}},{"SetFieldName":{"id":"shape_mIxTKjgfov","newName":"CAMPAIGN_HOSTED_SITE_URL","conceptId":"concept_JJKpf3_meta"}},{"AssignType":{"id":"shape_mIxTKjgfov","to":{"StringT":{}},"conceptId":"concept_JJKpf3_meta"}},{"AddField":{"parentId":"shape_lVYDAjtAx0","id":"shape_dK4ie4DLVg","conceptId":"concept_JJKpf3_meta"}},{"SetFieldName":{"id":"shape_dK4ie4DLVg","newName":"CAMPAIGN_RESTRICT_TO_SELECTED_HELPERS","conceptId":"concept_JJKpf3_meta"}},{"AssignType":{"id":"shape_dK4ie4DLVg","to":{"StringT":{}},"conceptId":"concept_JJKpf3_meta"}},{"AddField":{"parentId":"shape_lVYDAjtAx0","id":"shape_3GxvDSQa2b","conceptId":"concept_JJKpf3_meta"}},{"SetFieldName":{"id":"shape_3GxvDSQa2b","newName":"CAMPAIGN_RESTRICT_TO_SELECTED_PLANS","conceptId":"concept_JJKpf3_meta"}},{"AssignType":{"id":"shape_3GxvDSQa2b","to":{"StringT":{}},"conceptId":"concept_JJKpf3_meta"}},{"AssignType":{"id":"shape_uhB0iUS4ri","to":{"ObjectT":{}},"conceptId":"concept_mTnqqg_campaign"}},{"AddField":{"parentId":"shape_uhB0iUS4ri","id":"shape_xViKPX2xFm","conceptId":"concept_mTnqqg_campaign"}},{"SetFieldName":{"id":"shape_xViKPX2xFm","newName":"name","conceptId":"concept_mTnqqg_campaign"}},{"AssignType":{"id":"shape_xViKPX2xFm","to":{"StringT":{}},"conceptId":"concept_mTnqqg_campaign"}},{"AddField":{"parentId":"shape_uhB0iUS4ri","id":"shape_cBxNfMe5Av","conceptId":"concept_mTnqqg_campaign"}},{"SetFieldName":{"id":"shape_cBxNfMe5Av","newName":"purpose_code","conceptId":"concept_mTnqqg_campaign"}},{"AssignType":{"id":"shape_cBxNfMe5Av","to":{"StringT":{}},"conceptId":"concept_mTnqqg_campaign"}},{"AddField":{"parentId":"shape_uhB0iUS4ri","id":"shape_xduUJevJym","conceptId":"concept_mTnqqg_campaign"}},{"SetFieldName":{"id":"shape_xduUJevJym","newName":"campaign_plans","conceptId":"concept_mTnqqg_campaign"}},{"AssignType":{"id":"shape_xduUJevJym","to":{"ListT":{}},"conceptId":"concept_mTnqqg_campaign"}},{"AddTypeParameter":{"parentId":"shape_xduUJevJym","id":"shape_ZAaqEY722a","conceptId":"concept_mTnqqg_campaign"}},{"AssignType":{"id":"shape_ZAaqEY722a","to":{"StringT":{}},"conceptId":"concept_mTnqqg_campaign"}},{"AddField":{"parentId":"shape_uhB0iUS4ri","id":"shape_N5U60cV6KO","conceptId":"concept_mTnqqg_campaign"}},{"SetFieldName":{"id":"shape_N5U60cV6KO","newName":"image","conceptId":"concept_mTnqqg_campaign"}},{"AssignType":{"id":"shape_N5U60cV6KO","to":{"StringT":{}},"conceptId":"concept_mTnqqg_campaign"}},{"AddField":{"parentId":"shape_uhB0iUS4ri","id":"shape_OcHf8Vx4QL","conceptId":"concept_mTnqqg_campaign"}},{"SetFieldName":{"id":"shape_OcHf8Vx4QL","newName":"description","conceptId":"concept_mTnqqg_campaign"}},{"AssignType":{"id":"shape_OcHf8Vx4QL","to":{"StringT":{}},"conceptId":"concept_mTnqqg_campaign"}},{"AddField":{"parentId":"shape_uhB0iUS4ri","id":"shape_uxuJn4TIBY","conceptId":"concept_mTnqqg_campaign"}},{"SetFieldName":{"id":"shape_uxuJn4TIBY","newName":"published","conceptId":"concept_mTnqqg_campaign"}},{"AssignType":{"id":"shape_uxuJn4TIBY","to":{"IntegerT":{}},"conceptId":"concept_mTnqqg_campaign"}},{"AddField":{"parentId":"shape_uhB0iUS4ri","id":"shape_QxPKKuHy9R","conceptId":"concept_mTnqqg_campaign"}},{"SetFieldName":{"id":"shape_QxPKKuHy9R","newName":"data","conceptId":"concept_mTnqqg_campaign"}},{"AssignType":{"id":"shape_QxPKKuHy9R","to":{"ListT":{}},"conceptId":"concept_mTnqqg_campaign"}},{"AddTypeParameter":{"parentId":"shape_QxPKKuHy9R","id":"shape_rOtdhPpa33","conceptId":"concept_mTnqqg_campaign"}},{"AssignType":{"id":"shape_rOtdhPpa33","to":{"StringT":{}},"conceptId":"concept_mTnqqg_campaign"}},{"AddField":{"parentId":"shape_uhB0iUS4ri","id":"shape_cRJFsps1Is","conceptId":"concept_mTnqqg_campaign"}},{"SetFieldName":{"id":"shape_cRJFsps1Is","newName":"join_mode_text","conceptId":"concept_mTnqqg_campaign"}},{"AssignType":{"id":"shape_cRJFsps1Is","to":{"StringT":{}},"conceptId":"concept_mTnqqg_campaign"}},{"AddField":{"parentId":"shape_uhB0iUS4ri","id":"shape_L9L0uN3t4W","conceptId":"concept_mTnqqg_campaign"}},{"SetFieldName":{"id":"shape_L9L0uN3t4W","newName":"enabled","conceptId":"concept_mTnqqg_campaign"}},{"AssignType":{"id":"shape_L9L0uN3t4W","to":{"StringT":{}},"conceptId":"concept_mTnqqg_campaign"}},{"AddField":{"parentId":"shape_uhB0iUS4ri","id":"shape_9mcjLPzmsf","conceptId":"concept_mTnqqg_campaign"}},{"SetFieldName":{"id":"shape_9mcjLPzmsf","newName":"auth_type","conceptId":"concept_mTnqqg_campaign"}},{"AssignType":{"id":"shape_9mcjLPzmsf","to":{"StringT":{}},"conceptId":"concept_mTnqqg_campaign"}},{"AddField":{"parentId":"shape_uhB0iUS4ri","id":"shape_xcrBHQQPXy","conceptId":"concept_mTnqqg_campaign"}},{"SetFieldName":{"id":"shape_xcrBHQQPXy","newName":"user_id","conceptId":"concept_mTnqqg_campaign"}},{"AssignType":{"id":"shape_xcrBHQQPXy","to":{"StringT":{}},"conceptId":"concept_mTnqqg_campaign"}},{"AddField":{"parentId":"shape_uhB0iUS4ri","id":"shape_7DiHB0QtcJ","conceptId":"concept_mTnqqg_campaign"}},{"SetFieldName":{"id":"shape_7DiHB0QtcJ","newName":"used_plans_count","conceptId":"concept_mTnqqg_campaign"}},{"AssignType":{"id":"shape_7DiHB0QtcJ","to":{"IntegerT":{}},"conceptId":"concept_mTnqqg_campaign"}},{"AddField":{"parentId":"shape_uhB0iUS4ri","id":"shape_zo58YC7FUT","conceptId":"concept_mTnqqg_campaign"}},{"SetFieldName":{"id":"shape_zo58YC7FUT","newName":"code","conceptId":"concept_mTnqqg_campaign"}},{"AssignType":{"id":"shape_zo58YC7FUT","to":{"StringT":{}},"conceptId":"concept_mTnqqg_campaign"}},{"AddField":{"parentId":"shape_uhB0iUS4ri","id":"shape_KJbt2oNhjV","conceptId":"concept_mTnqqg_campaign"}},{"SetFieldName":{"id":"shape_KJbt2oNhjV","newName":"id","conceptId":"concept_mTnqqg_campaign"}},{"AssignType":{"id":"shape_KJbt2oNhjV","to":{"StringT":{}},"conceptId":"concept_mTnqqg_campaign"}},{"AddField":{"parentId":"shape_uhB0iUS4ri","id":"shape_Je2tCHS5kV","conceptId":"concept_mTnqqg_campaign"}},{"SetFieldName":{"id":"shape_Je2tCHS5kV","newName":"meta","conceptId":"concept_mTnqqg_campaign"}},{"AssignType":{"id":"shape_Je2tCHS5kV","to":{"RefT":{"conceptId":"concept_JJKpf3_meta"}},"conceptId":"concept_mTnqqg_campaign"}},{"AddField":{"parentId":"shape_uhB0iUS4ri","id":"shape_fYfnsm8Ye3","conceptId":"concept_mTnqqg_campaign"}},{"SetFieldName":{"id":"shape_fYfnsm8Ye3","newName":"user_count","conceptId":"concept_mTnqqg_campaign"}},{"AssignType":{"id":"shape_fYfnsm8Ye3","to":{"IntegerT":{}},"conceptId":"concept_mTnqqg_campaign"}},{"AddField":{"parentId":"shape_uhB0iUS4ri","id":"shape_lEF1KciWe2","conceptId":"concept_mTnqqg_campaign"}},{"SetFieldName":{"id":"shape_lEF1KciWe2","newName":"created","conceptId":"concept_mTnqqg_campaign"}},{"AssignType":{"id":"shape_lEF1KciWe2","to":{"StringT":{}},"conceptId":"concept_mTnqqg_campaign"}},{"AssignType":{"id":"shape_ZcIn2rqM8o","to":{"ObjectT":{}},"conceptId":"concept_8BQz2a_getnotificationsresponse"}},{"AddField":{"parentId":"shape_ZcIn2rqM8o","id":"shape_CTQ6869ZKL","conceptId":"concept_8BQz2a_getnotificationsresponse"}},{"SetFieldName":{"id":"shape_CTQ6869ZKL","newName":"notifications","conceptId":"concept_8BQz2a_getnotificationsresponse"}},{"AssignType":{"id":"shape_CTQ6869ZKL","to":{"ListT":{}},"conceptId":"concept_8BQz2a_getnotificationsresponse"}},{"AddTypeParameter":{"parentId":"shape_CTQ6869ZKL","id":"shape_OGTZ5vfOwf","conceptId":"concept_8BQz2a_getnotificationsresponse"}},{"AssignType":{"id":"shape_OGTZ5vfOwf","to":{"RefT":{"conceptId":"concept_lp3G8n_notification"}},"conceptId":"concept_8BQz2a_getnotificationsresponse"}},{"AssignType":{"id":"shape_fOPU2PsNtC","to":{"ObjectT":{}},"conceptId":"concept_Nz64K9_getcampaignresponse"}},{"AddField":{"parentId":"shape_fOPU2PsNtC","id":"shape_mFSHZBLd84","conceptId":"concept_Nz64K9_getcampaignresponse"}},{"SetFieldName":{"id":"shape_mFSHZBLd84","newName":"campaign","conceptId":"concept_Nz64K9_getcampaignresponse"}},{"AssignType":{"id":"shape_mFSHZBLd84","to":{"RefT":{"conceptId":"concept_gpxsaM_campaign13"}},"conceptId":"concept_Nz64K9_getcampaignresponse"}},{"AssignType":{"id":"shape_Xnvmz6AxR2","to":{"ObjectT":{}},"conceptId":"concept_AvdtFq_findplansresponse"}},{"AddField":{"parentId":"shape_Xnvmz6AxR2","id":"shape_kFrpZh5mjT","conceptId":"concept_AvdtFq_findplansresponse"}},{"SetFieldName":{"id":"shape_kFrpZh5mjT","newName":"plans","conceptId":"concept_AvdtFq_findplansresponse"}},{"AssignType":{"id":"shape_kFrpZh5mjT","to":{"ListT":{}},"conceptId":"concept_AvdtFq_findplansresponse"}},{"AddTypeParameter":{"parentId":"shape_kFrpZh5mjT","id":"shape_aJsEp4hJ8O","conceptId":"concept_AvdtFq_findplansresponse"}},{"AssignType":{"id":"shape_aJsEp4hJ8O","to":{"RefT":{"conceptId":"concept_EDByHx_plan"}},"conceptId":"concept_AvdtFq_findplansresponse"}},{"AssignType":{"id":"shape_6mlkpx83Jm","to":{"ObjectT":{}},"conceptId":"concept_Q1ajwJ_requestplanresponse"}},{"AddField":{"parentId":"shape_6mlkpx83Jm","id":"shape_4eCKm3uCRn","conceptId":"concept_Q1ajwJ_requestplanresponse"}},{"SetFieldName":{"id":"shape_4eCKm3uCRn","newName":"chat_url","conceptId":"concept_Q1ajwJ_requestplanresponse"}},{"AssignType":{"id":"shape_4eCKm3uCRn","to":{"StringT":{}},"conceptId":"concept_Q1ajwJ_requestplanresponse"}},{"AddField":{"parentId":"shape_6mlkpx83Jm","id":"shape_68Ywi41Vds","conceptId":"concept_Q1ajwJ_requestplanresponse"}},{"SetFieldName":{"id":"shape_68Ywi41Vds","newName":"message","conceptId":"concept_Q1ajwJ_requestplanresponse"}},{"AssignType":{"id":"shape_68Ywi41Vds","to":{"StringT":{}},"conceptId":"concept_Q1ajwJ_requestplanresponse"}},{"AssignType":{"id":"shape_JaXGr5aRie","to":{"ObjectT":{}},"conceptId":"concept_tya215_helper"}},{"AddField":{"parentId":"shape_JaXGr5aRie","id":"shape_stLzm2hQdV","conceptId":"concept_tya215_helper"}},{"SetFieldName":{"id":"shape_stLzm2hQdV","newName":"avatar_url","conceptId":"concept_tya215_helper"}},{"AssignType":{"id":"shape_stLzm2hQdV","to":{"StringT":{}},"conceptId":"concept_tya215_helper"}},{"AddField":{"parentId":"shape_JaXGr5aRie","id":"shape_4ByQ4gfLVg","conceptId":"concept_tya215_helper"}},{"SetFieldName":{"id":"shape_4ByQ4gfLVg","newName":"id","conceptId":"concept_tya215_helper"}},{"AssignType":{"id":"shape_4ByQ4gfLVg","to":{"StringT":{}},"conceptId":"concept_tya215_helper"}},{"AddField":{"parentId":"shape_JaXGr5aRie","id":"shape_OKB6eArD7F","conceptId":"concept_tya215_helper"}},{"SetFieldName":{"id":"shape_OKB6eArD7F","newName":"username","conceptId":"concept_tya215_helper"}},{"AssignType":{"id":"shape_OKB6eArD7F","to":{"StringT":{}},"conceptId":"concept_tya215_helper"}},{"AssignType":{"id":"shape_8Lrt4XY9jb","to":{"ObjectT":{}},"conceptId":"concept_v6A4ie_campaign8"}},{"AddField":{"parentId":"shape_8Lrt4XY9jb","id":"shape_gOsE6CXiAV","conceptId":"concept_v6A4ie_campaign8"}},{"SetFieldName":{"id":"shape_gOsE6CXiAV","newName":"name","conceptId":"concept_v6A4ie_campaign8"}},{"AssignType":{"id":"shape_gOsE6CXiAV","to":{"StringT":{}},"conceptId":"concept_v6A4ie_campaign8"}},{"AddField":{"parentId":"shape_8Lrt4XY9jb","id":"shape_8VIVIyk9OU","conceptId":"concept_v6A4ie_campaign8"}},{"SetFieldName":{"id":"shape_8VIVIyk9OU","newName":"purpose_code","conceptId":"concept_v6A4ie_campaign8"}},{"AssignType":{"id":"shape_8VIVIyk9OU","to":{"StringT":{}},"conceptId":"concept_v6A4ie_campaign8"}},{"AddField":{"parentId":"shape_8Lrt4XY9jb","id":"shape_ecbo3cDgTH","conceptId":"concept_v6A4ie_campaign8"}},{"SetFieldName":{"id":"shape_ecbo3cDgTH","newName":"campaign_plans","conceptId":"concept_v6A4ie_campaign8"}},{"AssignType":{"id":"shape_ecbo3cDgTH","to":{"ListT":{}},"conceptId":"concept_v6A4ie_campaign8"}},{"AddTypeParameter":{"parentId":"shape_ecbo3cDgTH","id":"shape_ll4S2q7WDi","conceptId":"concept_v6A4ie_campaign8"}},{"AssignType":{"id":"shape_ll4S2q7WDi","to":{"StringT":{}},"conceptId":"concept_v6A4ie_campaign8"}},{"AddField":{"parentId":"shape_8Lrt4XY9jb","id":"shape_iwWuBZbpzr","conceptId":"concept_v6A4ie_campaign8"}},{"SetFieldName":{"id":"shape_iwWuBZbpzr","newName":"image","conceptId":"concept_v6A4ie_campaign8"}},{"AssignType":{"id":"shape_iwWuBZbpzr","to":{"StringT":{}},"conceptId":"concept_v6A4ie_campaign8"}},{"AddField":{"parentId":"shape_8Lrt4XY9jb","id":"shape_LCvypJtRAp","conceptId":"concept_v6A4ie_campaign8"}},{"SetFieldName":{"id":"shape_LCvypJtRAp","newName":"description","conceptId":"concept_v6A4ie_campaign8"}},{"AssignType":{"id":"shape_LCvypJtRAp","to":{"StringT":{}},"conceptId":"concept_v6A4ie_campaign8"}},{"AddField":{"parentId":"shape_8Lrt4XY9jb","id":"shape_ggQBCUodO6","conceptId":"concept_v6A4ie_campaign8"}},{"SetFieldName":{"id":"shape_ggQBCUodO6","newName":"published","conceptId":"concept_v6A4ie_campaign8"}},{"AssignType":{"id":"shape_ggQBCUodO6","to":{"IntegerT":{}},"conceptId":"concept_v6A4ie_campaign8"}},{"AddField":{"parentId":"shape_8Lrt4XY9jb","id":"shape_HUlMhk9GgY","conceptId":"concept_v6A4ie_campaign8"}},{"SetFieldName":{"id":"shape_HUlMhk9GgY","newName":"data","conceptId":"concept_v6A4ie_campaign8"}},{"AssignType":{"id":"shape_HUlMhk9GgY","to":{"RefT":{"conceptId":"concept_8VjcFN_data"}},"conceptId":"concept_v6A4ie_campaign8"}},{"AddField":{"parentId":"shape_8Lrt4XY9jb","id":"shape_irScrzvNwk","conceptId":"concept_v6A4ie_campaign8"}},{"SetFieldName":{"id":"shape_irScrzvNwk","newName":"join_mode_text","conceptId":"concept_v6A4ie_campaign8"}},{"AssignType":{"id":"shape_irScrzvNwk","to":{"StringT":{}},"conceptId":"concept_v6A4ie_campaign8"}},{"AddField":{"parentId":"shape_8Lrt4XY9jb","id":"shape_NWnqKaj4MG","conceptId":"concept_v6A4ie_campaign8"}},{"SetFieldName":{"id":"shape_NWnqKaj4MG","newName":"enabled","conceptId":"concept_v6A4ie_campaign8"}},{"AssignType":{"id":"shape_NWnqKaj4MG","to":{"StringT":{}},"conceptId":"concept_v6A4ie_campaign8"}},{"AddField":{"parentId":"shape_8Lrt4XY9jb","id":"shape_NCaFjmQWRU","conceptId":"concept_v6A4ie_campaign8"}},{"SetFieldName":{"id":"shape_NCaFjmQWRU","newName":"auth_type","conceptId":"concept_v6A4ie_campaign8"}},{"AssignType":{"id":"shape_NCaFjmQWRU","to":{"StringT":{}},"conceptId":"concept_v6A4ie_campaign8"}},{"AddField":{"parentId":"shape_8Lrt4XY9jb","id":"shape_dPYNDraPvw","conceptId":"concept_v6A4ie_campaign8"}},{"SetFieldName":{"id":"shape_dPYNDraPvw","newName":"user_id","conceptId":"concept_v6A4ie_campaign8"}},{"AssignType":{"id":"shape_dPYNDraPvw","to":{"StringT":{}},"conceptId":"concept_v6A4ie_campaign8"}},{"AddField":{"parentId":"shape_8Lrt4XY9jb","id":"shape_0H0UOW6gPS","conceptId":"concept_v6A4ie_campaign8"}},{"SetFieldName":{"id":"shape_0H0UOW6gPS","newName":"used_plans_count","conceptId":"concept_v6A4ie_campaign8"}},{"AssignType":{"id":"shape_0H0UOW6gPS","to":{"IntegerT":{}},"conceptId":"concept_v6A4ie_campaign8"}},{"AddField":{"parentId":"shape_8Lrt4XY9jb","id":"shape_PgeU8Mo6ni","conceptId":"concept_v6A4ie_campaign8"}},{"SetFieldName":{"id":"shape_PgeU8Mo6ni","newName":"code","conceptId":"concept_v6A4ie_campaign8"}},{"AssignType":{"id":"shape_PgeU8Mo6ni","to":{"StringT":{}},"conceptId":"concept_v6A4ie_campaign8"}},{"AddField":{"parentId":"shape_8Lrt4XY9jb","id":"shape_cBrMs0fbw8","conceptId":"concept_v6A4ie_campaign8"}},{"SetFieldName":{"id":"shape_cBrMs0fbw8","newName":"id","conceptId":"concept_v6A4ie_campaign8"}},{"AssignType":{"id":"shape_cBrMs0fbw8","to":{"StringT":{}},"conceptId":"concept_v6A4ie_campaign8"}},{"AddField":{"parentId":"shape_8Lrt4XY9jb","id":"shape_jv4f6i9MZk","conceptId":"concept_v6A4ie_campaign8"}},{"SetFieldName":{"id":"shape_jv4f6i9MZk","newName":"meta","conceptId":"concept_v6A4ie_campaign8"}},{"AssignType":{"id":"shape_jv4f6i9MZk","to":{"RefT":{"conceptId":"concept_JJKpf3_meta"}},"conceptId":"concept_v6A4ie_campaign8"}},{"AddField":{"parentId":"shape_8Lrt4XY9jb","id":"shape_A3K530hMSX","conceptId":"concept_v6A4ie_campaign8"}},{"SetFieldName":{"id":"shape_A3K530hMSX","newName":"user_count","conceptId":"concept_v6A4ie_campaign8"}},{"AssignType":{"id":"shape_A3K530hMSX","to":{"IntegerT":{}},"conceptId":"concept_v6A4ie_campaign8"}},{"AddField":{"parentId":"shape_8Lrt4XY9jb","id":"shape_A8eZ33qzop","conceptId":"concept_v6A4ie_campaign8"}},{"SetFieldName":{"id":"shape_A8eZ33qzop","newName":"auth_data","conceptId":"concept_v6A4ie_campaign8"}},{"AssignType":{"id":"shape_A8eZ33qzop","to":{"RefT":{"conceptId":"concept_IMadQO_authdata"}},"conceptId":"concept_v6A4ie_campaign8"}},{"AddField":{"parentId":"shape_8Lrt4XY9jb","id":"shape_4bb3oBvy1L","conceptId":"concept_v6A4ie_campaign8"}},{"SetFieldName":{"id":"shape_4bb3oBvy1L","newName":"campaign_helpers","conceptId":"concept_v6A4ie_campaign8"}},{"AssignType":{"id":"shape_4bb3oBvy1L","to":{"ListT":{}},"conceptId":"concept_v6A4ie_campaign8"}},{"AddTypeParameter":{"parentId":"shape_4bb3oBvy1L","id":"shape_UTIBZWvSRq","conceptId":"concept_v6A4ie_campaign8"}},{"AssignType":{"id":"shape_UTIBZWvSRq","to":{"StringT":{}},"conceptId":"concept_v6A4ie_campaign8"}},{"AddField":{"parentId":"shape_8Lrt4XY9jb","id":"shape_eT0zWY9j5r","conceptId":"concept_v6A4ie_campaign8"}},{"SetFieldName":{"id":"shape_eT0zWY9j5r","newName":"created","conceptId":"concept_v6A4ie_campaign8"}},{"AssignType":{"id":"shape_eT0zWY9j5r","to":{"StringT":{}},"conceptId":"concept_v6A4ie_campaign8"}},{"AssignType":{"id":"shape_nfmASIZDc2","to":{"ObjectT":{}},"conceptId":"concept_6bGZTe_stats"}},{"AddField":{"parentId":"shape_nfmASIZDc2","id":"shape_kNtYcYKOr0","conceptId":"concept_6bGZTe_stats"}},{"SetFieldName":{"id":"shape_kNtYcYKOr0","newName":"users_joined","conceptId":"concept_6bGZTe_stats"}},{"AssignType":{"id":"shape_kNtYcYKOr0","to":{"IntegerT":{}},"conceptId":"concept_6bGZTe_stats"}},{"AddField":{"parentId":"shape_nfmASIZDc2","id":"shape_q9TLDefxon","conceptId":"concept_6bGZTe_stats"}},{"SetFieldName":{"id":"shape_q9TLDefxon","newName":"plans_sold","conceptId":"concept_6bGZTe_stats"}},{"AssignType":{"id":"shape_q9TLDefxon","to":{"IntegerT":{}},"conceptId":"concept_6bGZTe_stats"}},{"AddField":{"parentId":"shape_nfmASIZDc2","id":"shape_0BOxVn6vlK","conceptId":"concept_6bGZTe_stats"}},{"SetFieldName":{"id":"shape_0BOxVn6vlK","newName":"view_count","conceptId":"concept_6bGZTe_stats"}},{"AssignType":{"id":"shape_0BOxVn6vlK","to":{"IntegerT":{}},"conceptId":"concept_6bGZTe_stats"}},{"AddField":{"parentId":"shape_nfmASIZDc2","id":"shape_38iPoH2L82","conceptId":"concept_6bGZTe_stats"}},{"SetFieldName":{"id":"shape_38iPoH2L82","newName":"money_spent","conceptId":"concept_6bGZTe_stats"}},{"AssignType":{"id":"shape_38iPoH2L82","to":{"IntegerT":{}},"conceptId":"concept_6bGZTe_stats"}},{"AddField":{"parentId":"shape_nfmASIZDc2","id":"shape_Pb4drv0NDG","conceptId":"concept_6bGZTe_stats"}},{"SetFieldName":{"id":"shape_Pb4drv0NDG","newName":"feed","conceptId":"concept_6bGZTe_stats"}},{"AssignType":{"id":"shape_Pb4drv0NDG","to":{"ListT":{}},"conceptId":"concept_6bGZTe_stats"}},{"AddTypeParameter":{"parentId":"shape_Pb4drv0NDG","id":"shape_4rluQzld3m","conceptId":"concept_6bGZTe_stats"}},{"AssignType":{"id":"shape_4rluQzld3m","to":{"StringT":{}},"conceptId":"concept_6bGZTe_stats"}},{"AssignType":{"id":"shape_h0UpD21M2I","to":{"ObjectT":{}},"conceptId":"concept_8VjcFN_data"}},{"AddField":{"parentId":"shape_h0UpD21M2I","id":"shape_at58irr7ut","conceptId":"concept_8VjcFN_data"}},{"SetFieldName":{"id":"shape_at58irr7ut","newName":"purpose_code","conceptId":"concept_8VjcFN_data"}},{"AssignType":{"id":"shape_at58irr7ut","to":{"StringT":{}},"conceptId":"concept_8VjcFN_data"}},{"AddPathComponent":{"pathId":"9ValRO_path_0","parentPathId":"root","name":"campaigns"}},{"AddPathComponent":{"pathId":"9ValRO_path_1","parentPathId":"9ValRO_path_0","name":"create"}},{"AddPathComponent":{"pathId":"9ValRO_path_2","parentPathId":"9ValRO_path_0","name":"get"}},{"AddPathComponent":{"pathId":"9ValRO_path_3","parentPathId":"9ValRO_path_0","name":"get_stats"}},{"AddPathComponent":{"pathId":"9ValRO_path_4","parentPathId":"9ValRO_path_0","name":"get_widget"}},{"AddPathComponent":{"pathId":"9ValRO_path_5","parentPathId":"9ValRO_path_0","name":"update"}},{"AddPathComponent":{"pathId":"9ValRO_path_6","parentPathId":"root","name":"plans"}},{"AddPathComponent":{"pathId":"9ValRO_path_7","parentPathId":"9ValRO_path_6","name":"find"}},{"AddPathComponent":{"pathId":"9ValRO_path_8","parentPathId":"9ValRO_path_6","name":"request"}},{"AddPathComponent":{"pathId":"9ValRO_path_9","parentPathId":"root","name":"users"}},{"AddPathComponent":{"pathId":"9ValRO_path_10","parentPathId":"9ValRO_path_9","name":"notifications"}},{"AddRequest":{"requestId":"path_BssNyTTOHo}_post","pathId":"9ValRO_path_8","httpMethod":"post"}},{"AddResponse":{"responseId":"response_MtLgftjJat","requestId":"path_BssNyTTOHo}_post","httpStatusCode":200}},{"DefineInlineConcept":{"root":"shape_sdI49oSUtV","conceptId":"concept_uFw55BP0zwcs"}},{"AssignType":{"id":"shape_sdI49oSUtV","to":{"RefT":{"conceptId":"concept_Q1ajwJ_requestplanresponse"}},"conceptId":"concept_uFw55BP0zwcs"}},{"AddRequest":{"requestId":"path_dMzVbksiWy}_get","pathId":"9ValRO_path_10","httpMethod":"get"}},{"AddResponse":{"responseId":"response_aiNmNuln7h","requestId":"path_dMzVbksiWy}_get","httpStatusCode":200}},{"DefineInlineConcept":{"root":"shape_rNCLqzAwjT","conceptId":"concept_5eApLZJFHbVW"}},{"AssignType":{"id":"shape_rNCLqzAwjT","to":{"RefT":{"conceptId":"concept_8BQz2a_getnotificationsresponse"}},"conceptId":"concept_5eApLZJFHbVW"}},{"AddRequest":{"requestId":"path_YZTiIwDfCI}_get","pathId":"9ValRO_path_7","httpMethod":"get"}},{"AddResponse":{"responseId":"response_WrnOZ4f4ei","requestId":"path_YZTiIwDfCI}_get","httpStatusCode":200}},{"DefineInlineConcept":{"root":"shape_S4A9viB8yc","conceptId":"concept_kjiU8YiFmVw3"}},{"AssignType":{"id":"shape_S4A9viB8yc","to":{"RefT":{"conceptId":"concept_AvdtFq_findplansresponse"}},"conceptId":"concept_kjiU8YiFmVw3"}},{"AddRequest":{"requestId":"path_mbnsQRdFs9}_post","pathId":"9ValRO_path_1","httpMethod":"post"}},{"AddResponse":{"responseId":"response_heiIo7Uln9","requestId":"path_mbnsQRdFs9}_post","httpStatusCode":200}},{"DefineInlineConcept":{"root":"shape_daXZSN3hLg","conceptId":"concept_pgoLZTjxtErR"}},{"AssignType":{"id":"shape_daXZSN3hLg","to":{"RefT":{"conceptId":"concept_bDsMbv_createcampaignresponse"}},"conceptId":"concept_pgoLZTjxtErR"}},{"AddRequest":{"requestId":"path_wkI4xxTD2w}_get","pathId":"9ValRO_path_4","httpMethod":"get"}},{"AddResponse":{"responseId":"response_5GwHOaRkAm","requestId":"path_wkI4xxTD2w}_get","httpStatusCode":200}},{"DefineInlineConcept":{"root":"shape_MBzOndR2Gm","conceptId":"concept_TS3iBX8yN90c"}},{"AssignType":{"id":"shape_MBzOndR2Gm","to":{"RefT":{"conceptId":"concept_uhu07O_getcampaignwidgetresponse"}},"conceptId":"concept_TS3iBX8yN90c"}},{"AddRequest":{"requestId":"path_8h9wEBHeHa}_post","pathId":"9ValRO_path_5","httpMethod":"post"}},{"AddResponse":{"responseId":"response_RdhQ0KmFwL","requestId":"path_8h9wEBHeHa}_post","httpStatusCode":200}},{"DefineInlineConcept":{"root":"shape_1xmmnoUwfN","conceptId":"concept_3gX67CNRg4z7"}},{"AssignType":{"id":"shape_1xmmnoUwfN","to":{"RefT":{"conceptId":"concept_gZ8UKl_updateacampaignresponse"}},"conceptId":"concept_3gX67CNRg4z7"}},{"AddRequest":{"requestId":"path_Otd2efsPjK}_get","pathId":"9ValRO_path_3","httpMethod":"get"}},{"AddResponse":{"responseId":"response_QxIKavSd1o","requestId":"path_Otd2efsPjK}_get","httpStatusCode":200}},{"DefineInlineConcept":{"root":"shape_B8fWmcHGjJ","conceptId":"concept_MHVrUwhl6msk"}},{"AssignType":{"id":"shape_B8fWmcHGjJ","to":{"RefT":{"conceptId":"concept_EmlWS0_getcampaignstatsresponse"}},"conceptId":"concept_MHVrUwhl6msk"}},{"AddRequest":{"requestId":"path_rOC27xUBCb}_get","pathId":"9ValRO_path_2","httpMethod":"get"}},{"AddResponse":{"responseId":"response_LKVT75QCFo","requestId":"path_rOC27xUBCb}_get","httpStatusCode":200}},{"DefineInlineConcept":{"root":"shape_vQV0W5QPPV","conceptId":"concept_DI3MpUBRohq2"}},{"AssignType":{"id":"shape_vQV0W5QPPV","to":{"RefT":{"conceptId":"concept_Nz64K9_getcampaignresponse"}},"conceptId":"concept_DI3MpUBRohq2"}},{"SetResponseBodyShape":{"responseId":"response_MtLgftjJat","bodyDescriptor":{"httpContentType":"application/json","conceptId":"concept_uFw55BP0zwcs"}}},{"SetResponseBodyShape":{"responseId":"response_aiNmNuln7h","bodyDescriptor":{"httpContentType":"application/json","conceptId":"concept_5eApLZJFHbVW"}}},{"SetResponseBodyShape":{"responseId":"response_WrnOZ4f4ei","bodyDescriptor":{"httpContentType":"application/json","conceptId":"concept_kjiU8YiFmVw3"}}},{"SetResponseBodyShape":{"responseId":"response_heiIo7Uln9","bodyDescriptor":{"httpContentType":"application/json","conceptId":"concept_pgoLZTjxtErR"}}},{"SetResponseBodyShape":{"responseId":"response_5GwHOaRkAm","bodyDescriptor":{"httpContentType":"application/json","conceptId":"concept_TS3iBX8yN90c"}}},{"SetResponseBodyShape":{"responseId":"response_RdhQ0KmFwL","bodyDescriptor":{"httpContentType":"application/json","conceptId":"concept_3gX67CNRg4z7"}}},{"SetResponseBodyShape":{"responseId":"response_QxIKavSd1o","bodyDescriptor":{"httpContentType":"application/json","conceptId":"concept_MHVrUwhl6msk"}}},{"SetResponseBodyShape":{"responseId":"response_LKVT75QCFo","bodyDescriptor":{"httpContentType":"application/json","conceptId":"concept_DI3MpUBRohq2"}}}]