[{"DefineConcept":{"name":"NewJoke","root":"shape_QSfqEPD5pk","conceptId":"concept_uwKR4m_newjoke"}},{"SetConceptName":{"newName":"NewJoke","conceptId":"concept_uwKR4m_newjoke"}},{"DefineConcept":{"name":"JokeResponse","root":"shape_mYfKzKtugm","conceptId":"concept_XuBvCb_jokeresponse"}},{"SetConceptName":{"newName":"JokeResponse","conceptId":"concept_XuBvCb_jokeresponse"}},{"DefineConcept":{"name":"JokeOfTheDayResponse","root":"shape_s9qYhR0SSy","conceptId":"concept_idIXry_jokeofthedayresponse"}},{"SetConceptName":{"newName":"JokeOfTheDayResponse","conceptId":"concept_idIXry_jokeofthedayresponse"}},{"DefineConcept":{"name":"Joke","root":"shape_aEgfSF5bL4","conceptId":"concept_UV98NE_joke"}},{"SetConceptName":{"newName":"Joke","conceptId":"concept_UV98NE_joke"}},{"DefineConcept":{"name":"JokeOfTheDay","root":"shape_TndPExOc7M","conceptId":"concept_gdb9e5_jokeoftheday"}},{"SetConceptName":{"newName":"JokeOfTheDay","conceptId":"concept_gdb9e5_jokeoftheday"}},{"AssignType":{"id":"shape_QSfqEPD5pk","to":{"AnyT":{}},"conceptId":"concept_uwKR4m_newjoke"}},{"AssignType":{"id":"shape_mYfKzKtugm","to":{"AnyT":{}},"conceptId":"concept_XuBvCb_jokeresponse"}},{"AssignType":{"id":"shape_s9qYhR0SSy","to":{"AnyT":{}},"conceptId":"concept_idIXry_jokeofthedayresponse"}},{"AssignType":{"id":"shape_aEgfSF5bL4","to":{"AnyT":{}},"conceptId":"concept_UV98NE_joke"}},{"AssignType":{"id":"shape_TndPExOc7M","to":{"AnyT":{}},"conceptId":"concept_gdb9e5_jokeoftheday"}},{"AddPathComponent":{"pathId":"QXhmFL_path_0","parentPathId":"root","name":"jod"}},{"AddPathComponent":{"pathId":"QXhmFL_path_1","parentPathId":"QXhmFL_path_0","name":"categories"}},{"AddPathComponent":{"pathId":"QXhmFL_path_2","parentPathId":"root","name":"joke"}},{"AddPathComponent":{"pathId":"QXhmFL_path_3","parentPathId":"QXhmFL_path_2","name":"categories"}},{"AddPathComponent":{"pathId":"QXhmFL_path_4","parentPathId":"QXhmFL_path_2","name":"list"}},{"AddPathComponent":{"pathId":"QXhmFL_path_5","parentPathId":"QXhmFL_path_2","name":"random"}},{"AddPathComponent":{"pathId":"QXhmFL_path_6","parentPathId":"QXhmFL_path_2","name":"search"}},{"AddPathComponent":{"pathId":"QXhmFL_path_7","parentPathId":"QXhmFL_path_2","name":"tags"}},{"AddPathComponent":{"pathId":"QXhmFL_path_8","parentPathId":"QXhmFL_path_7","name":"add"}},{"AddPathComponent":{"pathId":"QXhmFL_path_9","parentPathId":"QXhmFL_path_7","name":"remove"}},{"AddRequest":{"requestId":"path_vq9C7lmyT3}_post","pathId":"QXhmFL_path_8","httpMethod":"post"}},{"AddResponse":{"responseId":"response_YFDkcWKX5s","requestId":"path_vq9C7lmyT3}_post","httpStatusCode":200}},{"AddResponse":{"responseId":"response_52f9b6erSD","requestId":"path_vq9C7lmyT3}_post","httpStatusCode":401}},{"AddResponse":{"responseId":"response_JBGBtSXPkJ","requestId":"path_vq9C7lmyT3}_post","httpStatusCode":404}},{"AddRequest":{"requestId":"path_GmjavlspNz}_get","pathId":"QXhmFL_path_3","httpMethod":"get"}},{"AddResponse":{"responseId":"response_nruVG3NpRU","requestId":"path_GmjavlspNz}_get","httpStatusCode":200}},{"AddRequest":{"requestId":"path_nxDF1PJG7x}_delete","pathId":"QXhmFL_path_2","httpMethod":"delete"}},{"AddResponse":{"responseId":"response_jdj1mrPBO4","requestId":"path_nxDF1PJG7x}_delete","httpStatusCode":200}},{"AddResponse":{"responseId":"response_BtOcUQZ2OD","requestId":"path_nxDF1PJG7x}_delete","httpStatusCode":401}},{"AddResponse":{"responseId":"response_lieGCMoF8h","requestId":"path_nxDF1PJG7x}_delete","httpStatusCode":404}},{"AddRequest":{"requestId":"path_nxDF1PJG7x}_get","pathId":"QXhmFL_path_2","httpMethod":"get"}},{"AddResponse":{"responseId":"response_BgSWYmAwjP","requestId":"path_nxDF1PJG7x}_get","httpStatusCode":200}},{"DefineInlineConcept":{"root":"shape_C2HutwPnh8","conceptId":"concept_TvcRaJBWm8EG"}},{"AssignType":{"id":"shape_C2HutwPnh8","to":{"RefT":{"conceptId":"concept_XuBvCb_jokeresponse"}},"conceptId":"concept_TvcRaJBWm8EG"}},{"AddResponse":{"responseId":"response_1RiYCNGIro","requestId":"path_nxDF1PJG7x}_get","httpStatusCode":401}},{"AddRequest":{"requestId":"path_nxDF1PJG7x}_patch","pathId":"QXhmFL_path_2","httpMethod":"patch"}},{"AddResponse":{"responseId":"response_g6QRuRLS3i","requestId":"path_nxDF1PJG7x}_patch","httpStatusCode":200}},{"AddResponse":{"responseId":"response_AkzpNHns2p","requestId":"path_nxDF1PJG7x}_patch","httpStatusCode":401}},{"AddRequest":{"requestId":"path_nxDF1PJG7x}_put","pathId":"QXhmFL_path_2","httpMethod":"put"}},{"AddResponse":{"responseId":"response_4AYizDADKP","requestId":"path_nxDF1PJG7x}_put","httpStatusCode":200}},{"AddResponse":{"responseId":"response_ncuHvsM4vm","requestId":"path_nxDF1PJG7x}_put","httpStatusCode":401}},{"AddRequest":{"requestId":"path_Z9IebU3SSN}_get","pathId":"QXhmFL_path_4","httpMethod":"get"}},{"AddResponse":{"responseId":"response_bTzszvBRQa","requestId":"path_Z9IebU3SSN}_get","httpStatusCode":200}},{"AddResponse":{"responseId":"response_GN3QE5QRMs","requestId":"path_Z9IebU3SSN}_get","httpStatusCode":401}},{"AddRequest":{"requestId":"path_fub9GW8Wph}_get","pathId":"QXhmFL_path_5","httpMethod":"get"}},{"AddResponse":{"responseId":"response_ySlHxoi4wp","requestId":"path_fub9GW8Wph}_get","httpStatusCode":200}},{"DefineInlineConcept":{"root":"shape_ffWMzkKRfE","conceptId":"concept_rTITOVSto3Lf"}},{"AssignType":{"id":"shape_ffWMzkKRfE","to":{"RefT":{"conceptId":"concept_XuBvCb_jokeresponse"}},"conceptId":"concept_rTITOVSto3Lf"}},{"AddResponse":{"responseId":"response_nbzgfrQ3ZF","requestId":"path_fub9GW8Wph}_get","httpStatusCode":401}},{"AddRequest":{"requestId":"path_ep3xQmbj0N}_get","pathId":"QXhmFL_path_0","httpMethod":"get"}},{"AddResponse":{"responseId":"response_ToAWrRKtFx","requestId":"path_ep3xQmbj0N}_get","httpStatusCode":200}},{"DefineInlineConcept":{"root":"shape_XB6S2ZQMrs","conceptId":"concept_1nD9pYq20Qa6"}},{"AssignType":{"id":"shape_XB6S2ZQMrs","to":{"RefT":{"conceptId":"concept_idIXry_jokeofthedayresponse"}},"conceptId":"concept_1nD9pYq20Qa6"}},{"AddRequest":{"requestId":"path_9I0KB175K8}_get","pathId":"QXhmFL_path_6","httpMethod":"get"}},{"AddResponse":{"responseId":"response_gW3btaDf8O","requestId":"path_9I0KB175K8}_get","httpStatusCode":200}},{"DefineInlineConcept":{"root":"shape_q3zOQ7nXcY","conceptId":"concept_gTPRC3SwBmIi"}},{"AssignType":{"id":"shape_q3zOQ7nXcY","to":{"RefT":{"conceptId":"concept_XuBvCb_jokeresponse"}},"conceptId":"concept_gTPRC3SwBmIi"}},{"AddResponse":{"responseId":"response_BptpDYk3rd","requestId":"path_9I0KB175K8}_get","httpStatusCode":401}},{"AddRequest":{"requestId":"path_62Mf5hZ6xG}_get","pathId":"QXhmFL_path_1","httpMethod":"get"}},{"AddResponse":{"responseId":"response_GiRPIDxLsx","requestId":"path_62Mf5hZ6xG}_get","httpStatusCode":200}},{"AddRequest":{"requestId":"path_KY5XW58gk8}_post","pathId":"QXhmFL_path_9","httpMethod":"post"}},{"AddResponse":{"responseId":"response_M0CfVwUVI2","requestId":"path_KY5XW58gk8}_post","httpStatusCode":200}},{"AddResponse":{"responseId":"response_09CbpGn1FX","requestId":"path_KY5XW58gk8}_post","httpStatusCode":401}},{"AddResponse":{"responseId":"response_bN7FzKB3CG","requestId":"path_KY5XW58gk8}_post","httpStatusCode":404}},{"SetResponseBodyShape":{"responseId":"response_BgSWYmAwjP","bodyDescriptor":{"httpContentType":"application/json","conceptId":"concept_TvcRaJBWm8EG"}}},{"SetResponseBodyShape":{"responseId":"response_ySlHxoi4wp","bodyDescriptor":{"httpContentType":"application/json","conceptId":"concept_rTITOVSto3Lf"}}},{"SetResponseBodyShape":{"responseId":"response_ToAWrRKtFx","bodyDescriptor":{"httpContentType":"application/json","conceptId":"concept_1nD9pYq20Qa6"}}},{"SetResponseBodyShape":{"responseId":"response_gW3btaDf8O","bodyDescriptor":{"httpContentType":"application/json","conceptId":"concept_gTPRC3SwBmIi"}}}]