[{"DefineConcept":{"name":"ApiCredentials","root":"shape_F52LQq446W","conceptId":"concept_ykFitG_apicredentials"}},{"SetConceptName":{"newName":"ApiCredentials","conceptId":"concept_ykFitG_apicredentials"}},{"DefineConcept":{"name":"ProductView","root":"shape_NgGz38ChYh","conceptId":"concept_13j8Lt_productview"}},{"SetConceptName":{"newName":"ProductView","conceptId":"concept_13j8Lt_productview"}},{"DefineConcept":{"name":"SubscriptionCreateModify","root":"shape_vXL2uJyFvQ","conceptId":"concept_8tM7wc_subscriptioncreatemodify"}},{"SetConceptName":{"newName":"SubscriptionCreateModify","conceptId":"concept_8tM7wc_subscriptioncreatemodify"}},{"DefineConcept":{"name":"KeyView","root":"shape_bWLS7dpzU4","conceptId":"concept_Gw9FIE_keyview"}},{"SetConceptName":{"newName":"KeyView","conceptId":"concept_Gw9FIE_keyview"}},{"DefineConcept":{"name":"CurrentKey","root":"shape_9G18ikBJa0","conceptId":"concept_x2zim1_currentkey"}},{"SetConceptName":{"newName":"CurrentKey","conceptId":"concept_x2zim1_currentkey"}},{"DefineConcept":{"name":"SubscriptionView","root":"shape_rEvkkZxLhW","conceptId":"concept_iYwpv7_subscriptionview"}},{"SetConceptName":{"newName":"SubscriptionView","conceptId":"concept_iYwpv7_subscriptionview"}},{"DefineConcept":{"name":"Expiry","root":"shape_2dNEEYdZZU","conceptId":"concept_TL8F4T_expiry"}},{"SetConceptName":{"newName":"Expiry","conceptId":"concept_TL8F4T_expiry"}},{"DefineConcept":{"name":"ProductCreateModify","root":"shape_g90gk5wxOX","conceptId":"concept_Nbwooc_productcreatemodify"}},{"SetConceptName":{"newName":"ProductCreateModify","conceptId":"concept_Nbwooc_productcreatemodify"}},{"AssignType":{"id":"shape_F52LQq446W","to":{"ObjectT":{}},"conceptId":"concept_ykFitG_apicredentials"}},{"AddField":{"parentId":"shape_F52LQq446W","id":"shape_iyT7PibTMr","conceptId":"concept_ykFitG_apicredentials"}},{"SetFieldName":{"id":"shape_iyT7PibTMr","newName":"key","conceptId":"concept_ykFitG_apicredentials"}},{"AssignType":{"id":"shape_iyT7PibTMr","to":{"StringT":{}},"conceptId":"concept_ykFitG_apicredentials"}},{"AddField":{"parentId":"shape_F52LQq446W","id":"shape_Ox67tnnF80","conceptId":"concept_ykFitG_apicredentials"}},{"SetFieldName":{"id":"shape_Ox67tnnF80","newName":"serial","conceptId":"concept_ykFitG_apicredentials"}},{"AssignType":{"id":"shape_Ox67tnnF80","to":{"StringT":{}},"conceptId":"concept_ykFitG_apicredentials"}},{"AssignType":{"id":"shape_NgGz38ChYh","to":{"ObjectT":{}},"conceptId":"concept_13j8Lt_productview"}},{"AddField":{"parentId":"shape_NgGz38ChYh","id":"shape_NZH28v4266","conceptId":"concept_13j8Lt_productview"}},{"SetFieldName":{"id":"shape_NZH28v4266","newName":"serial","conceptId":"concept_13j8Lt_productview"}},{"AssignType":{"id":"shape_NZH28v4266","to":{"StringT":{}},"conceptId":"concept_13j8Lt_productview"}},{"AddField":{"parentId":"shape_NgGz38ChYh","id":"shape_eRzYnaZhel","conceptId":"concept_13j8Lt_productview"}},{"SetFieldName":{"id":"shape_eRzYnaZhel","newName":"name","conceptId":"concept_13j8Lt_productview"}},{"AssignType":{"id":"shape_eRzYnaZhel","to":{"StringT":{}},"conceptId":"concept_13j8Lt_productview"}},{"AddField":{"parentId":"shape_NgGz38ChYh","id":"shape_pw8WgnbdCr","conceptId":"concept_13j8Lt_productview"}},{"SetFieldName":{"id":"shape_pw8WgnbdCr","newName":"custom","conceptId":"concept_13j8Lt_productview"}},{"AssignType":{"id":"shape_pw8WgnbdCr","to":{"AnyT":{}},"conceptId":"concept_13j8Lt_productview"}},{"AddField":{"parentId":"shape_NgGz38ChYh","id":"shape_l2NQUTm3uj","conceptId":"concept_13j8Lt_productview"}},{"SetFieldName":{"id":"shape_l2NQUTm3uj","newName":"updated","conceptId":"concept_13j8Lt_productview"}},{"AssignType":{"id":"shape_l2NQUTm3uj","to":{"StringT":{}},"conceptId":"concept_13j8Lt_productview"}},{"AddField":{"parentId":"shape_NgGz38ChYh","id":"shape_kFgxriy9WP","conceptId":"concept_13j8Lt_productview"}},{"SetFieldName":{"id":"shape_kFgxriy9WP","newName":"subscriptions","conceptId":"concept_13j8Lt_productview"}},{"AssignType":{"id":"shape_kFgxriy9WP","to":{"ListT":{}},"conceptId":"concept_13j8Lt_productview"}},{"AddTypeParameter":{"parentId":"shape_kFgxriy9WP","id":"shape_kwH2elYxIZ","conceptId":"concept_13j8Lt_productview"}},{"AssignType":{"id":"shape_kwH2elYxIZ","to":{"RefT":{"conceptId":"concept_iYwpv7_subscriptionview"}},"conceptId":"concept_13j8Lt_productview"}},{"AddField":{"parentId":"shape_NgGz38ChYh","id":"shape_ZMgQlBunQS","conceptId":"concept_13j8Lt_productview"}},{"SetFieldName":{"id":"shape_ZMgQlBunQS","newName":"created","conceptId":"concept_13j8Lt_productview"}},{"AssignType":{"id":"shape_ZMgQlBunQS","to":{"StringT":{}},"conceptId":"concept_13j8Lt_productview"}},{"AssignType":{"id":"shape_vXL2uJyFvQ","to":{"ObjectT":{}},"conceptId":"concept_8tM7wc_subscriptioncreatemodify"}},{"AddField":{"parentId":"shape_vXL2uJyFvQ","id":"shape_1ChWazv0bP","conceptId":"concept_8tM7wc_subscriptioncreatemodify"}},{"SetFieldName":{"id":"shape_1ChWazv0bP","newName":"serial","conceptId":"concept_8tM7wc_subscriptioncreatemodify"}},{"AssignType":{"id":"shape_1ChWazv0bP","to":{"StringT":{}},"conceptId":"concept_8tM7wc_subscriptioncreatemodify"}},{"AddField":{"parentId":"shape_vXL2uJyFvQ","id":"shape_c3Tu04ajZT","conceptId":"concept_8tM7wc_subscriptioncreatemodify"}},{"SetFieldName":{"id":"shape_c3Tu04ajZT","newName":"name","conceptId":"concept_8tM7wc_subscriptioncreatemodify"}},{"AssignType":{"id":"shape_c3Tu04ajZT","to":{"StringT":{}},"conceptId":"concept_8tM7wc_subscriptioncreatemodify"}},{"AddField":{"parentId":"shape_vXL2uJyFvQ","id":"shape_HC2ejT7YSr","conceptId":"concept_8tM7wc_subscriptioncreatemodify"}},{"SetFieldName":{"id":"shape_HC2ejT7YSr","newName":"custom","conceptId":"concept_8tM7wc_subscriptioncreatemodify"}},{"AssignType":{"id":"shape_HC2ejT7YSr","to":{"AnyT":{}},"conceptId":"concept_8tM7wc_subscriptioncreatemodify"}},{"AddField":{"parentId":"shape_vXL2uJyFvQ","id":"shape_gdNmVAKlQb","conceptId":"concept_8tM7wc_subscriptioncreatemodify"}},{"SetFieldName":{"id":"shape_gdNmVAKlQb","newName":"key","conceptId":"concept_8tM7wc_subscriptioncreatemodify"}},{"AssignType":{"id":"shape_gdNmVAKlQb","to":{"StringT":{}},"conceptId":"concept_8tM7wc_subscriptioncreatemodify"}},{"AddField":{"parentId":"shape_vXL2uJyFvQ","id":"shape_ZcNhRdaWOX","conceptId":"concept_8tM7wc_subscriptioncreatemodify"}},{"SetFieldName":{"id":"shape_ZcNhRdaWOX","newName":"callbackOnModify","conceptId":"concept_8tM7wc_subscriptioncreatemodify"}},{"AssignType":{"id":"shape_ZcNhRdaWOX","to":{"BooleanT":{}},"conceptId":"concept_8tM7wc_subscriptioncreatemodify"}},{"AddField":{"parentId":"shape_vXL2uJyFvQ","id":"shape_rnkwUd0bPH","conceptId":"concept_8tM7wc_subscriptioncreatemodify"}},{"SetFieldName":{"id":"shape_rnkwUd0bPH","newName":"callbackUrl","conceptId":"concept_8tM7wc_subscriptioncreatemodify"}},{"AssignType":{"id":"shape_rnkwUd0bPH","to":{"StringT":{}},"conceptId":"concept_8tM7wc_subscriptioncreatemodify"}},{"AddField":{"parentId":"shape_vXL2uJyFvQ","id":"shape_z2NZsokMHw","conceptId":"concept_8tM7wc_subscriptioncreatemodify"}},{"SetFieldName":{"id":"shape_z2NZsokMHw","newName":"startFrom","conceptId":"concept_8tM7wc_subscriptioncreatemodify"}},{"AssignType":{"id":"shape_z2NZsokMHw","to":{"StringT":{}},"conceptId":"concept_8tM7wc_subscriptioncreatemodify"}},{"AddField":{"parentId":"shape_vXL2uJyFvQ","id":"shape_n861gGw9AO","conceptId":"concept_8tM7wc_subscriptioncreatemodify"}},{"SetFieldName":{"id":"shape_n861gGw9AO","newName":"frequency","conceptId":"concept_8tM7wc_subscriptioncreatemodify"}},{"AssignType":{"id":"shape_n861gGw9AO","to":{"StringT":{}},"conceptId":"concept_8tM7wc_subscriptioncreatemodify"}},{"AddField":{"parentId":"shape_vXL2uJyFvQ","id":"shape_wy37oAXRzW","conceptId":"concept_8tM7wc_subscriptioncreatemodify"}},{"SetFieldName":{"id":"shape_wy37oAXRzW","newName":"action","conceptId":"concept_8tM7wc_subscriptioncreatemodify"}},{"AssignType":{"id":"shape_wy37oAXRzW","to":{"StringT":{}},"conceptId":"concept_8tM7wc_subscriptioncreatemodify"}},{"AssignType":{"id":"shape_bWLS7dpzU4","to":{"ObjectT":{}},"conceptId":"concept_Gw9FIE_keyview"}},{"AddField":{"parentId":"shape_bWLS7dpzU4","id":"shape_gsc4IZt0oW","conceptId":"concept_Gw9FIE_keyview"}},{"SetFieldName":{"id":"shape_gsc4IZt0oW","newName":"serial","conceptId":"concept_Gw9FIE_keyview"}},{"AssignType":{"id":"shape_gsc4IZt0oW","to":{"StringT":{}},"conceptId":"concept_Gw9FIE_keyview"}},{"AddField":{"parentId":"shape_bWLS7dpzU4","id":"shape_xvKVpuYICj","conceptId":"concept_Gw9FIE_keyview"}},{"SetFieldName":{"id":"shape_xvKVpuYICj","newName":"name","conceptId":"concept_Gw9FIE_keyview"}},{"AssignType":{"id":"shape_xvKVpuYICj","to":{"StringT":{}},"conceptId":"concept_Gw9FIE_keyview"}},{"AddField":{"parentId":"shape_bWLS7dpzU4","id":"shape_U6ObJdqM5Q","conceptId":"concept_Gw9FIE_keyview"}},{"SetFieldName":{"id":"shape_U6ObJdqM5Q","newName":"custom","conceptId":"concept_Gw9FIE_keyview"}},{"AssignType":{"id":"shape_U6ObJdqM5Q","to":{"AnyT":{}},"conceptId":"concept_Gw9FIE_keyview"}},{"AddField":{"parentId":"shape_bWLS7dpzU4","id":"shape_mMfrA68065","conceptId":"concept_Gw9FIE_keyview"}},{"SetFieldName":{"id":"shape_mMfrA68065","newName":"callbackOnModify","conceptId":"concept_Gw9FIE_keyview"}},{"AssignType":{"id":"shape_mMfrA68065","to":{"BooleanT":{}},"conceptId":"concept_Gw9FIE_keyview"}},{"AddField":{"parentId":"shape_bWLS7dpzU4","id":"shape_veWUBDc8dK","conceptId":"concept_Gw9FIE_keyview"}},{"SetFieldName":{"id":"shape_veWUBDc8dK","newName":"commenced","conceptId":"concept_Gw9FIE_keyview"}},{"AssignType":{"id":"shape_veWUBDc8dK","to":{"StringT":{}},"conceptId":"concept_Gw9FIE_keyview"}},{"AddField":{"parentId":"shape_bWLS7dpzU4","id":"shape_DHTSoOV3j6","conceptId":"concept_Gw9FIE_keyview"}},{"SetFieldName":{"id":"shape_DHTSoOV3j6","newName":"updated","conceptId":"concept_Gw9FIE_keyview"}},{"AssignType":{"id":"shape_DHTSoOV3j6","to":{"StringT":{}},"conceptId":"concept_Gw9FIE_keyview"}},{"AddField":{"parentId":"shape_bWLS7dpzU4","id":"shape_5jegeNyNWX","conceptId":"concept_Gw9FIE_keyview"}},{"SetFieldName":{"id":"shape_5jegeNyNWX","newName":"callbackUrl","conceptId":"concept_Gw9FIE_keyview"}},{"AssignType":{"id":"shape_5jegeNyNWX","to":{"StringT":{}},"conceptId":"concept_Gw9FIE_keyview"}},{"AddField":{"parentId":"shape_bWLS7dpzU4","id":"shape_V0ZSVVQbdW","conceptId":"concept_Gw9FIE_keyview"}},{"SetFieldName":{"id":"shape_V0ZSVVQbdW","newName":"frequency","conceptId":"concept_Gw9FIE_keyview"}},{"AssignType":{"id":"shape_V0ZSVVQbdW","to":{"StringT":{}},"conceptId":"concept_Gw9FIE_keyview"}},{"AddField":{"parentId":"shape_bWLS7dpzU4","id":"shape_IO8dNZBgHc","conceptId":"concept_Gw9FIE_keyview"}},{"SetFieldName":{"id":"shape_IO8dNZBgHc","newName":"current","conceptId":"concept_Gw9FIE_keyview"}},{"AssignType":{"id":"shape_IO8dNZBgHc","to":{"BooleanT":{}},"conceptId":"concept_Gw9FIE_keyview"}},{"AddField":{"parentId":"shape_bWLS7dpzU4","id":"shape_q7VHqDEMKn","conceptId":"concept_Gw9FIE_keyview"}},{"SetFieldName":{"id":"shape_q7VHqDEMKn","newName":"action","conceptId":"concept_Gw9FIE_keyview"}},{"AssignType":{"id":"shape_q7VHqDEMKn","to":{"StringT":{}},"conceptId":"concept_Gw9FIE_keyview"}},{"AddField":{"parentId":"shape_bWLS7dpzU4","id":"shape_wQKpESR2DO","conceptId":"concept_Gw9FIE_keyview"}},{"SetFieldName":{"id":"shape_wQKpESR2DO","newName":"created","conceptId":"concept_Gw9FIE_keyview"}},{"AssignType":{"id":"shape_wQKpESR2DO","to":{"StringT":{}},"conceptId":"concept_Gw9FIE_keyview"}},{"AssignType":{"id":"shape_9G18ikBJa0","to":{"ObjectT":{}},"conceptId":"concept_x2zim1_currentkey"}},{"AddField":{"parentId":"shape_9G18ikBJa0","id":"shape_ia6kN33oPE","conceptId":"concept_x2zim1_currentkey"}},{"SetFieldName":{"id":"shape_ia6kN33oPE","newName":"current","conceptId":"concept_x2zim1_currentkey"}},{"AssignType":{"id":"shape_ia6kN33oPE","to":{"BooleanT":{}},"conceptId":"concept_x2zim1_currentkey"}},{"AssignType":{"id":"shape_rEvkkZxLhW","to":{"ObjectT":{}},"conceptId":"concept_iYwpv7_subscriptionview"}},{"AddField":{"parentId":"shape_rEvkkZxLhW","id":"shape_IjHCiaIxYY","conceptId":"concept_iYwpv7_subscriptionview"}},{"SetFieldName":{"id":"shape_IjHCiaIxYY","newName":"name","conceptId":"concept_iYwpv7_subscriptionview"}},{"AssignType":{"id":"shape_IjHCiaIxYY","to":{"StringT":{}},"conceptId":"concept_iYwpv7_subscriptionview"}},{"AddField":{"parentId":"shape_rEvkkZxLhW","id":"shape_vEAeM91owE","conceptId":"concept_iYwpv7_subscriptionview"}},{"SetFieldName":{"id":"shape_vEAeM91owE","newName":"custom","conceptId":"concept_iYwpv7_subscriptionview"}},{"AssignType":{"id":"shape_vEAeM91owE","to":{"AnyT":{}},"conceptId":"concept_iYwpv7_subscriptionview"}},{"AddField":{"parentId":"shape_rEvkkZxLhW","id":"shape_TJmPM3PZAj","conceptId":"concept_iYwpv7_subscriptionview"}},{"SetFieldName":{"id":"shape_TJmPM3PZAj","newName":"callbackOnModify","conceptId":"concept_iYwpv7_subscriptionview"}},{"AssignType":{"id":"shape_TJmPM3PZAj","to":{"BooleanT":{}},"conceptId":"concept_iYwpv7_subscriptionview"}},{"AddField":{"parentId":"shape_rEvkkZxLhW","id":"shape_OajJpwn4c0","conceptId":"concept_iYwpv7_subscriptionview"}},{"SetFieldName":{"id":"shape_OajJpwn4c0","newName":"commenced","conceptId":"concept_iYwpv7_subscriptionview"}},{"AssignType":{"id":"shape_OajJpwn4c0","to":{"StringT":{}},"conceptId":"concept_iYwpv7_subscriptionview"}},{"AddField":{"parentId":"shape_rEvkkZxLhW","id":"shape_15Cutk65S2","conceptId":"concept_iYwpv7_subscriptionview"}},{"SetFieldName":{"id":"shape_15Cutk65S2","newName":"updated","conceptId":"concept_iYwpv7_subscriptionview"}},{"AssignType":{"id":"shape_15Cutk65S2","to":{"StringT":{}},"conceptId":"concept_iYwpv7_subscriptionview"}},{"AddField":{"parentId":"shape_rEvkkZxLhW","id":"shape_bWptEz88Wa","conceptId":"concept_iYwpv7_subscriptionview"}},{"SetFieldName":{"id":"shape_bWptEz88Wa","newName":"callbackUrl","conceptId":"concept_iYwpv7_subscriptionview"}},{"AssignType":{"id":"shape_bWptEz88Wa","to":{"StringT":{}},"conceptId":"concept_iYwpv7_subscriptionview"}},{"AddField":{"parentId":"shape_rEvkkZxLhW","id":"shape_6wP1g3sMkc","conceptId":"concept_iYwpv7_subscriptionview"}},{"SetFieldName":{"id":"shape_6wP1g3sMkc","newName":"frequency","conceptId":"concept_iYwpv7_subscriptionview"}},{"AssignType":{"id":"shape_6wP1g3sMkc","to":{"StringT":{}},"conceptId":"concept_iYwpv7_subscriptionview"}},{"AddField":{"parentId":"shape_rEvkkZxLhW","id":"shape_TLq6fHynB1","conceptId":"concept_iYwpv7_subscriptionview"}},{"SetFieldName":{"id":"shape_TLq6fHynB1","newName":"action","conceptId":"concept_iYwpv7_subscriptionview"}},{"AssignType":{"id":"shape_TLq6fHynB1","to":{"StringT":{}},"conceptId":"concept_iYwpv7_subscriptionview"}},{"AddField":{"parentId":"shape_rEvkkZxLhW","id":"shape_Ijh2deaMsA","conceptId":"concept_iYwpv7_subscriptionview"}},{"SetFieldName":{"id":"shape_Ijh2deaMsA","newName":"created","conceptId":"concept_iYwpv7_subscriptionview"}},{"AssignType":{"id":"shape_Ijh2deaMsA","to":{"StringT":{}},"conceptId":"concept_iYwpv7_subscriptionview"}},{"AddField":{"parentId":"shape_rEvkkZxLhW","id":"shape_07f9TH6dOV","conceptId":"concept_iYwpv7_subscriptionview"}},{"SetFieldName":{"id":"shape_07f9TH6dOV","newName":"keys","conceptId":"concept_iYwpv7_subscriptionview"}},{"AssignType":{"id":"shape_07f9TH6dOV","to":{"ListT":{}},"conceptId":"concept_iYwpv7_subscriptionview"}},{"AddTypeParameter":{"parentId":"shape_07f9TH6dOV","id":"shape_JPuM5p4BfL","conceptId":"concept_iYwpv7_subscriptionview"}},{"AssignType":{"id":"shape_JPuM5p4BfL","to":{"RefT":{"conceptId":"concept_Gw9FIE_keyview"}},"conceptId":"concept_iYwpv7_subscriptionview"}},{"AssignType":{"id":"shape_2dNEEYdZZU","to":{"ObjectT":{}},"conceptId":"concept_TL8F4T_expiry"}},{"AddField":{"parentId":"shape_2dNEEYdZZU","id":"shape_8KEdvK7o2I","conceptId":"concept_TL8F4T_expiry"}},{"SetFieldName":{"id":"shape_8KEdvK7o2I","newName":"expires","conceptId":"concept_TL8F4T_expiry"}},{"AssignType":{"id":"shape_8KEdvK7o2I","to":{"StringT":{}},"conceptId":"concept_TL8F4T_expiry"}},{"AddField":{"parentId":"shape_2dNEEYdZZU","id":"shape_RYOdE5XphU","conceptId":"concept_TL8F4T_expiry"}},{"SetFieldName":{"id":"shape_RYOdE5XphU","newName":"time","conceptId":"concept_TL8F4T_expiry"}},{"AssignType":{"id":"shape_RYOdE5XphU","to":{"StringT":{}},"conceptId":"concept_TL8F4T_expiry"}},{"AssignType":{"id":"shape_g90gk5wxOX","to":{"ObjectT":{}},"conceptId":"concept_Nbwooc_productcreatemodify"}},{"AddField":{"parentId":"shape_g90gk5wxOX","id":"shape_NYU3Rktc1f","conceptId":"concept_Nbwooc_productcreatemodify"}},{"SetFieldName":{"id":"shape_NYU3Rktc1f","newName":"custom","conceptId":"concept_Nbwooc_productcreatemodify"}},{"AssignType":{"id":"shape_NYU3Rktc1f","to":{"AnyT":{}},"conceptId":"concept_Nbwooc_productcreatemodify"}},{"AddField":{"parentId":"shape_g90gk5wxOX","id":"shape_n6b4cVUsj2","conceptId":"concept_Nbwooc_productcreatemodify"}},{"SetFieldName":{"id":"shape_n6b4cVUsj2","newName":"key","conceptId":"concept_Nbwooc_productcreatemodify"}},{"AssignType":{"id":"shape_n6b4cVUsj2","to":{"StringT":{}},"conceptId":"concept_Nbwooc_productcreatemodify"}},{"AddField":{"parentId":"shape_g90gk5wxOX","id":"shape_iICHCdaiE7","conceptId":"concept_Nbwooc_productcreatemodify"}},{"SetFieldName":{"id":"shape_iICHCdaiE7","newName":"name","conceptId":"concept_Nbwooc_productcreatemodify"}},{"AssignType":{"id":"shape_iICHCdaiE7","to":{"StringT":{}},"conceptId":"concept_Nbwooc_productcreatemodify"}},{"AddField":{"parentId":"shape_g90gk5wxOX","id":"shape_yIbX32vGDg","conceptId":"concept_Nbwooc_productcreatemodify"}},{"SetFieldName":{"id":"shape_yIbX32vGDg","newName":"serial","conceptId":"concept_Nbwooc_productcreatemodify"}},{"AssignType":{"id":"shape_yIbX32vGDg","to":{"StringT":{}},"conceptId":"concept_Nbwooc_productcreatemodify"}},{"AddPathComponent":{"pathId":"6dE2xn_path_0","parentPathId":"root","name":"ProductsApi"}},{"AddPathComponent":{"pathId":"6dE2xn_path_1","parentPathId":"6dE2xn_path_0","name":"DeleteProduct"}},{"AddPathComponent":{"pathId":"6dE2xn_path_2","parentPathId":"6dE2xn_path_0","name":"PutProduct"}},{"AddPathComponent":{"pathId":"6dE2xn_path_3","parentPathId":"root","name":"SubscriptionsApi"}},{"AddPathComponent":{"pathId":"6dE2xn_path_4","parentPathId":"6dE2xn_path_3","name":"DeleteSubscription"}},{"AddPathComponent":{"pathId":"6dE2xn_path_5","parentPathId":"6dE2xn_path_3","name":"PutSubscription"}},{"AddPathComponent":{"pathId":"6dE2xn_path_6","parentPathId":"root","name":"v1"}},{"AddPathComponent":{"pathId":"6dE2xn_path_7","parentPathId":"6dE2xn_path_6","name":"KeysApi"}},{"AddPathComponent":{"pathId":"6dE2xn_path_8","parentPathId":"6dE2xn_path_7","name":"Current"}},{"AddPathParameter":{"pathId":"6dE2xn_path_9","parentPathId":"6dE2xn_path_8","name":"serial"}},{"AddPathComponent":{"pathId":"6dE2xn_path_10","parentPathId":"6dE2xn_path_7","name":"Expiry"}},{"AddPathParameter":{"pathId":"6dE2xn_path_11","parentPathId":"6dE2xn_path_10","name":"serial"}},{"AddPathComponent":{"pathId":"6dE2xn_path_12","parentPathId":"6dE2xn_path_7","name":"Find"}},{"AddPathParameter":{"pathId":"6dE2xn_path_13","parentPathId":"6dE2xn_path_12","name":"serial"}},{"AddPathComponent":{"pathId":"6dE2xn_path_14","parentPathId":"6dE2xn_path_6","name":"ProductsApi"}},{"AddPathComponent":{"pathId":"6dE2xn_path_15","parentPathId":"6dE2xn_path_14","name":"Find"}},{"AddPathComponent":{"pathId":"6dE2xn_path_16","parentPathId":"6dE2xn_path_14","name":"Save"}},{"AddPathComponent":{"pathId":"6dE2xn_path_17","parentPathId":"6dE2xn_path_6","name":"SubscriptionsApi"}},{"AddPathComponent":{"pathId":"6dE2xn_path_18","parentPathId":"6dE2xn_path_17","name":"Find"}},{"AddPathComponent":{"pathId":"6dE2xn_path_19","parentPathId":"6dE2xn_path_17","name":"Save"}},{"AddRequest":{"requestId":"path_2FNbhEYdne}_get","pathId":"6dE2xn_path_13","httpMethod":"get"}},{"AddResponse":{"responseId":"response_Q3m83rIj5Q","requestId":"path_2FNbhEYdne}_get","httpStatusCode":200}},{"DefineInlineConcept":{"root":"shape_3RvEl5XQ7I","conceptId":"concept_LZ18Yh4xdhQO"}},{"AssignType":{"id":"shape_3RvEl5XQ7I","to":{"RefT":{"conceptId":"concept_Gw9FIE_keyview"}},"conceptId":"concept_LZ18Yh4xdhQO"}},{"AddRequest":{"requestId":"path_1LAvPS47Xi}_post","pathId":"6dE2xn_path_16","httpMethod":"post"}},{"DefineInlineConcept":{"root":"shape_jG1UL8tfBB","conceptId":"concept_v1productsapisave_post_body"}},{"AssignType":{"id":"shape_jG1UL8tfBB","to":{"RefT":{"conceptId":"concept_Nbwooc_productcreatemodify"}},"conceptId":"concept_v1productsapisave_post_body"}},{"AddResponse":{"responseId":"response_x39W9FuZw2","requestId":"path_1LAvPS47Xi}_post","httpStatusCode":200}},{"DefineInlineConcept":{"root":"shape_zkhzURLzFQ","conceptId":"concept_dZz0n3AajJwu"}},{"AssignType":{"id":"shape_zkhzURLzFQ","to":{"RefT":{"conceptId":"concept_13j8Lt_productview"}},"conceptId":"concept_dZz0n3AajJwu"}},{"AddRequest":{"requestId":"path_oV3RLoqjpX}_get","pathId":"6dE2xn_path_9","httpMethod":"get"}},{"AddResponse":{"responseId":"response_sSrMhzDiP6","requestId":"path_oV3RLoqjpX}_get","httpStatusCode":200}},{"DefineInlineConcept":{"root":"shape_Vq2JGV3pJx","conceptId":"concept_OXfKiephDK0B"}},{"AssignType":{"id":"shape_Vq2JGV3pJx","to":{"RefT":{"conceptId":"concept_x2zim1_currentkey"}},"conceptId":"concept_OXfKiephDK0B"}},{"AddRequest":{"requestId":"path_zxoQipNJAf}_patch","pathId":"6dE2xn_path_2","httpMethod":"patch"}},{"DefineInlineConcept":{"root":"shape_6RjlpzWEwI","conceptId":"concept_productsapiputproduct_patch_body"}},{"AssignType":{"id":"shape_6RjlpzWEwI","to":{"RefT":{"conceptId":"concept_Nbwooc_productcreatemodify"}},"conceptId":"concept_productsapiputproduct_patch_body"}},{"AddResponse":{"responseId":"response_2FQYimDFSk","requestId":"path_zxoQipNJAf}_patch","httpStatusCode":204}},{"AddRequest":{"requestId":"path_zxoQipNJAf}_put","pathId":"6dE2xn_path_2","httpMethod":"put"}},{"DefineInlineConcept":{"root":"shape_xJhfJMMgmL","conceptId":"concept_productsapiputproduct_put_body"}},{"AssignType":{"id":"shape_xJhfJMMgmL","to":{"RefT":{"conceptId":"concept_Nbwooc_productcreatemodify"}},"conceptId":"concept_productsapiputproduct_put_body"}},{"AddResponse":{"responseId":"response_znqjfZ8sWQ","requestId":"path_zxoQipNJAf}_put","httpStatusCode":204}},{"AddRequest":{"requestId":"path_t8m6HQamik}_patch","pathId":"6dE2xn_path_5","httpMethod":"patch"}},{"DefineInlineConcept":{"root":"shape_P5ffOutAks","conceptId":"concept_subscriptionsapiputsubscription_patch_body"}},{"AssignType":{"id":"shape_P5ffOutAks","to":{"RefT":{"conceptId":"concept_8tM7wc_subscriptioncreatemodify"}},"conceptId":"concept_subscriptionsapiputsubscription_patch_body"}},{"AddResponse":{"responseId":"response_nl7SIfHukO","requestId":"path_t8m6HQamik}_patch","httpStatusCode":204}},{"AddRequest":{"requestId":"path_t8m6HQamik}_put","pathId":"6dE2xn_path_5","httpMethod":"put"}},{"DefineInlineConcept":{"root":"shape_0XX9Nscv61","conceptId":"concept_subscriptionsapiputsubscription_put_body"}},{"AssignType":{"id":"shape_0XX9Nscv61","to":{"RefT":{"conceptId":"concept_8tM7wc_subscriptioncreatemodify"}},"conceptId":"concept_subscriptionsapiputsubscription_put_body"}},{"AddResponse":{"responseId":"response_h5BG6FVkkS","requestId":"path_t8m6HQamik}_put","httpStatusCode":204}},{"AddRequest":{"requestId":"path_YUUWUkDGn7}_delete","pathId":"6dE2xn_path_1","httpMethod":"delete"}},{"DefineInlineConcept":{"root":"shape_fxoBXWS40Y","conceptId":"concept_productsapideleteproduct_delete_body"}},{"AssignType":{"id":"shape_fxoBXWS40Y","to":{"RefT":{"conceptId":"concept_ykFitG_apicredentials"}},"conceptId":"concept_productsapideleteproduct_delete_body"}},{"AddResponse":{"responseId":"response_3EUUS7WGBF","requestId":"path_YUUWUkDGn7}_delete","httpStatusCode":204}},{"AddRequest":{"requestId":"path_ckjDIYDkmx}_post","pathId":"6dE2xn_path_15","httpMethod":"post"}},{"DefineInlineConcept":{"root":"shape_xEDiFgvajq","conceptId":"concept_v1productsapifind_post_body"}},{"AssignType":{"id":"shape_xEDiFgvajq","to":{"RefT":{"conceptId":"concept_ykFitG_apicredentials"}},"conceptId":"concept_v1productsapifind_post_body"}},{"AddResponse":{"responseId":"response_MPqPHjjjcG","requestId":"path_ckjDIYDkmx}_post","httpStatusCode":200}},{"DefineInlineConcept":{"root":"shape_XP4lYfDWOP","conceptId":"concept_vIVzORSqLQLN"}},{"AssignType":{"id":"shape_XP4lYfDWOP","to":{"AnyT":{}},"conceptId":"concept_vIVzORSqLQLN"}},{"AddRequest":{"requestId":"path_eu570s8T2F}_delete","pathId":"6dE2xn_path_4","httpMethod":"delete"}},{"DefineInlineConcept":{"root":"shape_wYPFLkOxYP","conceptId":"concept_subscriptionsapideletesubscription_delete_body"}},{"AssignType":{"id":"shape_wYPFLkOxYP","to":{"RefT":{"conceptId":"concept_ykFitG_apicredentials"}},"conceptId":"concept_subscriptionsapideletesubscription_delete_body"}},{"AddResponse":{"responseId":"response_GUVO5Mth9p","requestId":"path_eu570s8T2F}_delete","httpStatusCode":204}},{"AddRequest":{"requestId":"path_D3SQ0XlF1b}_post","pathId":"6dE2xn_path_18","httpMethod":"post"}},{"DefineInlineConcept":{"root":"shape_vQm7V0Cizy","conceptId":"concept_v1subscriptionsapifind_post_body"}},{"AssignType":{"id":"shape_vQm7V0Cizy","to":{"RefT":{"conceptId":"concept_ykFitG_apicredentials"}},"conceptId":"concept_v1subscriptionsapifind_post_body"}},{"AddResponse":{"responseId":"response_Vzf49e44fu","requestId":"path_D3SQ0XlF1b}_post","httpStatusCode":200}},{"DefineInlineConcept":{"root":"shape_UqqdUl0AZY","conceptId":"concept_2DLlvnx2Dfxr"}},{"AssignType":{"id":"shape_UqqdUl0AZY","to":{"AnyT":{}},"conceptId":"concept_2DLlvnx2Dfxr"}},{"AddRequest":{"requestId":"path_ffNH5DqrmA}_get","pathId":"6dE2xn_path_11","httpMethod":"get"}},{"AddResponse":{"responseId":"response_MknrR9xllE","requestId":"path_ffNH5DqrmA}_get","httpStatusCode":200}},{"DefineInlineConcept":{"root":"shape_rQr2n9InIa","conceptId":"concept_5EJqa5bBj1YI"}},{"AssignType":{"id":"shape_rQr2n9InIa","to":{"RefT":{"conceptId":"concept_TL8F4T_expiry"}},"conceptId":"concept_5EJqa5bBj1YI"}},{"AddRequest":{"requestId":"path_x35P137KHN}_post","pathId":"6dE2xn_path_19","httpMethod":"post"}},{"DefineInlineConcept":{"root":"shape_2ft3lBkIRr","conceptId":"concept_v1subscriptionsapisave_post_body"}},{"AssignType":{"id":"shape_2ft3lBkIRr","to":{"RefT":{"conceptId":"concept_8tM7wc_subscriptioncreatemodify"}},"conceptId":"concept_v1subscriptionsapisave_post_body"}},{"AddResponse":{"responseId":"response_vvEnJOMPdl","requestId":"path_x35P137KHN}_post","httpStatusCode":200}},{"DefineInlineConcept":{"root":"shape_jZiVPA3Crp","conceptId":"concept_OGjjzeM3F80N"}},{"AssignType":{"id":"shape_jZiVPA3Crp","to":{"RefT":{"conceptId":"concept_Gw9FIE_keyview"}},"conceptId":"concept_OGjjzeM3F80N"}},{"SetResponseBodyShape":{"responseId":"response_Q3m83rIj5Q","bodyDescriptor":{"httpContentType":"application/json","conceptId":"concept_LZ18Yh4xdhQO"}}},{"SetRequestBodyShape":{"requestId":"path_1LAvPS47Xi}_post","bodyDescriptor":{"httpContentType":"application/json","conceptId":"concept_v1productsapisave_post_body"}}},{"SetResponseBodyShape":{"responseId":"response_x39W9FuZw2","bodyDescriptor":{"httpContentType":"application/json","conceptId":"concept_dZz0n3AajJwu"}}},{"SetResponseBodyShape":{"responseId":"response_sSrMhzDiP6","bodyDescriptor":{"httpContentType":"application/json","conceptId":"concept_OXfKiephDK0B"}}},{"SetRequestBodyShape":{"requestId":"path_zxoQipNJAf}_patch","bodyDescriptor":{"httpContentType":"application/json","conceptId":"concept_productsapiputproduct_patch_body"}}},{"SetRequestBodyShape":{"requestId":"path_zxoQipNJAf}_put","bodyDescriptor":{"httpContentType":"application/json","conceptId":"concept_productsapiputproduct_put_body"}}},{"SetRequestBodyShape":{"requestId":"path_t8m6HQamik}_patch","bodyDescriptor":{"httpContentType":"application/json","conceptId":"concept_subscriptionsapiputsubscription_patch_body"}}},{"SetRequestBodyShape":{"requestId":"path_t8m6HQamik}_put","bodyDescriptor":{"httpContentType":"application/json","conceptId":"concept_subscriptionsapiputsubscription_put_body"}}},{"SetRequestBodyShape":{"requestId":"path_YUUWUkDGn7}_delete","bodyDescriptor":{"httpContentType":"application/json","conceptId":"concept_productsapideleteproduct_delete_body"}}},{"SetRequestBodyShape":{"requestId":"path_ckjDIYDkmx}_post","bodyDescriptor":{"httpContentType":"application/json","conceptId":"concept_v1productsapifind_post_body"}}},{"SetResponseBodyShape":{"responseId":"response_MPqPHjjjcG","bodyDescriptor":{"httpContentType":"application/json","conceptId":"concept_vIVzORSqLQLN"}}},{"SetRequestBodyShape":{"requestId":"path_eu570s8T2F}_delete","bodyDescriptor":{"httpContentType":"application/json","conceptId":"concept_subscriptionsapideletesubscription_delete_body"}}},{"SetRequestBodyShape":{"requestId":"path_D3SQ0XlF1b}_post","bodyDescriptor":{"httpContentType":"application/json","conceptId":"concept_v1subscriptionsapifind_post_body"}}},{"SetResponseBodyShape":{"responseId":"response_Vzf49e44fu","bodyDescriptor":{"httpContentType":"application/json","conceptId":"concept_2DLlvnx2Dfxr"}}},{"SetResponseBodyShape":{"responseId":"response_MknrR9xllE","bodyDescriptor":{"httpContentType":"application/json","conceptId":"concept_5EJqa5bBj1YI"}}},{"SetRequestBodyShape":{"requestId":"path_x35P137KHN}_post","bodyDescriptor":{"httpContentType":"application/json","conceptId":"concept_v1subscriptionsapisave_post_body"}}},{"SetResponseBodyShape":{"responseId":"response_vvEnJOMPdl","bodyDescriptor":{"httpContentType":"application/json","conceptId":"concept_OGjjzeM3F80N"}}}]