[{"DefineConcept":{"name":"PasswordDTO","root":"shape_Zm49NGqwLA","conceptId":"concept_6eTVOZ_passworddto"}},{"SetConceptName":{"newName":"PasswordDTO","conceptId":"concept_6eTVOZ_passworddto"}},{"DefineConcept":{"name":"TradingAccount","root":"shape_cPvmQe4IDm","conceptId":"concept_cBLgRW_tradingaccount"}},{"SetConceptName":{"newName":"TradingAccount","conceptId":"concept_cBLgRW_tradingaccount"}},{"DefineConcept":{"name":"UserDTO","root":"shape_cjpKwa3TZ0","conceptId":"concept_6I3H5h_userdto"}},{"SetConceptName":{"newName":"UserDTO","conceptId":"concept_6I3H5h_userdto"}},{"AssignType":{"id":"shape_Zm49NGqwLA","to":{"AnyT":{}},"conceptId":"concept_6eTVOZ_passworddto"}},{"AssignType":{"id":"shape_cPvmQe4IDm","to":{"AnyT":{}},"conceptId":"concept_cBLgRW_tradingaccount"}},{"AssignType":{"id":"shape_cjpKwa3TZ0","to":{"AnyT":{}},"conceptId":"concept_6I3H5h_userdto"}},{"AddPathComponent":{"pathId":"e51NTg_path_0","parentPathId":"root","name":"strategies"}},{"AddPathComponent":{"pathId":"e51NTg_path_1","parentPathId":"e51NTg_path_0","name":"strategyId"}},{"AddPathParameter":{"pathId":"e51NTg_path_2","parentPathId":"e51NTg_path_1","name":"strategyId"}},{"AddPathComponent":{"pathId":"e51NTg_path_3","parentPathId":"e51NTg_path_0","name":"templates"}},{"AddPathComponent":{"pathId":"e51NTg_path_4","parentPathId":"root","name":"tradingAccounts"}},{"AddPathComponent":{"pathId":"e51NTg_path_5","parentPathId":"e51NTg_path_4","name":"password"}},{"AddPathParameter":{"pathId":"e51NTg_path_6","parentPathId":"e51NTg_path_5","name":""}},{"AddPathParameter":{"pathId":"e51NTg_path_7","parentPathId":"e51NTg_path_6","name":""}},{"AddPathParameter":{"pathId":"e51NTg_path_8","parentPathId":"e51NTg_path_7","name":"mt4username"}},{"AddPathComponent":{"pathId":"e51NTg_path_9","parentPathId":"root","name":"users"}},{"AddPathComponent":{"pathId":"e51NTg_path_10","parentPathId":"e51NTg_path_9","name":"email"}},{"AddPathParameter":{"pathId":"e51NTg_path_11","parentPathId":"e51NTg_path_10","name":"email"}},{"AddPathComponent":{"pathId":"e51NTg_path_12","parentPathId":"e51NTg_path_9","name":"password"}},{"AddPathParameter":{"pathId":"e51NTg_path_13","parentPathId":"e51NTg_path_12","name":"username"}},{"AddPathComponent":{"pathId":"e51NTg_path_14","parentPathId":"e51NTg_path_9","name":"username"}},{"AddPathParameter":{"pathId":"e51NTg_path_15","parentPathId":"e51NTg_path_14","name":"username"}},{"AddRequest":{"requestId":"path_gB47shBLD7}_put","pathId":"e51NTg_path_8","httpMethod":"put"}},{"DefineInlineConcept":{"root":"shape_PuTCMGN0t9","conceptId":"concept_tradingaccountspasswordusernamebrokerservermt4username_put_body"}},{"AssignType":{"id":"shape_PuTCMGN0t9","to":{"RefT":{"conceptId":"concept_6eTVOZ_passworddto"}},"conceptId":"concept_tradingaccountspasswordusernamebrokerservermt4username_put_body"}},{"AddResponse":{"responseId":"response_0WCt6ajnFL","requestId":"path_gB47shBLD7}_put","httpStatusCode":200}},{"AddRequest":{"requestId":"path_q0ugmwTZKX}_get","pathId":"e51NTg_path_11","httpMethod":"get"}},{"AddResponse":{"responseId":"response_evulM1yUXB","requestId":"path_q0ugmwTZKX}_get","httpStatusCode":200}},{"AddRequest":{"requestId":"path_pdC88Rk3yd}_put","pathId":"e51NTg_path_13","httpMethod":"put"}},{"DefineInlineConcept":{"root":"shape_kKXgoNbYC1","conceptId":"concept_userspasswordusername_put_body"}},{"AssignType":{"id":"shape_kKXgoNbYC1","to":{"RefT":{"conceptId":"concept_6eTVOZ_passworddto"}},"conceptId":"concept_userspasswordusername_put_body"}},{"AddResponse":{"responseId":"response_1J052Eueil","requestId":"path_pdC88Rk3yd}_put","httpStatusCode":200}},{"AddRequest":{"requestId":"path_Wpy16Su5O6}_post","pathId":"e51NTg_path_9","httpMethod":"post"}},{"DefineInlineConcept":{"root":"shape_556ON1wz9O","conceptId":"concept_users_post_body"}},{"AssignType":{"id":"shape_556ON1wz9O","to":{"RefT":{"conceptId":"concept_6I3H5h_userdto"}},"conceptId":"concept_users_post_body"}},{"AddResponse":{"responseId":"response_ipLSKc4rVC","requestId":"path_Wpy16Su5O6}_post","httpStatusCode":200}},{"AddRequest":{"requestId":"path_n0SRaV8aGa}_get","pathId":"e51NTg_path_2","httpMethod":"get"}},{"AddResponse":{"responseId":"response_ZKFzHLF1q5","requestId":"path_n0SRaV8aGa}_get","httpStatusCode":200}},{"AddRequest":{"requestId":"path_EXwqg5SGlT}_get","pathId":"e51NTg_path_15","httpMethod":"get"}},{"AddResponse":{"responseId":"response_wm3PDldJjA","requestId":"path_EXwqg5SGlT}_get","httpStatusCode":200}},{"AddRequest":{"requestId":"path_VglcJyFThr}_get","pathId":"e51NTg_path_3","httpMethod":"get"}},{"AddResponse":{"responseId":"response_ow3j6pDZFp","requestId":"path_VglcJyFThr}_get","httpStatusCode":200}},{"AddRequest":{"requestId":"path_ZRE1YvPoH7}_post","pathId":"e51NTg_path_4","httpMethod":"post"}},{"DefineInlineConcept":{"root":"shape_KmhbeHYEp7","conceptId":"concept_tradingaccounts_post_body"}},{"AssignType":{"id":"shape_KmhbeHYEp7","to":{"RefT":{"conceptId":"concept_cBLgRW_tradingaccount"}},"conceptId":"concept_tradingaccounts_post_body"}},{"AddResponse":{"responseId":"response_NBeItN8zpr","requestId":"path_ZRE1YvPoH7}_post","httpStatusCode":200}},{"SetRequestBodyShape":{"requestId":"path_gB47shBLD7}_put","bodyDescriptor":{"httpContentType":"application/json","conceptId":"concept_tradingaccountspasswordusernamebrokerservermt4username_put_body"}}},{"SetRequestBodyShape":{"requestId":"path_pdC88Rk3yd}_put","bodyDescriptor":{"httpContentType":"application/json","conceptId":"concept_userspasswordusername_put_body"}}},{"SetRequestBodyShape":{"requestId":"path_Wpy16Su5O6}_post","bodyDescriptor":{"httpContentType":"application/json","conceptId":"concept_users_post_body"}}},{"SetRequestBodyShape":{"requestId":"path_ZRE1YvPoH7}_post","bodyDescriptor":{"httpContentType":"application/json","conceptId":"concept_tradingaccounts_post_body"}}}]