[{"AddPathComponent":{"pathId":"RprM6Z_path_0","parentPathId":"root","name":"v1"}},{"AddPathComponent":{"pathId":"RprM6Z_path_1","parentPathId":"RprM6Z_path_0","name":"email"}},{"AddPathComponent":{"pathId":"RprM6Z_path_2","parentPathId":"RprM6Z_path_1","name":"free"}},{"AddRequest":{"requestId":"path_cfvJisUEMt}_get","pathId":"RprM6Z_path_2","httpMethod":"get"}},{"AddResponse":{"responseId":"response_k2uNI5kIU6","requestId":"path_cfvJisUEMt}_get","httpStatusCode":200}},{"DefineInlineConcept":{"root":"shape_yezeX8b2LX","conceptId":"concept_B9k5Ah6CmifB"}},{"AssignType":{"id":"shape_yezeX8b2LX","to":{"StringT":{}},"conceptId":"concept_B9k5Ah6CmifB"}},{"SetResponseBodyShape":{"responseId":"response_k2uNI5kIU6","bodyDescriptor":{"httpContentType":"application/json; charset=utf-8","conceptId":"concept_B9k5Ah6CmifB"}}}]