[{"DefineConcept":{"name":"LanguageDescriptor","root":"shape_HUHIMlkE29","conceptId":"concept_ogF3Sm_languagedescriptor"}},{"SetConceptName":{"newName":"LanguageDescriptor","conceptId":"concept_ogF3Sm_languagedescriptor"}},{"DefineConcept":{"name":"Metadata","root":"shape_RjuElBG9ur","conceptId":"concept_dCXSoe_metadata"}},{"SetConceptName":{"newName":"Metadata","conceptId":"concept_dCXSoe_metadata"}},{"DefineConcept":{"name":"LocaleDescriptor","root":"shape_6KF8IIaTsT","conceptId":"concept_SYvDiO_localedescriptor"}},{"SetConceptName":{"newName":"LocaleDescriptor","conceptId":"concept_SYvDiO_localedescriptor"}},{"DefineConcept":{"name":"TimeZonesResponse","root":"shape_kGHyjAXhHD","conceptId":"concept_MaPftA_timezonesresponse"}},{"SetConceptName":{"newName":"TimeZonesResponse","conceptId":"concept_MaPftA_timezonesresponse"}},{"DefineConcept":{"name":"PopulatedPlacesResponse","root":"shape_Wp9zIlqHzz","conceptId":"concept_s3RdTI_populatedplacesresponse"}},{"SetConceptName":{"newName":"PopulatedPlacesResponse","conceptId":"concept_s3RdTI_populatedplacesresponse"}},{"DefineConcept":{"name":"PopulatedPlaceSummary","root":"shape_cBB99bfp2h","conceptId":"concept_RMSyEU_populatedplacesummary"}},{"SetConceptName":{"newName":"PopulatedPlaceSummary","conceptId":"concept_RMSyEU_populatedplacesummary"}},{"DefineConcept":{"name":"WftError","root":"shape_XNYqiCl7ig","conceptId":"concept_FcEq2Y_wfterror"}},{"SetConceptName":{"newName":"WftError","conceptId":"concept_FcEq2Y_wfterror"}},{"DefineConcept":{"name":"RegionResponse","root":"shape_PMSvAwX9b4","conceptId":"concept_ukum4y_regionresponse"}},{"SetConceptName":{"newName":"RegionResponse","conceptId":"concept_ukum4y_regionresponse"}},{"DefineConcept":{"name":"TimeZoneDescriptor","root":"shape_X6p9HKsbzJ","conceptId":"concept_F3WeVU_timezonedescriptor"}},{"SetConceptName":{"newName":"TimeZoneDescriptor","conceptId":"concept_F3WeVU_timezonedescriptor"}},{"DefineConcept":{"name":"CurrenciesResponse","root":"shape_JW9xQePcYL","conceptId":"concept_ZLJICB_currenciesresponse"}},{"SetConceptName":{"newName":"CurrenciesResponse","conceptId":"concept_ZLJICB_currenciesresponse"}},{"DefineConcept":{"name":"RegionSummary","root":"shape_ujyFkPFBBn","conceptId":"concept_0a9RjY_regionsummary"}},{"SetConceptName":{"newName":"RegionSummary","conceptId":"concept_0a9RjY_regionsummary"}},{"DefineConcept":{"name":"CountryDetails","root":"shape_NAWLCFo0jr","conceptId":"concept_fgBa5E_countrydetails"}},{"SetConceptName":{"newName":"CountryDetails","conceptId":"concept_fgBa5E_countrydetails"}},{"DefineConcept":{"name":"RegionDetails","root":"shape_cWmfWPnPvS","conceptId":"concept_futT17_regiondetails"}},{"SetConceptName":{"newName":"RegionDetails","conceptId":"concept_futT17_regiondetails"}},{"DefineConcept":{"name":"RegionsResponse","root":"shape_IXAsSnpIT5","conceptId":"concept_geNRIn_regionsresponse"}},{"SetConceptName":{"newName":"RegionsResponse","conceptId":"concept_geNRIn_regionsresponse"}},{"DefineConcept":{"name":"CountriesResponse","root":"shape_Z6ipKQHeza","conceptId":"concept_cwaBDi_countriesresponse"}},{"SetConceptName":{"newName":"CountriesResponse","conceptId":"concept_cwaBDi_countriesresponse"}},{"DefineConcept":{"name":"CountryResponse","root":"shape_REUJRwJ8Z1","conceptId":"concept_FRshOz_countryresponse"}},{"SetConceptName":{"newName":"CountryResponse","conceptId":"concept_FRshOz_countryresponse"}},{"DefineConcept":{"name":"TimeResponse","root":"shape_qtrF1Ly71Q","conceptId":"concept_JI773x_timeresponse"}},{"SetConceptName":{"newName":"TimeResponse","conceptId":"concept_JI773x_timeresponse"}},{"DefineConcept":{"name":"PopulatedPlaceType","root":"shape_mX7dchr85V","conceptId":"concept_0C2QQ3_populatedplacetype"}},{"SetConceptName":{"newName":"PopulatedPlaceType","conceptId":"concept_0C2QQ3_populatedplacetype"}},{"DefineConcept":{"name":"PopulatedPlaceResponse","root":"shape_x2mQDXgZ6A","conceptId":"concept_uge00K_populatedplaceresponse"}},{"SetConceptName":{"newName":"PopulatedPlaceResponse","conceptId":"concept_uge00K_populatedplaceresponse"}},{"DefineConcept":{"name":"DistanceResponse","root":"shape_cYmMecVz8s","conceptId":"concept_gng1As_distanceresponse"}},{"SetConceptName":{"newName":"DistanceResponse","conceptId":"concept_gng1As_distanceresponse"}},{"DefineConcept":{"name":"WftErrorCode","root":"shape_5fzuaYLSMo","conceptId":"concept_oOj6KG_wfterrorcode"}},{"SetConceptName":{"newName":"WftErrorCode","conceptId":"concept_oOj6KG_wfterrorcode"}},{"DefineConcept":{"name":"LanguagesResponse","root":"shape_1FgXBjZ8MI","conceptId":"concept_shw5JE_languagesresponse"}},{"SetConceptName":{"newName":"LanguagesResponse","conceptId":"concept_shw5JE_languagesresponse"}},{"DefineConcept":{"name":"LocalesResponse","root":"shape_QKMe0Nao9H","conceptId":"concept_EenSPA_localesresponse"}},{"SetConceptName":{"newName":"LocalesResponse","conceptId":"concept_EenSPA_localesresponse"}},{"DefineConcept":{"name":"DateTimeResponse","root":"shape_0FLWbSKtFJ","conceptId":"concept_KCy6qI_datetimeresponse"}},{"SetConceptName":{"newName":"DateTimeResponse","conceptId":"concept_KCy6qI_datetimeresponse"}},{"DefineConcept":{"name":"CountrySummary","root":"shape_sDITT5thx9","conceptId":"concept_ln4DiO_countrysummary"}},{"SetConceptName":{"newName":"CountrySummary","conceptId":"concept_ln4DiO_countrysummary"}},{"DefineConcept":{"name":"PopulatedPlaceDetails","root":"shape_yO8upuysAD","conceptId":"concept_jdRW3S_populatedplacedetails"}},{"SetConceptName":{"newName":"PopulatedPlaceDetails","conceptId":"concept_jdRW3S_populatedplacedetails"}},{"DefineConcept":{"name":"CurrencyDescriptor","root":"shape_C7BQ54bm83","conceptId":"concept_nkOuXZ_currencydescriptor"}},{"SetConceptName":{"newName":"CurrencyDescriptor","conceptId":"concept_nkOuXZ_currencydescriptor"}},{"DefineConcept":{"name":"Link","root":"shape_0Dz1zqLnGp","conceptId":"concept_GsX8SH_link"}},{"SetConceptName":{"newName":"Link","conceptId":"concept_GsX8SH_link"}},{"AssignType":{"id":"shape_HUHIMlkE29","to":{"ObjectT":{}},"conceptId":"concept_ogF3Sm_languagedescriptor"}},{"AddField":{"parentId":"shape_HUHIMlkE29","id":"shape_LiNsC4Gcgt","conceptId":"concept_ogF3Sm_languagedescriptor"}},{"SetFieldName":{"id":"shape_LiNsC4Gcgt","newName":"code","conceptId":"concept_ogF3Sm_languagedescriptor"}},{"AssignType":{"id":"shape_LiNsC4Gcgt","to":{"StringT":{}},"conceptId":"concept_ogF3Sm_languagedescriptor"}},{"AddField":{"parentId":"shape_HUHIMlkE29","id":"shape_CO3CufQ3M9","conceptId":"concept_ogF3Sm_languagedescriptor"}},{"SetFieldName":{"id":"shape_CO3CufQ3M9","newName":"name","conceptId":"concept_ogF3Sm_languagedescriptor"}},{"AssignType":{"id":"shape_CO3CufQ3M9","to":{"StringT":{}},"conceptId":"concept_ogF3Sm_languagedescriptor"}},{"AssignType":{"id":"shape_RjuElBG9ur","to":{"ObjectT":{}},"conceptId":"concept_dCXSoe_metadata"}},{"AddField":{"parentId":"shape_RjuElBG9ur","id":"shape_f2oSSEgVJi","conceptId":"concept_dCXSoe_metadata"}},{"SetFieldName":{"id":"shape_f2oSSEgVJi","newName":"currentOffset","conceptId":"concept_dCXSoe_metadata"}},{"AssignType":{"id":"shape_f2oSSEgVJi","to":{"IntegerT":{}},"conceptId":"concept_dCXSoe_metadata"}},{"AddField":{"parentId":"shape_RjuElBG9ur","id":"shape_Je0t6ZVPkT","conceptId":"concept_dCXSoe_metadata"}},{"SetFieldName":{"id":"shape_Je0t6ZVPkT","newName":"totalCount","conceptId":"concept_dCXSoe_metadata"}},{"AssignType":{"id":"shape_Je0t6ZVPkT","to":{"IntegerT":{}},"conceptId":"concept_dCXSoe_metadata"}},{"AssignType":{"id":"shape_6KF8IIaTsT","to":{"ObjectT":{}},"conceptId":"concept_SYvDiO_localedescriptor"}},{"AddField":{"parentId":"shape_6KF8IIaTsT","id":"shape_CcB3beZLfw","conceptId":"concept_SYvDiO_localedescriptor"}},{"SetFieldName":{"id":"shape_CcB3beZLfw","newName":"code","conceptId":"concept_SYvDiO_localedescriptor"}},{"AssignType":{"id":"shape_CcB3beZLfw","to":{"StringT":{}},"conceptId":"concept_SYvDiO_localedescriptor"}},{"AssignType":{"id":"shape_kGHyjAXhHD","to":{"ObjectT":{}},"conceptId":"concept_MaPftA_timezonesresponse"}},{"AddField":{"parentId":"shape_kGHyjAXhHD","id":"shape_RxeD6PWw9D","conceptId":"concept_MaPftA_timezonesresponse"}},{"SetFieldName":{"id":"shape_RxeD6PWw9D","newName":"data","conceptId":"concept_MaPftA_timezonesresponse"}},{"AssignType":{"id":"shape_RxeD6PWw9D","to":{"ListT":{}},"conceptId":"concept_MaPftA_timezonesresponse"}},{"AddTypeParameter":{"parentId":"shape_RxeD6PWw9D","id":"shape_UJzTaLA5Ng","conceptId":"concept_MaPftA_timezonesresponse"}},{"AssignType":{"id":"shape_UJzTaLA5Ng","to":{"RefT":{"conceptId":"concept_F3WeVU_timezonedescriptor"}},"conceptId":"concept_MaPftA_timezonesresponse"}},{"AddField":{"parentId":"shape_kGHyjAXhHD","id":"shape_J6vE7q5aIv","conceptId":"concept_MaPftA_timezonesresponse"}},{"SetFieldName":{"id":"shape_J6vE7q5aIv","newName":"errors","conceptId":"concept_MaPftA_timezonesresponse"}},{"AssignType":{"id":"shape_J6vE7q5aIv","to":{"ListT":{}},"conceptId":"concept_MaPftA_timezonesresponse"}},{"AddTypeParameter":{"parentId":"shape_J6vE7q5aIv","id":"shape_sYZROW5MpY","conceptId":"concept_MaPftA_timezonesresponse"}},{"AssignType":{"id":"shape_sYZROW5MpY","to":{"RefT":{"conceptId":"concept_FcEq2Y_wfterror"}},"conceptId":"concept_MaPftA_timezonesresponse"}},{"AddField":{"parentId":"shape_kGHyjAXhHD","id":"shape_XIhkvirxe4","conceptId":"concept_MaPftA_timezonesresponse"}},{"SetFieldName":{"id":"shape_XIhkvirxe4","newName":"links","conceptId":"concept_MaPftA_timezonesresponse"}},{"AssignType":{"id":"shape_XIhkvirxe4","to":{"ListT":{}},"conceptId":"concept_MaPftA_timezonesresponse"}},{"AddTypeParameter":{"parentId":"shape_XIhkvirxe4","id":"shape_FFumulZKKh","conceptId":"concept_MaPftA_timezonesresponse"}},{"AssignType":{"id":"shape_FFumulZKKh","to":{"RefT":{"conceptId":"concept_GsX8SH_link"}},"conceptId":"concept_MaPftA_timezonesresponse"}},{"AddField":{"parentId":"shape_kGHyjAXhHD","id":"shape_9GNiw9ihgh","conceptId":"concept_MaPftA_timezonesresponse"}},{"SetFieldName":{"id":"shape_9GNiw9ihgh","newName":"metadata","conceptId":"concept_MaPftA_timezonesresponse"}},{"AssignType":{"id":"shape_9GNiw9ihgh","to":{"RefT":{"conceptId":"concept_dCXSoe_metadata"}},"conceptId":"concept_MaPftA_timezonesresponse"}},{"AssignType":{"id":"shape_Wp9zIlqHzz","to":{"ObjectT":{}},"conceptId":"concept_s3RdTI_populatedplacesresponse"}},{"AddField":{"parentId":"shape_Wp9zIlqHzz","id":"shape_f6f6fF5TJc","conceptId":"concept_s3RdTI_populatedplacesresponse"}},{"SetFieldName":{"id":"shape_f6f6fF5TJc","newName":"data","conceptId":"concept_s3RdTI_populatedplacesresponse"}},{"AssignType":{"id":"shape_f6f6fF5TJc","to":{"ListT":{}},"conceptId":"concept_s3RdTI_populatedplacesresponse"}},{"AddTypeParameter":{"parentId":"shape_f6f6fF5TJc","id":"shape_mrKhFqvSUu","conceptId":"concept_s3RdTI_populatedplacesresponse"}},{"AssignType":{"id":"shape_mrKhFqvSUu","to":{"RefT":{"conceptId":"concept_RMSyEU_populatedplacesummary"}},"conceptId":"concept_s3RdTI_populatedplacesresponse"}},{"AddField":{"parentId":"shape_Wp9zIlqHzz","id":"shape_PMFqXudwvX","conceptId":"concept_s3RdTI_populatedplacesresponse"}},{"SetFieldName":{"id":"shape_PMFqXudwvX","newName":"errors","conceptId":"concept_s3RdTI_populatedplacesresponse"}},{"AssignType":{"id":"shape_PMFqXudwvX","to":{"ListT":{}},"conceptId":"concept_s3RdTI_populatedplacesresponse"}},{"AddTypeParameter":{"parentId":"shape_PMFqXudwvX","id":"shape_MQDH59Cgo7","conceptId":"concept_s3RdTI_populatedplacesresponse"}},{"AssignType":{"id":"shape_MQDH59Cgo7","to":{"RefT":{"conceptId":"concept_FcEq2Y_wfterror"}},"conceptId":"concept_s3RdTI_populatedplacesresponse"}},{"AddField":{"parentId":"shape_Wp9zIlqHzz","id":"shape_PJjI5tofEE","conceptId":"concept_s3RdTI_populatedplacesresponse"}},{"SetFieldName":{"id":"shape_PJjI5tofEE","newName":"links","conceptId":"concept_s3RdTI_populatedplacesresponse"}},{"AssignType":{"id":"shape_PJjI5tofEE","to":{"ListT":{}},"conceptId":"concept_s3RdTI_populatedplacesresponse"}},{"AddTypeParameter":{"parentId":"shape_PJjI5tofEE","id":"shape_0y0AxybqoJ","conceptId":"concept_s3RdTI_populatedplacesresponse"}},{"AssignType":{"id":"shape_0y0AxybqoJ","to":{"RefT":{"conceptId":"concept_GsX8SH_link"}},"conceptId":"concept_s3RdTI_populatedplacesresponse"}},{"AddField":{"parentId":"shape_Wp9zIlqHzz","id":"shape_sO3pkZovKQ","conceptId":"concept_s3RdTI_populatedplacesresponse"}},{"SetFieldName":{"id":"shape_sO3pkZovKQ","newName":"metadata","conceptId":"concept_s3RdTI_populatedplacesresponse"}},{"AssignType":{"id":"shape_sO3pkZovKQ","to":{"RefT":{"conceptId":"concept_dCXSoe_metadata"}},"conceptId":"concept_s3RdTI_populatedplacesresponse"}},{"AssignType":{"id":"shape_cBB99bfp2h","to":{"ObjectT":{}},"conceptId":"concept_RMSyEU_populatedplacesummary"}},{"AddField":{"parentId":"shape_cBB99bfp2h","id":"shape_6yfT6DLpdt","conceptId":"concept_RMSyEU_populatedplacesummary"}},{"SetFieldName":{"id":"shape_6yfT6DLpdt","newName":"regionCode","conceptId":"concept_RMSyEU_populatedplacesummary"}},{"AssignType":{"id":"shape_6yfT6DLpdt","to":{"StringT":{}},"conceptId":"concept_RMSyEU_populatedplacesummary"}},{"AddField":{"parentId":"shape_cBB99bfp2h","id":"shape_2ujkNJz3co","conceptId":"concept_RMSyEU_populatedplacesummary"}},{"SetFieldName":{"id":"shape_2ujkNJz3co","newName":"wikiDataId","conceptId":"concept_RMSyEU_populatedplacesummary"}},{"AssignType":{"id":"shape_2ujkNJz3co","to":{"StringT":{}},"conceptId":"concept_RMSyEU_populatedplacesummary"}},{"AddField":{"parentId":"shape_cBB99bfp2h","id":"shape_mnZh2NHIr0","conceptId":"concept_RMSyEU_populatedplacesummary"}},{"SetFieldName":{"id":"shape_mnZh2NHIr0","newName":"city","conceptId":"concept_RMSyEU_populatedplacesummary"}},{"AssignType":{"id":"shape_mnZh2NHIr0","to":{"StringT":{}},"conceptId":"concept_RMSyEU_populatedplacesummary"}},{"AddField":{"parentId":"shape_cBB99bfp2h","id":"shape_sgPF2sB6It","conceptId":"concept_RMSyEU_populatedplacesummary"}},{"SetFieldName":{"id":"shape_sgPF2sB6It","newName":"name","conceptId":"concept_RMSyEU_populatedplacesummary"}},{"AssignType":{"id":"shape_sgPF2sB6It","to":{"StringT":{}},"conceptId":"concept_RMSyEU_populatedplacesummary"}},{"AddField":{"parentId":"shape_cBB99bfp2h","id":"shape_heOf7vNVUl","conceptId":"concept_RMSyEU_populatedplacesummary"}},{"SetFieldName":{"id":"shape_heOf7vNVUl","newName":"latitude","conceptId":"concept_RMSyEU_populatedplacesummary"}},{"AssignType":{"id":"shape_heOf7vNVUl","to":{"NumberT":{}},"conceptId":"concept_RMSyEU_populatedplacesummary"}},{"AddField":{"parentId":"shape_cBB99bfp2h","id":"shape_QShat518Le","conceptId":"concept_RMSyEU_populatedplacesummary"}},{"SetFieldName":{"id":"shape_QShat518Le","newName":"country","conceptId":"concept_RMSyEU_populatedplacesummary"}},{"AssignType":{"id":"shape_QShat518Le","to":{"StringT":{}},"conceptId":"concept_RMSyEU_populatedplacesummary"}},{"AddField":{"parentId":"shape_cBB99bfp2h","id":"shape_IAtwgVoTJB","conceptId":"concept_RMSyEU_populatedplacesummary"}},{"SetFieldName":{"id":"shape_IAtwgVoTJB","newName":"longitude","conceptId":"concept_RMSyEU_populatedplacesummary"}},{"AssignType":{"id":"shape_IAtwgVoTJB","to":{"NumberT":{}},"conceptId":"concept_RMSyEU_populatedplacesummary"}},{"AddField":{"parentId":"shape_cBB99bfp2h","id":"shape_jG2P1amIPw","conceptId":"concept_RMSyEU_populatedplacesummary"}},{"SetFieldName":{"id":"shape_jG2P1amIPw","newName":"id","conceptId":"concept_RMSyEU_populatedplacesummary"}},{"AssignType":{"id":"shape_jG2P1amIPw","to":{"IntegerT":{}},"conceptId":"concept_RMSyEU_populatedplacesummary"}},{"AddField":{"parentId":"shape_cBB99bfp2h","id":"shape_ed9UxJ1r5X","conceptId":"concept_RMSyEU_populatedplacesummary"}},{"SetFieldName":{"id":"shape_ed9UxJ1r5X","newName":"countryCode","conceptId":"concept_RMSyEU_populatedplacesummary"}},{"AssignType":{"id":"shape_ed9UxJ1r5X","to":{"StringT":{}},"conceptId":"concept_RMSyEU_populatedplacesummary"}},{"AddField":{"parentId":"shape_cBB99bfp2h","id":"shape_ovslTL24bn","conceptId":"concept_RMSyEU_populatedplacesummary"}},{"SetFieldName":{"id":"shape_ovslTL24bn","newName":"region","conceptId":"concept_RMSyEU_populatedplacesummary"}},{"AssignType":{"id":"shape_ovslTL24bn","to":{"StringT":{}},"conceptId":"concept_RMSyEU_populatedplacesummary"}},{"AddField":{"parentId":"shape_cBB99bfp2h","id":"shape_ywuYiKqLR6","conceptId":"concept_RMSyEU_populatedplacesummary"}},{"SetFieldName":{"id":"shape_ywuYiKqLR6","newName":"type","conceptId":"concept_RMSyEU_populatedplacesummary"}},{"AssignType":{"id":"shape_ywuYiKqLR6","to":{"RefT":{"conceptId":"concept_0C2QQ3_populatedplacetype"}},"conceptId":"concept_RMSyEU_populatedplacesummary"}},{"AddField":{"parentId":"shape_cBB99bfp2h","id":"shape_53MVmLtYvA","conceptId":"concept_RMSyEU_populatedplacesummary"}},{"SetFieldName":{"id":"shape_53MVmLtYvA","newName":"distance","conceptId":"concept_RMSyEU_populatedplacesummary"}},{"AssignType":{"id":"shape_53MVmLtYvA","to":{"NumberT":{}},"conceptId":"concept_RMSyEU_populatedplacesummary"}},{"AssignType":{"id":"shape_XNYqiCl7ig","to":{"ObjectT":{}},"conceptId":"concept_FcEq2Y_wfterror"}},{"AddField":{"parentId":"shape_XNYqiCl7ig","id":"shape_SKJGYiyROH","conceptId":"concept_FcEq2Y_wfterror"}},{"SetFieldName":{"id":"shape_SKJGYiyROH","newName":"code","conceptId":"concept_FcEq2Y_wfterror"}},{"AssignType":{"id":"shape_SKJGYiyROH","to":{"RefT":{"conceptId":"concept_oOj6KG_wfterrorcode"}},"conceptId":"concept_FcEq2Y_wfterror"}},{"AddField":{"parentId":"shape_XNYqiCl7ig","id":"shape_AF4c7GZGBZ","conceptId":"concept_FcEq2Y_wfterror"}},{"SetFieldName":{"id":"shape_AF4c7GZGBZ","newName":"message","conceptId":"concept_FcEq2Y_wfterror"}},{"AssignType":{"id":"shape_AF4c7GZGBZ","to":{"StringT":{}},"conceptId":"concept_FcEq2Y_wfterror"}},{"AssignType":{"id":"shape_PMSvAwX9b4","to":{"ObjectT":{}},"conceptId":"concept_ukum4y_regionresponse"}},{"AddField":{"parentId":"shape_PMSvAwX9b4","id":"shape_mFqHGJalNM","conceptId":"concept_ukum4y_regionresponse"}},{"SetFieldName":{"id":"shape_mFqHGJalNM","newName":"data","conceptId":"concept_ukum4y_regionresponse"}},{"AssignType":{"id":"shape_mFqHGJalNM","to":{"RefT":{"conceptId":"concept_futT17_regiondetails"}},"conceptId":"concept_ukum4y_regionresponse"}},{"AddField":{"parentId":"shape_PMSvAwX9b4","id":"shape_1SLLCgGp3G","conceptId":"concept_ukum4y_regionresponse"}},{"SetFieldName":{"id":"shape_1SLLCgGp3G","newName":"errors","conceptId":"concept_ukum4y_regionresponse"}},{"AssignType":{"id":"shape_1SLLCgGp3G","to":{"ListT":{}},"conceptId":"concept_ukum4y_regionresponse"}},{"AddTypeParameter":{"parentId":"shape_1SLLCgGp3G","id":"shape_oGr8ypBQrH","conceptId":"concept_ukum4y_regionresponse"}},{"AssignType":{"id":"shape_oGr8ypBQrH","to":{"RefT":{"conceptId":"concept_FcEq2Y_wfterror"}},"conceptId":"concept_ukum4y_regionresponse"}},{"AssignType":{"id":"shape_X6p9HKsbzJ","to":{"ObjectT":{}},"conceptId":"concept_F3WeVU_timezonedescriptor"}},{"AddField":{"parentId":"shape_X6p9HKsbzJ","id":"shape_wN4PgJZFCW","conceptId":"concept_F3WeVU_timezonedescriptor"}},{"SetFieldName":{"id":"shape_wN4PgJZFCW","newName":"id","conceptId":"concept_F3WeVU_timezonedescriptor"}},{"AssignType":{"id":"shape_wN4PgJZFCW","to":{"StringT":{}},"conceptId":"concept_F3WeVU_timezonedescriptor"}},{"AddField":{"parentId":"shape_X6p9HKsbzJ","id":"shape_BEVtrm8HVR","conceptId":"concept_F3WeVU_timezonedescriptor"}},{"SetFieldName":{"id":"shape_BEVtrm8HVR","newName":"name","conceptId":"concept_F3WeVU_timezonedescriptor"}},{"AssignType":{"id":"shape_BEVtrm8HVR","to":{"StringT":{}},"conceptId":"concept_F3WeVU_timezonedescriptor"}},{"AddField":{"parentId":"shape_X6p9HKsbzJ","id":"shape_GAJC0qE6kb","conceptId":"concept_F3WeVU_timezonedescriptor"}},{"SetFieldName":{"id":"shape_GAJC0qE6kb","newName":"rawUtcOffsetHours","conceptId":"concept_F3WeVU_timezonedescriptor"}},{"AssignType":{"id":"shape_GAJC0qE6kb","to":{"IntegerT":{}},"conceptId":"concept_F3WeVU_timezonedescriptor"}},{"AssignType":{"id":"shape_JW9xQePcYL","to":{"ObjectT":{}},"conceptId":"concept_ZLJICB_currenciesresponse"}},{"AddField":{"parentId":"shape_JW9xQePcYL","id":"shape_uEoXZ2IcT2","conceptId":"concept_ZLJICB_currenciesresponse"}},{"SetFieldName":{"id":"shape_uEoXZ2IcT2","newName":"data","conceptId":"concept_ZLJICB_currenciesresponse"}},{"AssignType":{"id":"shape_uEoXZ2IcT2","to":{"ListT":{}},"conceptId":"concept_ZLJICB_currenciesresponse"}},{"AddTypeParameter":{"parentId":"shape_uEoXZ2IcT2","id":"shape_9OZQQsmTAl","conceptId":"concept_ZLJICB_currenciesresponse"}},{"AssignType":{"id":"shape_9OZQQsmTAl","to":{"RefT":{"conceptId":"concept_nkOuXZ_currencydescriptor"}},"conceptId":"concept_ZLJICB_currenciesresponse"}},{"AddField":{"parentId":"shape_JW9xQePcYL","id":"shape_hMMc1UDaxh","conceptId":"concept_ZLJICB_currenciesresponse"}},{"SetFieldName":{"id":"shape_hMMc1UDaxh","newName":"errors","conceptId":"concept_ZLJICB_currenciesresponse"}},{"AssignType":{"id":"shape_hMMc1UDaxh","to":{"ListT":{}},"conceptId":"concept_ZLJICB_currenciesresponse"}},{"AddTypeParameter":{"parentId":"shape_hMMc1UDaxh","id":"shape_r0AXYS9q8t","conceptId":"concept_ZLJICB_currenciesresponse"}},{"AssignType":{"id":"shape_r0AXYS9q8t","to":{"RefT":{"conceptId":"concept_FcEq2Y_wfterror"}},"conceptId":"concept_ZLJICB_currenciesresponse"}},{"AddField":{"parentId":"shape_JW9xQePcYL","id":"shape_89soE40jG7","conceptId":"concept_ZLJICB_currenciesresponse"}},{"SetFieldName":{"id":"shape_89soE40jG7","newName":"links","conceptId":"concept_ZLJICB_currenciesresponse"}},{"AssignType":{"id":"shape_89soE40jG7","to":{"ListT":{}},"conceptId":"concept_ZLJICB_currenciesresponse"}},{"AddTypeParameter":{"parentId":"shape_89soE40jG7","id":"shape_elC2Wlirev","conceptId":"concept_ZLJICB_currenciesresponse"}},{"AssignType":{"id":"shape_elC2Wlirev","to":{"RefT":{"conceptId":"concept_GsX8SH_link"}},"conceptId":"concept_ZLJICB_currenciesresponse"}},{"AddField":{"parentId":"shape_JW9xQePcYL","id":"shape_i1qgBBu2X1","conceptId":"concept_ZLJICB_currenciesresponse"}},{"SetFieldName":{"id":"shape_i1qgBBu2X1","newName":"metadata","conceptId":"concept_ZLJICB_currenciesresponse"}},{"AssignType":{"id":"shape_i1qgBBu2X1","to":{"RefT":{"conceptId":"concept_dCXSoe_metadata"}},"conceptId":"concept_ZLJICB_currenciesresponse"}},{"AssignType":{"id":"shape_ujyFkPFBBn","to":{"ObjectT":{}},"conceptId":"concept_0a9RjY_regionsummary"}},{"AddField":{"parentId":"shape_ujyFkPFBBn","id":"shape_a6LpN1Acgl","conceptId":"concept_0a9RjY_regionsummary"}},{"SetFieldName":{"id":"shape_a6LpN1Acgl","newName":"wikiDataId","conceptId":"concept_0a9RjY_regionsummary"}},{"AssignType":{"id":"shape_a6LpN1Acgl","to":{"StringT":{}},"conceptId":"concept_0a9RjY_regionsummary"}},{"AddField":{"parentId":"shape_ujyFkPFBBn","id":"shape_MotjJUoOn2","conceptId":"concept_0a9RjY_regionsummary"}},{"SetFieldName":{"id":"shape_MotjJUoOn2","newName":"name","conceptId":"concept_0a9RjY_regionsummary"}},{"AssignType":{"id":"shape_MotjJUoOn2","to":{"StringT":{}},"conceptId":"concept_0a9RjY_regionsummary"}},{"AddField":{"parentId":"shape_ujyFkPFBBn","id":"shape_MDiV1OcYYf","conceptId":"concept_0a9RjY_regionsummary"}},{"SetFieldName":{"id":"shape_MDiV1OcYYf","newName":"fipsCode","conceptId":"concept_0a9RjY_regionsummary"}},{"AssignType":{"id":"shape_MDiV1OcYYf","to":{"StringT":{}},"conceptId":"concept_0a9RjY_regionsummary"}},{"AddField":{"parentId":"shape_ujyFkPFBBn","id":"shape_EmzeLnnHkC","conceptId":"concept_0a9RjY_regionsummary"}},{"SetFieldName":{"id":"shape_EmzeLnnHkC","newName":"isoCode","conceptId":"concept_0a9RjY_regionsummary"}},{"AssignType":{"id":"shape_EmzeLnnHkC","to":{"StringT":{}},"conceptId":"concept_0a9RjY_regionsummary"}},{"AddField":{"parentId":"shape_ujyFkPFBBn","id":"shape_BGMUvPzgT0","conceptId":"concept_0a9RjY_regionsummary"}},{"SetFieldName":{"id":"shape_BGMUvPzgT0","newName":"countryCode","conceptId":"concept_0a9RjY_regionsummary"}},{"AssignType":{"id":"shape_BGMUvPzgT0","to":{"StringT":{}},"conceptId":"concept_0a9RjY_regionsummary"}},{"AssignType":{"id":"shape_NAWLCFo0jr","to":{"ObjectT":{}},"conceptId":"concept_fgBa5E_countrydetails"}},{"AddField":{"parentId":"shape_NAWLCFo0jr","id":"shape_DEfBdpSbS3","conceptId":"concept_fgBa5E_countrydetails"}},{"SetFieldName":{"id":"shape_DEfBdpSbS3","newName":"wikiDataId","conceptId":"concept_fgBa5E_countrydetails"}},{"AssignType":{"id":"shape_DEfBdpSbS3","to":{"StringT":{}},"conceptId":"concept_fgBa5E_countrydetails"}},{"AddField":{"parentId":"shape_NAWLCFo0jr","id":"shape_CX4uutRP9B","conceptId":"concept_fgBa5E_countrydetails"}},{"SetFieldName":{"id":"shape_CX4uutRP9B","newName":"name","conceptId":"concept_fgBa5E_countrydetails"}},{"AssignType":{"id":"shape_CX4uutRP9B","to":{"StringT":{}},"conceptId":"concept_fgBa5E_countrydetails"}},{"AddField":{"parentId":"shape_NAWLCFo0jr","id":"shape_3TShwEMnZo","conceptId":"concept_fgBa5E_countrydetails"}},{"SetFieldName":{"id":"shape_3TShwEMnZo","newName":"numRegions","conceptId":"concept_fgBa5E_countrydetails"}},{"AssignType":{"id":"shape_3TShwEMnZo","to":{"IntegerT":{}},"conceptId":"concept_fgBa5E_countrydetails"}},{"AddField":{"parentId":"shape_NAWLCFo0jr","id":"shape_wyZUF089HK","conceptId":"concept_fgBa5E_countrydetails"}},{"SetFieldName":{"id":"shape_wyZUF089HK","newName":"code","conceptId":"concept_fgBa5E_countrydetails"}},{"AssignType":{"id":"shape_wyZUF089HK","to":{"StringT":{}},"conceptId":"concept_fgBa5E_countrydetails"}},{"AddField":{"parentId":"shape_NAWLCFo0jr","id":"shape_7ulGvWqr8C","conceptId":"concept_fgBa5E_countrydetails"}},{"SetFieldName":{"id":"shape_7ulGvWqr8C","newName":"currencyCodes","conceptId":"concept_fgBa5E_countrydetails"}},{"AssignType":{"id":"shape_7ulGvWqr8C","to":{"ListT":{}},"conceptId":"concept_fgBa5E_countrydetails"}},{"AddTypeParameter":{"parentId":"shape_7ulGvWqr8C","id":"shape_9bgYDJKhrc","conceptId":"concept_fgBa5E_countrydetails"}},{"AssignType":{"id":"shape_9bgYDJKhrc","to":{"StringT":{}},"conceptId":"concept_fgBa5E_countrydetails"}},{"AddField":{"parentId":"shape_NAWLCFo0jr","id":"shape_s9A5w0szhv","conceptId":"concept_fgBa5E_countrydetails"}},{"SetFieldName":{"id":"shape_s9A5w0szhv","newName":"flagImageUri","conceptId":"concept_fgBa5E_countrydetails"}},{"AssignType":{"id":"shape_s9A5w0szhv","to":{"StringT":{}},"conceptId":"concept_fgBa5E_countrydetails"}},{"AssignType":{"id":"shape_cWmfWPnPvS","to":{"ObjectT":{}},"conceptId":"concept_futT17_regiondetails"}},{"AddField":{"parentId":"shape_cWmfWPnPvS","id":"shape_RDn7GjQb0z","conceptId":"concept_futT17_regiondetails"}},{"SetFieldName":{"id":"shape_RDn7GjQb0z","newName":"wikiDataId","conceptId":"concept_futT17_regiondetails"}},{"AssignType":{"id":"shape_RDn7GjQb0z","to":{"StringT":{}},"conceptId":"concept_futT17_regiondetails"}},{"AddField":{"parentId":"shape_cWmfWPnPvS","id":"shape_uy0KCi4kuf","conceptId":"concept_futT17_regiondetails"}},{"SetFieldName":{"id":"shape_uy0KCi4kuf","newName":"name","conceptId":"concept_futT17_regiondetails"}},{"AssignType":{"id":"shape_uy0KCi4kuf","to":{"StringT":{}},"conceptId":"concept_futT17_regiondetails"}},{"AddField":{"parentId":"shape_cWmfWPnPvS","id":"shape_hh6gjctiwJ","conceptId":"concept_futT17_regiondetails"}},{"SetFieldName":{"id":"shape_hh6gjctiwJ","newName":"fipsCode","conceptId":"concept_futT17_regiondetails"}},{"AssignType":{"id":"shape_hh6gjctiwJ","to":{"StringT":{}},"conceptId":"concept_futT17_regiondetails"}},{"AddField":{"parentId":"shape_cWmfWPnPvS","id":"shape_TMAMqLnKMu","conceptId":"concept_futT17_regiondetails"}},{"SetFieldName":{"id":"shape_TMAMqLnKMu","newName":"isoCode","conceptId":"concept_futT17_regiondetails"}},{"AssignType":{"id":"shape_TMAMqLnKMu","to":{"StringT":{}},"conceptId":"concept_futT17_regiondetails"}},{"AddField":{"parentId":"shape_cWmfWPnPvS","id":"shape_KbS80f73tI","conceptId":"concept_futT17_regiondetails"}},{"SetFieldName":{"id":"shape_KbS80f73tI","newName":"capital","conceptId":"concept_futT17_regiondetails"}},{"AssignType":{"id":"shape_KbS80f73tI","to":{"StringT":{}},"conceptId":"concept_futT17_regiondetails"}},{"AddField":{"parentId":"shape_cWmfWPnPvS","id":"shape_7UIlCoLVWc","conceptId":"concept_futT17_regiondetails"}},{"SetFieldName":{"id":"shape_7UIlCoLVWc","newName":"countryCode","conceptId":"concept_futT17_regiondetails"}},{"AssignType":{"id":"shape_7UIlCoLVWc","to":{"StringT":{}},"conceptId":"concept_futT17_regiondetails"}},{"AddField":{"parentId":"shape_cWmfWPnPvS","id":"shape_0VRcd08NcE","conceptId":"concept_futT17_regiondetails"}},{"SetFieldName":{"id":"shape_0VRcd08NcE","newName":"numCities","conceptId":"concept_futT17_regiondetails"}},{"AssignType":{"id":"shape_0VRcd08NcE","to":{"IntegerT":{}},"conceptId":"concept_futT17_regiondetails"}},{"AssignType":{"id":"shape_IXAsSnpIT5","to":{"ObjectT":{}},"conceptId":"concept_geNRIn_regionsresponse"}},{"AddField":{"parentId":"shape_IXAsSnpIT5","id":"shape_Lk3ktwCxK1","conceptId":"concept_geNRIn_regionsresponse"}},{"SetFieldName":{"id":"shape_Lk3ktwCxK1","newName":"data","conceptId":"concept_geNRIn_regionsresponse"}},{"AssignType":{"id":"shape_Lk3ktwCxK1","to":{"ListT":{}},"conceptId":"concept_geNRIn_regionsresponse"}},{"AddTypeParameter":{"parentId":"shape_Lk3ktwCxK1","id":"shape_UzY3r2JylC","conceptId":"concept_geNRIn_regionsresponse"}},{"AssignType":{"id":"shape_UzY3r2JylC","to":{"RefT":{"conceptId":"concept_0a9RjY_regionsummary"}},"conceptId":"concept_geNRIn_regionsresponse"}},{"AddField":{"parentId":"shape_IXAsSnpIT5","id":"shape_3LPGQUe772","conceptId":"concept_geNRIn_regionsresponse"}},{"SetFieldName":{"id":"shape_3LPGQUe772","newName":"errors","conceptId":"concept_geNRIn_regionsresponse"}},{"AssignType":{"id":"shape_3LPGQUe772","to":{"ListT":{}},"conceptId":"concept_geNRIn_regionsresponse"}},{"AddTypeParameter":{"parentId":"shape_3LPGQUe772","id":"shape_GvqVVDRWul","conceptId":"concept_geNRIn_regionsresponse"}},{"AssignType":{"id":"shape_GvqVVDRWul","to":{"RefT":{"conceptId":"concept_FcEq2Y_wfterror"}},"conceptId":"concept_geNRIn_regionsresponse"}},{"AddField":{"parentId":"shape_IXAsSnpIT5","id":"shape_WsLy6HHsBa","conceptId":"concept_geNRIn_regionsresponse"}},{"SetFieldName":{"id":"shape_WsLy6HHsBa","newName":"links","conceptId":"concept_geNRIn_regionsresponse"}},{"AssignType":{"id":"shape_WsLy6HHsBa","to":{"ListT":{}},"conceptId":"concept_geNRIn_regionsresponse"}},{"AddTypeParameter":{"parentId":"shape_WsLy6HHsBa","id":"shape_0iqh07v1Dd","conceptId":"concept_geNRIn_regionsresponse"}},{"AssignType":{"id":"shape_0iqh07v1Dd","to":{"RefT":{"conceptId":"concept_GsX8SH_link"}},"conceptId":"concept_geNRIn_regionsresponse"}},{"AddField":{"parentId":"shape_IXAsSnpIT5","id":"shape_5C9UOrGiRh","conceptId":"concept_geNRIn_regionsresponse"}},{"SetFieldName":{"id":"shape_5C9UOrGiRh","newName":"metadata","conceptId":"concept_geNRIn_regionsresponse"}},{"AssignType":{"id":"shape_5C9UOrGiRh","to":{"RefT":{"conceptId":"concept_dCXSoe_metadata"}},"conceptId":"concept_geNRIn_regionsresponse"}},{"AssignType":{"id":"shape_Z6ipKQHeza","to":{"ObjectT":{}},"conceptId":"concept_cwaBDi_countriesresponse"}},{"AddField":{"parentId":"shape_Z6ipKQHeza","id":"shape_7hBYY4pApi","conceptId":"concept_cwaBDi_countriesresponse"}},{"SetFieldName":{"id":"shape_7hBYY4pApi","newName":"data","conceptId":"concept_cwaBDi_countriesresponse"}},{"AssignType":{"id":"shape_7hBYY4pApi","to":{"ListT":{}},"conceptId":"concept_cwaBDi_countriesresponse"}},{"AddTypeParameter":{"parentId":"shape_7hBYY4pApi","id":"shape_MHAkn1cpZA","conceptId":"concept_cwaBDi_countriesresponse"}},{"AssignType":{"id":"shape_MHAkn1cpZA","to":{"RefT":{"conceptId":"concept_ln4DiO_countrysummary"}},"conceptId":"concept_cwaBDi_countriesresponse"}},{"AddField":{"parentId":"shape_Z6ipKQHeza","id":"shape_oA4JsvBbEF","conceptId":"concept_cwaBDi_countriesresponse"}},{"SetFieldName":{"id":"shape_oA4JsvBbEF","newName":"errors","conceptId":"concept_cwaBDi_countriesresponse"}},{"AssignType":{"id":"shape_oA4JsvBbEF","to":{"ListT":{}},"conceptId":"concept_cwaBDi_countriesresponse"}},{"AddTypeParameter":{"parentId":"shape_oA4JsvBbEF","id":"shape_YWMAmiXF1P","conceptId":"concept_cwaBDi_countriesresponse"}},{"AssignType":{"id":"shape_YWMAmiXF1P","to":{"RefT":{"conceptId":"concept_FcEq2Y_wfterror"}},"conceptId":"concept_cwaBDi_countriesresponse"}},{"AddField":{"parentId":"shape_Z6ipKQHeza","id":"shape_p9gphTtHXL","conceptId":"concept_cwaBDi_countriesresponse"}},{"SetFieldName":{"id":"shape_p9gphTtHXL","newName":"links","conceptId":"concept_cwaBDi_countriesresponse"}},{"AssignType":{"id":"shape_p9gphTtHXL","to":{"ListT":{}},"conceptId":"concept_cwaBDi_countriesresponse"}},{"AddTypeParameter":{"parentId":"shape_p9gphTtHXL","id":"shape_HgtXDMx9GH","conceptId":"concept_cwaBDi_countriesresponse"}},{"AssignType":{"id":"shape_HgtXDMx9GH","to":{"RefT":{"conceptId":"concept_GsX8SH_link"}},"conceptId":"concept_cwaBDi_countriesresponse"}},{"AddField":{"parentId":"shape_Z6ipKQHeza","id":"shape_fOYDy93Lfo","conceptId":"concept_cwaBDi_countriesresponse"}},{"SetFieldName":{"id":"shape_fOYDy93Lfo","newName":"metadata","conceptId":"concept_cwaBDi_countriesresponse"}},{"AssignType":{"id":"shape_fOYDy93Lfo","to":{"RefT":{"conceptId":"concept_dCXSoe_metadata"}},"conceptId":"concept_cwaBDi_countriesresponse"}},{"AssignType":{"id":"shape_REUJRwJ8Z1","to":{"ObjectT":{}},"conceptId":"concept_FRshOz_countryresponse"}},{"AddField":{"parentId":"shape_REUJRwJ8Z1","id":"shape_OWXFgSnWwC","conceptId":"concept_FRshOz_countryresponse"}},{"SetFieldName":{"id":"shape_OWXFgSnWwC","newName":"data","conceptId":"concept_FRshOz_countryresponse"}},{"AssignType":{"id":"shape_OWXFgSnWwC","to":{"RefT":{"conceptId":"concept_fgBa5E_countrydetails"}},"conceptId":"concept_FRshOz_countryresponse"}},{"AddField":{"parentId":"shape_REUJRwJ8Z1","id":"shape_vKmVVvI7Za","conceptId":"concept_FRshOz_countryresponse"}},{"SetFieldName":{"id":"shape_vKmVVvI7Za","newName":"errors","conceptId":"concept_FRshOz_countryresponse"}},{"AssignType":{"id":"shape_vKmVVvI7Za","to":{"ListT":{}},"conceptId":"concept_FRshOz_countryresponse"}},{"AddTypeParameter":{"parentId":"shape_vKmVVvI7Za","id":"shape_Amo1dbVlpj","conceptId":"concept_FRshOz_countryresponse"}},{"AssignType":{"id":"shape_Amo1dbVlpj","to":{"RefT":{"conceptId":"concept_FcEq2Y_wfterror"}},"conceptId":"concept_FRshOz_countryresponse"}},{"AssignType":{"id":"shape_qtrF1Ly71Q","to":{"ObjectT":{}},"conceptId":"concept_JI773x_timeresponse"}},{"AddField":{"parentId":"shape_qtrF1Ly71Q","id":"shape_46yjKAObxP","conceptId":"concept_JI773x_timeresponse"}},{"SetFieldName":{"id":"shape_46yjKAObxP","newName":"data","conceptId":"concept_JI773x_timeresponse"}},{"AssignType":{"id":"shape_46yjKAObxP","to":{"StringT":{}},"conceptId":"concept_JI773x_timeresponse"}},{"AddField":{"parentId":"shape_qtrF1Ly71Q","id":"shape_A7EUtXx7dr","conceptId":"concept_JI773x_timeresponse"}},{"SetFieldName":{"id":"shape_A7EUtXx7dr","newName":"errors","conceptId":"concept_JI773x_timeresponse"}},{"AssignType":{"id":"shape_A7EUtXx7dr","to":{"ListT":{}},"conceptId":"concept_JI773x_timeresponse"}},{"AddTypeParameter":{"parentId":"shape_A7EUtXx7dr","id":"shape_gL6StTZXUN","conceptId":"concept_JI773x_timeresponse"}},{"AssignType":{"id":"shape_gL6StTZXUN","to":{"RefT":{"conceptId":"concept_FcEq2Y_wfterror"}},"conceptId":"concept_JI773x_timeresponse"}},{"AssignType":{"id":"shape_mX7dchr85V","to":{"StringT":{}},"conceptId":"concept_0C2QQ3_populatedplacetype"}},{"AssignType":{"id":"shape_x2mQDXgZ6A","to":{"ObjectT":{}},"conceptId":"concept_uge00K_populatedplaceresponse"}},{"AddField":{"parentId":"shape_x2mQDXgZ6A","id":"shape_JSv5oCCk6x","conceptId":"concept_uge00K_populatedplaceresponse"}},{"SetFieldName":{"id":"shape_JSv5oCCk6x","newName":"data","conceptId":"concept_uge00K_populatedplaceresponse"}},{"AssignType":{"id":"shape_JSv5oCCk6x","to":{"RefT":{"conceptId":"concept_jdRW3S_populatedplacedetails"}},"conceptId":"concept_uge00K_populatedplaceresponse"}},{"AddField":{"parentId":"shape_x2mQDXgZ6A","id":"shape_gw5xhShpYt","conceptId":"concept_uge00K_populatedplaceresponse"}},{"SetFieldName":{"id":"shape_gw5xhShpYt","newName":"errors","conceptId":"concept_uge00K_populatedplaceresponse"}},{"AssignType":{"id":"shape_gw5xhShpYt","to":{"ListT":{}},"conceptId":"concept_uge00K_populatedplaceresponse"}},{"AddTypeParameter":{"parentId":"shape_gw5xhShpYt","id":"shape_zrSOz4EwAk","conceptId":"concept_uge00K_populatedplaceresponse"}},{"AssignType":{"id":"shape_zrSOz4EwAk","to":{"RefT":{"conceptId":"concept_FcEq2Y_wfterror"}},"conceptId":"concept_uge00K_populatedplaceresponse"}},{"AssignType":{"id":"shape_cYmMecVz8s","to":{"ObjectT":{}},"conceptId":"concept_gng1As_distanceresponse"}},{"AddField":{"parentId":"shape_cYmMecVz8s","id":"shape_NWdD34WMb5","conceptId":"concept_gng1As_distanceresponse"}},{"SetFieldName":{"id":"shape_NWdD34WMb5","newName":"data","conceptId":"concept_gng1As_distanceresponse"}},{"AssignType":{"id":"shape_NWdD34WMb5","to":{"NumberT":{}},"conceptId":"concept_gng1As_distanceresponse"}},{"AddField":{"parentId":"shape_cYmMecVz8s","id":"shape_6NfWAp8el4","conceptId":"concept_gng1As_distanceresponse"}},{"SetFieldName":{"id":"shape_6NfWAp8el4","newName":"errors","conceptId":"concept_gng1As_distanceresponse"}},{"AssignType":{"id":"shape_6NfWAp8el4","to":{"ListT":{}},"conceptId":"concept_gng1As_distanceresponse"}},{"AddTypeParameter":{"parentId":"shape_6NfWAp8el4","id":"shape_IN932ZYnbY","conceptId":"concept_gng1As_distanceresponse"}},{"AssignType":{"id":"shape_IN932ZYnbY","to":{"RefT":{"conceptId":"concept_FcEq2Y_wfterror"}},"conceptId":"concept_gng1As_distanceresponse"}},{"AssignType":{"id":"shape_5fzuaYLSMo","to":{"StringT":{}},"conceptId":"concept_oOj6KG_wfterrorcode"}},{"AssignType":{"id":"shape_1FgXBjZ8MI","to":{"ObjectT":{}},"conceptId":"concept_shw5JE_languagesresponse"}},{"AddField":{"parentId":"shape_1FgXBjZ8MI","id":"shape_QTTWKHnFLD","conceptId":"concept_shw5JE_languagesresponse"}},{"SetFieldName":{"id":"shape_QTTWKHnFLD","newName":"data","conceptId":"concept_shw5JE_languagesresponse"}},{"AssignType":{"id":"shape_QTTWKHnFLD","to":{"ListT":{}},"conceptId":"concept_shw5JE_languagesresponse"}},{"AddTypeParameter":{"parentId":"shape_QTTWKHnFLD","id":"shape_TzjYlNAKZU","conceptId":"concept_shw5JE_languagesresponse"}},{"AssignType":{"id":"shape_TzjYlNAKZU","to":{"RefT":{"conceptId":"concept_ogF3Sm_languagedescriptor"}},"conceptId":"concept_shw5JE_languagesresponse"}},{"AddField":{"parentId":"shape_1FgXBjZ8MI","id":"shape_Dgbmjgy4a2","conceptId":"concept_shw5JE_languagesresponse"}},{"SetFieldName":{"id":"shape_Dgbmjgy4a2","newName":"errors","conceptId":"concept_shw5JE_languagesresponse"}},{"AssignType":{"id":"shape_Dgbmjgy4a2","to":{"ListT":{}},"conceptId":"concept_shw5JE_languagesresponse"}},{"AddTypeParameter":{"parentId":"shape_Dgbmjgy4a2","id":"shape_gSEkRlmU7e","conceptId":"concept_shw5JE_languagesresponse"}},{"AssignType":{"id":"shape_gSEkRlmU7e","to":{"RefT":{"conceptId":"concept_FcEq2Y_wfterror"}},"conceptId":"concept_shw5JE_languagesresponse"}},{"AddField":{"parentId":"shape_1FgXBjZ8MI","id":"shape_sHkmUVd4LR","conceptId":"concept_shw5JE_languagesresponse"}},{"SetFieldName":{"id":"shape_sHkmUVd4LR","newName":"links","conceptId":"concept_shw5JE_languagesresponse"}},{"AssignType":{"id":"shape_sHkmUVd4LR","to":{"ListT":{}},"conceptId":"concept_shw5JE_languagesresponse"}},{"AddTypeParameter":{"parentId":"shape_sHkmUVd4LR","id":"shape_thUeuzT0dh","conceptId":"concept_shw5JE_languagesresponse"}},{"AssignType":{"id":"shape_thUeuzT0dh","to":{"RefT":{"conceptId":"concept_GsX8SH_link"}},"conceptId":"concept_shw5JE_languagesresponse"}},{"AddField":{"parentId":"shape_1FgXBjZ8MI","id":"shape_SZtdsNTnbi","conceptId":"concept_shw5JE_languagesresponse"}},{"SetFieldName":{"id":"shape_SZtdsNTnbi","newName":"metadata","conceptId":"concept_shw5JE_languagesresponse"}},{"AssignType":{"id":"shape_SZtdsNTnbi","to":{"RefT":{"conceptId":"concept_dCXSoe_metadata"}},"conceptId":"concept_shw5JE_languagesresponse"}},{"AssignType":{"id":"shape_QKMe0Nao9H","to":{"ObjectT":{}},"conceptId":"concept_EenSPA_localesresponse"}},{"AddField":{"parentId":"shape_QKMe0Nao9H","id":"shape_HC5eri0saJ","conceptId":"concept_EenSPA_localesresponse"}},{"SetFieldName":{"id":"shape_HC5eri0saJ","newName":"data","conceptId":"concept_EenSPA_localesresponse"}},{"AssignType":{"id":"shape_HC5eri0saJ","to":{"ListT":{}},"conceptId":"concept_EenSPA_localesresponse"}},{"AddTypeParameter":{"parentId":"shape_HC5eri0saJ","id":"shape_guzTMcbaQk","conceptId":"concept_EenSPA_localesresponse"}},{"AssignType":{"id":"shape_guzTMcbaQk","to":{"RefT":{"conceptId":"concept_SYvDiO_localedescriptor"}},"conceptId":"concept_EenSPA_localesresponse"}},{"AddField":{"parentId":"shape_QKMe0Nao9H","id":"shape_S7GZdJ5LEk","conceptId":"concept_EenSPA_localesresponse"}},{"SetFieldName":{"id":"shape_S7GZdJ5LEk","newName":"errors","conceptId":"concept_EenSPA_localesresponse"}},{"AssignType":{"id":"shape_S7GZdJ5LEk","to":{"ListT":{}},"conceptId":"concept_EenSPA_localesresponse"}},{"AddTypeParameter":{"parentId":"shape_S7GZdJ5LEk","id":"shape_LQk7E4Kdvb","conceptId":"concept_EenSPA_localesresponse"}},{"AssignType":{"id":"shape_LQk7E4Kdvb","to":{"RefT":{"conceptId":"concept_FcEq2Y_wfterror"}},"conceptId":"concept_EenSPA_localesresponse"}},{"AddField":{"parentId":"shape_QKMe0Nao9H","id":"shape_oXomLwFLmf","conceptId":"concept_EenSPA_localesresponse"}},{"SetFieldName":{"id":"shape_oXomLwFLmf","newName":"links","conceptId":"concept_EenSPA_localesresponse"}},{"AssignType":{"id":"shape_oXomLwFLmf","to":{"ListT":{}},"conceptId":"concept_EenSPA_localesresponse"}},{"AddTypeParameter":{"parentId":"shape_oXomLwFLmf","id":"shape_mQeZvAgc6B","conceptId":"concept_EenSPA_localesresponse"}},{"AssignType":{"id":"shape_mQeZvAgc6B","to":{"RefT":{"conceptId":"concept_GsX8SH_link"}},"conceptId":"concept_EenSPA_localesresponse"}},{"AddField":{"parentId":"shape_QKMe0Nao9H","id":"shape_spGqyUqsOc","conceptId":"concept_EenSPA_localesresponse"}},{"SetFieldName":{"id":"shape_spGqyUqsOc","newName":"metadata","conceptId":"concept_EenSPA_localesresponse"}},{"AssignType":{"id":"shape_spGqyUqsOc","to":{"RefT":{"conceptId":"concept_dCXSoe_metadata"}},"conceptId":"concept_EenSPA_localesresponse"}},{"AssignType":{"id":"shape_0FLWbSKtFJ","to":{"ObjectT":{}},"conceptId":"concept_KCy6qI_datetimeresponse"}},{"AddField":{"parentId":"shape_0FLWbSKtFJ","id":"shape_TN66gbRpCC","conceptId":"concept_KCy6qI_datetimeresponse"}},{"SetFieldName":{"id":"shape_TN66gbRpCC","newName":"data","conceptId":"concept_KCy6qI_datetimeresponse"}},{"AssignType":{"id":"shape_TN66gbRpCC","to":{"StringT":{}},"conceptId":"concept_KCy6qI_datetimeresponse"}},{"AddField":{"parentId":"shape_0FLWbSKtFJ","id":"shape_4VZaB0T4HM","conceptId":"concept_KCy6qI_datetimeresponse"}},{"SetFieldName":{"id":"shape_4VZaB0T4HM","newName":"errors","conceptId":"concept_KCy6qI_datetimeresponse"}},{"AssignType":{"id":"shape_4VZaB0T4HM","to":{"ListT":{}},"conceptId":"concept_KCy6qI_datetimeresponse"}},{"AddTypeParameter":{"parentId":"shape_4VZaB0T4HM","id":"shape_mp2Q13Swfj","conceptId":"concept_KCy6qI_datetimeresponse"}},{"AssignType":{"id":"shape_mp2Q13Swfj","to":{"RefT":{"conceptId":"concept_FcEq2Y_wfterror"}},"conceptId":"concept_KCy6qI_datetimeresponse"}},{"AssignType":{"id":"shape_sDITT5thx9","to":{"ObjectT":{}},"conceptId":"concept_ln4DiO_countrysummary"}},{"AddField":{"parentId":"shape_sDITT5thx9","id":"shape_mN5faWRAW8","conceptId":"concept_ln4DiO_countrysummary"}},{"SetFieldName":{"id":"shape_mN5faWRAW8","newName":"code","conceptId":"concept_ln4DiO_countrysummary"}},{"AssignType":{"id":"shape_mN5faWRAW8","to":{"StringT":{}},"conceptId":"concept_ln4DiO_countrysummary"}},{"AddField":{"parentId":"shape_sDITT5thx9","id":"shape_AIjnLjN1NF","conceptId":"concept_ln4DiO_countrysummary"}},{"SetFieldName":{"id":"shape_AIjnLjN1NF","newName":"currencyCodes","conceptId":"concept_ln4DiO_countrysummary"}},{"AssignType":{"id":"shape_AIjnLjN1NF","to":{"ListT":{}},"conceptId":"concept_ln4DiO_countrysummary"}},{"AddTypeParameter":{"parentId":"shape_AIjnLjN1NF","id":"shape_pwF9SYPdEf","conceptId":"concept_ln4DiO_countrysummary"}},{"AssignType":{"id":"shape_pwF9SYPdEf","to":{"StringT":{}},"conceptId":"concept_ln4DiO_countrysummary"}},{"AddField":{"parentId":"shape_sDITT5thx9","id":"shape_PqG6lVg5Aj","conceptId":"concept_ln4DiO_countrysummary"}},{"SetFieldName":{"id":"shape_PqG6lVg5Aj","newName":"name","conceptId":"concept_ln4DiO_countrysummary"}},{"AssignType":{"id":"shape_PqG6lVg5Aj","to":{"StringT":{}},"conceptId":"concept_ln4DiO_countrysummary"}},{"AddField":{"parentId":"shape_sDITT5thx9","id":"shape_lg5fSyEsSX","conceptId":"concept_ln4DiO_countrysummary"}},{"SetFieldName":{"id":"shape_lg5fSyEsSX","newName":"wikiDataId","conceptId":"concept_ln4DiO_countrysummary"}},{"AssignType":{"id":"shape_lg5fSyEsSX","to":{"StringT":{}},"conceptId":"concept_ln4DiO_countrysummary"}},{"AssignType":{"id":"shape_yO8upuysAD","to":{"ObjectT":{}},"conceptId":"concept_jdRW3S_populatedplacedetails"}},{"AddField":{"parentId":"shape_yO8upuysAD","id":"shape_UrZhynRziU","conceptId":"concept_jdRW3S_populatedplacedetails"}},{"SetFieldName":{"id":"shape_UrZhynRziU","newName":"regionCode","conceptId":"concept_jdRW3S_populatedplacedetails"}},{"AssignType":{"id":"shape_UrZhynRziU","to":{"StringT":{}},"conceptId":"concept_jdRW3S_populatedplacedetails"}},{"AddField":{"parentId":"shape_yO8upuysAD","id":"shape_kuc2kGMdQA","conceptId":"concept_jdRW3S_populatedplacedetails"}},{"SetFieldName":{"id":"shape_kuc2kGMdQA","newName":"wikiDataId","conceptId":"concept_jdRW3S_populatedplacedetails"}},{"AssignType":{"id":"shape_kuc2kGMdQA","to":{"StringT":{}},"conceptId":"concept_jdRW3S_populatedplacedetails"}},{"AddField":{"parentId":"shape_yO8upuysAD","id":"shape_lMKU1iMzTJ","conceptId":"concept_jdRW3S_populatedplacedetails"}},{"SetFieldName":{"id":"shape_lMKU1iMzTJ","newName":"city","conceptId":"concept_jdRW3S_populatedplacedetails"}},{"AssignType":{"id":"shape_lMKU1iMzTJ","to":{"StringT":{}},"conceptId":"concept_jdRW3S_populatedplacedetails"}},{"AddField":{"parentId":"shape_yO8upuysAD","id":"shape_FJ8o2XKSlt","conceptId":"concept_jdRW3S_populatedplacedetails"}},{"SetFieldName":{"id":"shape_FJ8o2XKSlt","newName":"name","conceptId":"concept_jdRW3S_populatedplacedetails"}},{"AssignType":{"id":"shape_FJ8o2XKSlt","to":{"StringT":{}},"conceptId":"concept_jdRW3S_populatedplacedetails"}},{"AddField":{"parentId":"shape_yO8upuysAD","id":"shape_LSnslkoPlW","conceptId":"concept_jdRW3S_populatedplacedetails"}},{"SetFieldName":{"id":"shape_LSnslkoPlW","newName":"latitude","conceptId":"concept_jdRW3S_populatedplacedetails"}},{"AssignType":{"id":"shape_LSnslkoPlW","to":{"NumberT":{}},"conceptId":"concept_jdRW3S_populatedplacedetails"}},{"AddField":{"parentId":"shape_yO8upuysAD","id":"shape_JBKrU7Dxke","conceptId":"concept_jdRW3S_populatedplacedetails"}},{"SetFieldName":{"id":"shape_JBKrU7Dxke","newName":"population","conceptId":"concept_jdRW3S_populatedplacedetails"}},{"AssignType":{"id":"shape_JBKrU7Dxke","to":{"IntegerT":{}},"conceptId":"concept_jdRW3S_populatedplacedetails"}},{"AddField":{"parentId":"shape_yO8upuysAD","id":"shape_gsI3hpXVUo","conceptId":"concept_jdRW3S_populatedplacedetails"}},{"SetFieldName":{"id":"shape_gsI3hpXVUo","newName":"timezone","conceptId":"concept_jdRW3S_populatedplacedetails"}},{"AssignType":{"id":"shape_gsI3hpXVUo","to":{"StringT":{}},"conceptId":"concept_jdRW3S_populatedplacedetails"}},{"AddField":{"parentId":"shape_yO8upuysAD","id":"shape_DX6PcSQzlG","conceptId":"concept_jdRW3S_populatedplacedetails"}},{"SetFieldName":{"id":"shape_DX6PcSQzlG","newName":"country","conceptId":"concept_jdRW3S_populatedplacedetails"}},{"AssignType":{"id":"shape_DX6PcSQzlG","to":{"StringT":{}},"conceptId":"concept_jdRW3S_populatedplacedetails"}},{"AddField":{"parentId":"shape_yO8upuysAD","id":"shape_7ko7977aF1","conceptId":"concept_jdRW3S_populatedplacedetails"}},{"SetFieldName":{"id":"shape_7ko7977aF1","newName":"longitude","conceptId":"concept_jdRW3S_populatedplacedetails"}},{"AssignType":{"id":"shape_7ko7977aF1","to":{"NumberT":{}},"conceptId":"concept_jdRW3S_populatedplacedetails"}},{"AddField":{"parentId":"shape_yO8upuysAD","id":"shape_fhLQZTkEVz","conceptId":"concept_jdRW3S_populatedplacedetails"}},{"SetFieldName":{"id":"shape_fhLQZTkEVz","newName":"id","conceptId":"concept_jdRW3S_populatedplacedetails"}},{"AssignType":{"id":"shape_fhLQZTkEVz","to":{"IntegerT":{}},"conceptId":"concept_jdRW3S_populatedplacedetails"}},{"AddField":{"parentId":"shape_yO8upuysAD","id":"shape_UXivrrkPQU","conceptId":"concept_jdRW3S_populatedplacedetails"}},{"SetFieldName":{"id":"shape_UXivrrkPQU","newName":"countryCode","conceptId":"concept_jdRW3S_populatedplacedetails"}},{"AssignType":{"id":"shape_UXivrrkPQU","to":{"StringT":{}},"conceptId":"concept_jdRW3S_populatedplacedetails"}},{"AddField":{"parentId":"shape_yO8upuysAD","id":"shape_xXsMYpzXBq","conceptId":"concept_jdRW3S_populatedplacedetails"}},{"SetFieldName":{"id":"shape_xXsMYpzXBq","newName":"region","conceptId":"concept_jdRW3S_populatedplacedetails"}},{"AssignType":{"id":"shape_xXsMYpzXBq","to":{"StringT":{}},"conceptId":"concept_jdRW3S_populatedplacedetails"}},{"AddField":{"parentId":"shape_yO8upuysAD","id":"shape_kHa7nb8xmd","conceptId":"concept_jdRW3S_populatedplacedetails"}},{"SetFieldName":{"id":"shape_kHa7nb8xmd","newName":"type","conceptId":"concept_jdRW3S_populatedplacedetails"}},{"AssignType":{"id":"shape_kHa7nb8xmd","to":{"RefT":{"conceptId":"concept_0C2QQ3_populatedplacetype"}},"conceptId":"concept_jdRW3S_populatedplacedetails"}},{"AddField":{"parentId":"shape_yO8upuysAD","id":"shape_uDOYEZixyD","conceptId":"concept_jdRW3S_populatedplacedetails"}},{"SetFieldName":{"id":"shape_uDOYEZixyD","newName":"elevationMeters","conceptId":"concept_jdRW3S_populatedplacedetails"}},{"AssignType":{"id":"shape_uDOYEZixyD","to":{"IntegerT":{}},"conceptId":"concept_jdRW3S_populatedplacedetails"}},{"AddField":{"parentId":"shape_yO8upuysAD","id":"shape_AZN6lhRO7Q","conceptId":"concept_jdRW3S_populatedplacedetails"}},{"SetFieldName":{"id":"shape_AZN6lhRO7Q","newName":"deleted","conceptId":"concept_jdRW3S_populatedplacedetails"}},{"AssignType":{"id":"shape_AZN6lhRO7Q","to":{"BooleanT":{}},"conceptId":"concept_jdRW3S_populatedplacedetails"}},{"AssignType":{"id":"shape_C7BQ54bm83","to":{"ObjectT":{}},"conceptId":"concept_nkOuXZ_currencydescriptor"}},{"AddField":{"parentId":"shape_C7BQ54bm83","id":"shape_eXopmoaciP","conceptId":"concept_nkOuXZ_currencydescriptor"}},{"SetFieldName":{"id":"shape_eXopmoaciP","newName":"code","conceptId":"concept_nkOuXZ_currencydescriptor"}},{"AssignType":{"id":"shape_eXopmoaciP","to":{"StringT":{}},"conceptId":"concept_nkOuXZ_currencydescriptor"}},{"AddField":{"parentId":"shape_C7BQ54bm83","id":"shape_fLMNAMcgRw","conceptId":"concept_nkOuXZ_currencydescriptor"}},{"SetFieldName":{"id":"shape_fLMNAMcgRw","newName":"countryCodes","conceptId":"concept_nkOuXZ_currencydescriptor"}},{"AssignType":{"id":"shape_fLMNAMcgRw","to":{"ListT":{}},"conceptId":"concept_nkOuXZ_currencydescriptor"}},{"AddTypeParameter":{"parentId":"shape_fLMNAMcgRw","id":"shape_1uTpAaNCmH","conceptId":"concept_nkOuXZ_currencydescriptor"}},{"AssignType":{"id":"shape_1uTpAaNCmH","to":{"StringT":{}},"conceptId":"concept_nkOuXZ_currencydescriptor"}},{"AssignType":{"id":"shape_0Dz1zqLnGp","to":{"ObjectT":{}},"conceptId":"concept_GsX8SH_link"}},{"AddField":{"parentId":"shape_0Dz1zqLnGp","id":"shape_Fn1uXSi626","conceptId":"concept_GsX8SH_link"}},{"SetFieldName":{"id":"shape_Fn1uXSi626","newName":"href","conceptId":"concept_GsX8SH_link"}},{"AssignType":{"id":"shape_Fn1uXSi626","to":{"StringT":{}},"conceptId":"concept_GsX8SH_link"}},{"AddField":{"parentId":"shape_0Dz1zqLnGp","id":"shape_HulaoI8Ycs","conceptId":"concept_GsX8SH_link"}},{"SetFieldName":{"id":"shape_HulaoI8Ycs","newName":"rel","conceptId":"concept_GsX8SH_link"}},{"AssignType":{"id":"shape_HulaoI8Ycs","to":{"StringT":{}},"conceptId":"concept_GsX8SH_link"}},{"AddPathComponent":{"pathId":"I4cUJe_path_0","parentPathId":"root","name":"v1"}},{"AddPathComponent":{"pathId":"I4cUJe_path_1","parentPathId":"I4cUJe_path_0","name":"geo"}},{"AddPathComponent":{"pathId":"I4cUJe_path_2","parentPathId":"I4cUJe_path_1","name":"adminDivisions"}},{"AddPathParameter":{"pathId":"I4cUJe_path_3","parentPathId":"I4cUJe_path_2","name":"divisionId"}},{"AddPathComponent":{"pathId":"I4cUJe_path_4","parentPathId":"I4cUJe_path_3","name":"nearbyCities"}},{"AddPathComponent":{"pathId":"I4cUJe_path_5","parentPathId":"I4cUJe_path_3","name":"nearbyDivisions"}},{"AddPathComponent":{"pathId":"I4cUJe_path_6","parentPathId":"I4cUJe_path_1","name":"cities"}},{"AddPathParameter":{"pathId":"I4cUJe_path_7","parentPathId":"I4cUJe_path_6","name":"cityId"}},{"AddPathComponent":{"pathId":"I4cUJe_path_8","parentPathId":"I4cUJe_path_7","name":"dateTime"}},{"AddPathComponent":{"pathId":"I4cUJe_path_9","parentPathId":"I4cUJe_path_7","name":"distance"}},{"AddPathComponent":{"pathId":"I4cUJe_path_10","parentPathId":"I4cUJe_path_7","name":"nearbyCities"}},{"AddPathComponent":{"pathId":"I4cUJe_path_11","parentPathId":"I4cUJe_path_7","name":"time"}},{"AddPathComponent":{"pathId":"I4cUJe_path_12","parentPathId":"I4cUJe_path_1","name":"countries"}},{"AddPathParameter":{"pathId":"I4cUJe_path_13","parentPathId":"I4cUJe_path_12","name":"countryId"}},{"AddPathComponent":{"pathId":"I4cUJe_path_14","parentPathId":"I4cUJe_path_13","name":"regions"}},{"AddPathParameter":{"pathId":"I4cUJe_path_15","parentPathId":"I4cUJe_path_14","name":"regionCode"}},{"AddPathComponent":{"pathId":"I4cUJe_path_16","parentPathId":"I4cUJe_path_15","name":"adminDivisions"}},{"AddPathComponent":{"pathId":"I4cUJe_path_17","parentPathId":"I4cUJe_path_15","name":"cities"}},{"AddPathComponent":{"pathId":"I4cUJe_path_18","parentPathId":"I4cUJe_path_1","name":"locations"}},{"AddPathParameter":{"pathId":"I4cUJe_path_19","parentPathId":"I4cUJe_path_18","name":""}},{"AddPathComponent":{"pathId":"I4cUJe_path_20","parentPathId":"I4cUJe_path_19","name":"nearbyCities"}},{"AddPathComponent":{"pathId":"I4cUJe_path_21","parentPathId":"I4cUJe_path_19","name":"nearbyDivisions"}},{"AddPathComponent":{"pathId":"I4cUJe_path_22","parentPathId":"I4cUJe_path_0","name":"locale"}},{"AddPathComponent":{"pathId":"I4cUJe_path_23","parentPathId":"I4cUJe_path_22","name":"currencies"}},{"AddPathComponent":{"pathId":"I4cUJe_path_24","parentPathId":"I4cUJe_path_22","name":"languages"}},{"AddPathComponent":{"pathId":"I4cUJe_path_25","parentPathId":"I4cUJe_path_22","name":"locales"}},{"AddPathComponent":{"pathId":"I4cUJe_path_26","parentPathId":"I4cUJe_path_22","name":"timezones"}},{"AddPathParameter":{"pathId":"I4cUJe_path_27","parentPathId":"I4cUJe_path_26","name":""}},{"AddPathComponent":{"pathId":"I4cUJe_path_28","parentPathId":"I4cUJe_path_27","name":"dateTime"}},{"AddPathComponent":{"pathId":"I4cUJe_path_29","parentPathId":"I4cUJe_path_27","name":"time"}},{"AddRequest":{"requestId":"path_AB1lo6Up9N}_get","pathId":"I4cUJe_path_17","httpMethod":"get"}},{"AddResponse":{"responseId":"response_irACOG1Nsk","requestId":"path_AB1lo6Up9N}_get","httpStatusCode":200}},{"DefineInlineConcept":{"root":"shape_OLCrLKngby","conceptId":"concept_otKEDD6u8A9n"}},{"AssignType":{"id":"shape_OLCrLKngby","to":{"RefT":{"conceptId":"concept_s3RdTI_populatedplacesresponse"}},"conceptId":"concept_otKEDD6u8A9n"}},{"AddResponse":{"responseId":"response_xxfq2vQSc5","requestId":"path_AB1lo6Up9N}_get","httpStatusCode":401}},{"AddResponse":{"responseId":"response_6J66vURbCE","requestId":"path_AB1lo6Up9N}_get","httpStatusCode":403}},{"AddResponse":{"responseId":"response_hoGfeXYfm6","requestId":"path_AB1lo6Up9N}_get","httpStatusCode":404}},{"AddRequest":{"requestId":"path_XrYz2n7lME}_get","pathId":"I4cUJe_path_28","httpMethod":"get"}},{"AddResponse":{"responseId":"response_aWDDAAGu40","requestId":"path_XrYz2n7lME}_get","httpStatusCode":200}},{"DefineInlineConcept":{"root":"shape_SjT0kp3Q0T","conceptId":"concept_YKrc3osMg8oL"}},{"AssignType":{"id":"shape_SjT0kp3Q0T","to":{"RefT":{"conceptId":"concept_KCy6qI_datetimeresponse"}},"conceptId":"concept_YKrc3osMg8oL"}},{"AddResponse":{"responseId":"response_1tBovOtH26","requestId":"path_XrYz2n7lME}_get","httpStatusCode":401}},{"AddResponse":{"responseId":"response_7iPxGFbgn2","requestId":"path_XrYz2n7lME}_get","httpStatusCode":403}},{"AddResponse":{"responseId":"response_F2ncang3mM","requestId":"path_XrYz2n7lME}_get","httpStatusCode":404}},{"AddRequest":{"requestId":"path_AZG8kmIrMb}_get","pathId":"I4cUJe_path_16","httpMethod":"get"}},{"AddResponse":{"responseId":"response_ZqBV9z5SEb","requestId":"path_AZG8kmIrMb}_get","httpStatusCode":200}},{"DefineInlineConcept":{"root":"shape_mblfmDy5OO","conceptId":"concept_HVpsTF38kwqn"}},{"AssignType":{"id":"shape_mblfmDy5OO","to":{"RefT":{"conceptId":"concept_s3RdTI_populatedplacesresponse"}},"conceptId":"concept_HVpsTF38kwqn"}},{"AddResponse":{"responseId":"response_YUad33cBmr","requestId":"path_AZG8kmIrMb}_get","httpStatusCode":401}},{"AddResponse":{"responseId":"response_WHx9wlZVLj","requestId":"path_AZG8kmIrMb}_get","httpStatusCode":403}},{"AddResponse":{"responseId":"response_kI0qEWVAOn","requestId":"path_AZG8kmIrMb}_get","httpStatusCode":404}},{"AddRequest":{"requestId":"path_T6CmFrQ3Bf}_get","pathId":"I4cUJe_path_10","httpMethod":"get"}},{"AddResponse":{"responseId":"response_V2jma06AzL","requestId":"path_T6CmFrQ3Bf}_get","httpStatusCode":200}},{"DefineInlineConcept":{"root":"shape_YSWfPBb8ys","conceptId":"concept_ly6WfgvLeX97"}},{"AssignType":{"id":"shape_YSWfPBb8ys","to":{"RefT":{"conceptId":"concept_s3RdTI_populatedplacesresponse"}},"conceptId":"concept_ly6WfgvLeX97"}},{"AddResponse":{"responseId":"response_HInr8HNT4U","requestId":"path_T6CmFrQ3Bf}_get","httpStatusCode":401}},{"AddResponse":{"responseId":"response_v78GKAdirP","requestId":"path_T6CmFrQ3Bf}_get","httpStatusCode":403}},{"AddResponse":{"responseId":"response_mVVzhaAawn","requestId":"path_T6CmFrQ3Bf}_get","httpStatusCode":404}},{"AddRequest":{"requestId":"path_ouZK86M2br}_get","pathId":"I4cUJe_path_11","httpMethod":"get"}},{"AddResponse":{"responseId":"response_2Zu6BHJoXu","requestId":"path_ouZK86M2br}_get","httpStatusCode":200}},{"DefineInlineConcept":{"root":"shape_3jIJqqrdjW","conceptId":"concept_GIVh98pqbqC9"}},{"AssignType":{"id":"shape_3jIJqqrdjW","to":{"RefT":{"conceptId":"concept_JI773x_timeresponse"}},"conceptId":"concept_GIVh98pqbqC9"}},{"AddResponse":{"responseId":"response_t1UEsbEIaV","requestId":"path_ouZK86M2br}_get","httpStatusCode":401}},{"AddResponse":{"responseId":"response_A195wI70X0","requestId":"path_ouZK86M2br}_get","httpStatusCode":403}},{"AddResponse":{"responseId":"response_ObHGu4rrpQ","requestId":"path_ouZK86M2br}_get","httpStatusCode":404}},{"AddRequest":{"requestId":"path_wgPTCIRWdD}_get","pathId":"I4cUJe_path_13","httpMethod":"get"}},{"AddResponse":{"responseId":"response_H4GkzJJhfR","requestId":"path_wgPTCIRWdD}_get","httpStatusCode":200}},{"DefineInlineConcept":{"root":"shape_Jl2yblcIdh","conceptId":"concept_yOeCPy32Dx0g"}},{"AssignType":{"id":"shape_Jl2yblcIdh","to":{"RefT":{"conceptId":"concept_FRshOz_countryresponse"}},"conceptId":"concept_yOeCPy32Dx0g"}},{"AddResponse":{"responseId":"response_i1dacz1mQy","requestId":"path_wgPTCIRWdD}_get","httpStatusCode":401}},{"AddResponse":{"responseId":"response_zPyA2UiISu","requestId":"path_wgPTCIRWdD}_get","httpStatusCode":403}},{"AddResponse":{"responseId":"response_fgLLC0dDky","requestId":"path_wgPTCIRWdD}_get","httpStatusCode":404}},{"AddRequest":{"requestId":"path_Wuz9axu6pn}_get","pathId":"I4cUJe_path_20","httpMethod":"get"}},{"AddResponse":{"responseId":"response_x107u42Cf6","requestId":"path_Wuz9axu6pn}_get","httpStatusCode":200}},{"DefineInlineConcept":{"root":"shape_jAPiPCSW7J","conceptId":"concept_EkIzgDaF4tvj"}},{"AssignType":{"id":"shape_jAPiPCSW7J","to":{"RefT":{"conceptId":"concept_s3RdTI_populatedplacesresponse"}},"conceptId":"concept_EkIzgDaF4tvj"}},{"AddResponse":{"responseId":"response_0D10fgCyEW","requestId":"path_Wuz9axu6pn}_get","httpStatusCode":401}},{"AddResponse":{"responseId":"response_aIqScBbhZb","requestId":"path_Wuz9axu6pn}_get","httpStatusCode":403}},{"AddResponse":{"responseId":"response_Vt4HrtT6dv","requestId":"path_Wuz9axu6pn}_get","httpStatusCode":404}},{"AddRequest":{"requestId":"path_HaxENqid6d}_get","pathId":"I4cUJe_path_4","httpMethod":"get"}},{"AddResponse":{"responseId":"response_p9GhyQDMef","requestId":"path_HaxENqid6d}_get","httpStatusCode":200}},{"DefineInlineConcept":{"root":"shape_lTqme9f8e0","conceptId":"concept_EaPAJtPu5kKy"}},{"AssignType":{"id":"shape_lTqme9f8e0","to":{"RefT":{"conceptId":"concept_s3RdTI_populatedplacesresponse"}},"conceptId":"concept_EaPAJtPu5kKy"}},{"AddResponse":{"responseId":"response_lG60Ezt5FT","requestId":"path_HaxENqid6d}_get","httpStatusCode":401}},{"AddResponse":{"responseId":"response_Qdpfl3BHrY","requestId":"path_HaxENqid6d}_get","httpStatusCode":403}},{"AddResponse":{"responseId":"response_zwjLuizKdL","requestId":"path_HaxENqid6d}_get","httpStatusCode":404}},{"AddRequest":{"requestId":"path_4eBDjHHMvP}_get","pathId":"I4cUJe_path_23","httpMethod":"get"}},{"AddResponse":{"responseId":"response_p7n5EJrxVn","requestId":"path_4eBDjHHMvP}_get","httpStatusCode":200}},{"DefineInlineConcept":{"root":"shape_79pzzDnuKs","conceptId":"concept_dt9ICSXUVghL"}},{"AssignType":{"id":"shape_79pzzDnuKs","to":{"RefT":{"conceptId":"concept_ZLJICB_currenciesresponse"}},"conceptId":"concept_dt9ICSXUVghL"}},{"AddResponse":{"responseId":"response_NsH4TXBxb7","requestId":"path_4eBDjHHMvP}_get","httpStatusCode":401}},{"AddResponse":{"responseId":"response_ISbcnFSusn","requestId":"path_4eBDjHHMvP}_get","httpStatusCode":403}},{"AddResponse":{"responseId":"response_BBYU7Iz0qb","requestId":"path_4eBDjHHMvP}_get","httpStatusCode":404}},{"AddRequest":{"requestId":"path_U1agRwccG2}_get","pathId":"I4cUJe_path_15","httpMethod":"get"}},{"AddResponse":{"responseId":"response_RluK5IdWXQ","requestId":"path_U1agRwccG2}_get","httpStatusCode":200}},{"DefineInlineConcept":{"root":"shape_bCNw5TZMM0","conceptId":"concept_XRO7SBUyZmyv"}},{"AssignType":{"id":"shape_bCNw5TZMM0","to":{"RefT":{"conceptId":"concept_ukum4y_regionresponse"}},"conceptId":"concept_XRO7SBUyZmyv"}},{"AddResponse":{"responseId":"response_PjcP3uYEUw","requestId":"path_U1agRwccG2}_get","httpStatusCode":401}},{"AddResponse":{"responseId":"response_hMiOLAAZCh","requestId":"path_U1agRwccG2}_get","httpStatusCode":403}},{"AddResponse":{"responseId":"response_pqSUdEnooX","requestId":"path_U1agRwccG2}_get","httpStatusCode":404}},{"AddRequest":{"requestId":"path_wLx5137WJu}_get","pathId":"I4cUJe_path_25","httpMethod":"get"}},{"AddResponse":{"responseId":"response_wjLHqrtsNG","requestId":"path_wLx5137WJu}_get","httpStatusCode":200}},{"DefineInlineConcept":{"root":"shape_UMsxkBWPed","conceptId":"concept_QMF4c95F0pcY"}},{"AssignType":{"id":"shape_UMsxkBWPed","to":{"RefT":{"conceptId":"concept_EenSPA_localesresponse"}},"conceptId":"concept_QMF4c95F0pcY"}},{"AddResponse":{"responseId":"response_BMX22tVebD","requestId":"path_wLx5137WJu}_get","httpStatusCode":401}},{"AddResponse":{"responseId":"response_h9F6EOzaCY","requestId":"path_wLx5137WJu}_get","httpStatusCode":403}},{"AddResponse":{"responseId":"response_pKf8ndDgeq","requestId":"path_wLx5137WJu}_get","httpStatusCode":404}},{"AddRequest":{"requestId":"path_kPKMHnJApu}_get","pathId":"I4cUJe_path_3","httpMethod":"get"}},{"AddResponse":{"responseId":"response_LLm9cUZlBm","requestId":"path_kPKMHnJApu}_get","httpStatusCode":200}},{"DefineInlineConcept":{"root":"shape_bnBNKKN2NA","conceptId":"concept_B9soOuAeMTza"}},{"AssignType":{"id":"shape_bnBNKKN2NA","to":{"RefT":{"conceptId":"concept_uge00K_populatedplaceresponse"}},"conceptId":"concept_B9soOuAeMTza"}},{"AddResponse":{"responseId":"response_aDnGI5kKVR","requestId":"path_kPKMHnJApu}_get","httpStatusCode":401}},{"AddResponse":{"responseId":"response_42Pv3ZTC4a","requestId":"path_kPKMHnJApu}_get","httpStatusCode":403}},{"AddResponse":{"responseId":"response_BdryVUmA2x","requestId":"path_kPKMHnJApu}_get","httpStatusCode":404}},{"AddRequest":{"requestId":"path_9RdOHaVxeX}_get","pathId":"I4cUJe_path_21","httpMethod":"get"}},{"AddResponse":{"responseId":"response_TKLjNj7Y4E","requestId":"path_9RdOHaVxeX}_get","httpStatusCode":200}},{"DefineInlineConcept":{"root":"shape_j4KNajtVCV","conceptId":"concept_ePKIHtHHGhPS"}},{"AssignType":{"id":"shape_j4KNajtVCV","to":{"RefT":{"conceptId":"concept_s3RdTI_populatedplacesresponse"}},"conceptId":"concept_ePKIHtHHGhPS"}},{"AddResponse":{"responseId":"response_TaBN74cTt9","requestId":"path_9RdOHaVxeX}_get","httpStatusCode":401}},{"AddResponse":{"responseId":"response_K9wRXw0S20","requestId":"path_9RdOHaVxeX}_get","httpStatusCode":403}},{"AddResponse":{"responseId":"response_fYKQcNOT51","requestId":"path_9RdOHaVxeX}_get","httpStatusCode":404}},{"AddRequest":{"requestId":"path_tt8mFkWgW9}_get","pathId":"I4cUJe_path_8","httpMethod":"get"}},{"AddResponse":{"responseId":"response_E3OkyHF6sR","requestId":"path_tt8mFkWgW9}_get","httpStatusCode":200}},{"DefineInlineConcept":{"root":"shape_o4fuxRUgP5","conceptId":"concept_KAzD8CqMgT3i"}},{"AssignType":{"id":"shape_o4fuxRUgP5","to":{"RefT":{"conceptId":"concept_KCy6qI_datetimeresponse"}},"conceptId":"concept_KAzD8CqMgT3i"}},{"AddResponse":{"responseId":"response_XfeZwNKi78","requestId":"path_tt8mFkWgW9}_get","httpStatusCode":401}},{"AddResponse":{"responseId":"response_KDOtKJvTpY","requestId":"path_tt8mFkWgW9}_get","httpStatusCode":403}},{"AddResponse":{"responseId":"response_qlEWaPSSeS","requestId":"path_tt8mFkWgW9}_get","httpStatusCode":404}},{"AddRequest":{"requestId":"path_hMTsTBbr7W}_get","pathId":"I4cUJe_path_12","httpMethod":"get"}},{"AddResponse":{"responseId":"response_XA1imbvaJ4","requestId":"path_hMTsTBbr7W}_get","httpStatusCode":200}},{"DefineInlineConcept":{"root":"shape_u2Lslgya7x","conceptId":"concept_QxaUFri2ZVJ9"}},{"AssignType":{"id":"shape_u2Lslgya7x","to":{"RefT":{"conceptId":"concept_cwaBDi_countriesresponse"}},"conceptId":"concept_QxaUFri2ZVJ9"}},{"AddResponse":{"responseId":"response_rztKxP9zcC","requestId":"path_hMTsTBbr7W}_get","httpStatusCode":401}},{"AddResponse":{"responseId":"response_5XUtSMguEq","requestId":"path_hMTsTBbr7W}_get","httpStatusCode":403}},{"AddResponse":{"responseId":"response_MaDA91vmIf","requestId":"path_hMTsTBbr7W}_get","httpStatusCode":404}},{"AddRequest":{"requestId":"path_ffiTxfolMH}_get","pathId":"I4cUJe_path_14","httpMethod":"get"}},{"AddResponse":{"responseId":"response_Irx8DCbjp4","requestId":"path_ffiTxfolMH}_get","httpStatusCode":200}},{"DefineInlineConcept":{"root":"shape_SN0CbZYzNw","conceptId":"concept_6ATkuVOSwZRo"}},{"AssignType":{"id":"shape_SN0CbZYzNw","to":{"RefT":{"conceptId":"concept_geNRIn_regionsresponse"}},"conceptId":"concept_6ATkuVOSwZRo"}},{"AddResponse":{"responseId":"response_3yBrtCeH40","requestId":"path_ffiTxfolMH}_get","httpStatusCode":401}},{"AddResponse":{"responseId":"response_JT7D9n81rk","requestId":"path_ffiTxfolMH}_get","httpStatusCode":403}},{"AddResponse":{"responseId":"response_9V1xFkSgZy","requestId":"path_ffiTxfolMH}_get","httpStatusCode":404}},{"AddRequest":{"requestId":"path_6K2wQ1Tpg9}_get","pathId":"I4cUJe_path_6","httpMethod":"get"}},{"AddResponse":{"responseId":"response_5vgWGPTW57","requestId":"path_6K2wQ1Tpg9}_get","httpStatusCode":200}},{"DefineInlineConcept":{"root":"shape_w7vFVuliAs","conceptId":"concept_HreyY0MF61tg"}},{"AssignType":{"id":"shape_w7vFVuliAs","to":{"RefT":{"conceptId":"concept_s3RdTI_populatedplacesresponse"}},"conceptId":"concept_HreyY0MF61tg"}},{"AddResponse":{"responseId":"response_gS5nZgiqUu","requestId":"path_6K2wQ1Tpg9}_get","httpStatusCode":401}},{"AddResponse":{"responseId":"response_L8jkXlkY8I","requestId":"path_6K2wQ1Tpg9}_get","httpStatusCode":403}},{"AddResponse":{"responseId":"response_TydePybACg","requestId":"path_6K2wQ1Tpg9}_get","httpStatusCode":404}},{"AddRequest":{"requestId":"path_OIrUMylfoW}_get","pathId":"I4cUJe_path_24","httpMethod":"get"}},{"AddResponse":{"responseId":"response_YB3NR6f4lR","requestId":"path_OIrUMylfoW}_get","httpStatusCode":200}},{"DefineInlineConcept":{"root":"shape_PMhLYUq99i","conceptId":"concept_943M5BT7WnfF"}},{"AssignType":{"id":"shape_PMhLYUq99i","to":{"RefT":{"conceptId":"concept_shw5JE_languagesresponse"}},"conceptId":"concept_943M5BT7WnfF"}},{"AddResponse":{"responseId":"response_hqngLUZTWb","requestId":"path_OIrUMylfoW}_get","httpStatusCode":401}},{"AddResponse":{"responseId":"response_QNo6CdrVOG","requestId":"path_OIrUMylfoW}_get","httpStatusCode":403}},{"AddResponse":{"responseId":"response_H2Ee5nr4Lh","requestId":"path_OIrUMylfoW}_get","httpStatusCode":404}},{"AddRequest":{"requestId":"path_EqK6KDVeWo}_get","pathId":"I4cUJe_path_9","httpMethod":"get"}},{"AddResponse":{"responseId":"response_rN8gxYDKBE","requestId":"path_EqK6KDVeWo}_get","httpStatusCode":200}},{"DefineInlineConcept":{"root":"shape_uZHsXZiAZA","conceptId":"concept_OhFX2V9HRULq"}},{"AssignType":{"id":"shape_uZHsXZiAZA","to":{"RefT":{"conceptId":"concept_gng1As_distanceresponse"}},"conceptId":"concept_OhFX2V9HRULq"}},{"AddResponse":{"responseId":"response_6haI3EIWio","requestId":"path_EqK6KDVeWo}_get","httpStatusCode":401}},{"AddResponse":{"responseId":"response_B4V1jQjEeQ","requestId":"path_EqK6KDVeWo}_get","httpStatusCode":403}},{"AddResponse":{"responseId":"response_NiWNEmcan3","requestId":"path_EqK6KDVeWo}_get","httpStatusCode":404}},{"AddRequest":{"requestId":"path_obsaV8KN5p}_get","pathId":"I4cUJe_path_7","httpMethod":"get"}},{"AddResponse":{"responseId":"response_pDNKXWX8cK","requestId":"path_obsaV8KN5p}_get","httpStatusCode":200}},{"DefineInlineConcept":{"root":"shape_3969Xl4Gpm","conceptId":"concept_TjEDm3BeAoku"}},{"AssignType":{"id":"shape_3969Xl4Gpm","to":{"RefT":{"conceptId":"concept_uge00K_populatedplaceresponse"}},"conceptId":"concept_TjEDm3BeAoku"}},{"AddResponse":{"responseId":"response_Fb4pqYYeoj","requestId":"path_obsaV8KN5p}_get","httpStatusCode":401}},{"AddResponse":{"responseId":"response_peKVQ7gbzI","requestId":"path_obsaV8KN5p}_get","httpStatusCode":403}},{"AddResponse":{"responseId":"response_AJssk52juJ","requestId":"path_obsaV8KN5p}_get","httpStatusCode":404}},{"AddRequest":{"requestId":"path_ER2wqTVP9R}_get","pathId":"I4cUJe_path_5","httpMethod":"get"}},{"AddResponse":{"responseId":"response_Zv806CzUS3","requestId":"path_ER2wqTVP9R}_get","httpStatusCode":200}},{"DefineInlineConcept":{"root":"shape_8UU648hAkU","conceptId":"concept_npayfam85U2r"}},{"AssignType":{"id":"shape_8UU648hAkU","to":{"RefT":{"conceptId":"concept_s3RdTI_populatedplacesresponse"}},"conceptId":"concept_npayfam85U2r"}},{"AddResponse":{"responseId":"response_bN6WZMhvcR","requestId":"path_ER2wqTVP9R}_get","httpStatusCode":401}},{"AddResponse":{"responseId":"response_SJZyKqwUZh","requestId":"path_ER2wqTVP9R}_get","httpStatusCode":403}},{"AddResponse":{"responseId":"response_712V2OAxZh","requestId":"path_ER2wqTVP9R}_get","httpStatusCode":404}},{"AddRequest":{"requestId":"path_9qiHu3QsPo}_get","pathId":"I4cUJe_path_26","httpMethod":"get"}},{"AddResponse":{"responseId":"response_liFULAYNev","requestId":"path_9qiHu3QsPo}_get","httpStatusCode":200}},{"DefineInlineConcept":{"root":"shape_IfiHvinapV","conceptId":"concept_cD99COjtDIF0"}},{"AssignType":{"id":"shape_IfiHvinapV","to":{"RefT":{"conceptId":"concept_MaPftA_timezonesresponse"}},"conceptId":"concept_cD99COjtDIF0"}},{"AddResponse":{"responseId":"response_iVHeKcdLb5","requestId":"path_9qiHu3QsPo}_get","httpStatusCode":401}},{"AddResponse":{"responseId":"response_cK2cWTdnDI","requestId":"path_9qiHu3QsPo}_get","httpStatusCode":403}},{"AddResponse":{"responseId":"response_WCdfhRUfvR","requestId":"path_9qiHu3QsPo}_get","httpStatusCode":404}},{"AddRequest":{"requestId":"path_BqrfSFQlgy}_get","pathId":"I4cUJe_path_29","httpMethod":"get"}},{"AddResponse":{"responseId":"response_m3fb0Sq0nM","requestId":"path_BqrfSFQlgy}_get","httpStatusCode":200}},{"DefineInlineConcept":{"root":"shape_zmB07meqSa","conceptId":"concept_xeQQInztr40u"}},{"AssignType":{"id":"shape_zmB07meqSa","to":{"RefT":{"conceptId":"concept_JI773x_timeresponse"}},"conceptId":"concept_xeQQInztr40u"}},{"AddResponse":{"responseId":"response_JqEkO3xTVI","requestId":"path_BqrfSFQlgy}_get","httpStatusCode":401}},{"AddResponse":{"responseId":"response_ycLb5VgUnJ","requestId":"path_BqrfSFQlgy}_get","httpStatusCode":403}},{"AddResponse":{"responseId":"response_o99fvTqVo7","requestId":"path_BqrfSFQlgy}_get","httpStatusCode":404}},{"AddRequest":{"requestId":"path_tbWUgE5AfO}_get","pathId":"I4cUJe_path_2","httpMethod":"get"}},{"AddResponse":{"responseId":"response_qWu8hEflTF","requestId":"path_tbWUgE5AfO}_get","httpStatusCode":200}},{"DefineInlineConcept":{"root":"shape_UI08WBEu1N","conceptId":"concept_mOzbGIG0JJhO"}},{"AssignType":{"id":"shape_UI08WBEu1N","to":{"RefT":{"conceptId":"concept_s3RdTI_populatedplacesresponse"}},"conceptId":"concept_mOzbGIG0JJhO"}},{"AddResponse":{"responseId":"response_0STm3nnyGY","requestId":"path_tbWUgE5AfO}_get","httpStatusCode":401}},{"AddResponse":{"responseId":"response_E8x8qwF1VZ","requestId":"path_tbWUgE5AfO}_get","httpStatusCode":403}},{"AddResponse":{"responseId":"response_bvzQ7AfL7x","requestId":"path_tbWUgE5AfO}_get","httpStatusCode":404}},{"SetResponseBodyShape":{"responseId":"response_irACOG1Nsk","bodyDescriptor":{"httpContentType":"application/json","conceptId":"concept_otKEDD6u8A9n"}}},{"SetResponseBodyShape":{"responseId":"response_aWDDAAGu40","bodyDescriptor":{"httpContentType":"application/json","conceptId":"concept_YKrc3osMg8oL"}}},{"SetResponseBodyShape":{"responseId":"response_ZqBV9z5SEb","bodyDescriptor":{"httpContentType":"application/json","conceptId":"concept_HVpsTF38kwqn"}}},{"SetResponseBodyShape":{"responseId":"response_V2jma06AzL","bodyDescriptor":{"httpContentType":"application/json","conceptId":"concept_ly6WfgvLeX97"}}},{"SetResponseBodyShape":{"responseId":"response_2Zu6BHJoXu","bodyDescriptor":{"httpContentType":"application/json","conceptId":"concept_GIVh98pqbqC9"}}},{"SetResponseBodyShape":{"responseId":"response_H4GkzJJhfR","bodyDescriptor":{"httpContentType":"application/json","conceptId":"concept_yOeCPy32Dx0g"}}},{"SetResponseBodyShape":{"responseId":"response_x107u42Cf6","bodyDescriptor":{"httpContentType":"application/json","conceptId":"concept_EkIzgDaF4tvj"}}},{"SetResponseBodyShape":{"responseId":"response_p9GhyQDMef","bodyDescriptor":{"httpContentType":"application/json","conceptId":"concept_EaPAJtPu5kKy"}}},{"SetResponseBodyShape":{"responseId":"response_p7n5EJrxVn","bodyDescriptor":{"httpContentType":"application/json","conceptId":"concept_dt9ICSXUVghL"}}},{"SetResponseBodyShape":{"responseId":"response_RluK5IdWXQ","bodyDescriptor":{"httpContentType":"application/json","conceptId":"concept_XRO7SBUyZmyv"}}},{"SetResponseBodyShape":{"responseId":"response_wjLHqrtsNG","bodyDescriptor":{"httpContentType":"application/json","conceptId":"concept_QMF4c95F0pcY"}}},{"SetResponseBodyShape":{"responseId":"response_LLm9cUZlBm","bodyDescriptor":{"httpContentType":"application/json","conceptId":"concept_B9soOuAeMTza"}}},{"SetResponseBodyShape":{"responseId":"response_TKLjNj7Y4E","bodyDescriptor":{"httpContentType":"application/json","conceptId":"concept_ePKIHtHHGhPS"}}},{"SetResponseBodyShape":{"responseId":"response_E3OkyHF6sR","bodyDescriptor":{"httpContentType":"application/json","conceptId":"concept_KAzD8CqMgT3i"}}},{"SetResponseBodyShape":{"responseId":"response_XA1imbvaJ4","bodyDescriptor":{"httpContentType":"application/json","conceptId":"concept_QxaUFri2ZVJ9"}}},{"SetResponseBodyShape":{"responseId":"response_Irx8DCbjp4","bodyDescriptor":{"httpContentType":"application/json","conceptId":"concept_6ATkuVOSwZRo"}}},{"SetResponseBodyShape":{"responseId":"response_5vgWGPTW57","bodyDescriptor":{"httpContentType":"application/json","conceptId":"concept_HreyY0MF61tg"}}},{"SetResponseBodyShape":{"responseId":"response_YB3NR6f4lR","bodyDescriptor":{"httpContentType":"application/json","conceptId":"concept_943M5BT7WnfF"}}},{"SetResponseBodyShape":{"responseId":"response_rN8gxYDKBE","bodyDescriptor":{"httpContentType":"application/json","conceptId":"concept_OhFX2V9HRULq"}}},{"SetResponseBodyShape":{"responseId":"response_pDNKXWX8cK","bodyDescriptor":{"httpContentType":"application/json","conceptId":"concept_TjEDm3BeAoku"}}},{"SetResponseBodyShape":{"responseId":"response_Zv806CzUS3","bodyDescriptor":{"httpContentType":"application/json","conceptId":"concept_npayfam85U2r"}}},{"SetResponseBodyShape":{"responseId":"response_liFULAYNev","bodyDescriptor":{"httpContentType":"application/json","conceptId":"concept_cD99COjtDIF0"}}},{"SetResponseBodyShape":{"responseId":"response_m3fb0Sq0nM","bodyDescriptor":{"httpContentType":"application/json","conceptId":"concept_xeQQInztr40u"}}},{"SetResponseBodyShape":{"responseId":"response_qWu8hEflTF","bodyDescriptor":{"httpContentType":"application/json","conceptId":"concept_mOzbGIG0JJhO"}}}]