[{"DefineConcept":{"name":"Thing","root":"shape_gatLBv5rjd","conceptId":"concept_q5DApu_thing"}},{"SetConceptName":{"newName":"Thing","conceptId":"concept_q5DApu_thing"}},{"DefineConcept":{"name":"RankingRankingItem","root":"shape_ZhpKC8DYbd","conceptId":"concept_DeLzQk_rankingrankingitem"}},{"SetConceptName":{"newName":"RankingRankingItem","conceptId":"concept_DeLzQk_rankingrankingitem"}},{"DefineConcept":{"name":"Videos","root":"shape_rmRiT9dUYb","conceptId":"concept_WScqXQ_videos"}},{"SetConceptName":{"newName":"Videos","conceptId":"concept_WScqXQ_videos"}},{"DefineConcept":{"name":"Intangible","root":"shape_qZjTORx5fs","conceptId":"concept_J6ZV0I_intangible"}},{"SetConceptName":{"newName":"Intangible","conceptId":"concept_J6ZV0I_intangible"}},{"DefineConcept":{"name":"StructuredValue","root":"shape_AeGSWASRhg","conceptId":"concept_4MBf4I_structuredvalue"}},{"SetConceptName":{"newName":"StructuredValue","conceptId":"concept_4MBf4I_structuredvalue"}},{"DefineConcept":{"name":"Error","root":"shape_aul7in1yU6","conceptId":"concept_M6soVq_error"}},{"SetConceptName":{"newName":"Error","conceptId":"concept_M6soVq_error"}},{"DefineConcept":{"name":"WebPage","root":"shape_A8zNFg25XQ","conceptId":"concept_AOVzeK_webpage"}},{"SetConceptName":{"newName":"WebPage","conceptId":"concept_AOVzeK_webpage"}},{"DefineConcept":{"name":"VideoObject","root":"shape_0PfXxAQzlv","conceptId":"concept_RtQhIQ_videoobject"}},{"SetConceptName":{"newName":"VideoObject","conceptId":"concept_RtQhIQ_videoobject"}},{"DefineConcept":{"name":"SearchResponse","root":"shape_FD0EEqKolK","conceptId":"concept_aOenaA_searchresponse"}},{"SetConceptName":{"newName":"SearchResponse","conceptId":"concept_aOenaA_searchresponse"}},{"DefineConcept":{"name":"ResponseBase","root":"shape_awo1bZp3mS","conceptId":"concept_smvCzI_responsebase"}},{"SetConceptName":{"newName":"ResponseBase","conceptId":"concept_smvCzI_responsebase"}},{"DefineConcept":{"name":"Computation","root":"shape_sMkGgwKgBu","conceptId":"concept_byfhZR_computation"}},{"SetConceptName":{"newName":"Computation","conceptId":"concept_byfhZR_computation"}},{"DefineConcept":{"name":"TimeZoneTimeZoneInformation","root":"shape_Xmpw4lk2Ti","conceptId":"concept_UiJlAJ_timezonetimezoneinformation"}},{"SetConceptName":{"newName":"TimeZoneTimeZoneInformation","conceptId":"concept_UiJlAJ_timezonetimezoneinformation"}},{"DefineConcept":{"name":"TimeZone","root":"shape_tW3ls2x0pA","conceptId":"concept_mqqtLF_timezone"}},{"SetConceptName":{"newName":"TimeZone","conceptId":"concept_mqqtLF_timezone"}},{"DefineConcept":{"name":"Query","root":"shape_6ixlaXnbQ9","conceptId":"concept_tVvuMz_query"}},{"SetConceptName":{"newName":"Query","conceptId":"concept_tVvuMz_query"}},{"DefineConcept":{"name":"WebWebAnswer","root":"shape_n3GyfBTa7S","conceptId":"concept_qtn0yM_webwebanswer"}},{"SetConceptName":{"newName":"WebWebAnswer","conceptId":"concept_qtn0yM_webwebanswer"}},{"DefineConcept":{"name":"NewsArticle","root":"shape_w9HBu4TCbJ","conceptId":"concept_IBOjqk_newsarticle"}},{"SetConceptName":{"newName":"NewsArticle","conceptId":"concept_IBOjqk_newsarticle"}},{"DefineConcept":{"name":"ImageObject","root":"shape_T1ysmyV38C","conceptId":"concept_VlY9Yo_imageobject"}},{"SetConceptName":{"newName":"ImageObject","conceptId":"concept_VlY9Yo_imageobject"}},{"DefineConcept":{"name":"RelatedSearchesRelatedSearchAnswer","root":"shape_vDaDnqqNy1","conceptId":"concept_tgBkZF_relatedsearchesrelatedsearchanswer"}},{"SetConceptName":{"newName":"RelatedSearchesRelatedSearchAnswer","conceptId":"concept_tgBkZF_relatedsearchesrelatedsearchanswer"}},{"DefineConcept":{"name":"Article","root":"shape_jp5HxVQJ0p","conceptId":"concept_4KGEAF_article"}},{"SetConceptName":{"newName":"Article","conceptId":"concept_4KGEAF_article"}},{"DefineConcept":{"name":"CreativeWork","root":"shape_FgxgaAcSyp","conceptId":"concept_N28T4R_creativework"}},{"SetConceptName":{"newName":"CreativeWork","conceptId":"concept_N28T4R_creativework"}},{"DefineConcept":{"name":"RankingRankingResponse","root":"shape_oAuiRMQJ9x","conceptId":"concept_QPaVr7_rankingrankingresponse"}},{"SetConceptName":{"newName":"RankingRankingResponse","conceptId":"concept_QPaVr7_rankingrankingresponse"}},{"DefineConcept":{"name":"Places","root":"shape_EmKdHXKB2H","conceptId":"concept_US1F9B_places"}},{"SetConceptName":{"newName":"Places","conceptId":"concept_US1F9B_places"}},{"DefineConcept":{"name":"QueryContext","root":"shape_XkT3rEJNRk","conceptId":"concept_jft2hc_querycontext"}},{"SetConceptName":{"newName":"QueryContext","conceptId":"concept_jft2hc_querycontext"}},{"DefineConcept":{"name":"ErrorResponse","root":"shape_mHbrELKD73","conceptId":"concept_PVbwnl_errorresponse"}},{"SetConceptName":{"newName":"ErrorResponse","conceptId":"concept_PVbwnl_errorresponse"}},{"DefineConcept":{"name":"RankingRankingGroup","root":"shape_j0tpgHfHl5","conceptId":"concept_6bKQnG_rankingrankinggroup"}},{"SetConceptName":{"newName":"RankingRankingGroup","conceptId":"concept_6bKQnG_rankingrankinggroup"}},{"DefineConcept":{"name":"Response","root":"shape_X4GVDqsNnd","conceptId":"concept_AMFR6r_response"}},{"SetConceptName":{"newName":"Response","conceptId":"concept_AMFR6r_response"}},{"DefineConcept":{"name":"SearchResultsAnswer","root":"shape_pN81Iaw2sC","conceptId":"concept_rcAi7m_searchresultsanswer"}},{"SetConceptName":{"newName":"SearchResultsAnswer","conceptId":"concept_rcAi7m_searchresultsanswer"}},{"DefineConcept":{"name":"SpellSuggestions","root":"shape_PuJ33dmw9q","conceptId":"concept_osKicQ_spellsuggestions"}},{"SetConceptName":{"newName":"SpellSuggestions","conceptId":"concept_osKicQ_spellsuggestions"}},{"DefineConcept":{"name":"WebWebGrouping","root":"shape_v6fhmgNswi","conceptId":"concept_o8QmSI_webwebgrouping"}},{"SetConceptName":{"newName":"WebWebGrouping","conceptId":"concept_o8QmSI_webwebgrouping"}},{"DefineConcept":{"name":"Identifiable","root":"shape_ECXhNaMb1Y","conceptId":"concept_Z1YQzH_identifiable"}},{"SetConceptName":{"newName":"Identifiable","conceptId":"concept_Z1YQzH_identifiable"}},{"DefineConcept":{"name":"WebMetaTag","root":"shape_Ms7dG1ODNq","conceptId":"concept_eQIAin_webmetatag"}},{"SetConceptName":{"newName":"WebMetaTag","conceptId":"concept_eQIAin_webmetatag"}},{"DefineConcept":{"name":"MediaObject","root":"shape_J68thJceSW","conceptId":"concept_hPdscm_mediaobject"}},{"SetConceptName":{"newName":"MediaObject","conceptId":"concept_hPdscm_mediaobject"}},{"DefineConcept":{"name":"Answer","root":"shape_8OPiLrW3rP","conceptId":"concept_lL5uxB_answer"}},{"SetConceptName":{"newName":"Answer","conceptId":"concept_lL5uxB_answer"}},{"DefineConcept":{"name":"Images","root":"shape_wpj40lwKSf","conceptId":"concept_Zt7WI0_images"}},{"SetConceptName":{"newName":"Images","conceptId":"concept_Zt7WI0_images"}},{"DefineConcept":{"name":"News","root":"shape_H6btMXI9tV","conceptId":"concept_94VhUq_news"}},{"SetConceptName":{"newName":"News","conceptId":"concept_94VhUq_news"}},{"AssignType":{"id":"shape_gatLBv5rjd","to":{"ObjectT":{}},"conceptId":"concept_q5DApu_thing"}},{"AddField":{"parentId":"shape_gatLBv5rjd","id":"shape_BUP9TB44pW","conceptId":"concept_q5DApu_thing"}},{"SetFieldName":{"id":"shape_BUP9TB44pW","newName":"name","conceptId":"concept_q5DApu_thing"}},{"AssignType":{"id":"shape_BUP9TB44pW","to":{"StringT":{}},"conceptId":"concept_q5DApu_thing"}},{"AddField":{"parentId":"shape_gatLBv5rjd","id":"shape_xJQ0e1vnwt","conceptId":"concept_q5DApu_thing"}},{"SetFieldName":{"id":"shape_xJQ0e1vnwt","newName":"url","conceptId":"concept_q5DApu_thing"}},{"AssignType":{"id":"shape_xJQ0e1vnwt","to":{"StringT":{}},"conceptId":"concept_q5DApu_thing"}},{"AddField":{"parentId":"shape_gatLBv5rjd","id":"shape_1Y9jXpTTLg","conceptId":"concept_q5DApu_thing"}},{"SetFieldName":{"id":"shape_1Y9jXpTTLg","newName":"image","conceptId":"concept_q5DApu_thing"}},{"AssignType":{"id":"shape_1Y9jXpTTLg","to":{"RefT":{"conceptId":"concept_VlY9Yo_imageobject"}},"conceptId":"concept_q5DApu_thing"}},{"AddField":{"parentId":"shape_gatLBv5rjd","id":"shape_9cTaFTIvy3","conceptId":"concept_q5DApu_thing"}},{"SetFieldName":{"id":"shape_9cTaFTIvy3","newName":"description","conceptId":"concept_q5DApu_thing"}},{"AssignType":{"id":"shape_9cTaFTIvy3","to":{"StringT":{}},"conceptId":"concept_q5DApu_thing"}},{"AddField":{"parentId":"shape_gatLBv5rjd","id":"shape_Qh6UBrSGmx","conceptId":"concept_q5DApu_thing"}},{"SetFieldName":{"id":"shape_Qh6UBrSGmx","newName":"bingId","conceptId":"concept_q5DApu_thing"}},{"AssignType":{"id":"shape_Qh6UBrSGmx","to":{"StringT":{}},"conceptId":"concept_q5DApu_thing"}},{"AssignType":{"id":"shape_ZhpKC8DYbd","to":{"ObjectT":{}},"conceptId":"concept_DeLzQk_rankingrankingitem"}},{"AddField":{"parentId":"shape_ZhpKC8DYbd","id":"shape_CAsYVpoVD6","conceptId":"concept_DeLzQk_rankingrankingitem"}},{"SetFieldName":{"id":"shape_CAsYVpoVD6","newName":"screenshotIndex","conceptId":"concept_DeLzQk_rankingrankingitem"}},{"AssignType":{"id":"shape_CAsYVpoVD6","to":{"IntegerT":{}},"conceptId":"concept_DeLzQk_rankingrankingitem"}},{"AddField":{"parentId":"shape_ZhpKC8DYbd","id":"shape_iHLtZDXSEC","conceptId":"concept_DeLzQk_rankingrankingitem"}},{"SetFieldName":{"id":"shape_iHLtZDXSEC","newName":"textualIndex","conceptId":"concept_DeLzQk_rankingrankingitem"}},{"AssignType":{"id":"shape_iHLtZDXSEC","to":{"IntegerT":{}},"conceptId":"concept_DeLzQk_rankingrankingitem"}},{"AddField":{"parentId":"shape_ZhpKC8DYbd","id":"shape_qmRGzgiXNO","conceptId":"concept_DeLzQk_rankingrankingitem"}},{"SetFieldName":{"id":"shape_qmRGzgiXNO","newName":"htmlIndex","conceptId":"concept_DeLzQk_rankingrankingitem"}},{"AssignType":{"id":"shape_qmRGzgiXNO","to":{"IntegerT":{}},"conceptId":"concept_DeLzQk_rankingrankingitem"}},{"AddField":{"parentId":"shape_ZhpKC8DYbd","id":"shape_gOUcg1nH6s","conceptId":"concept_DeLzQk_rankingrankingitem"}},{"SetFieldName":{"id":"shape_gOUcg1nH6s","newName":"resultIndex","conceptId":"concept_DeLzQk_rankingrankingitem"}},{"AssignType":{"id":"shape_gOUcg1nH6s","to":{"IntegerT":{}},"conceptId":"concept_DeLzQk_rankingrankingitem"}},{"AddField":{"parentId":"shape_ZhpKC8DYbd","id":"shape_VfoaKOghb4","conceptId":"concept_DeLzQk_rankingrankingitem"}},{"SetFieldName":{"id":"shape_VfoaKOghb4","newName":"answerType","conceptId":"concept_DeLzQk_rankingrankingitem"}},{"AssignType":{"id":"shape_VfoaKOghb4","to":{"StringT":{}},"conceptId":"concept_DeLzQk_rankingrankingitem"}},{"AddField":{"parentId":"shape_ZhpKC8DYbd","id":"shape_WhuPYzoBZa","conceptId":"concept_DeLzQk_rankingrankingitem"}},{"SetFieldName":{"id":"shape_WhuPYzoBZa","newName":"value","conceptId":"concept_DeLzQk_rankingrankingitem"}},{"AssignType":{"id":"shape_WhuPYzoBZa","to":{"RefT":{"conceptId":"concept_Z1YQzH_identifiable"}},"conceptId":"concept_DeLzQk_rankingrankingitem"}},{"AssignType":{"id":"shape_rmRiT9dUYb","to":{"ObjectT":{}},"conceptId":"concept_WScqXQ_videos"}},{"AddField":{"parentId":"shape_rmRiT9dUYb","id":"shape_NGyqzXDl70","conceptId":"concept_WScqXQ_videos"}},{"SetFieldName":{"id":"shape_NGyqzXDl70","newName":"nextOffset","conceptId":"concept_WScqXQ_videos"}},{"AssignType":{"id":"shape_NGyqzXDl70","to":{"IntegerT":{}},"conceptId":"concept_WScqXQ_videos"}},{"AddField":{"parentId":"shape_rmRiT9dUYb","id":"shape_OL2dGEd8vE","conceptId":"concept_WScqXQ_videos"}},{"SetFieldName":{"id":"shape_OL2dGEd8vE","newName":"queryExpansions","conceptId":"concept_WScqXQ_videos"}},{"AssignType":{"id":"shape_OL2dGEd8vE","to":{"ListT":{}},"conceptId":"concept_WScqXQ_videos"}},{"AddTypeParameter":{"parentId":"shape_OL2dGEd8vE","id":"shape_tN5t5dYSfU","conceptId":"concept_WScqXQ_videos"}},{"AssignType":{"id":"shape_tN5t5dYSfU","to":{"RefT":{"conceptId":"concept_tVvuMz_query"}},"conceptId":"concept_WScqXQ_videos"}},{"AddField":{"parentId":"shape_rmRiT9dUYb","id":"shape_sFcP3wnFLI","conceptId":"concept_WScqXQ_videos"}},{"SetFieldName":{"id":"shape_sFcP3wnFLI","newName":"relatedSearches","conceptId":"concept_WScqXQ_videos"}},{"AssignType":{"id":"shape_sFcP3wnFLI","to":{"ListT":{}},"conceptId":"concept_WScqXQ_videos"}},{"AddTypeParameter":{"parentId":"shape_sFcP3wnFLI","id":"shape_nvFuAnqyzm","conceptId":"concept_WScqXQ_videos"}},{"AssignType":{"id":"shape_nvFuAnqyzm","to":{"RefT":{"conceptId":"concept_tVvuMz_query"}},"conceptId":"concept_WScqXQ_videos"}},{"AddField":{"parentId":"shape_rmRiT9dUYb","id":"shape_12671Rqq6C","conceptId":"concept_WScqXQ_videos"}},{"SetFieldName":{"id":"shape_12671Rqq6C","newName":"value","conceptId":"concept_WScqXQ_videos"}},{"AssignType":{"id":"shape_12671Rqq6C","to":{"ListT":{}},"conceptId":"concept_WScqXQ_videos"}},{"AddTypeParameter":{"parentId":"shape_12671Rqq6C","id":"shape_Y9FqR0Zrdi","conceptId":"concept_WScqXQ_videos"}},{"AssignType":{"id":"shape_Y9FqR0Zrdi","to":{"RefT":{"conceptId":"concept_RtQhIQ_videoobject"}},"conceptId":"concept_WScqXQ_videos"}},{"AssignType":{"id":"shape_qZjTORx5fs","to":{"ObjectT":{}},"conceptId":"concept_J6ZV0I_intangible"}},{"AssignType":{"id":"shape_AeGSWASRhg","to":{"ObjectT":{}},"conceptId":"concept_4MBf4I_structuredvalue"}},{"AssignType":{"id":"shape_aul7in1yU6","to":{"ObjectT":{}},"conceptId":"concept_M6soVq_error"}},{"AddField":{"parentId":"shape_aul7in1yU6","id":"shape_T0GXNEOvfd","conceptId":"concept_M6soVq_error"}},{"SetFieldName":{"id":"shape_T0GXNEOvfd","newName":"parameter","conceptId":"concept_M6soVq_error"}},{"AssignType":{"id":"shape_T0GXNEOvfd","to":{"StringT":{}},"conceptId":"concept_M6soVq_error"}},{"AddField":{"parentId":"shape_aul7in1yU6","id":"shape_LCMy4hcQp9","conceptId":"concept_M6soVq_error"}},{"SetFieldName":{"id":"shape_LCMy4hcQp9","newName":"code","conceptId":"concept_M6soVq_error"}},{"AssignType":{"id":"shape_LCMy4hcQp9","to":{"StringT":{}},"conceptId":"concept_M6soVq_error"}},{"AddField":{"parentId":"shape_aul7in1yU6","id":"shape_vZoh2DNihT","conceptId":"concept_M6soVq_error"}},{"SetFieldName":{"id":"shape_vZoh2DNihT","newName":"moreDetails","conceptId":"concept_M6soVq_error"}},{"AssignType":{"id":"shape_vZoh2DNihT","to":{"StringT":{}},"conceptId":"concept_M6soVq_error"}},{"AddField":{"parentId":"shape_aul7in1yU6","id":"shape_NdSo9ctEcI","conceptId":"concept_M6soVq_error"}},{"SetFieldName":{"id":"shape_NdSo9ctEcI","newName":"subCode","conceptId":"concept_M6soVq_error"}},{"AssignType":{"id":"shape_NdSo9ctEcI","to":{"StringT":{}},"conceptId":"concept_M6soVq_error"}},{"AddField":{"parentId":"shape_aul7in1yU6","id":"shape_ta8LYmq4k8","conceptId":"concept_M6soVq_error"}},{"SetFieldName":{"id":"shape_ta8LYmq4k8","newName":"message","conceptId":"concept_M6soVq_error"}},{"AssignType":{"id":"shape_ta8LYmq4k8","to":{"StringT":{}},"conceptId":"concept_M6soVq_error"}},{"AddField":{"parentId":"shape_aul7in1yU6","id":"shape_uxhcQ8nLdN","conceptId":"concept_M6soVq_error"}},{"SetFieldName":{"id":"shape_uxhcQ8nLdN","newName":"value","conceptId":"concept_M6soVq_error"}},{"AssignType":{"id":"shape_uxhcQ8nLdN","to":{"StringT":{}},"conceptId":"concept_M6soVq_error"}},{"AssignType":{"id":"shape_A8zNFg25XQ","to":{"ObjectT":{}},"conceptId":"concept_AOVzeK_webpage"}},{"AddField":{"parentId":"shape_A8zNFg25XQ","id":"shape_gJkh5KaBtk","conceptId":"concept_AOVzeK_webpage"}},{"SetFieldName":{"id":"shape_gJkh5KaBtk","newName":"searchTags","conceptId":"concept_AOVzeK_webpage"}},{"AssignType":{"id":"shape_gJkh5KaBtk","to":{"ListT":{}},"conceptId":"concept_AOVzeK_webpage"}},{"AddTypeParameter":{"parentId":"shape_gJkh5KaBtk","id":"shape_gum6I4X00u","conceptId":"concept_AOVzeK_webpage"}},{"AssignType":{"id":"shape_gum6I4X00u","to":{"RefT":{"conceptId":"concept_eQIAin_webmetatag"}},"conceptId":"concept_AOVzeK_webpage"}},{"AddField":{"parentId":"shape_A8zNFg25XQ","id":"shape_gUJ97LUqDt","conceptId":"concept_AOVzeK_webpage"}},{"SetFieldName":{"id":"shape_gUJ97LUqDt","newName":"snippet","conceptId":"concept_AOVzeK_webpage"}},{"AssignType":{"id":"shape_gUJ97LUqDt","to":{"StringT":{}},"conceptId":"concept_AOVzeK_webpage"}},{"AddField":{"parentId":"shape_A8zNFg25XQ","id":"shape_Y1ktDWYJ1S","conceptId":"concept_AOVzeK_webpage"}},{"SetFieldName":{"id":"shape_Y1ktDWYJ1S","newName":"dateLastCrawled","conceptId":"concept_AOVzeK_webpage"}},{"AssignType":{"id":"shape_Y1ktDWYJ1S","to":{"StringT":{}},"conceptId":"concept_AOVzeK_webpage"}},{"AddField":{"parentId":"shape_A8zNFg25XQ","id":"shape_8AiAIucjhd","conceptId":"concept_AOVzeK_webpage"}},{"SetFieldName":{"id":"shape_8AiAIucjhd","newName":"displayUrl","conceptId":"concept_AOVzeK_webpage"}},{"AssignType":{"id":"shape_8AiAIucjhd","to":{"StringT":{}},"conceptId":"concept_AOVzeK_webpage"}},{"AddField":{"parentId":"shape_A8zNFg25XQ","id":"shape_BjonEhzepf","conceptId":"concept_AOVzeK_webpage"}},{"SetFieldName":{"id":"shape_BjonEhzepf","newName":"primaryImageOfPage","conceptId":"concept_AOVzeK_webpage"}},{"AssignType":{"id":"shape_BjonEhzepf","to":{"RefT":{"conceptId":"concept_VlY9Yo_imageobject"}},"conceptId":"concept_AOVzeK_webpage"}},{"AddField":{"parentId":"shape_A8zNFg25XQ","id":"shape_8QvJpfQLn0","conceptId":"concept_AOVzeK_webpage"}},{"SetFieldName":{"id":"shape_8QvJpfQLn0","newName":"deepLinks","conceptId":"concept_AOVzeK_webpage"}},{"AssignType":{"id":"shape_8QvJpfQLn0","to":{"ListT":{}},"conceptId":"concept_AOVzeK_webpage"}},{"AddTypeParameter":{"parentId":"shape_8QvJpfQLn0","id":"shape_ejQm8yV8M3","conceptId":"concept_AOVzeK_webpage"}},{"AssignType":{"id":"shape_ejQm8yV8M3","to":{"RefT":{"conceptId":"concept_AOVzeK_webpage"}},"conceptId":"concept_AOVzeK_webpage"}},{"AssignType":{"id":"shape_0PfXxAQzlv","to":{"ObjectT":{}},"conceptId":"concept_RtQhIQ_videoobject"}},{"AddField":{"parentId":"shape_0PfXxAQzlv","id":"shape_BjGxQF5ner","conceptId":"concept_RtQhIQ_videoobject"}},{"SetFieldName":{"id":"shape_BjGxQF5ner","newName":"viewCount","conceptId":"concept_RtQhIQ_videoobject"}},{"AssignType":{"id":"shape_BjGxQF5ner","to":{"IntegerT":{}},"conceptId":"concept_RtQhIQ_videoobject"}},{"AddField":{"parentId":"shape_0PfXxAQzlv","id":"shape_A0voLJjGFU","conceptId":"concept_RtQhIQ_videoobject"}},{"SetFieldName":{"id":"shape_A0voLJjGFU","newName":"embedHtml","conceptId":"concept_RtQhIQ_videoobject"}},{"AssignType":{"id":"shape_A0voLJjGFU","to":{"StringT":{}},"conceptId":"concept_RtQhIQ_videoobject"}},{"AddField":{"parentId":"shape_0PfXxAQzlv","id":"shape_JbKTGf5tkf","conceptId":"concept_RtQhIQ_videoobject"}},{"SetFieldName":{"id":"shape_JbKTGf5tkf","newName":"videoId","conceptId":"concept_RtQhIQ_videoobject"}},{"AssignType":{"id":"shape_JbKTGf5tkf","to":{"StringT":{}},"conceptId":"concept_RtQhIQ_videoobject"}},{"AddField":{"parentId":"shape_0PfXxAQzlv","id":"shape_XjMFxnzU8L","conceptId":"concept_RtQhIQ_videoobject"}},{"SetFieldName":{"id":"shape_XjMFxnzU8L","newName":"isSuperfresh","conceptId":"concept_RtQhIQ_videoobject"}},{"AssignType":{"id":"shape_XjMFxnzU8L","to":{"BooleanT":{}},"conceptId":"concept_RtQhIQ_videoobject"}},{"AddField":{"parentId":"shape_0PfXxAQzlv","id":"shape_fmEkNEcPd0","conceptId":"concept_RtQhIQ_videoobject"}},{"SetFieldName":{"id":"shape_fmEkNEcPd0","newName":"thumbnail","conceptId":"concept_RtQhIQ_videoobject"}},{"AssignType":{"id":"shape_fmEkNEcPd0","to":{"RefT":{"conceptId":"concept_VlY9Yo_imageobject"}},"conceptId":"concept_RtQhIQ_videoobject"}},{"AddField":{"parentId":"shape_0PfXxAQzlv","id":"shape_IqKswNmYh4","conceptId":"concept_RtQhIQ_videoobject"}},{"SetFieldName":{"id":"shape_IqKswNmYh4","newName":"allowMobileEmbed","conceptId":"concept_RtQhIQ_videoobject"}},{"AssignType":{"id":"shape_IqKswNmYh4","to":{"BooleanT":{}},"conceptId":"concept_RtQhIQ_videoobject"}},{"AddField":{"parentId":"shape_0PfXxAQzlv","id":"shape_pDeP3adCjY","conceptId":"concept_RtQhIQ_videoobject"}},{"SetFieldName":{"id":"shape_pDeP3adCjY","newName":"motionThumbnailUrl","conceptId":"concept_RtQhIQ_videoobject"}},{"AssignType":{"id":"shape_pDeP3adCjY","to":{"StringT":{}},"conceptId":"concept_RtQhIQ_videoobject"}},{"AddField":{"parentId":"shape_0PfXxAQzlv","id":"shape_4ateUsHk4p","conceptId":"concept_RtQhIQ_videoobject"}},{"SetFieldName":{"id":"shape_4ateUsHk4p","newName":"motionThumbnailId","conceptId":"concept_RtQhIQ_videoobject"}},{"AssignType":{"id":"shape_4ateUsHk4p","to":{"StringT":{}},"conceptId":"concept_RtQhIQ_videoobject"}},{"AddField":{"parentId":"shape_0PfXxAQzlv","id":"shape_gRckUYBiBV","conceptId":"concept_RtQhIQ_videoobject"}},{"SetFieldName":{"id":"shape_gRckUYBiBV","newName":"allowHttpsEmbed","conceptId":"concept_RtQhIQ_videoobject"}},{"AssignType":{"id":"shape_gRckUYBiBV","to":{"BooleanT":{}},"conceptId":"concept_RtQhIQ_videoobject"}},{"AssignType":{"id":"shape_FD0EEqKolK","to":{"ObjectT":{}},"conceptId":"concept_aOenaA_searchresponse"}},{"AddField":{"parentId":"shape_FD0EEqKolK","id":"shape_23fzazrmm3","conceptId":"concept_aOenaA_searchresponse"}},{"SetFieldName":{"id":"shape_23fzazrmm3","newName":"queryContext","conceptId":"concept_aOenaA_searchresponse"}},{"AssignType":{"id":"shape_23fzazrmm3","to":{"RefT":{"conceptId":"concept_jft2hc_querycontext"}},"conceptId":"concept_aOenaA_searchresponse"}},{"AddField":{"parentId":"shape_FD0EEqKolK","id":"shape_NvmvOs18M7","conceptId":"concept_aOenaA_searchresponse"}},{"SetFieldName":{"id":"shape_NvmvOs18M7","newName":"spellSuggestions","conceptId":"concept_aOenaA_searchresponse"}},{"AssignType":{"id":"shape_NvmvOs18M7","to":{"RefT":{"conceptId":"concept_osKicQ_spellsuggestions"}},"conceptId":"concept_aOenaA_searchresponse"}},{"AddField":{"parentId":"shape_FD0EEqKolK","id":"shape_nnmprp9dHD","conceptId":"concept_aOenaA_searchresponse"}},{"SetFieldName":{"id":"shape_nnmprp9dHD","newName":"webPages","conceptId":"concept_aOenaA_searchresponse"}},{"AssignType":{"id":"shape_nnmprp9dHD","to":{"RefT":{"conceptId":"concept_qtn0yM_webwebanswer"}},"conceptId":"concept_aOenaA_searchresponse"}},{"AddField":{"parentId":"shape_FD0EEqKolK","id":"shape_PJo4dKxjFm","conceptId":"concept_aOenaA_searchresponse"}},{"SetFieldName":{"id":"shape_PJo4dKxjFm","newName":"news","conceptId":"concept_aOenaA_searchresponse"}},{"AssignType":{"id":"shape_PJo4dKxjFm","to":{"RefT":{"conceptId":"concept_94VhUq_news"}},"conceptId":"concept_aOenaA_searchresponse"}},{"AddField":{"parentId":"shape_FD0EEqKolK","id":"shape_JfyePk9EI5","conceptId":"concept_aOenaA_searchresponse"}},{"SetFieldName":{"id":"shape_JfyePk9EI5","newName":"rankingResponse","conceptId":"concept_aOenaA_searchresponse"}},{"AssignType":{"id":"shape_JfyePk9EI5","to":{"RefT":{"conceptId":"concept_QPaVr7_rankingrankingresponse"}},"conceptId":"concept_aOenaA_searchresponse"}},{"AddField":{"parentId":"shape_FD0EEqKolK","id":"shape_zwlnGBT8GH","conceptId":"concept_aOenaA_searchresponse"}},{"SetFieldName":{"id":"shape_zwlnGBT8GH","newName":"videos","conceptId":"concept_aOenaA_searchresponse"}},{"AssignType":{"id":"shape_zwlnGBT8GH","to":{"RefT":{"conceptId":"concept_WScqXQ_videos"}},"conceptId":"concept_aOenaA_searchresponse"}},{"AddField":{"parentId":"shape_FD0EEqKolK","id":"shape_8RXtpsO7Qb","conceptId":"concept_aOenaA_searchresponse"}},{"SetFieldName":{"id":"shape_8RXtpsO7Qb","newName":"images","conceptId":"concept_aOenaA_searchresponse"}},{"AssignType":{"id":"shape_8RXtpsO7Qb","to":{"RefT":{"conceptId":"concept_Zt7WI0_images"}},"conceptId":"concept_aOenaA_searchresponse"}},{"AddField":{"parentId":"shape_FD0EEqKolK","id":"shape_NJ9O43FeMk","conceptId":"concept_aOenaA_searchresponse"}},{"SetFieldName":{"id":"shape_NJ9O43FeMk","newName":"relatedSearches","conceptId":"concept_aOenaA_searchresponse"}},{"AssignType":{"id":"shape_NJ9O43FeMk","to":{"RefT":{"conceptId":"concept_tgBkZF_relatedsearchesrelatedsearchanswer"}},"conceptId":"concept_aOenaA_searchresponse"}},{"AddField":{"parentId":"shape_FD0EEqKolK","id":"shape_QF1QhpRPlm","conceptId":"concept_aOenaA_searchresponse"}},{"SetFieldName":{"id":"shape_QF1QhpRPlm","newName":"timeZone","conceptId":"concept_aOenaA_searchresponse"}},{"AssignType":{"id":"shape_QF1QhpRPlm","to":{"RefT":{"conceptId":"concept_mqqtLF_timezone"}},"conceptId":"concept_aOenaA_searchresponse"}},{"AddField":{"parentId":"shape_FD0EEqKolK","id":"shape_8nqrqxQVKX","conceptId":"concept_aOenaA_searchresponse"}},{"SetFieldName":{"id":"shape_8nqrqxQVKX","newName":"computation","conceptId":"concept_aOenaA_searchresponse"}},{"AssignType":{"id":"shape_8nqrqxQVKX","to":{"RefT":{"conceptId":"concept_byfhZR_computation"}},"conceptId":"concept_aOenaA_searchresponse"}},{"AssignType":{"id":"shape_awo1bZp3mS","to":{"ObjectT":{}},"conceptId":"concept_smvCzI_responsebase"}},{"AddField":{"parentId":"shape_awo1bZp3mS","id":"shape_XYGkVNl40K","conceptId":"concept_smvCzI_responsebase"}},{"SetFieldName":{"id":"shape_XYGkVNl40K","newName":"_type","conceptId":"concept_smvCzI_responsebase"}},{"AssignType":{"id":"shape_XYGkVNl40K","to":{"StringT":{}},"conceptId":"concept_smvCzI_responsebase"}},{"AssignType":{"id":"shape_sMkGgwKgBu","to":{"ObjectT":{}},"conceptId":"concept_byfhZR_computation"}},{"AddField":{"parentId":"shape_sMkGgwKgBu","id":"shape_dFbnafxHDs","conceptId":"concept_byfhZR_computation"}},{"SetFieldName":{"id":"shape_dFbnafxHDs","newName":"expression","conceptId":"concept_byfhZR_computation"}},{"AssignType":{"id":"shape_dFbnafxHDs","to":{"StringT":{}},"conceptId":"concept_byfhZR_computation"}},{"AddField":{"parentId":"shape_sMkGgwKgBu","id":"shape_DJXbxNHehi","conceptId":"concept_byfhZR_computation"}},{"SetFieldName":{"id":"shape_DJXbxNHehi","newName":"value","conceptId":"concept_byfhZR_computation"}},{"AssignType":{"id":"shape_DJXbxNHehi","to":{"StringT":{}},"conceptId":"concept_byfhZR_computation"}},{"AssignType":{"id":"shape_Xmpw4lk2Ti","to":{"ObjectT":{}},"conceptId":"concept_UiJlAJ_timezonetimezoneinformation"}},{"AddField":{"parentId":"shape_Xmpw4lk2Ti","id":"shape_ziHCx5dxOD","conceptId":"concept_UiJlAJ_timezonetimezoneinformation"}},{"SetFieldName":{"id":"shape_ziHCx5dxOD","newName":"location","conceptId":"concept_UiJlAJ_timezonetimezoneinformation"}},{"AssignType":{"id":"shape_ziHCx5dxOD","to":{"StringT":{}},"conceptId":"concept_UiJlAJ_timezonetimezoneinformation"}},{"AddField":{"parentId":"shape_Xmpw4lk2Ti","id":"shape_hmWnVjWByu","conceptId":"concept_UiJlAJ_timezonetimezoneinformation"}},{"SetFieldName":{"id":"shape_hmWnVjWByu","newName":"time","conceptId":"concept_UiJlAJ_timezonetimezoneinformation"}},{"AssignType":{"id":"shape_hmWnVjWByu","to":{"StringT":{}},"conceptId":"concept_UiJlAJ_timezonetimezoneinformation"}},{"AddField":{"parentId":"shape_Xmpw4lk2Ti","id":"shape_PTwqwoKKGl","conceptId":"concept_UiJlAJ_timezonetimezoneinformation"}},{"SetFieldName":{"id":"shape_PTwqwoKKGl","newName":"utcOffset","conceptId":"concept_UiJlAJ_timezonetimezoneinformation"}},{"AssignType":{"id":"shape_PTwqwoKKGl","to":{"StringT":{}},"conceptId":"concept_UiJlAJ_timezonetimezoneinformation"}},{"AssignType":{"id":"shape_tW3ls2x0pA","to":{"ObjectT":{}},"conceptId":"concept_mqqtLF_timezone"}},{"AddField":{"parentId":"shape_tW3ls2x0pA","id":"shape_XB7CD3xTPg","conceptId":"concept_mqqtLF_timezone"}},{"SetFieldName":{"id":"shape_XB7CD3xTPg","newName":"otherCityTimes","conceptId":"concept_mqqtLF_timezone"}},{"AssignType":{"id":"shape_XB7CD3xTPg","to":{"ListT":{}},"conceptId":"concept_mqqtLF_timezone"}},{"AddTypeParameter":{"parentId":"shape_XB7CD3xTPg","id":"shape_74Vu5MQtAI","conceptId":"concept_mqqtLF_timezone"}},{"AssignType":{"id":"shape_74Vu5MQtAI","to":{"RefT":{"conceptId":"concept_UiJlAJ_timezonetimezoneinformation"}},"conceptId":"concept_mqqtLF_timezone"}},{"AddField":{"parentId":"shape_tW3ls2x0pA","id":"shape_cy5LIJYGXm","conceptId":"concept_mqqtLF_timezone"}},{"SetFieldName":{"id":"shape_cy5LIJYGXm","newName":"primaryCityTime","conceptId":"concept_mqqtLF_timezone"}},{"AssignType":{"id":"shape_cy5LIJYGXm","to":{"RefT":{"conceptId":"concept_UiJlAJ_timezonetimezoneinformation"}},"conceptId":"concept_mqqtLF_timezone"}},{"AssignType":{"id":"shape_6ixlaXnbQ9","to":{"ObjectT":{}},"conceptId":"concept_tVvuMz_query"}},{"AddField":{"parentId":"shape_6ixlaXnbQ9","id":"shape_1MfVAsVTzY","conceptId":"concept_tVvuMz_query"}},{"SetFieldName":{"id":"shape_1MfVAsVTzY","newName":"searchLink","conceptId":"concept_tVvuMz_query"}},{"AssignType":{"id":"shape_1MfVAsVTzY","to":{"StringT":{}},"conceptId":"concept_tVvuMz_query"}},{"AddField":{"parentId":"shape_6ixlaXnbQ9","id":"shape_rZeRF1ehhg","conceptId":"concept_tVvuMz_query"}},{"SetFieldName":{"id":"shape_rZeRF1ehhg","newName":"text","conceptId":"concept_tVvuMz_query"}},{"AssignType":{"id":"shape_rZeRF1ehhg","to":{"StringT":{}},"conceptId":"concept_tVvuMz_query"}},{"AddField":{"parentId":"shape_6ixlaXnbQ9","id":"shape_QO7jLSMysz","conceptId":"concept_tVvuMz_query"}},{"SetFieldName":{"id":"shape_QO7jLSMysz","newName":"thumbnail","conceptId":"concept_tVvuMz_query"}},{"AssignType":{"id":"shape_QO7jLSMysz","to":{"RefT":{"conceptId":"concept_VlY9Yo_imageobject"}},"conceptId":"concept_tVvuMz_query"}},{"AddField":{"parentId":"shape_6ixlaXnbQ9","id":"shape_RaxiQKSb0D","conceptId":"concept_tVvuMz_query"}},{"SetFieldName":{"id":"shape_RaxiQKSb0D","newName":"webSearchUrl","conceptId":"concept_tVvuMz_query"}},{"AssignType":{"id":"shape_RaxiQKSb0D","to":{"StringT":{}},"conceptId":"concept_tVvuMz_query"}},{"AddField":{"parentId":"shape_6ixlaXnbQ9","id":"shape_fDtWJyHH8u","conceptId":"concept_tVvuMz_query"}},{"SetFieldName":{"id":"shape_fDtWJyHH8u","newName":"displayText","conceptId":"concept_tVvuMz_query"}},{"AssignType":{"id":"shape_fDtWJyHH8u","to":{"StringT":{}},"conceptId":"concept_tVvuMz_query"}},{"AssignType":{"id":"shape_n3GyfBTa7S","to":{"ObjectT":{}},"conceptId":"concept_qtn0yM_webwebanswer"}},{"AddField":{"parentId":"shape_n3GyfBTa7S","id":"shape_cQtGSP0uZH","conceptId":"concept_qtn0yM_webwebanswer"}},{"SetFieldName":{"id":"shape_cQtGSP0uZH","newName":"someResultsRemoved","conceptId":"concept_qtn0yM_webwebanswer"}},{"AssignType":{"id":"shape_cQtGSP0uZH","to":{"BooleanT":{}},"conceptId":"concept_qtn0yM_webwebanswer"}},{"AddField":{"parentId":"shape_n3GyfBTa7S","id":"shape_KSM6lVdGuF","conceptId":"concept_qtn0yM_webwebanswer"}},{"SetFieldName":{"id":"shape_KSM6lVdGuF","newName":"value","conceptId":"concept_qtn0yM_webwebanswer"}},{"AssignType":{"id":"shape_KSM6lVdGuF","to":{"ListT":{}},"conceptId":"concept_qtn0yM_webwebanswer"}},{"AddTypeParameter":{"parentId":"shape_KSM6lVdGuF","id":"shape_4e1vdo4GCM","conceptId":"concept_qtn0yM_webwebanswer"}},{"AssignType":{"id":"shape_4e1vdo4GCM","to":{"RefT":{"conceptId":"concept_AOVzeK_webpage"}},"conceptId":"concept_qtn0yM_webwebanswer"}},{"AssignType":{"id":"shape_w9HBu4TCbJ","to":{"ObjectT":{}},"conceptId":"concept_IBOjqk_newsarticle"}},{"AssignType":{"id":"shape_T1ysmyV38C","to":{"ObjectT":{}},"conceptId":"concept_VlY9Yo_imageobject"}},{"AddField":{"parentId":"shape_T1ysmyV38C","id":"shape_0DgB3D373I","conceptId":"concept_VlY9Yo_imageobject"}},{"SetFieldName":{"id":"shape_0DgB3D373I","newName":"thumbnail","conceptId":"concept_VlY9Yo_imageobject"}},{"AssignType":{"id":"shape_0DgB3D373I","to":{"RefT":{"conceptId":"concept_VlY9Yo_imageobject"}},"conceptId":"concept_VlY9Yo_imageobject"}},{"AssignType":{"id":"shape_vDaDnqqNy1","to":{"ObjectT":{}},"conceptId":"concept_tgBkZF_relatedsearchesrelatedsearchanswer"}},{"AddField":{"parentId":"shape_vDaDnqqNy1","id":"shape_WdgNovEy2v","conceptId":"concept_tgBkZF_relatedsearchesrelatedsearchanswer"}},{"SetFieldName":{"id":"shape_WdgNovEy2v","newName":"value","conceptId":"concept_tgBkZF_relatedsearchesrelatedsearchanswer"}},{"AssignType":{"id":"shape_WdgNovEy2v","to":{"ListT":{}},"conceptId":"concept_tgBkZF_relatedsearchesrelatedsearchanswer"}},{"AddTypeParameter":{"parentId":"shape_WdgNovEy2v","id":"shape_Y23Zmgbe7l","conceptId":"concept_tgBkZF_relatedsearchesrelatedsearchanswer"}},{"AssignType":{"id":"shape_Y23Zmgbe7l","to":{"RefT":{"conceptId":"concept_tVvuMz_query"}},"conceptId":"concept_tgBkZF_relatedsearchesrelatedsearchanswer"}},{"AssignType":{"id":"shape_jp5HxVQJ0p","to":{"ObjectT":{}},"conceptId":"concept_4KGEAF_article"}},{"AddField":{"parentId":"shape_jp5HxVQJ0p","id":"shape_wkJ3XDv9UR","conceptId":"concept_4KGEAF_article"}},{"SetFieldName":{"id":"shape_wkJ3XDv9UR","newName":"wordCount","conceptId":"concept_4KGEAF_article"}},{"AssignType":{"id":"shape_wkJ3XDv9UR","to":{"IntegerT":{}},"conceptId":"concept_4KGEAF_article"}},{"AssignType":{"id":"shape_FgxgaAcSyp","to":{"ObjectT":{}},"conceptId":"concept_N28T4R_creativework"}},{"AddField":{"parentId":"shape_FgxgaAcSyp","id":"shape_OIvNRZCuqv","conceptId":"concept_N28T4R_creativework"}},{"SetFieldName":{"id":"shape_OIvNRZCuqv","newName":"provider","conceptId":"concept_N28T4R_creativework"}},{"AssignType":{"id":"shape_OIvNRZCuqv","to":{"ListT":{}},"conceptId":"concept_N28T4R_creativework"}},{"AddTypeParameter":{"parentId":"shape_OIvNRZCuqv","id":"shape_YXSuU1MI9O","conceptId":"concept_N28T4R_creativework"}},{"AssignType":{"id":"shape_YXSuU1MI9O","to":{"RefT":{"conceptId":"concept_q5DApu_thing"}},"conceptId":"concept_N28T4R_creativework"}},{"AddField":{"parentId":"shape_FgxgaAcSyp","id":"shape_jf45CD5kra","conceptId":"concept_N28T4R_creativework"}},{"SetFieldName":{"id":"shape_jf45CD5kra","newName":"text","conceptId":"concept_N28T4R_creativework"}},{"AssignType":{"id":"shape_jf45CD5kra","to":{"StringT":{}},"conceptId":"concept_N28T4R_creativework"}},{"AddField":{"parentId":"shape_FgxgaAcSyp","id":"shape_hPY2hGxtW5","conceptId":"concept_N28T4R_creativework"}},{"SetFieldName":{"id":"shape_hPY2hGxtW5","newName":"thumbnailUrl","conceptId":"concept_N28T4R_creativework"}},{"AssignType":{"id":"shape_hPY2hGxtW5","to":{"StringT":{}},"conceptId":"concept_N28T4R_creativework"}},{"AssignType":{"id":"shape_oAuiRMQJ9x","to":{"ObjectT":{}},"conceptId":"concept_QPaVr7_rankingrankingresponse"}},{"AddField":{"parentId":"shape_oAuiRMQJ9x","id":"shape_FUewKznOgi","conceptId":"concept_QPaVr7_rankingrankingresponse"}},{"SetFieldName":{"id":"shape_FUewKznOgi","newName":"mainline","conceptId":"concept_QPaVr7_rankingrankingresponse"}},{"AssignType":{"id":"shape_FUewKznOgi","to":{"RefT":{"conceptId":"concept_6bKQnG_rankingrankinggroup"}},"conceptId":"concept_QPaVr7_rankingrankingresponse"}},{"AddField":{"parentId":"shape_oAuiRMQJ9x","id":"shape_rO1lHpT6kg","conceptId":"concept_QPaVr7_rankingrankingresponse"}},{"SetFieldName":{"id":"shape_rO1lHpT6kg","newName":"pole","conceptId":"concept_QPaVr7_rankingrankingresponse"}},{"AssignType":{"id":"shape_rO1lHpT6kg","to":{"RefT":{"conceptId":"concept_6bKQnG_rankingrankinggroup"}},"conceptId":"concept_QPaVr7_rankingrankingresponse"}},{"AddField":{"parentId":"shape_oAuiRMQJ9x","id":"shape_VgYCNwqrMe","conceptId":"concept_QPaVr7_rankingrankingresponse"}},{"SetFieldName":{"id":"shape_VgYCNwqrMe","newName":"sidebar","conceptId":"concept_QPaVr7_rankingrankingresponse"}},{"AssignType":{"id":"shape_VgYCNwqrMe","to":{"RefT":{"conceptId":"concept_6bKQnG_rankingrankinggroup"}},"conceptId":"concept_QPaVr7_rankingrankingresponse"}},{"AssignType":{"id":"shape_EmKdHXKB2H","to":{"ObjectT":{}},"conceptId":"concept_US1F9B_places"}},{"AddField":{"parentId":"shape_EmKdHXKB2H","id":"shape_MC1cCoNJjF","conceptId":"concept_US1F9B_places"}},{"SetFieldName":{"id":"shape_MC1cCoNJjF","newName":"value","conceptId":"concept_US1F9B_places"}},{"AssignType":{"id":"shape_MC1cCoNJjF","to":{"ListT":{}},"conceptId":"concept_US1F9B_places"}},{"AddTypeParameter":{"parentId":"shape_MC1cCoNJjF","id":"shape_lCwkacRt0Z","conceptId":"concept_US1F9B_places"}},{"AssignType":{"id":"shape_lCwkacRt0Z","to":{"RefT":{"conceptId":"concept_q5DApu_thing"}},"conceptId":"concept_US1F9B_places"}},{"AssignType":{"id":"shape_XkT3rEJNRk","to":{"ObjectT":{}},"conceptId":"concept_jft2hc_querycontext"}},{"AddField":{"parentId":"shape_XkT3rEJNRk","id":"shape_b0vLK17HW5","conceptId":"concept_jft2hc_querycontext"}},{"SetFieldName":{"id":"shape_b0vLK17HW5","newName":"alteredQuery","conceptId":"concept_jft2hc_querycontext"}},{"AssignType":{"id":"shape_b0vLK17HW5","to":{"StringT":{}},"conceptId":"concept_jft2hc_querycontext"}},{"AddField":{"parentId":"shape_XkT3rEJNRk","id":"shape_oJzGM8OTAU","conceptId":"concept_jft2hc_querycontext"}},{"SetFieldName":{"id":"shape_oJzGM8OTAU","newName":"adultIntent","conceptId":"concept_jft2hc_querycontext"}},{"AssignType":{"id":"shape_oJzGM8OTAU","to":{"BooleanT":{}},"conceptId":"concept_jft2hc_querycontext"}},{"AddField":{"parentId":"shape_XkT3rEJNRk","id":"shape_nQr4RTUd4N","conceptId":"concept_jft2hc_querycontext"}},{"SetFieldName":{"id":"shape_nQr4RTUd4N","newName":"alterationOverrideQuery","conceptId":"concept_jft2hc_querycontext"}},{"AssignType":{"id":"shape_nQr4RTUd4N","to":{"StringT":{}},"conceptId":"concept_jft2hc_querycontext"}},{"AddField":{"parentId":"shape_XkT3rEJNRk","id":"shape_T7UQLh9ubD","conceptId":"concept_jft2hc_querycontext"}},{"SetFieldName":{"id":"shape_T7UQLh9ubD","newName":"isTransactional","conceptId":"concept_jft2hc_querycontext"}},{"AssignType":{"id":"shape_T7UQLh9ubD","to":{"BooleanT":{}},"conceptId":"concept_jft2hc_querycontext"}},{"AddField":{"parentId":"shape_XkT3rEJNRk","id":"shape_VnEDz12fWn","conceptId":"concept_jft2hc_querycontext"}},{"SetFieldName":{"id":"shape_VnEDz12fWn","newName":"originalQuery","conceptId":"concept_jft2hc_querycontext"}},{"AssignType":{"id":"shape_VnEDz12fWn","to":{"StringT":{}},"conceptId":"concept_jft2hc_querycontext"}},{"AddField":{"parentId":"shape_XkT3rEJNRk","id":"shape_MYwLJz0gvP","conceptId":"concept_jft2hc_querycontext"}},{"SetFieldName":{"id":"shape_MYwLJz0gvP","newName":"askUserForLocation","conceptId":"concept_jft2hc_querycontext"}},{"AssignType":{"id":"shape_MYwLJz0gvP","to":{"BooleanT":{}},"conceptId":"concept_jft2hc_querycontext"}},{"AssignType":{"id":"shape_mHbrELKD73","to":{"ObjectT":{}},"conceptId":"concept_PVbwnl_errorresponse"}},{"AddField":{"parentId":"shape_mHbrELKD73","id":"shape_gqwPzNfxjL","conceptId":"concept_PVbwnl_errorresponse"}},{"SetFieldName":{"id":"shape_gqwPzNfxjL","newName":"errors","conceptId":"concept_PVbwnl_errorresponse"}},{"AssignType":{"id":"shape_gqwPzNfxjL","to":{"ListT":{}},"conceptId":"concept_PVbwnl_errorresponse"}},{"AddTypeParameter":{"parentId":"shape_gqwPzNfxjL","id":"shape_NMZHkd4i4Y","conceptId":"concept_PVbwnl_errorresponse"}},{"AssignType":{"id":"shape_NMZHkd4i4Y","to":{"RefT":{"conceptId":"concept_M6soVq_error"}},"conceptId":"concept_PVbwnl_errorresponse"}},{"AssignType":{"id":"shape_j0tpgHfHl5","to":{"ObjectT":{}},"conceptId":"concept_6bKQnG_rankingrankinggroup"}},{"AddField":{"parentId":"shape_j0tpgHfHl5","id":"shape_6apgPjMkER","conceptId":"concept_6bKQnG_rankingrankinggroup"}},{"SetFieldName":{"id":"shape_6apgPjMkER","newName":"items","conceptId":"concept_6bKQnG_rankingrankinggroup"}},{"AssignType":{"id":"shape_6apgPjMkER","to":{"ListT":{}},"conceptId":"concept_6bKQnG_rankingrankinggroup"}},{"AddTypeParameter":{"parentId":"shape_6apgPjMkER","id":"shape_nahc6hTsOW","conceptId":"concept_6bKQnG_rankingrankinggroup"}},{"AssignType":{"id":"shape_nahc6hTsOW","to":{"RefT":{"conceptId":"concept_DeLzQk_rankingrankingitem"}},"conceptId":"concept_6bKQnG_rankingrankinggroup"}},{"AssignType":{"id":"shape_X4GVDqsNnd","to":{"ObjectT":{}},"conceptId":"concept_AMFR6r_response"}},{"AddField":{"parentId":"shape_X4GVDqsNnd","id":"shape_TBjHPCCMja","conceptId":"concept_AMFR6r_response"}},{"SetFieldName":{"id":"shape_TBjHPCCMja","newName":"webSearchUrl","conceptId":"concept_AMFR6r_response"}},{"AssignType":{"id":"shape_TBjHPCCMja","to":{"StringT":{}},"conceptId":"concept_AMFR6r_response"}},{"AssignType":{"id":"shape_pN81Iaw2sC","to":{"ObjectT":{}},"conceptId":"concept_rcAi7m_searchresultsanswer"}},{"AddField":{"parentId":"shape_pN81Iaw2sC","id":"shape_wwXPgUNNKu","conceptId":"concept_rcAi7m_searchresultsanswer"}},{"SetFieldName":{"id":"shape_wwXPgUNNKu","newName":"isFamilyFriendly","conceptId":"concept_rcAi7m_searchresultsanswer"}},{"AssignType":{"id":"shape_wwXPgUNNKu","to":{"BooleanT":{}},"conceptId":"concept_rcAi7m_searchresultsanswer"}},{"AddField":{"parentId":"shape_pN81Iaw2sC","id":"shape_I19TZaeKRT","conceptId":"concept_rcAi7m_searchresultsanswer"}},{"SetFieldName":{"id":"shape_I19TZaeKRT","newName":"queryContext","conceptId":"concept_rcAi7m_searchresultsanswer"}},{"AssignType":{"id":"shape_I19TZaeKRT","to":{"RefT":{"conceptId":"concept_jft2hc_querycontext"}},"conceptId":"concept_rcAi7m_searchresultsanswer"}},{"AddField":{"parentId":"shape_pN81Iaw2sC","id":"shape_4K19Jv2FNP","conceptId":"concept_rcAi7m_searchresultsanswer"}},{"SetFieldName":{"id":"shape_4K19Jv2FNP","newName":"totalEstimatedMatches","conceptId":"concept_rcAi7m_searchresultsanswer"}},{"AssignType":{"id":"shape_4K19Jv2FNP","to":{"IntegerT":{}},"conceptId":"concept_rcAi7m_searchresultsanswer"}},{"AssignType":{"id":"shape_PuJ33dmw9q","to":{"ObjectT":{}},"conceptId":"concept_osKicQ_spellsuggestions"}},{"AddField":{"parentId":"shape_PuJ33dmw9q","id":"shape_jm4VLxrNvq","conceptId":"concept_osKicQ_spellsuggestions"}},{"SetFieldName":{"id":"shape_jm4VLxrNvq","newName":"value","conceptId":"concept_osKicQ_spellsuggestions"}},{"AssignType":{"id":"shape_jm4VLxrNvq","to":{"ListT":{}},"conceptId":"concept_osKicQ_spellsuggestions"}},{"AddTypeParameter":{"parentId":"shape_jm4VLxrNvq","id":"shape_jKA0psvnn1","conceptId":"concept_osKicQ_spellsuggestions"}},{"AssignType":{"id":"shape_jKA0psvnn1","to":{"RefT":{"conceptId":"concept_tVvuMz_query"}},"conceptId":"concept_osKicQ_spellsuggestions"}},{"AssignType":{"id":"shape_v6fhmgNswi","to":{"ObjectT":{}},"conceptId":"concept_o8QmSI_webwebgrouping"}},{"AddField":{"parentId":"shape_v6fhmgNswi","id":"shape_0JZQfvhYKL","conceptId":"concept_o8QmSI_webwebgrouping"}},{"SetFieldName":{"id":"shape_0JZQfvhYKL","newName":"_type","conceptId":"concept_o8QmSI_webwebgrouping"}},{"AssignType":{"id":"shape_0JZQfvhYKL","to":{"StringT":{}},"conceptId":"concept_o8QmSI_webwebgrouping"}},{"AddField":{"parentId":"shape_v6fhmgNswi","id":"shape_pdKMh1z1nS","conceptId":"concept_o8QmSI_webwebgrouping"}},{"SetFieldName":{"id":"shape_pdKMh1z1nS","newName":"webPages","conceptId":"concept_o8QmSI_webwebgrouping"}},{"AssignType":{"id":"shape_pdKMh1z1nS","to":{"ListT":{}},"conceptId":"concept_o8QmSI_webwebgrouping"}},{"AddTypeParameter":{"parentId":"shape_pdKMh1z1nS","id":"shape_OAWCG310Jz","conceptId":"concept_o8QmSI_webwebgrouping"}},{"AssignType":{"id":"shape_OAWCG310Jz","to":{"RefT":{"conceptId":"concept_AOVzeK_webpage"}},"conceptId":"concept_o8QmSI_webwebgrouping"}},{"AssignType":{"id":"shape_ECXhNaMb1Y","to":{"ObjectT":{}},"conceptId":"concept_Z1YQzH_identifiable"}},{"AddField":{"parentId":"shape_ECXhNaMb1Y","id":"shape_4vGZqHvKi9","conceptId":"concept_Z1YQzH_identifiable"}},{"SetFieldName":{"id":"shape_4vGZqHvKi9","newName":"id","conceptId":"concept_Z1YQzH_identifiable"}},{"AssignType":{"id":"shape_4vGZqHvKi9","to":{"StringT":{}},"conceptId":"concept_Z1YQzH_identifiable"}},{"AssignType":{"id":"shape_Ms7dG1ODNq","to":{"ObjectT":{}},"conceptId":"concept_eQIAin_webmetatag"}},{"AddField":{"parentId":"shape_Ms7dG1ODNq","id":"shape_DYCMz7eBJj","conceptId":"concept_eQIAin_webmetatag"}},{"SetFieldName":{"id":"shape_DYCMz7eBJj","newName":"content","conceptId":"concept_eQIAin_webmetatag"}},{"AssignType":{"id":"shape_DYCMz7eBJj","to":{"StringT":{}},"conceptId":"concept_eQIAin_webmetatag"}},{"AddField":{"parentId":"shape_Ms7dG1ODNq","id":"shape_A4k4LN9VRn","conceptId":"concept_eQIAin_webmetatag"}},{"SetFieldName":{"id":"shape_A4k4LN9VRn","newName":"name","conceptId":"concept_eQIAin_webmetatag"}},{"AssignType":{"id":"shape_A4k4LN9VRn","to":{"StringT":{}},"conceptId":"concept_eQIAin_webmetatag"}},{"AssignType":{"id":"shape_J68thJceSW","to":{"ObjectT":{}},"conceptId":"concept_hPdscm_mediaobject"}},{"AddField":{"parentId":"shape_J68thJceSW","id":"shape_ALRWCgx9eG","conceptId":"concept_hPdscm_mediaobject"}},{"SetFieldName":{"id":"shape_ALRWCgx9eG","newName":"contentUrl","conceptId":"concept_hPdscm_mediaobject"}},{"AssignType":{"id":"shape_ALRWCgx9eG","to":{"StringT":{}},"conceptId":"concept_hPdscm_mediaobject"}},{"AddField":{"parentId":"shape_J68thJceSW","id":"shape_SK9zvafGDh","conceptId":"concept_hPdscm_mediaobject"}},{"SetFieldName":{"id":"shape_SK9zvafGDh","newName":"height","conceptId":"concept_hPdscm_mediaobject"}},{"AssignType":{"id":"shape_SK9zvafGDh","to":{"IntegerT":{}},"conceptId":"concept_hPdscm_mediaobject"}},{"AddField":{"parentId":"shape_J68thJceSW","id":"shape_LIdKJyzgeL","conceptId":"concept_hPdscm_mediaobject"}},{"SetFieldName":{"id":"shape_LIdKJyzgeL","newName":"hostPageUrl","conceptId":"concept_hPdscm_mediaobject"}},{"AssignType":{"id":"shape_LIdKJyzgeL","to":{"StringT":{}},"conceptId":"concept_hPdscm_mediaobject"}},{"AddField":{"parentId":"shape_J68thJceSW","id":"shape_I65QzH3MrA","conceptId":"concept_hPdscm_mediaobject"}},{"SetFieldName":{"id":"shape_I65QzH3MrA","newName":"width","conceptId":"concept_hPdscm_mediaobject"}},{"AssignType":{"id":"shape_I65QzH3MrA","to":{"IntegerT":{}},"conceptId":"concept_hPdscm_mediaobject"}},{"AssignType":{"id":"shape_8OPiLrW3rP","to":{"ObjectT":{}},"conceptId":"concept_lL5uxB_answer"}},{"AddField":{"parentId":"shape_8OPiLrW3rP","id":"shape_5qVjHjOwMY","conceptId":"concept_lL5uxB_answer"}},{"SetFieldName":{"id":"shape_5qVjHjOwMY","newName":"followUpQueries","conceptId":"concept_lL5uxB_answer"}},{"AssignType":{"id":"shape_5qVjHjOwMY","to":{"ListT":{}},"conceptId":"concept_lL5uxB_answer"}},{"AddTypeParameter":{"parentId":"shape_5qVjHjOwMY","id":"shape_EIv75aZ3QU","conceptId":"concept_lL5uxB_answer"}},{"AssignType":{"id":"shape_EIv75aZ3QU","to":{"RefT":{"conceptId":"concept_tVvuMz_query"}},"conceptId":"concept_lL5uxB_answer"}},{"AssignType":{"id":"shape_wpj40lwKSf","to":{"ObjectT":{}},"conceptId":"concept_Zt7WI0_images"}},{"AddField":{"parentId":"shape_wpj40lwKSf","id":"shape_p5XyFyiLjS","conceptId":"concept_Zt7WI0_images"}},{"SetFieldName":{"id":"shape_p5XyFyiLjS","newName":"nextOffset","conceptId":"concept_Zt7WI0_images"}},{"AssignType":{"id":"shape_p5XyFyiLjS","to":{"IntegerT":{}},"conceptId":"concept_Zt7WI0_images"}},{"AddField":{"parentId":"shape_wpj40lwKSf","id":"shape_WTxjT6AZU3","conceptId":"concept_Zt7WI0_images"}},{"SetFieldName":{"id":"shape_WTxjT6AZU3","newName":"queryExpansions","conceptId":"concept_Zt7WI0_images"}},{"AssignType":{"id":"shape_WTxjT6AZU3","to":{"ListT":{}},"conceptId":"concept_Zt7WI0_images"}},{"AddTypeParameter":{"parentId":"shape_WTxjT6AZU3","id":"shape_hYfQOLqcMi","conceptId":"concept_Zt7WI0_images"}},{"AssignType":{"id":"shape_hYfQOLqcMi","to":{"RefT":{"conceptId":"concept_tVvuMz_query"}},"conceptId":"concept_Zt7WI0_images"}},{"AddField":{"parentId":"shape_wpj40lwKSf","id":"shape_ZLMx1lAe7y","conceptId":"concept_Zt7WI0_images"}},{"SetFieldName":{"id":"shape_ZLMx1lAe7y","newName":"similarTerms","conceptId":"concept_Zt7WI0_images"}},{"AssignType":{"id":"shape_ZLMx1lAe7y","to":{"ListT":{}},"conceptId":"concept_Zt7WI0_images"}},{"AddTypeParameter":{"parentId":"shape_ZLMx1lAe7y","id":"shape_ie6E9qrIgA","conceptId":"concept_Zt7WI0_images"}},{"AssignType":{"id":"shape_ie6E9qrIgA","to":{"RefT":{"conceptId":"concept_tVvuMz_query"}},"conceptId":"concept_Zt7WI0_images"}},{"AddField":{"parentId":"shape_wpj40lwKSf","id":"shape_EkAupJVerx","conceptId":"concept_Zt7WI0_images"}},{"SetFieldName":{"id":"shape_EkAupJVerx","newName":"value","conceptId":"concept_Zt7WI0_images"}},{"AssignType":{"id":"shape_EkAupJVerx","to":{"ListT":{}},"conceptId":"concept_Zt7WI0_images"}},{"AddTypeParameter":{"parentId":"shape_EkAupJVerx","id":"shape_Bncs7kPmVi","conceptId":"concept_Zt7WI0_images"}},{"AssignType":{"id":"shape_Bncs7kPmVi","to":{"RefT":{"conceptId":"concept_VlY9Yo_imageobject"}},"conceptId":"concept_Zt7WI0_images"}},{"AddField":{"parentId":"shape_wpj40lwKSf","id":"shape_qL9diwjzSb","conceptId":"concept_Zt7WI0_images"}},{"SetFieldName":{"id":"shape_qL9diwjzSb","newName":"relatedSearches","conceptId":"concept_Zt7WI0_images"}},{"AssignType":{"id":"shape_qL9diwjzSb","to":{"ListT":{}},"conceptId":"concept_Zt7WI0_images"}},{"AddTypeParameter":{"parentId":"shape_qL9diwjzSb","id":"shape_Z3z29QDXhq","conceptId":"concept_Zt7WI0_images"}},{"AssignType":{"id":"shape_Z3z29QDXhq","to":{"RefT":{"conceptId":"concept_tVvuMz_query"}},"conceptId":"concept_Zt7WI0_images"}},{"AssignType":{"id":"shape_H6btMXI9tV","to":{"ObjectT":{}},"conceptId":"concept_94VhUq_news"}},{"AddField":{"parentId":"shape_H6btMXI9tV","id":"shape_F6CEbnmDdU","conceptId":"concept_94VhUq_news"}},{"SetFieldName":{"id":"shape_F6CEbnmDdU","newName":"location","conceptId":"concept_94VhUq_news"}},{"AssignType":{"id":"shape_F6CEbnmDdU","to":{"StringT":{}},"conceptId":"concept_94VhUq_news"}},{"AddField":{"parentId":"shape_H6btMXI9tV","id":"shape_kkvpaP4NbH","conceptId":"concept_94VhUq_news"}},{"SetFieldName":{"id":"shape_kkvpaP4NbH","newName":"value","conceptId":"concept_94VhUq_news"}},{"AssignType":{"id":"shape_kkvpaP4NbH","to":{"ListT":{}},"conceptId":"concept_94VhUq_news"}},{"AddTypeParameter":{"parentId":"shape_kkvpaP4NbH","id":"shape_vQ0NpIAIKB","conceptId":"concept_94VhUq_news"}},{"AssignType":{"id":"shape_vQ0NpIAIKB","to":{"RefT":{"conceptId":"concept_IBOjqk_newsarticle"}},"conceptId":"concept_94VhUq_news"}},{"AddPathComponent":{"pathId":"dyEzGS_path_0","parentPathId":"root","name":"search"}},{"AddRequest":{"requestId":"path_0K6CzkVVhT}_get","pathId":"dyEzGS_path_0","httpMethod":"get"}},{"AddResponse":{"responseId":"response_eAgNxrUQlg","requestId":"path_0K6CzkVVhT}_get","httpStatusCode":200}},{"DefineInlineConcept":{"root":"shape_HxghdElKOE","conceptId":"concept_FRuvrtoCqsQ2"}},{"AssignType":{"id":"shape_HxghdElKOE","to":{"RefT":{"conceptId":"concept_aOenaA_searchresponse"}},"conceptId":"concept_FRuvrtoCqsQ2"}},{"SetResponseBodyShape":{"responseId":"response_eAgNxrUQlg","bodyDescriptor":{"httpContentType":"application/json","conceptId":"concept_FRuvrtoCqsQ2"}}}]