[{"DefineConcept":{"name":"reportsDailyResponse","root":"shape_etF0nfhlaB","conceptId":"concept_mEgeAO_reportsdailyresponse"}},{"SetConceptName":{"newName":"reportsDailyResponse","conceptId":"concept_mEgeAO_reportsdailyresponse"}},{"DefineConcept":{"name":"authResponse","root":"shape_1WJe6MGwdw","conceptId":"concept_JyzTr8_authresponse"}},{"SetConceptName":{"newName":"authResponse","conceptId":"concept_JyzTr8_authresponse"}},{"DefineConcept":{"name":"reportsWidgetResponse","root":"shape_9F7drrXR2O","conceptId":"concept_qQjaxW_reportswidgetresponse"}},{"SetConceptName":{"newName":"reportsWidgetResponse","conceptId":"concept_qQjaxW_reportswidgetresponse"}},{"DefineConcept":{"name":"reportsDailyItem","root":"shape_1rDQ8KX4Er","conceptId":"concept_BcEagd_reportsdailyitem"}},{"SetConceptName":{"newName":"reportsDailyItem","conceptId":"concept_BcEagd_reportsdailyitem"}},{"DefineConcept":{"name":"reportsWidgetItem","root":"shape_8gPsHg58fM","conceptId":"concept_MeLX76_reportswidgetitem"}},{"SetConceptName":{"newName":"reportsWidgetItem","conceptId":"concept_MeLX76_reportswidgetitem"}},{"DefineConcept":{"name":"reportsWebsiteResponse","root":"shape_M2bQsQlGYk","conceptId":"concept_74z5RG_reportswebsiteresponse"}},{"SetConceptName":{"newName":"reportsWebsiteResponse","conceptId":"concept_74z5RG_reportswebsiteresponse"}},{"DefineConcept":{"name":"reportsWebsiteItem","root":"shape_GIAU0NTDXn","conceptId":"concept_Ue26dO_reportswebsiteitem"}},{"SetConceptName":{"newName":"reportsWebsiteItem","conceptId":"concept_Ue26dO_reportswebsiteitem"}},{"DefineConcept":{"name":"modelError","root":"shape_wyx9cizTP6","conceptId":"concept_m1zWS6_modelerror"}},{"SetConceptName":{"newName":"modelError","conceptId":"concept_m1zWS6_modelerror"}},{"DefineConcept":{"name":"totals","root":"shape_klXm0lY3N0","conceptId":"concept_LxnUyQ_totals"}},{"SetConceptName":{"newName":"totals","conceptId":"concept_LxnUyQ_totals"}},{"AssignType":{"id":"shape_etF0nfhlaB","to":{"AnyT":{}},"conceptId":"concept_mEgeAO_reportsdailyresponse"}},{"AssignType":{"id":"shape_1WJe6MGwdw","to":{"AnyT":{}},"conceptId":"concept_JyzTr8_authresponse"}},{"AssignType":{"id":"shape_9F7drrXR2O","to":{"AnyT":{}},"conceptId":"concept_qQjaxW_reportswidgetresponse"}},{"AssignType":{"id":"shape_1rDQ8KX4Er","to":{"AnyT":{}},"conceptId":"concept_BcEagd_reportsdailyitem"}},{"AssignType":{"id":"shape_8gPsHg58fM","to":{"AnyT":{}},"conceptId":"concept_MeLX76_reportswidgetitem"}},{"AssignType":{"id":"shape_M2bQsQlGYk","to":{"AnyT":{}},"conceptId":"concept_74z5RG_reportswebsiteresponse"}},{"AssignType":{"id":"shape_GIAU0NTDXn","to":{"AnyT":{}},"conceptId":"concept_Ue26dO_reportswebsiteitem"}},{"AssignType":{"id":"shape_wyx9cizTP6","to":{"AnyT":{}},"conceptId":"concept_m1zWS6_modelerror"}},{"AssignType":{"id":"shape_klXm0lY3N0","to":{"AnyT":{}},"conceptId":"concept_LxnUyQ_totals"}},{"AddPathComponent":{"pathId":"ONfaTV_path_0","parentPathId":"root","name":"auth"}},{"AddPathComponent":{"pathId":"ONfaTV_path_1","parentPathId":"ONfaTV_path_0","name":"default"}},{"AddPathComponent":{"pathId":"ONfaTV_path_2","parentPathId":"ONfaTV_path_1","name":"login"}},{"AddPathComponent":{"pathId":"ONfaTV_path_3","parentPathId":"root","name":"publisher"}},{"AddPathComponent":{"pathId":"ONfaTV_path_4","parentPathId":"ONfaTV_path_3","name":"reports"}},{"AddPathComponent":{"pathId":"ONfaTV_path_5","parentPathId":"ONfaTV_path_4","name":"daily"}},{"AddPathComponent":{"pathId":"ONfaTV_path_6","parentPathId":"ONfaTV_path_4","name":"website"}},{"AddPathComponent":{"pathId":"ONfaTV_path_7","parentPathId":"ONfaTV_path_4","name":"widget"}},{"AddRequest":{"requestId":"path_KcvYPqwVW2}_post","pathId":"ONfaTV_path_2","httpMethod":"post"}},{"AddResponse":{"responseId":"response_ItzkLpsWcQ","requestId":"path_KcvYPqwVW2}_post","httpStatusCode":200}},{"DefineInlineConcept":{"root":"shape_MWsggjKvEq","conceptId":"concept_kVDIEN3cKjT5"}},{"AssignType":{"id":"shape_MWsggjKvEq","to":{"RefT":{"conceptId":"concept_JyzTr8_authresponse"}},"conceptId":"concept_kVDIEN3cKjT5"}},{"AddResponse":{"responseId":"response_fRfaNkhFbK","requestId":"path_KcvYPqwVW2}_post","httpStatusCode":400}},{"DefineInlineConcept":{"root":"shape_ntiG5waL4D","conceptId":"concept_ryq3ryGN2ff8"}},{"AssignType":{"id":"shape_ntiG5waL4D","to":{"RefT":{"conceptId":"concept_m1zWS6_modelerror"}},"conceptId":"concept_ryq3ryGN2ff8"}},{"AddRequest":{"requestId":"path_KokErKxQwU}_get","pathId":"ONfaTV_path_5","httpMethod":"get"}},{"AddResponse":{"responseId":"response_YUcthsfR59","requestId":"path_KokErKxQwU}_get","httpStatusCode":200}},{"DefineInlineConcept":{"root":"shape_8zGzyufIgW","conceptId":"concept_cY44VchZubya"}},{"AssignType":{"id":"shape_8zGzyufIgW","to":{"RefT":{"conceptId":"concept_mEgeAO_reportsdailyresponse"}},"conceptId":"concept_cY44VchZubya"}},{"AddResponse":{"responseId":"response_S6LdZxLHii","requestId":"path_KokErKxQwU}_get","httpStatusCode":400}},{"DefineInlineConcept":{"root":"shape_qV9FE4cFNz","conceptId":"concept_Xh2tDDSpP63u"}},{"AssignType":{"id":"shape_qV9FE4cFNz","to":{"RefT":{"conceptId":"concept_m1zWS6_modelerror"}},"conceptId":"concept_Xh2tDDSpP63u"}},{"AddRequest":{"requestId":"path_N3wfhfpXj2}_get","pathId":"ONfaTV_path_6","httpMethod":"get"}},{"AddResponse":{"responseId":"response_Ovp87nP7Qe","requestId":"path_N3wfhfpXj2}_get","httpStatusCode":200}},{"DefineInlineConcept":{"root":"shape_sgD0DJpbjr","conceptId":"concept_CNbejWaEHaWB"}},{"AssignType":{"id":"shape_sgD0DJpbjr","to":{"RefT":{"conceptId":"concept_74z5RG_reportswebsiteresponse"}},"conceptId":"concept_CNbejWaEHaWB"}},{"AddResponse":{"responseId":"response_ZQh10Ml7A9","requestId":"path_N3wfhfpXj2}_get","httpStatusCode":400}},{"DefineInlineConcept":{"root":"shape_lIGjXg25JW","conceptId":"concept_M04X2z1KHTqT"}},{"AssignType":{"id":"shape_lIGjXg25JW","to":{"RefT":{"conceptId":"concept_m1zWS6_modelerror"}},"conceptId":"concept_M04X2z1KHTqT"}},{"AddRequest":{"requestId":"path_USv5UghyIS}_get","pathId":"ONfaTV_path_7","httpMethod":"get"}},{"AddResponse":{"responseId":"response_nkoppMV015","requestId":"path_USv5UghyIS}_get","httpStatusCode":200}},{"DefineInlineConcept":{"root":"shape_z075SUXIXf","conceptId":"concept_KT9klNbIJgor"}},{"AssignType":{"id":"shape_z075SUXIXf","to":{"RefT":{"conceptId":"concept_qQjaxW_reportswidgetresponse"}},"conceptId":"concept_KT9klNbIJgor"}},{"AddResponse":{"responseId":"response_kB7Ka80ra4","requestId":"path_USv5UghyIS}_get","httpStatusCode":400}},{"DefineInlineConcept":{"root":"shape_NkcwfGQuNr","conceptId":"concept_po9eOrKTti15"}},{"AssignType":{"id":"shape_NkcwfGQuNr","to":{"RefT":{"conceptId":"concept_m1zWS6_modelerror"}},"conceptId":"concept_po9eOrKTti15"}},{"SetResponseBodyShape":{"responseId":"response_ItzkLpsWcQ","bodyDescriptor":{"httpContentType":"application/json","conceptId":"concept_kVDIEN3cKjT5"}}},{"SetResponseBodyShape":{"responseId":"response_fRfaNkhFbK","bodyDescriptor":{"httpContentType":"application/json","conceptId":"concept_ryq3ryGN2ff8"}}},{"SetResponseBodyShape":{"responseId":"response_YUcthsfR59","bodyDescriptor":{"httpContentType":"application/json","conceptId":"concept_cY44VchZubya"}}},{"SetResponseBodyShape":{"responseId":"response_S6LdZxLHii","bodyDescriptor":{"httpContentType":"application/json","conceptId":"concept_Xh2tDDSpP63u"}}},{"SetResponseBodyShape":{"responseId":"response_Ovp87nP7Qe","bodyDescriptor":{"httpContentType":"application/json","conceptId":"concept_CNbejWaEHaWB"}}},{"SetResponseBodyShape":{"responseId":"response_ZQh10Ml7A9","bodyDescriptor":{"httpContentType":"application/json","conceptId":"concept_M04X2z1KHTqT"}}},{"SetResponseBodyShape":{"responseId":"response_nkoppMV015","bodyDescriptor":{"httpContentType":"application/json","conceptId":"concept_KT9klNbIJgor"}}},{"SetResponseBodyShape":{"responseId":"response_kB7Ka80ra4","bodyDescriptor":{"httpContentType":"application/json","conceptId":"concept_po9eOrKTti15"}}}]