[{"DefineConcept":{"name":"Statistics","root":"shape_EvMvc9PJYN","conceptId":"concept_tU23tF_statistics"}},{"SetConceptName":{"newName":"Statistics","conceptId":"concept_tU23tF_statistics"}},{"DefineConcept":{"name":"OrbitalData","root":"shape_1AtcgVtwYS","conceptId":"concept_Xvnaee_orbitaldata"}},{"SetConceptName":{"newName":"OrbitalData","conceptId":"concept_Xvnaee_orbitaldata"}},{"DefineConcept":{"name":"OrbitClass","root":"shape_7OL5OdfNfh","conceptId":"concept_loG8d7_orbitclass"}},{"SetConceptName":{"newName":"OrbitClass","conceptId":"concept_loG8d7_orbitclass"}},{"DefineConcept":{"name":"EstimatedDiameterContainer","root":"shape_78SHrpeNe9","conceptId":"concept_FahygC_estimateddiametercontainer"}},{"SetConceptName":{"newName":"EstimatedDiameterContainer","conceptId":"concept_FahygC_estimateddiametercontainer"}},{"DefineConcept":{"name":"URL","root":"shape_OB5Un9gIc0","conceptId":"concept_WOkm2x_url"}},{"SetConceptName":{"newName":"URL","conceptId":"concept_WOkm2x_url"}},{"DefineConcept":{"name":"SentryImpactRiskObject","root":"shape_ZHXuvv3Ln2","conceptId":"concept_k0Y37e_sentryimpactriskobject"}},{"SetConceptName":{"newName":"SentryImpactRiskObject","conceptId":"concept_k0Y37e_sentryimpactriskobject"}},{"DefineConcept":{"name":"NearEarthObject","root":"shape_yrJbY4jxxm","conceptId":"concept_VQfVGx_nearearthobject"}},{"SetConceptName":{"newName":"NearEarthObject","conceptId":"concept_VQfVGx_nearearthobject"}},{"DefineConcept":{"name":"RelVelocity","root":"shape_qkYYuM1jcZ","conceptId":"concept_d3yIpA_relvelocity"}},{"SetConceptName":{"newName":"RelVelocity","conceptId":"concept_d3yIpA_relvelocity"}},{"DefineConcept":{"name":"SentryObjectPagingDto","root":"shape_ooS03skZ1p","conceptId":"concept_wkvusR_sentryobjectpagingdto"}},{"SetConceptName":{"newName":"SentryObjectPagingDto","conceptId":"concept_wkvusR_sentryobjectpagingdto"}},{"DefineConcept":{"name":"MissDistance","root":"shape_ej7GymNcuq","conceptId":"concept_naRhT2_missdistance"}},{"SetConceptName":{"newName":"MissDistance","conceptId":"concept_naRhT2_missdistance"}},{"DefineConcept":{"name":"PageMetaData","root":"shape_c0r0c2QCVl","conceptId":"concept_EH6XQ5_pagemetadata"}},{"SetConceptName":{"newName":"PageMetaData","conceptId":"concept_EH6XQ5_pagemetadata"}},{"DefineConcept":{"name":"HashMap«string,List«NearEarthObject»»","root":"shape_hz5PmIPAhV","conceptId":"concept_UVFhf3_hashmapstringlistnearearthobject"}},{"SetConceptName":{"newName":"HashMap«string,List«NearEarthObject»»","conceptId":"concept_UVFhf3_hashmapstringlistnearearthobject"}},{"DefineConcept":{"name":"EstimatedDiameter","root":"shape_Cg0lako3gz","conceptId":"concept_IbCRNP_estimateddiameter"}},{"SetConceptName":{"newName":"EstimatedDiameter","conceptId":"concept_IbCRNP_estimateddiameter"}},{"DefineConcept":{"name":"NearEarthObjectList","root":"shape_sU92eZZIMd","conceptId":"concept_wasbhY_nearearthobjectlist"}},{"SetConceptName":{"newName":"NearEarthObjectList","conceptId":"concept_wasbhY_nearearthobjectlist"}},{"DefineConcept":{"name":"CloseApproachData","root":"shape_hfwiFoD4ED","conceptId":"concept_lD3BTZ_closeapproachdata"}},{"SetConceptName":{"newName":"CloseApproachData","conceptId":"concept_lD3BTZ_closeapproachdata"}},{"AssignType":{"id":"shape_EvMvc9PJYN","to":{"AnyT":{}},"conceptId":"concept_tU23tF_statistics"}},{"AssignType":{"id":"shape_1AtcgVtwYS","to":{"AnyT":{}},"conceptId":"concept_Xvnaee_orbitaldata"}},{"AssignType":{"id":"shape_7OL5OdfNfh","to":{"AnyT":{}},"conceptId":"concept_loG8d7_orbitclass"}},{"AssignType":{"id":"shape_78SHrpeNe9","to":{"AnyT":{}},"conceptId":"concept_FahygC_estimateddiametercontainer"}},{"AssignType":{"id":"shape_OB5Un9gIc0","to":{"AnyT":{}},"conceptId":"concept_WOkm2x_url"}},{"AssignType":{"id":"shape_ZHXuvv3Ln2","to":{"AnyT":{}},"conceptId":"concept_k0Y37e_sentryimpactriskobject"}},{"AssignType":{"id":"shape_yrJbY4jxxm","to":{"AnyT":{}},"conceptId":"concept_VQfVGx_nearearthobject"}},{"AssignType":{"id":"shape_qkYYuM1jcZ","to":{"AnyT":{}},"conceptId":"concept_d3yIpA_relvelocity"}},{"AssignType":{"id":"shape_ooS03skZ1p","to":{"AnyT":{}},"conceptId":"concept_wkvusR_sentryobjectpagingdto"}},{"AssignType":{"id":"shape_ej7GymNcuq","to":{"AnyT":{}},"conceptId":"concept_naRhT2_missdistance"}},{"AssignType":{"id":"shape_c0r0c2QCVl","to":{"AnyT":{}},"conceptId":"concept_EH6XQ5_pagemetadata"}},{"AssignType":{"id":"shape_hz5PmIPAhV","to":{"AnyT":{}},"conceptId":"concept_UVFhf3_hashmapstringlistnearearthobject"}},{"AssignType":{"id":"shape_Cg0lako3gz","to":{"AnyT":{}},"conceptId":"concept_IbCRNP_estimateddiameter"}},{"AssignType":{"id":"shape_sU92eZZIMd","to":{"AnyT":{}},"conceptId":"concept_wasbhY_nearearthobjectlist"}},{"AssignType":{"id":"shape_hfwiFoD4ED","to":{"AnyT":{}},"conceptId":"concept_lD3BTZ_closeapproachdata"}},{"AddPathComponent":{"pathId":"IVBzVV_path_0","parentPathId":"root","name":"rest"}},{"AddPathComponent":{"pathId":"IVBzVV_path_1","parentPathId":"IVBzVV_path_0","name":"v1"}},{"AddPathComponent":{"pathId":"IVBzVV_path_2","parentPathId":"IVBzVV_path_1","name":"feed"}},{"AddPathComponent":{"pathId":"IVBzVV_path_3","parentPathId":"IVBzVV_path_2","name":"today"}},{"AddPathComponent":{"pathId":"IVBzVV_path_4","parentPathId":"IVBzVV_path_1","name":"neo"}},{"AddPathComponent":{"pathId":"IVBzVV_path_5","parentPathId":"IVBzVV_path_4","name":"browse"}},{"AddPathComponent":{"pathId":"IVBzVV_path_6","parentPathId":"IVBzVV_path_4","name":"sentry"}},{"AddPathParameter":{"pathId":"IVBzVV_path_7","parentPathId":"IVBzVV_path_6","name":"asteroid_id"}},{"AddPathParameter":{"pathId":"IVBzVV_path_8","parentPathId":"IVBzVV_path_4","name":"asteroid_id"}},{"AddPathComponent":{"pathId":"IVBzVV_path_9","parentPathId":"IVBzVV_path_1","name":"stats"}},{"AddRequest":{"requestId":"path_rNcHlOO1bO}_get","pathId":"IVBzVV_path_5","httpMethod":"get"}},{"AddResponse":{"responseId":"response_V31PSWHlAK","requestId":"path_rNcHlOO1bO}_get","httpStatusCode":200}},{"DefineInlineConcept":{"root":"shape_yw5qZ3lcEW","conceptId":"concept_DwRkIMZNRe7h"}},{"AssignType":{"id":"shape_yw5qZ3lcEW","to":{"RefT":{"conceptId":"concept_VQfVGx_nearearthobject"}},"conceptId":"concept_DwRkIMZNRe7h"}},{"AddResponse":{"responseId":"response_5syGsVTZva","requestId":"path_rNcHlOO1bO}_get","httpStatusCode":401}},{"AddResponse":{"responseId":"response_VtL75AbeUJ","requestId":"path_rNcHlOO1bO}_get","httpStatusCode":403}},{"AddResponse":{"responseId":"response_RDO9owq9Hz","requestId":"path_rNcHlOO1bO}_get","httpStatusCode":404}},{"AddRequest":{"requestId":"path_CAgLn6xoDJ}_get","pathId":"IVBzVV_path_6","httpMethod":"get"}},{"AddResponse":{"responseId":"response_PFeH8uze2N","requestId":"path_CAgLn6xoDJ}_get","httpStatusCode":200}},{"DefineInlineConcept":{"root":"shape_4iFVBb3EEv","conceptId":"concept_fzj7CD75sBWW"}},{"AssignType":{"id":"shape_4iFVBb3EEv","to":{"RefT":{"conceptId":"concept_wkvusR_sentryobjectpagingdto"}},"conceptId":"concept_fzj7CD75sBWW"}},{"AddResponse":{"responseId":"response_yVBuS7MJaL","requestId":"path_CAgLn6xoDJ}_get","httpStatusCode":401}},{"AddResponse":{"responseId":"response_3l93mrldtz","requestId":"path_CAgLn6xoDJ}_get","httpStatusCode":403}},{"AddResponse":{"responseId":"response_SKOsTBGTdE","requestId":"path_CAgLn6xoDJ}_get","httpStatusCode":404}},{"AddRequest":{"requestId":"path_vaYIJ4QIke}_get","pathId":"IVBzVV_path_2","httpMethod":"get"}},{"AddResponse":{"responseId":"response_qsJfZlRxaI","requestId":"path_vaYIJ4QIke}_get","httpStatusCode":200}},{"DefineInlineConcept":{"root":"shape_795WVFFC4S","conceptId":"concept_qmusU49N3JAz"}},{"AssignType":{"id":"shape_795WVFFC4S","to":{"RefT":{"conceptId":"concept_wasbhY_nearearthobjectlist"}},"conceptId":"concept_qmusU49N3JAz"}},{"AddResponse":{"responseId":"response_QTuDauSSTo","requestId":"path_vaYIJ4QIke}_get","httpStatusCode":401}},{"AddResponse":{"responseId":"response_sGCkXxDD6d","requestId":"path_vaYIJ4QIke}_get","httpStatusCode":403}},{"AddResponse":{"responseId":"response_MscbaV101C","requestId":"path_vaYIJ4QIke}_get","httpStatusCode":404}},{"AddRequest":{"requestId":"path_6wK4edynh3}_get","pathId":"IVBzVV_path_9","httpMethod":"get"}},{"AddResponse":{"responseId":"response_u5Di9NST8W","requestId":"path_6wK4edynh3}_get","httpStatusCode":200}},{"DefineInlineConcept":{"root":"shape_kfoFgMWBDA","conceptId":"concept_BQkS4LYOTEkd"}},{"AssignType":{"id":"shape_kfoFgMWBDA","to":{"RefT":{"conceptId":"concept_tU23tF_statistics"}},"conceptId":"concept_BQkS4LYOTEkd"}},{"AddResponse":{"responseId":"response_aJMx8FAZEI","requestId":"path_6wK4edynh3}_get","httpStatusCode":401}},{"AddResponse":{"responseId":"response_B7QkJHiM81","requestId":"path_6wK4edynh3}_get","httpStatusCode":403}},{"AddResponse":{"responseId":"response_oxUjlKHxp3","requestId":"path_6wK4edynh3}_get","httpStatusCode":404}},{"AddRequest":{"requestId":"path_yCrpwLN3FG}_get","pathId":"IVBzVV_path_8","httpMethod":"get"}},{"AddResponse":{"responseId":"response_EwfpAmPWm8","requestId":"path_yCrpwLN3FG}_get","httpStatusCode":200}},{"DefineInlineConcept":{"root":"shape_nOPeP80e3A","conceptId":"concept_PIe8l8cQBdYp"}},{"AssignType":{"id":"shape_nOPeP80e3A","to":{"RefT":{"conceptId":"concept_VQfVGx_nearearthobject"}},"conceptId":"concept_PIe8l8cQBdYp"}},{"AddResponse":{"responseId":"response_BsMJRtnoQB","requestId":"path_yCrpwLN3FG}_get","httpStatusCode":401}},{"AddResponse":{"responseId":"response_00Txotu4d9","requestId":"path_yCrpwLN3FG}_get","httpStatusCode":403}},{"AddResponse":{"responseId":"response_KcNC9E4XVq","requestId":"path_yCrpwLN3FG}_get","httpStatusCode":404}},{"AddRequest":{"requestId":"path_qkxugXhgIj}_get","pathId":"IVBzVV_path_3","httpMethod":"get"}},{"AddResponse":{"responseId":"response_CrFVFLrwBp","requestId":"path_qkxugXhgIj}_get","httpStatusCode":200}},{"DefineInlineConcept":{"root":"shape_g3kWC5mokr","conceptId":"concept_vuPPTZXi9O0H"}},{"AssignType":{"id":"shape_g3kWC5mokr","to":{"RefT":{"conceptId":"concept_wasbhY_nearearthobjectlist"}},"conceptId":"concept_vuPPTZXi9O0H"}},{"AddResponse":{"responseId":"response_jRpdn8KQU8","requestId":"path_qkxugXhgIj}_get","httpStatusCode":401}},{"AddResponse":{"responseId":"response_rXAqdZAGw5","requestId":"path_qkxugXhgIj}_get","httpStatusCode":403}},{"AddResponse":{"responseId":"response_ZSCaGuBBZv","requestId":"path_qkxugXhgIj}_get","httpStatusCode":404}},{"AddRequest":{"requestId":"path_Oq5smhTd8V}_get","pathId":"IVBzVV_path_7","httpMethod":"get"}},{"AddResponse":{"responseId":"response_nZl51lJnG4","requestId":"path_Oq5smhTd8V}_get","httpStatusCode":200}},{"DefineInlineConcept":{"root":"shape_MMX2lKux2I","conceptId":"concept_q9jVHOsUzYuy"}},{"AssignType":{"id":"shape_MMX2lKux2I","to":{"RefT":{"conceptId":"concept_k0Y37e_sentryimpactriskobject"}},"conceptId":"concept_q9jVHOsUzYuy"}},{"AddResponse":{"responseId":"response_ebw6MZKebO","requestId":"path_Oq5smhTd8V}_get","httpStatusCode":401}},{"AddResponse":{"responseId":"response_CFiotnRHJS","requestId":"path_Oq5smhTd8V}_get","httpStatusCode":403}},{"AddResponse":{"responseId":"response_L2Do93XXAn","requestId":"path_Oq5smhTd8V}_get","httpStatusCode":404}},{"SetResponseBodyShape":{"responseId":"response_V31PSWHlAK","bodyDescriptor":{"httpContentType":"application/json","conceptId":"concept_DwRkIMZNRe7h"}}},{"SetResponseBodyShape":{"responseId":"response_PFeH8uze2N","bodyDescriptor":{"httpContentType":"application/json","conceptId":"concept_fzj7CD75sBWW"}}},{"SetResponseBodyShape":{"responseId":"response_qsJfZlRxaI","bodyDescriptor":{"httpContentType":"application/json","conceptId":"concept_qmusU49N3JAz"}}},{"SetResponseBodyShape":{"responseId":"response_u5Di9NST8W","bodyDescriptor":{"httpContentType":"application/json","conceptId":"concept_BQkS4LYOTEkd"}}},{"SetResponseBodyShape":{"responseId":"response_EwfpAmPWm8","bodyDescriptor":{"httpContentType":"application/json","conceptId":"concept_PIe8l8cQBdYp"}}},{"SetResponseBodyShape":{"responseId":"response_CrFVFLrwBp","bodyDescriptor":{"httpContentType":"application/json","conceptId":"concept_vuPPTZXi9O0H"}}},{"SetResponseBodyShape":{"responseId":"response_nZl51lJnG4","bodyDescriptor":{"httpContentType":"application/json","conceptId":"concept_q9jVHOsUzYuy"}}}]