[{"DefineConcept":{"name":"netlicensing","root":"shape_QhXLote2ru","conceptId":"concept_9P7qqj_netlicensing"}},{"SetConceptName":{"newName":"netlicensing","conceptId":"concept_9P7qqj_netlicensing"}},{"DefineConcept":{"name":"ProductModule","root":"shape_buhGBsMD2N","conceptId":"concept_dCaPev_productmodule"}},{"SetConceptName":{"newName":"ProductModule","conceptId":"concept_dCaPev_productmodule"}},{"DefineConcept":{"name":"Transaction","root":"shape_u5EPp716dc","conceptId":"concept_nnxhbD_transaction"}},{"SetConceptName":{"newName":"Transaction","conceptId":"concept_nnxhbD_transaction"}},{"DefineConcept":{"name":"LicenseTemplate","root":"shape_7HfrdJouEj","conceptId":"concept_8m8qqU_licensetemplate"}},{"SetConceptName":{"newName":"LicenseTemplate","conceptId":"concept_8m8qqU_licensetemplate"}},{"DefineConcept":{"name":"licensingModel","root":"shape_CVf2uY4uIS","conceptId":"concept_hnJedD_licensingmodel"}},{"SetConceptName":{"newName":"licensingModel","conceptId":"concept_hnJedD_licensingmodel"}},{"DefineConcept":{"name":"License","root":"shape_8eqGwGuujZ","conceptId":"concept_GuK6Wt_license"}},{"SetConceptName":{"newName":"License","conceptId":"concept_GuK6Wt_license"}},{"DefineConcept":{"name":"items","root":"shape_6QmjLRozMr","conceptId":"concept_QPdSUs_items"}},{"SetConceptName":{"newName":"items","conceptId":"concept_QPdSUs_items"}},{"DefineConcept":{"name":"infos","root":"shape_33dx5BHT78","conceptId":"concept_J107XV_infos"}},{"SetConceptName":{"newName":"infos","conceptId":"concept_J107XV_infos"}},{"DefineConcept":{"name":"Licensee","root":"shape_7NCO1hEIpe","conceptId":"concept_JZeP5B_licensee"}},{"SetConceptName":{"newName":"Licensee","conceptId":"concept_JZeP5B_licensee"}},{"DefineConcept":{"name":"Product","root":"shape_Kkfj8bLJPH","conceptId":"concept_McBCUR_product"}},{"SetConceptName":{"newName":"Product","conceptId":"concept_McBCUR_product"}},{"DefineConcept":{"name":"discount","root":"shape_wfrMv6xgsS","conceptId":"concept_1dRBY7_discount"}},{"SetConceptName":{"newName":"discount","conceptId":"concept_1dRBY7_discount"}},{"DefineConcept":{"name":"Token","root":"shape_KhtwpeBmz1","conceptId":"concept_oKmiro_token"}},{"SetConceptName":{"newName":"Token","conceptId":"concept_oKmiro_token"}},{"DefineConcept":{"name":"PaymentMethod","root":"shape_NTabSH5Swi","conceptId":"concept_5BDcUI_paymentmethod"}},{"SetConceptName":{"newName":"PaymentMethod","conceptId":"concept_5BDcUI_paymentmethod"}},{"AssignType":{"id":"shape_QhXLote2ru","to":{"AnyT":{}},"conceptId":"concept_9P7qqj_netlicensing"}},{"AssignType":{"id":"shape_buhGBsMD2N","to":{"ObjectT":{}},"conceptId":"concept_dCaPev_productmodule"}},{"AddField":{"parentId":"shape_buhGBsMD2N","id":"shape_uiBHCZMiA1","conceptId":"concept_dCaPev_productmodule"}},{"SetFieldName":{"id":"shape_uiBHCZMiA1","newName":"active","conceptId":"concept_dCaPev_productmodule"}},{"AssignType":{"id":"shape_uiBHCZMiA1","to":{"BooleanT":{}},"conceptId":"concept_dCaPev_productmodule"}},{"AddField":{"parentId":"shape_buhGBsMD2N","id":"shape_rwgsRT3GiV","conceptId":"concept_dCaPev_productmodule"}},{"SetFieldName":{"id":"shape_rwgsRT3GiV","newName":"licensingInfo","conceptId":"concept_dCaPev_productmodule"}},{"AssignType":{"id":"shape_rwgsRT3GiV","to":{"StringT":{}},"conceptId":"concept_dCaPev_productmodule"}},{"AddField":{"parentId":"shape_buhGBsMD2N","id":"shape_nsY7q3D0mW","conceptId":"concept_dCaPev_productmodule"}},{"SetFieldName":{"id":"shape_nsY7q3D0mW","newName":"name","conceptId":"concept_dCaPev_productmodule"}},{"AssignType":{"id":"shape_nsY7q3D0mW","to":{"StringT":{}},"conceptId":"concept_dCaPev_productmodule"}},{"AddField":{"parentId":"shape_buhGBsMD2N","id":"shape_0biHdZJYQv","conceptId":"concept_dCaPev_productmodule"}},{"SetFieldName":{"id":"shape_0biHdZJYQv","newName":"number","conceptId":"concept_dCaPev_productmodule"}},{"AssignType":{"id":"shape_0biHdZJYQv","to":{"StringT":{}},"conceptId":"concept_dCaPev_productmodule"}},{"AssignType":{"id":"shape_u5EPp716dc","to":{"ObjectT":{}},"conceptId":"concept_nnxhbD_transaction"}},{"AddField":{"parentId":"shape_u5EPp716dc","id":"shape_Z2pCT2PTIf","conceptId":"concept_nnxhbD_transaction"}},{"SetFieldName":{"id":"shape_Z2pCT2PTIf","newName":"active","conceptId":"concept_nnxhbD_transaction"}},{"AssignType":{"id":"shape_Z2pCT2PTIf","to":{"StringT":{}},"conceptId":"concept_nnxhbD_transaction"}},{"AddField":{"parentId":"shape_u5EPp716dc","id":"shape_s4XmeQMQTb","conceptId":"concept_nnxhbD_transaction"}},{"SetFieldName":{"id":"shape_s4XmeQMQTb","newName":"number","conceptId":"concept_nnxhbD_transaction"}},{"AssignType":{"id":"shape_s4XmeQMQTb","to":{"StringT":{}},"conceptId":"concept_nnxhbD_transaction"}},{"AddField":{"parentId":"shape_u5EPp716dc","id":"shape_bZgtXtCKEV","conceptId":"concept_nnxhbD_transaction"}},{"SetFieldName":{"id":"shape_bZgtXtCKEV","newName":"source","conceptId":"concept_nnxhbD_transaction"}},{"AssignType":{"id":"shape_bZgtXtCKEV","to":{"StringT":{}},"conceptId":"concept_nnxhbD_transaction"}},{"AddField":{"parentId":"shape_u5EPp716dc","id":"shape_9AvSAMiY0h","conceptId":"concept_nnxhbD_transaction"}},{"SetFieldName":{"id":"shape_9AvSAMiY0h","newName":"status","conceptId":"concept_nnxhbD_transaction"}},{"AssignType":{"id":"shape_9AvSAMiY0h","to":{"StringT":{}},"conceptId":"concept_nnxhbD_transaction"}},{"AssignType":{"id":"shape_7HfrdJouEj","to":{"ObjectT":{}},"conceptId":"concept_8m8qqU_licensetemplate"}},{"AddField":{"parentId":"shape_7HfrdJouEj","id":"shape_GC5fwyymfj","conceptId":"concept_8m8qqU_licensetemplate"}},{"SetFieldName":{"id":"shape_GC5fwyymfj","newName":"automatic","conceptId":"concept_8m8qqU_licensetemplate"}},{"AssignType":{"id":"shape_GC5fwyymfj","to":{"BooleanT":{}},"conceptId":"concept_8m8qqU_licensetemplate"}},{"AddField":{"parentId":"shape_7HfrdJouEj","id":"shape_Zz1t3TylmI","conceptId":"concept_8m8qqU_licensetemplate"}},{"SetFieldName":{"id":"shape_Zz1t3TylmI","newName":"number","conceptId":"concept_8m8qqU_licensetemplate"}},{"AssignType":{"id":"shape_Zz1t3TylmI","to":{"StringT":{}},"conceptId":"concept_8m8qqU_licensetemplate"}},{"AddField":{"parentId":"shape_7HfrdJouEj","id":"shape_4d1yY81KZn","conceptId":"concept_8m8qqU_licensetemplate"}},{"SetFieldName":{"id":"shape_4d1yY81KZn","newName":"name","conceptId":"concept_8m8qqU_licensetemplate"}},{"AssignType":{"id":"shape_4d1yY81KZn","to":{"StringT":{}},"conceptId":"concept_8m8qqU_licensetemplate"}},{"AddField":{"parentId":"shape_7HfrdJouEj","id":"shape_8tHYY8EkE0","conceptId":"concept_8m8qqU_licensetemplate"}},{"SetFieldName":{"id":"shape_8tHYY8EkE0","newName":"licenseType","conceptId":"concept_8m8qqU_licensetemplate"}},{"AssignType":{"id":"shape_8tHYY8EkE0","to":{"StringT":{}},"conceptId":"concept_8m8qqU_licensetemplate"}},{"AddField":{"parentId":"shape_7HfrdJouEj","id":"shape_vLxJq59GCd","conceptId":"concept_8m8qqU_licensetemplate"}},{"SetFieldName":{"id":"shape_vLxJq59GCd","newName":"hiddenLicenses","conceptId":"concept_8m8qqU_licensetemplate"}},{"AssignType":{"id":"shape_vLxJq59GCd","to":{"BooleanT":{}},"conceptId":"concept_8m8qqU_licensetemplate"}},{"AddField":{"parentId":"shape_7HfrdJouEj","id":"shape_W5dD8S7XaU","conceptId":"concept_8m8qqU_licensetemplate"}},{"SetFieldName":{"id":"shape_W5dD8S7XaU","newName":"price","conceptId":"concept_8m8qqU_licensetemplate"}},{"AssignType":{"id":"shape_W5dD8S7XaU","to":{"NumberT":{}},"conceptId":"concept_8m8qqU_licensetemplate"}},{"AddField":{"parentId":"shape_7HfrdJouEj","id":"shape_xfCQXCJsWV","conceptId":"concept_8m8qqU_licensetemplate"}},{"SetFieldName":{"id":"shape_xfCQXCJsWV","newName":"hidden","conceptId":"concept_8m8qqU_licensetemplate"}},{"AssignType":{"id":"shape_xfCQXCJsWV","to":{"BooleanT":{}},"conceptId":"concept_8m8qqU_licensetemplate"}},{"AddField":{"parentId":"shape_7HfrdJouEj","id":"shape_5vTTukdsvJ","conceptId":"concept_8m8qqU_licensetemplate"}},{"SetFieldName":{"id":"shape_5vTTukdsvJ","newName":"currency","conceptId":"concept_8m8qqU_licensetemplate"}},{"AssignType":{"id":"shape_5vTTukdsvJ","to":{"StringT":{}},"conceptId":"concept_8m8qqU_licensetemplate"}},{"AddField":{"parentId":"shape_7HfrdJouEj","id":"shape_BjJWfzthdv","conceptId":"concept_8m8qqU_licensetemplate"}},{"SetFieldName":{"id":"shape_BjJWfzthdv","newName":"active","conceptId":"concept_8m8qqU_licensetemplate"}},{"AssignType":{"id":"shape_BjJWfzthdv","to":{"BooleanT":{}},"conceptId":"concept_8m8qqU_licensetemplate"}},{"AssignType":{"id":"shape_CVf2uY4uIS","to":{"ObjectT":{}},"conceptId":"concept_hnJedD_licensingmodel"}},{"AddField":{"parentId":"shape_CVf2uY4uIS","id":"shape_W0jjvD53qC","conceptId":"concept_hnJedD_licensingmodel"}},{"SetFieldName":{"id":"shape_W0jjvD53qC","newName":"name","conceptId":"concept_hnJedD_licensingmodel"}},{"AssignType":{"id":"shape_W0jjvD53qC","to":{"StringT":{}},"conceptId":"concept_hnJedD_licensingmodel"}},{"AssignType":{"id":"shape_8eqGwGuujZ","to":{"ObjectT":{}},"conceptId":"concept_GuK6Wt_license"}},{"AddField":{"parentId":"shape_8eqGwGuujZ","id":"shape_BwIadH9pJ3","conceptId":"concept_GuK6Wt_license"}},{"SetFieldName":{"id":"shape_BwIadH9pJ3","newName":"number","conceptId":"concept_GuK6Wt_license"}},{"AssignType":{"id":"shape_BwIadH9pJ3","to":{"StringT":{}},"conceptId":"concept_GuK6Wt_license"}},{"AddField":{"parentId":"shape_8eqGwGuujZ","id":"shape_bFOODUyNGr","conceptId":"concept_GuK6Wt_license"}},{"SetFieldName":{"id":"shape_bFOODUyNGr","newName":"name","conceptId":"concept_GuK6Wt_license"}},{"AssignType":{"id":"shape_bFOODUyNGr","to":{"StringT":{}},"conceptId":"concept_GuK6Wt_license"}},{"AddField":{"parentId":"shape_8eqGwGuujZ","id":"shape_JOMDo4z0ON","conceptId":"concept_GuK6Wt_license"}},{"SetFieldName":{"id":"shape_JOMDo4z0ON","newName":"price","conceptId":"concept_GuK6Wt_license"}},{"AssignType":{"id":"shape_JOMDo4z0ON","to":{"NumberT":{}},"conceptId":"concept_GuK6Wt_license"}},{"AddField":{"parentId":"shape_8eqGwGuujZ","id":"shape_4Gof1t3s7h","conceptId":"concept_GuK6Wt_license"}},{"SetFieldName":{"id":"shape_4Gof1t3s7h","newName":"hidden","conceptId":"concept_GuK6Wt_license"}},{"AssignType":{"id":"shape_4Gof1t3s7h","to":{"BooleanT":{}},"conceptId":"concept_GuK6Wt_license"}},{"AddField":{"parentId":"shape_8eqGwGuujZ","id":"shape_SJnQeev02Y","conceptId":"concept_GuK6Wt_license"}},{"SetFieldName":{"id":"shape_SJnQeev02Y","newName":"currency","conceptId":"concept_GuK6Wt_license"}},{"AssignType":{"id":"shape_SJnQeev02Y","to":{"StringT":{}},"conceptId":"concept_GuK6Wt_license"}},{"AddField":{"parentId":"shape_8eqGwGuujZ","id":"shape_M14PzSipMT","conceptId":"concept_GuK6Wt_license"}},{"SetFieldName":{"id":"shape_M14PzSipMT","newName":"active","conceptId":"concept_GuK6Wt_license"}},{"AssignType":{"id":"shape_M14PzSipMT","to":{"BooleanT":{}},"conceptId":"concept_GuK6Wt_license"}},{"AssignType":{"id":"shape_6QmjLRozMr","to":{"AnyT":{}},"conceptId":"concept_QPdSUs_items"}},{"AssignType":{"id":"shape_33dx5BHT78","to":{"AnyT":{}},"conceptId":"concept_J107XV_infos"}},{"AssignType":{"id":"shape_7NCO1hEIpe","to":{"ObjectT":{}},"conceptId":"concept_JZeP5B_licensee"}},{"AddField":{"parentId":"shape_7NCO1hEIpe","id":"shape_gFSJWo3Gk3","conceptId":"concept_JZeP5B_licensee"}},{"SetFieldName":{"id":"shape_gFSJWo3Gk3","newName":"active","conceptId":"concept_JZeP5B_licensee"}},{"AssignType":{"id":"shape_gFSJWo3Gk3","to":{"BooleanT":{}},"conceptId":"concept_JZeP5B_licensee"}},{"AddField":{"parentId":"shape_7NCO1hEIpe","id":"shape_Uq5oDIurBk","conceptId":"concept_JZeP5B_licensee"}},{"SetFieldName":{"id":"shape_Uq5oDIurBk","newName":"number","conceptId":"concept_JZeP5B_licensee"}},{"AssignType":{"id":"shape_Uq5oDIurBk","to":{"StringT":{}},"conceptId":"concept_JZeP5B_licensee"}},{"AssignType":{"id":"shape_Kkfj8bLJPH","to":{"ObjectT":{}},"conceptId":"concept_McBCUR_product"}},{"AddField":{"parentId":"shape_Kkfj8bLJPH","id":"shape_jUsusxkS6J","conceptId":"concept_McBCUR_product"}},{"SetFieldName":{"id":"shape_jUsusxkS6J","newName":"licenseeAutoCreate","conceptId":"concept_McBCUR_product"}},{"AssignType":{"id":"shape_jUsusxkS6J","to":{"BooleanT":{}},"conceptId":"concept_McBCUR_product"}},{"AddField":{"parentId":"shape_Kkfj8bLJPH","id":"shape_PC1JhgloVE","conceptId":"concept_McBCUR_product"}},{"SetFieldName":{"id":"shape_PC1JhgloVE","newName":"number","conceptId":"concept_McBCUR_product"}},{"AssignType":{"id":"shape_PC1JhgloVE","to":{"StringT":{}},"conceptId":"concept_McBCUR_product"}},{"AddField":{"parentId":"shape_Kkfj8bLJPH","id":"shape_oJyFamS66R","conceptId":"concept_McBCUR_product"}},{"SetFieldName":{"id":"shape_oJyFamS66R","newName":"name","conceptId":"concept_McBCUR_product"}},{"AssignType":{"id":"shape_oJyFamS66R","to":{"StringT":{}},"conceptId":"concept_McBCUR_product"}},{"AddField":{"parentId":"shape_Kkfj8bLJPH","id":"shape_C29zF3SAgf","conceptId":"concept_McBCUR_product"}},{"SetFieldName":{"id":"shape_C29zF3SAgf","newName":"version","conceptId":"concept_McBCUR_product"}},{"AssignType":{"id":"shape_C29zF3SAgf","to":{"StringT":{}},"conceptId":"concept_McBCUR_product"}},{"AddField":{"parentId":"shape_Kkfj8bLJPH","id":"shape_teDbh0JYLR","conceptId":"concept_McBCUR_product"}},{"SetFieldName":{"id":"shape_teDbh0JYLR","newName":"active","conceptId":"concept_McBCUR_product"}},{"AssignType":{"id":"shape_teDbh0JYLR","to":{"BooleanT":{}},"conceptId":"concept_McBCUR_product"}},{"AssignType":{"id":"shape_wfrMv6xgsS","to":{"ObjectT":{}},"conceptId":"concept_1dRBY7_discount"}},{"AddField":{"parentId":"shape_wfrMv6xgsS","id":"shape_EHGr8SAiOW","conceptId":"concept_1dRBY7_discount"}},{"SetFieldName":{"id":"shape_EHGr8SAiOW","newName":"amountPercent","conceptId":"concept_1dRBY7_discount"}},{"AssignType":{"id":"shape_EHGr8SAiOW","to":{"StringT":{}},"conceptId":"concept_1dRBY7_discount"}},{"AddField":{"parentId":"shape_wfrMv6xgsS","id":"shape_kQvPVpg6bD","conceptId":"concept_1dRBY7_discount"}},{"SetFieldName":{"id":"shape_kQvPVpg6bD","newName":"currency","conceptId":"concept_1dRBY7_discount"}},{"AssignType":{"id":"shape_kQvPVpg6bD","to":{"StringT":{}},"conceptId":"concept_1dRBY7_discount"}},{"AddField":{"parentId":"shape_wfrMv6xgsS","id":"shape_9Q6vfAyPQM","conceptId":"concept_1dRBY7_discount"}},{"SetFieldName":{"id":"shape_9Q6vfAyPQM","newName":"totalPrice","conceptId":"concept_1dRBY7_discount"}},{"AssignType":{"id":"shape_9Q6vfAyPQM","to":{"NumberT":{}},"conceptId":"concept_1dRBY7_discount"}},{"AssignType":{"id":"shape_KhtwpeBmz1","to":{"ObjectT":{}},"conceptId":"concept_oKmiro_token"}},{"AddField":{"parentId":"shape_KhtwpeBmz1","id":"shape_TnGHwDCfWT","conceptId":"concept_oKmiro_token"}},{"SetFieldName":{"id":"shape_TnGHwDCfWT","newName":"number","conceptId":"concept_oKmiro_token"}},{"AssignType":{"id":"shape_TnGHwDCfWT","to":{"StringT":{}},"conceptId":"concept_oKmiro_token"}},{"AddField":{"parentId":"shape_KhtwpeBmz1","id":"shape_wzbaB9CUQZ","conceptId":"concept_oKmiro_token"}},{"SetFieldName":{"id":"shape_wzbaB9CUQZ","newName":"licenseNumber","conceptId":"concept_oKmiro_token"}},{"AssignType":{"id":"shape_wzbaB9CUQZ","to":{"StringT":{}},"conceptId":"concept_oKmiro_token"}},{"AddField":{"parentId":"shape_KhtwpeBmz1","id":"shape_uFA0CgR8lv","conceptId":"concept_oKmiro_token"}},{"SetFieldName":{"id":"shape_uFA0CgR8lv","newName":"shopURL","conceptId":"concept_oKmiro_token"}},{"AssignType":{"id":"shape_uFA0CgR8lv","to":{"StringT":{}},"conceptId":"concept_oKmiro_token"}},{"AddField":{"parentId":"shape_KhtwpeBmz1","id":"shape_YTtf7CMlnO","conceptId":"concept_oKmiro_token"}},{"SetFieldName":{"id":"shape_YTtf7CMlnO","newName":"expirationTime","conceptId":"concept_oKmiro_token"}},{"AssignType":{"id":"shape_YTtf7CMlnO","to":{"StringT":{}},"conceptId":"concept_oKmiro_token"}},{"AddField":{"parentId":"shape_KhtwpeBmz1","id":"shape_R9GJCr0kxE","conceptId":"concept_oKmiro_token"}},{"SetFieldName":{"id":"shape_R9GJCr0kxE","newName":"vensorNumber","conceptId":"concept_oKmiro_token"}},{"AssignType":{"id":"shape_R9GJCr0kxE","to":{"StringT":{}},"conceptId":"concept_oKmiro_token"}},{"AddField":{"parentId":"shape_KhtwpeBmz1","id":"shape_sN4TsTLeyJ","conceptId":"concept_oKmiro_token"}},{"SetFieldName":{"id":"shape_sN4TsTLeyJ","newName":"tokenType","conceptId":"concept_oKmiro_token"}},{"AssignType":{"id":"shape_sN4TsTLeyJ","to":{"StringT":{}},"conceptId":"concept_oKmiro_token"}},{"AddField":{"parentId":"shape_KhtwpeBmz1","id":"shape_k280GGDvkk","conceptId":"concept_oKmiro_token"}},{"SetFieldName":{"id":"shape_k280GGDvkk","newName":"active","conceptId":"concept_oKmiro_token"}},{"AssignType":{"id":"shape_k280GGDvkk","to":{"BooleanT":{}},"conceptId":"concept_oKmiro_token"}},{"AssignType":{"id":"shape_NTabSH5Swi","to":{"ObjectT":{}},"conceptId":"concept_5BDcUI_paymentmethod"}},{"AddField":{"parentId":"shape_NTabSH5Swi","id":"shape_UeZnBJb7ze","conceptId":"concept_5BDcUI_paymentmethod"}},{"SetFieldName":{"id":"shape_UeZnBJb7ze","newName":"active","conceptId":"concept_5BDcUI_paymentmethod"}},{"AssignType":{"id":"shape_UeZnBJb7ze","to":{"BooleanT":{}},"conceptId":"concept_5BDcUI_paymentmethod"}},{"AddField":{"parentId":"shape_NTabSH5Swi","id":"shape_g2RFxzeSqQ","conceptId":"concept_5BDcUI_paymentmethod"}},{"SetFieldName":{"id":"shape_g2RFxzeSqQ","newName":"number","conceptId":"concept_5BDcUI_paymentmethod"}},{"AssignType":{"id":"shape_g2RFxzeSqQ","to":{"StringT":{}},"conceptId":"concept_5BDcUI_paymentmethod"}},{"AddPathComponent":{"pathId":"IGgndq_path_0","parentPathId":"root","name":"license"}},{"AddPathParameter":{"pathId":"IGgndq_path_1","parentPathId":"IGgndq_path_0","name":"licenseNumber"}},{"AddPathComponent":{"pathId":"IGgndq_path_2","parentPathId":"root","name":"licensee"}},{"AddPathParameter":{"pathId":"IGgndq_path_3","parentPathId":"IGgndq_path_2","name":"licenseeNumber"}},{"AddPathComponent":{"pathId":"IGgndq_path_4","parentPathId":"IGgndq_path_3","name":"transfer"}},{"AddPathComponent":{"pathId":"IGgndq_path_5","parentPathId":"IGgndq_path_3","name":"validate"}},{"AddPathComponent":{"pathId":"IGgndq_path_6","parentPathId":"root","name":"licensetemplate"}},{"AddPathParameter":{"pathId":"IGgndq_path_7","parentPathId":"IGgndq_path_6","name":"licenseTemplateNumber"}},{"AddPathComponent":{"pathId":"IGgndq_path_8","parentPathId":"root","name":"paymentmethod"}},{"AddPathParameter":{"pathId":"IGgndq_path_9","parentPathId":"IGgndq_path_8","name":"paymentMethodNumber"}},{"AddPathComponent":{"pathId":"IGgndq_path_10","parentPathId":"root","name":"product"}},{"AddPathParameter":{"pathId":"IGgndq_path_11","parentPathId":"IGgndq_path_10","name":"productNumber"}},{"AddPathComponent":{"pathId":"IGgndq_path_12","parentPathId":"root","name":"productmodule"}},{"AddPathParameter":{"pathId":"IGgndq_path_13","parentPathId":"IGgndq_path_12","name":"productModuleNumber"}},{"AddPathComponent":{"pathId":"IGgndq_path_14","parentPathId":"root","name":"token"}},{"AddPathParameter":{"pathId":"IGgndq_path_15","parentPathId":"IGgndq_path_14","name":"tokenNumber"}},{"AddPathComponent":{"pathId":"IGgndq_path_16","parentPathId":"root","name":"transaction"}},{"AddPathParameter":{"pathId":"IGgndq_path_17","parentPathId":"IGgndq_path_16","name":"transactionNumber"}},{"AddPathComponent":{"pathId":"IGgndq_path_18","parentPathId":"root","name":"utility"}},{"AddPathComponent":{"pathId":"IGgndq_path_19","parentPathId":"IGgndq_path_18","name":"licenseTypes"}},{"AddPathComponent":{"pathId":"IGgndq_path_20","parentPathId":"IGgndq_path_18","name":"licensingModels"}},{"AddRequest":{"requestId":"path_ARdsrVhtrz}_get","pathId":"IGgndq_path_2","httpMethod":"get"}},{"AddResponse":{"responseId":"response_k49uQ49Epx","requestId":"path_ARdsrVhtrz}_get","httpStatusCode":400}},{"AddResponse":{"responseId":"response_XpF9bFGF8L","requestId":"path_ARdsrVhtrz}_get","httpStatusCode":404}},{"AddResponse":{"responseId":"response_gE7Rcq1Be7","requestId":"path_ARdsrVhtrz}_get","httpStatusCode":500}},{"AddResponse":{"responseId":"response_hP90Mx3BlF","requestId":"path_ARdsrVhtrz}_get","httpStatusCode":403}},{"AddResponse":{"responseId":"response_gFoNnAmDod","requestId":"path_ARdsrVhtrz}_get","httpStatusCode":200}},{"DefineInlineConcept":{"root":"shape_QlfqyRsxuO","conceptId":"concept_AQqChZh6ENYe"}},{"AssignType":{"id":"shape_QlfqyRsxuO","to":{"ListT":{}},"conceptId":"concept_AQqChZh6ENYe"}},{"AddTypeParameter":{"parentId":"shape_QlfqyRsxuO","id":"shape_QLlBBc5qri","conceptId":"concept_AQqChZh6ENYe"}},{"AssignType":{"id":"shape_QLlBBc5qri","to":{"RefT":{"conceptId":"concept_9P7qqj_netlicensing"}},"conceptId":"concept_AQqChZh6ENYe"}},{"AddRequest":{"requestId":"path_ARdsrVhtrz}_post","pathId":"IGgndq_path_2","httpMethod":"post"}},{"AddResponse":{"responseId":"response_8ftaWlC8hF","requestId":"path_ARdsrVhtrz}_post","httpStatusCode":400}},{"AddResponse":{"responseId":"response_YrpfoVq1M6","requestId":"path_ARdsrVhtrz}_post","httpStatusCode":404}},{"AddResponse":{"responseId":"response_4pvdu0fapK","requestId":"path_ARdsrVhtrz}_post","httpStatusCode":500}},{"AddResponse":{"responseId":"response_68Ozei6iWG","requestId":"path_ARdsrVhtrz}_post","httpStatusCode":403}},{"AddResponse":{"responseId":"response_VoInOI90Ik","requestId":"path_ARdsrVhtrz}_post","httpStatusCode":402}},{"AddResponse":{"responseId":"response_wzUPRb5ybp","requestId":"path_ARdsrVhtrz}_post","httpStatusCode":200}},{"DefineInlineConcept":{"root":"shape_r64cVOMyqa","conceptId":"concept_Yw9El88DxQQK"}},{"AssignType":{"id":"shape_r64cVOMyqa","to":{"RefT":{"conceptId":"concept_9P7qqj_netlicensing"}},"conceptId":"concept_Yw9El88DxQQK"}},{"AddRequest":{"requestId":"path_k45JfoV7UA}_get","pathId":"IGgndq_path_16","httpMethod":"get"}},{"AddResponse":{"responseId":"response_xPdvxRCQdg","requestId":"path_k45JfoV7UA}_get","httpStatusCode":400}},{"AddResponse":{"responseId":"response_SifuTOmOak","requestId":"path_k45JfoV7UA}_get","httpStatusCode":404}},{"AddResponse":{"responseId":"response_0MmCqdg8oQ","requestId":"path_k45JfoV7UA}_get","httpStatusCode":500}},{"AddResponse":{"responseId":"response_JPk8ol6EPm","requestId":"path_k45JfoV7UA}_get","httpStatusCode":403}},{"AddResponse":{"responseId":"response_ZCj1i5nNCk","requestId":"path_k45JfoV7UA}_get","httpStatusCode":200}},{"DefineInlineConcept":{"root":"shape_Fn7i66pssf","conceptId":"concept_vvbomKlrNQ1G"}},{"AssignType":{"id":"shape_Fn7i66pssf","to":{"ListT":{}},"conceptId":"concept_vvbomKlrNQ1G"}},{"AddTypeParameter":{"parentId":"shape_Fn7i66pssf","id":"shape_TNlrqWAZ7T","conceptId":"concept_vvbomKlrNQ1G"}},{"AssignType":{"id":"shape_TNlrqWAZ7T","to":{"RefT":{"conceptId":"concept_9P7qqj_netlicensing"}},"conceptId":"concept_vvbomKlrNQ1G"}},{"AddRequest":{"requestId":"path_k45JfoV7UA}_post","pathId":"IGgndq_path_16","httpMethod":"post"}},{"AddResponse":{"responseId":"response_nRvAwEFOgK","requestId":"path_k45JfoV7UA}_post","httpStatusCode":400}},{"AddResponse":{"responseId":"response_7HrzMQl4AD","requestId":"path_k45JfoV7UA}_post","httpStatusCode":404}},{"AddResponse":{"responseId":"response_uoB6LvLq2Z","requestId":"path_k45JfoV7UA}_post","httpStatusCode":500}},{"AddResponse":{"responseId":"response_zbHaRE42o0","requestId":"path_k45JfoV7UA}_post","httpStatusCode":403}},{"AddResponse":{"responseId":"response_lM1Y6QiRSJ","requestId":"path_k45JfoV7UA}_post","httpStatusCode":200}},{"DefineInlineConcept":{"root":"shape_UGodGfhOo3","conceptId":"concept_dDlYDYUdHWeM"}},{"AssignType":{"id":"shape_UGodGfhOo3","to":{"RefT":{"conceptId":"concept_9P7qqj_netlicensing"}},"conceptId":"concept_dDlYDYUdHWeM"}},{"AddRequest":{"requestId":"path_K3yztXYj46}_delete","pathId":"IGgndq_path_7","httpMethod":"delete"}},{"AddResponse":{"responseId":"response_oowBNwyLHx","requestId":"path_K3yztXYj46}_delete","httpStatusCode":400}},{"AddResponse":{"responseId":"response_evjOYZ8mU4","requestId":"path_K3yztXYj46}_delete","httpStatusCode":404}},{"AddResponse":{"responseId":"response_kkMX0rIZK6","requestId":"path_K3yztXYj46}_delete","httpStatusCode":500}},{"AddResponse":{"responseId":"response_QDDfc2uFsr","requestId":"path_K3yztXYj46}_delete","httpStatusCode":403}},{"AddResponse":{"responseId":"response_WmZ0LwNYVU","requestId":"path_K3yztXYj46}_delete","httpStatusCode":200}},{"DefineInlineConcept":{"root":"shape_9Db8JneoZc","conceptId":"concept_VEblixh08p5Y"}},{"AssignType":{"id":"shape_9Db8JneoZc","to":{"RefT":{"conceptId":"concept_9P7qqj_netlicensing"}},"conceptId":"concept_VEblixh08p5Y"}},{"AddRequest":{"requestId":"path_K3yztXYj46}_get","pathId":"IGgndq_path_7","httpMethod":"get"}},{"AddResponse":{"responseId":"response_fIl8pPaZbJ","requestId":"path_K3yztXYj46}_get","httpStatusCode":400}},{"AddResponse":{"responseId":"response_sXHGEFV9Sc","requestId":"path_K3yztXYj46}_get","httpStatusCode":404}},{"AddResponse":{"responseId":"response_PWvYWqWF5b","requestId":"path_K3yztXYj46}_get","httpStatusCode":500}},{"AddResponse":{"responseId":"response_eQeeCJL31a","requestId":"path_K3yztXYj46}_get","httpStatusCode":403}},{"AddResponse":{"responseId":"response_JZOzlm58MI","requestId":"path_K3yztXYj46}_get","httpStatusCode":200}},{"DefineInlineConcept":{"root":"shape_6stgfwCCGy","conceptId":"concept_LNsRFbDKFAlc"}},{"AssignType":{"id":"shape_6stgfwCCGy","to":{"RefT":{"conceptId":"concept_9P7qqj_netlicensing"}},"conceptId":"concept_LNsRFbDKFAlc"}},{"AddRequest":{"requestId":"path_K3yztXYj46}_post","pathId":"IGgndq_path_7","httpMethod":"post"}},{"AddResponse":{"responseId":"response_9oDDT1ZiYQ","requestId":"path_K3yztXYj46}_post","httpStatusCode":400}},{"AddResponse":{"responseId":"response_4fcTXpxvgb","requestId":"path_K3yztXYj46}_post","httpStatusCode":404}},{"AddResponse":{"responseId":"response_8JZYxdthJO","requestId":"path_K3yztXYj46}_post","httpStatusCode":500}},{"AddResponse":{"responseId":"response_NBGVEq6a8K","requestId":"path_K3yztXYj46}_post","httpStatusCode":403}},{"AddResponse":{"responseId":"response_KGXU3jLlxt","requestId":"path_K3yztXYj46}_post","httpStatusCode":200}},{"DefineInlineConcept":{"root":"shape_dRLG1w2ho0","conceptId":"concept_qiSoKLYqBxq0"}},{"AssignType":{"id":"shape_dRLG1w2ho0","to":{"RefT":{"conceptId":"concept_9P7qqj_netlicensing"}},"conceptId":"concept_qiSoKLYqBxq0"}},{"AddRequest":{"requestId":"path_tvV3RZarfg}_delete","pathId":"IGgndq_path_1","httpMethod":"delete"}},{"AddResponse":{"responseId":"response_OqlN7gBmrT","requestId":"path_tvV3RZarfg}_delete","httpStatusCode":400}},{"AddResponse":{"responseId":"response_1RZleu83Cm","requestId":"path_tvV3RZarfg}_delete","httpStatusCode":404}},{"AddResponse":{"responseId":"response_59t8dkhuAS","requestId":"path_tvV3RZarfg}_delete","httpStatusCode":500}},{"AddResponse":{"responseId":"response_7390f6q0Xu","requestId":"path_tvV3RZarfg}_delete","httpStatusCode":403}},{"AddResponse":{"responseId":"response_Ff5u4ITW59","requestId":"path_tvV3RZarfg}_delete","httpStatusCode":200}},{"DefineInlineConcept":{"root":"shape_9Xkcgm3C8R","conceptId":"concept_Jg5p9B28OtQl"}},{"AssignType":{"id":"shape_9Xkcgm3C8R","to":{"RefT":{"conceptId":"concept_9P7qqj_netlicensing"}},"conceptId":"concept_Jg5p9B28OtQl"}},{"AddRequest":{"requestId":"path_tvV3RZarfg}_get","pathId":"IGgndq_path_1","httpMethod":"get"}},{"AddResponse":{"responseId":"response_QG0HwrwmKF","requestId":"path_tvV3RZarfg}_get","httpStatusCode":400}},{"AddResponse":{"responseId":"response_aLEbI9hZ88","requestId":"path_tvV3RZarfg}_get","httpStatusCode":404}},{"AddResponse":{"responseId":"response_fN4uaMuXCr","requestId":"path_tvV3RZarfg}_get","httpStatusCode":500}},{"AddResponse":{"responseId":"response_ML5zc36Cze","requestId":"path_tvV3RZarfg}_get","httpStatusCode":403}},{"AddResponse":{"responseId":"response_7BHzB7Uwu3","requestId":"path_tvV3RZarfg}_get","httpStatusCode":200}},{"DefineInlineConcept":{"root":"shape_w3sVWBcRsK","conceptId":"concept_UC4E2ryubPBn"}},{"AssignType":{"id":"shape_w3sVWBcRsK","to":{"RefT":{"conceptId":"concept_9P7qqj_netlicensing"}},"conceptId":"concept_UC4E2ryubPBn"}},{"AddRequest":{"requestId":"path_tvV3RZarfg}_post","pathId":"IGgndq_path_1","httpMethod":"post"}},{"AddResponse":{"responseId":"response_SbFsZgJxpi","requestId":"path_tvV3RZarfg}_post","httpStatusCode":400}},{"AddResponse":{"responseId":"response_LnJDK5ILXJ","requestId":"path_tvV3RZarfg}_post","httpStatusCode":404}},{"AddResponse":{"responseId":"response_JK1oc82Oqw","requestId":"path_tvV3RZarfg}_post","httpStatusCode":500}},{"AddResponse":{"responseId":"response_Sgi4jmUKrl","requestId":"path_tvV3RZarfg}_post","httpStatusCode":403}},{"AddResponse":{"responseId":"response_F5TtwgEY1g","requestId":"path_tvV3RZarfg}_post","httpStatusCode":200}},{"DefineInlineConcept":{"root":"shape_zLmbLNRJBd","conceptId":"concept_pEbcAabDuPFK"}},{"AssignType":{"id":"shape_zLmbLNRJBd","to":{"RefT":{"conceptId":"concept_9P7qqj_netlicensing"}},"conceptId":"concept_pEbcAabDuPFK"}},{"AddRequest":{"requestId":"path_HXQ222hcfw}_get","pathId":"IGgndq_path_17","httpMethod":"get"}},{"AddResponse":{"responseId":"response_vP0O4ACsOf","requestId":"path_HXQ222hcfw}_get","httpStatusCode":400}},{"AddResponse":{"responseId":"response_DWJvuCLeg9","requestId":"path_HXQ222hcfw}_get","httpStatusCode":404}},{"AddResponse":{"responseId":"response_FZ5eiBhEEJ","requestId":"path_HXQ222hcfw}_get","httpStatusCode":500}},{"AddResponse":{"responseId":"response_1Kzq98BFxj","requestId":"path_HXQ222hcfw}_get","httpStatusCode":403}},{"AddResponse":{"responseId":"response_wjcDtNzzEm","requestId":"path_HXQ222hcfw}_get","httpStatusCode":200}},{"DefineInlineConcept":{"root":"shape_xBtnO44M8t","conceptId":"concept_jmA6gdUHr246"}},{"AssignType":{"id":"shape_xBtnO44M8t","to":{"RefT":{"conceptId":"concept_9P7qqj_netlicensing"}},"conceptId":"concept_jmA6gdUHr246"}},{"AddRequest":{"requestId":"path_HXQ222hcfw}_post","pathId":"IGgndq_path_17","httpMethod":"post"}},{"AddResponse":{"responseId":"response_qmunw3npcy","requestId":"path_HXQ222hcfw}_post","httpStatusCode":400}},{"AddResponse":{"responseId":"response_EP3JEYOK3k","requestId":"path_HXQ222hcfw}_post","httpStatusCode":404}},{"AddResponse":{"responseId":"response_GKZuhV5AGl","requestId":"path_HXQ222hcfw}_post","httpStatusCode":500}},{"AddResponse":{"responseId":"response_Cmna2nSfee","requestId":"path_HXQ222hcfw}_post","httpStatusCode":403}},{"AddResponse":{"responseId":"response_MRVwrgEQYu","requestId":"path_HXQ222hcfw}_post","httpStatusCode":200}},{"DefineInlineConcept":{"root":"shape_Dcf74LzV51","conceptId":"concept_71EayO5Sjx6e"}},{"AssignType":{"id":"shape_Dcf74LzV51","to":{"RefT":{"conceptId":"concept_9P7qqj_netlicensing"}},"conceptId":"concept_71EayO5Sjx6e"}},{"AddRequest":{"requestId":"path_HBv3ZSmtor}_get","pathId":"IGgndq_path_6","httpMethod":"get"}},{"AddResponse":{"responseId":"response_Cd6K3sYHEc","requestId":"path_HBv3ZSmtor}_get","httpStatusCode":400}},{"AddResponse":{"responseId":"response_kznKJc96ou","requestId":"path_HBv3ZSmtor}_get","httpStatusCode":404}},{"AddResponse":{"responseId":"response_RqSaLhO1In","requestId":"path_HBv3ZSmtor}_get","httpStatusCode":500}},{"AddResponse":{"responseId":"response_wcZyZqQhPB","requestId":"path_HBv3ZSmtor}_get","httpStatusCode":403}},{"AddResponse":{"responseId":"response_FN4amht7B7","requestId":"path_HBv3ZSmtor}_get","httpStatusCode":200}},{"DefineInlineConcept":{"root":"shape_nzv3MeunPt","conceptId":"concept_UWorFwhcwEGB"}},{"AssignType":{"id":"shape_nzv3MeunPt","to":{"ListT":{}},"conceptId":"concept_UWorFwhcwEGB"}},{"AddTypeParameter":{"parentId":"shape_nzv3MeunPt","id":"shape_82erIAmoIn","conceptId":"concept_UWorFwhcwEGB"}},{"AssignType":{"id":"shape_82erIAmoIn","to":{"RefT":{"conceptId":"concept_9P7qqj_netlicensing"}},"conceptId":"concept_UWorFwhcwEGB"}},{"AddRequest":{"requestId":"path_HBv3ZSmtor}_post","pathId":"IGgndq_path_6","httpMethod":"post"}},{"AddResponse":{"responseId":"response_gex46LHJQh","requestId":"path_HBv3ZSmtor}_post","httpStatusCode":400}},{"AddResponse":{"responseId":"response_2nUKMmHPyP","requestId":"path_HBv3ZSmtor}_post","httpStatusCode":404}},{"AddResponse":{"responseId":"response_3Zv3SgTjqf","requestId":"path_HBv3ZSmtor}_post","httpStatusCode":500}},{"AddResponse":{"responseId":"response_AE4sH4KO70","requestId":"path_HBv3ZSmtor}_post","httpStatusCode":403}},{"AddResponse":{"responseId":"response_qeMkpfmqQG","requestId":"path_HBv3ZSmtor}_post","httpStatusCode":200}},{"DefineInlineConcept":{"root":"shape_mK46yzawbN","conceptId":"concept_YFbYVZQjGNyc"}},{"AssignType":{"id":"shape_mK46yzawbN","to":{"RefT":{"conceptId":"concept_9P7qqj_netlicensing"}},"conceptId":"concept_YFbYVZQjGNyc"}},{"AddRequest":{"requestId":"path_3HA8xtbfTR}_delete","pathId":"IGgndq_path_15","httpMethod":"delete"}},{"AddResponse":{"responseId":"response_jC2qZgYPGi","requestId":"path_3HA8xtbfTR}_delete","httpStatusCode":400}},{"AddResponse":{"responseId":"response_Asy2Zk6Zd3","requestId":"path_3HA8xtbfTR}_delete","httpStatusCode":404}},{"AddResponse":{"responseId":"response_j1nU7tovYW","requestId":"path_3HA8xtbfTR}_delete","httpStatusCode":500}},{"AddResponse":{"responseId":"response_h9hCvwYDXC","requestId":"path_3HA8xtbfTR}_delete","httpStatusCode":403}},{"AddResponse":{"responseId":"response_7fjFGXFzsN","requestId":"path_3HA8xtbfTR}_delete","httpStatusCode":200}},{"DefineInlineConcept":{"root":"shape_Puj2MdDt5A","conceptId":"concept_AHnoEl5F8X6Q"}},{"AssignType":{"id":"shape_Puj2MdDt5A","to":{"RefT":{"conceptId":"concept_9P7qqj_netlicensing"}},"conceptId":"concept_AHnoEl5F8X6Q"}},{"AddRequest":{"requestId":"path_3HA8xtbfTR}_get","pathId":"IGgndq_path_15","httpMethod":"get"}},{"AddResponse":{"responseId":"response_PTpWBDZIR5","requestId":"path_3HA8xtbfTR}_get","httpStatusCode":400}},{"AddResponse":{"responseId":"response_9kD9xieHaR","requestId":"path_3HA8xtbfTR}_get","httpStatusCode":404}},{"AddResponse":{"responseId":"response_zqjydNAa0P","requestId":"path_3HA8xtbfTR}_get","httpStatusCode":500}},{"AddResponse":{"responseId":"response_EAjvOFmeFI","requestId":"path_3HA8xtbfTR}_get","httpStatusCode":403}},{"AddResponse":{"responseId":"response_GUJFeaCfFI","requestId":"path_3HA8xtbfTR}_get","httpStatusCode":200}},{"DefineInlineConcept":{"root":"shape_U5Ht6BVtsF","conceptId":"concept_hhNmAk1CpYWP"}},{"AssignType":{"id":"shape_U5Ht6BVtsF","to":{"RefT":{"conceptId":"concept_9P7qqj_netlicensing"}},"conceptId":"concept_hhNmAk1CpYWP"}},{"AddRequest":{"requestId":"path_L0ZZBXFHAB}_post","pathId":"IGgndq_path_4","httpMethod":"post"}},{"AddResponse":{"responseId":"response_XTheNrcQqY","requestId":"path_L0ZZBXFHAB}_post","httpStatusCode":400}},{"AddResponse":{"responseId":"response_PgdmfkZxV2","requestId":"path_L0ZZBXFHAB}_post","httpStatusCode":404}},{"AddResponse":{"responseId":"response_RVEAcQTJ6P","requestId":"path_L0ZZBXFHAB}_post","httpStatusCode":500}},{"AddResponse":{"responseId":"response_jULhTIiKAw","requestId":"path_L0ZZBXFHAB}_post","httpStatusCode":403}},{"AddResponse":{"responseId":"response_Tcv6V9CANz","requestId":"path_L0ZZBXFHAB}_post","httpStatusCode":200}},{"DefineInlineConcept":{"root":"shape_Uj6bx6a13s","conceptId":"concept_beSYWeAemIkc"}},{"AssignType":{"id":"shape_Uj6bx6a13s","to":{"RefT":{"conceptId":"concept_9P7qqj_netlicensing"}},"conceptId":"concept_beSYWeAemIkc"}},{"AddRequest":{"requestId":"path_69B8B4qIlA}_get","pathId":"IGgndq_path_8","httpMethod":"get"}},{"AddResponse":{"responseId":"response_oazS18e5Ai","requestId":"path_69B8B4qIlA}_get","httpStatusCode":400}},{"AddResponse":{"responseId":"response_5eGIoh9sOZ","requestId":"path_69B8B4qIlA}_get","httpStatusCode":404}},{"AddResponse":{"responseId":"response_EIR7948zsD","requestId":"path_69B8B4qIlA}_get","httpStatusCode":500}},{"AddResponse":{"responseId":"response_bubbdA9DmX","requestId":"path_69B8B4qIlA}_get","httpStatusCode":403}},{"AddResponse":{"responseId":"response_TM4ZA7oPuA","requestId":"path_69B8B4qIlA}_get","httpStatusCode":200}},{"DefineInlineConcept":{"root":"shape_dElX1GMCVr","conceptId":"concept_qd2lPGIV9sMw"}},{"AssignType":{"id":"shape_dElX1GMCVr","to":{"ListT":{}},"conceptId":"concept_qd2lPGIV9sMw"}},{"AddTypeParameter":{"parentId":"shape_dElX1GMCVr","id":"shape_TCvIEMUSmu","conceptId":"concept_qd2lPGIV9sMw"}},{"AssignType":{"id":"shape_TCvIEMUSmu","to":{"RefT":{"conceptId":"concept_9P7qqj_netlicensing"}},"conceptId":"concept_qd2lPGIV9sMw"}},{"AddRequest":{"requestId":"path_iZ5fYEsSoE}_post","pathId":"IGgndq_path_5","httpMethod":"post"}},{"AddResponse":{"responseId":"response_QAZDKPFcHb","requestId":"path_iZ5fYEsSoE}_post","httpStatusCode":400}},{"AddResponse":{"responseId":"response_5BetFKnsRg","requestId":"path_iZ5fYEsSoE}_post","httpStatusCode":404}},{"AddResponse":{"responseId":"response_yoq9gL4k4i","requestId":"path_iZ5fYEsSoE}_post","httpStatusCode":500}},{"AddResponse":{"responseId":"response_rmR6pQ1puS","requestId":"path_iZ5fYEsSoE}_post","httpStatusCode":403}},{"AddResponse":{"responseId":"response_kYTn3qEK9y","requestId":"path_iZ5fYEsSoE}_post","httpStatusCode":200}},{"DefineInlineConcept":{"root":"shape_QXVouCN1o7","conceptId":"concept_qheCpRAOWriG"}},{"AssignType":{"id":"shape_QXVouCN1o7","to":{"RefT":{"conceptId":"concept_9P7qqj_netlicensing"}},"conceptId":"concept_qheCpRAOWriG"}},{"AddRequest":{"requestId":"path_64Mq4iz0LE}_get","pathId":"IGgndq_path_0","httpMethod":"get"}},{"AddResponse":{"responseId":"response_ZDt6VTLZl6","requestId":"path_64Mq4iz0LE}_get","httpStatusCode":400}},{"AddResponse":{"responseId":"response_D4VEh6tljV","requestId":"path_64Mq4iz0LE}_get","httpStatusCode":404}},{"AddResponse":{"responseId":"response_PIZpNan7C7","requestId":"path_64Mq4iz0LE}_get","httpStatusCode":500}},{"AddResponse":{"responseId":"response_aFkMjKipU0","requestId":"path_64Mq4iz0LE}_get","httpStatusCode":403}},{"AddResponse":{"responseId":"response_JyS9pQd8Wq","requestId":"path_64Mq4iz0LE}_get","httpStatusCode":200}},{"DefineInlineConcept":{"root":"shape_NGogYNnqyA","conceptId":"concept_za5RGVBtJjGN"}},{"AssignType":{"id":"shape_NGogYNnqyA","to":{"ListT":{}},"conceptId":"concept_za5RGVBtJjGN"}},{"AddTypeParameter":{"parentId":"shape_NGogYNnqyA","id":"shape_3pIFXZfZQF","conceptId":"concept_za5RGVBtJjGN"}},{"AssignType":{"id":"shape_3pIFXZfZQF","to":{"RefT":{"conceptId":"concept_9P7qqj_netlicensing"}},"conceptId":"concept_za5RGVBtJjGN"}},{"AddRequest":{"requestId":"path_64Mq4iz0LE}_post","pathId":"IGgndq_path_0","httpMethod":"post"}},{"AddResponse":{"responseId":"response_u4cs1X2DGN","requestId":"path_64Mq4iz0LE}_post","httpStatusCode":400}},{"AddResponse":{"responseId":"response_DxHIQu3PNJ","requestId":"path_64Mq4iz0LE}_post","httpStatusCode":404}},{"AddResponse":{"responseId":"response_kUY6nOA261","requestId":"path_64Mq4iz0LE}_post","httpStatusCode":500}},{"AddResponse":{"responseId":"response_jdjPlJtCCs","requestId":"path_64Mq4iz0LE}_post","httpStatusCode":403}},{"AddResponse":{"responseId":"response_bi3zof1uiI","requestId":"path_64Mq4iz0LE}_post","httpStatusCode":200}},{"DefineInlineConcept":{"root":"shape_bxJ33qitaH","conceptId":"concept_xMc8zfMRGtsc"}},{"AssignType":{"id":"shape_bxJ33qitaH","to":{"RefT":{"conceptId":"concept_9P7qqj_netlicensing"}},"conceptId":"concept_xMc8zfMRGtsc"}},{"AddRequest":{"requestId":"path_bJbjaTzx6N}_delete","pathId":"IGgndq_path_3","httpMethod":"delete"}},{"AddResponse":{"responseId":"response_dtofg3wjWw","requestId":"path_bJbjaTzx6N}_delete","httpStatusCode":400}},{"AddResponse":{"responseId":"response_oGCoDCFDua","requestId":"path_bJbjaTzx6N}_delete","httpStatusCode":404}},{"AddResponse":{"responseId":"response_iLB0XC7kDB","requestId":"path_bJbjaTzx6N}_delete","httpStatusCode":500}},{"AddResponse":{"responseId":"response_zuAC3UxpmT","requestId":"path_bJbjaTzx6N}_delete","httpStatusCode":403}},{"AddResponse":{"responseId":"response_1TRnyHRP2i","requestId":"path_bJbjaTzx6N}_delete","httpStatusCode":200}},{"DefineInlineConcept":{"root":"shape_awe6rJv8pD","conceptId":"concept_sHTg2vU2SDdh"}},{"AssignType":{"id":"shape_awe6rJv8pD","to":{"RefT":{"conceptId":"concept_9P7qqj_netlicensing"}},"conceptId":"concept_sHTg2vU2SDdh"}},{"AddRequest":{"requestId":"path_bJbjaTzx6N}_get","pathId":"IGgndq_path_3","httpMethod":"get"}},{"AddResponse":{"responseId":"response_Wfi4hr3zP2","requestId":"path_bJbjaTzx6N}_get","httpStatusCode":400}},{"AddResponse":{"responseId":"response_okFWlfm7ZP","requestId":"path_bJbjaTzx6N}_get","httpStatusCode":404}},{"AddResponse":{"responseId":"response_66ltV8WSW1","requestId":"path_bJbjaTzx6N}_get","httpStatusCode":500}},{"AddResponse":{"responseId":"response_Tk1e6kRMD0","requestId":"path_bJbjaTzx6N}_get","httpStatusCode":403}},{"AddResponse":{"responseId":"response_lfS4msDdyt","requestId":"path_bJbjaTzx6N}_get","httpStatusCode":200}},{"DefineInlineConcept":{"root":"shape_tpwXfAp7Lh","conceptId":"concept_uRV4nDpk2lvk"}},{"AssignType":{"id":"shape_tpwXfAp7Lh","to":{"RefT":{"conceptId":"concept_9P7qqj_netlicensing"}},"conceptId":"concept_uRV4nDpk2lvk"}},{"AddRequest":{"requestId":"path_bJbjaTzx6N}_post","pathId":"IGgndq_path_3","httpMethod":"post"}},{"AddResponse":{"responseId":"response_k7RD2APGcW","requestId":"path_bJbjaTzx6N}_post","httpStatusCode":400}},{"AddResponse":{"responseId":"response_0wClv1Ymbn","requestId":"path_bJbjaTzx6N}_post","httpStatusCode":404}},{"AddResponse":{"responseId":"response_y7qVaZDas4","requestId":"path_bJbjaTzx6N}_post","httpStatusCode":500}},{"AddResponse":{"responseId":"response_NvcSbbrFeu","requestId":"path_bJbjaTzx6N}_post","httpStatusCode":403}},{"AddResponse":{"responseId":"response_WmkRqFtyBH","requestId":"path_bJbjaTzx6N}_post","httpStatusCode":402}},{"AddResponse":{"responseId":"response_M6Eq2vCaSy","requestId":"path_bJbjaTzx6N}_post","httpStatusCode":200}},{"DefineInlineConcept":{"root":"shape_UCWCzK7RUH","conceptId":"concept_395tB45Cf5Dr"}},{"AssignType":{"id":"shape_UCWCzK7RUH","to":{"RefT":{"conceptId":"concept_9P7qqj_netlicensing"}},"conceptId":"concept_395tB45Cf5Dr"}},{"AddRequest":{"requestId":"path_KCsnG0mdIV}_get","pathId":"IGgndq_path_14","httpMethod":"get"}},{"AddResponse":{"responseId":"response_FRzd6aMbur","requestId":"path_KCsnG0mdIV}_get","httpStatusCode":400}},{"AddResponse":{"responseId":"response_CMLk7kqKe5","requestId":"path_KCsnG0mdIV}_get","httpStatusCode":404}},{"AddResponse":{"responseId":"response_ewT4HV0hUm","requestId":"path_KCsnG0mdIV}_get","httpStatusCode":500}},{"AddResponse":{"responseId":"response_h1K9KbKhbn","requestId":"path_KCsnG0mdIV}_get","httpStatusCode":403}},{"AddResponse":{"responseId":"response_ZsHDonZxlc","requestId":"path_KCsnG0mdIV}_get","httpStatusCode":200}},{"DefineInlineConcept":{"root":"shape_3s73Dpspsu","conceptId":"concept_mBEYhkoocQxQ"}},{"AssignType":{"id":"shape_3s73Dpspsu","to":{"ListT":{}},"conceptId":"concept_mBEYhkoocQxQ"}},{"AddTypeParameter":{"parentId":"shape_3s73Dpspsu","id":"shape_1E1eQvkegR","conceptId":"concept_mBEYhkoocQxQ"}},{"AssignType":{"id":"shape_1E1eQvkegR","to":{"RefT":{"conceptId":"concept_9P7qqj_netlicensing"}},"conceptId":"concept_mBEYhkoocQxQ"}},{"AddRequest":{"requestId":"path_KCsnG0mdIV}_post","pathId":"IGgndq_path_14","httpMethod":"post"}},{"AddResponse":{"responseId":"response_sZCAA599Ec","requestId":"path_KCsnG0mdIV}_post","httpStatusCode":400}},{"AddResponse":{"responseId":"response_D6PUB5xTfR","requestId":"path_KCsnG0mdIV}_post","httpStatusCode":404}},{"AddResponse":{"responseId":"response_6DIrgegMgn","requestId":"path_KCsnG0mdIV}_post","httpStatusCode":500}},{"AddResponse":{"responseId":"response_Os0bMguzIV","requestId":"path_KCsnG0mdIV}_post","httpStatusCode":403}},{"AddResponse":{"responseId":"response_Ev0jsVlxCC","requestId":"path_KCsnG0mdIV}_post","httpStatusCode":200}},{"DefineInlineConcept":{"root":"shape_1Ji2Z93iCx","conceptId":"concept_M2y1AW000DH5"}},{"AssignType":{"id":"shape_1Ji2Z93iCx","to":{"RefT":{"conceptId":"concept_9P7qqj_netlicensing"}},"conceptId":"concept_M2y1AW000DH5"}},{"AddRequest":{"requestId":"path_OikD69xPhM}_get","pathId":"IGgndq_path_20","httpMethod":"get"}},{"AddResponse":{"responseId":"response_qiO58sXGoA","requestId":"path_OikD69xPhM}_get","httpStatusCode":400}},{"AddResponse":{"responseId":"response_bSL2fz45Tf","requestId":"path_OikD69xPhM}_get","httpStatusCode":404}},{"AddResponse":{"responseId":"response_BeTby0SPJd","requestId":"path_OikD69xPhM}_get","httpStatusCode":500}},{"AddResponse":{"responseId":"response_Aosdgpljbj","requestId":"path_OikD69xPhM}_get","httpStatusCode":403}},{"AddResponse":{"responseId":"response_exuErMnhNQ","requestId":"path_OikD69xPhM}_get","httpStatusCode":200}},{"DefineInlineConcept":{"root":"shape_8bYsPQLLzY","conceptId":"concept_Lgx6cXzRRFEH"}},{"AssignType":{"id":"shape_8bYsPQLLzY","to":{"RefT":{"conceptId":"concept_9P7qqj_netlicensing"}},"conceptId":"concept_Lgx6cXzRRFEH"}},{"AddRequest":{"requestId":"path_6fvHSt2b7o}_get","pathId":"IGgndq_path_12","httpMethod":"get"}},{"AddResponse":{"responseId":"response_ewE1iKHWnw","requestId":"path_6fvHSt2b7o}_get","httpStatusCode":400}},{"AddResponse":{"responseId":"response_XYz2sILb1S","requestId":"path_6fvHSt2b7o}_get","httpStatusCode":404}},{"AddResponse":{"responseId":"response_zXU2uPatwo","requestId":"path_6fvHSt2b7o}_get","httpStatusCode":500}},{"AddResponse":{"responseId":"response_krnzpyhuiL","requestId":"path_6fvHSt2b7o}_get","httpStatusCode":403}},{"AddResponse":{"responseId":"response_pQG2Iyat7Y","requestId":"path_6fvHSt2b7o}_get","httpStatusCode":200}},{"DefineInlineConcept":{"root":"shape_sthrN6Esim","conceptId":"concept_Ctx1eRG9a3G6"}},{"AssignType":{"id":"shape_sthrN6Esim","to":{"ListT":{}},"conceptId":"concept_Ctx1eRG9a3G6"}},{"AddTypeParameter":{"parentId":"shape_sthrN6Esim","id":"shape_aT3axYGVKK","conceptId":"concept_Ctx1eRG9a3G6"}},{"AssignType":{"id":"shape_aT3axYGVKK","to":{"RefT":{"conceptId":"concept_9P7qqj_netlicensing"}},"conceptId":"concept_Ctx1eRG9a3G6"}},{"AddRequest":{"requestId":"path_6fvHSt2b7o}_post","pathId":"IGgndq_path_12","httpMethod":"post"}},{"AddResponse":{"responseId":"response_HcL5NALKwd","requestId":"path_6fvHSt2b7o}_post","httpStatusCode":400}},{"AddResponse":{"responseId":"response_Eh41bybLE2","requestId":"path_6fvHSt2b7o}_post","httpStatusCode":404}},{"AddResponse":{"responseId":"response_kaetSvdk33","requestId":"path_6fvHSt2b7o}_post","httpStatusCode":500}},{"AddResponse":{"responseId":"response_uIZxnj5sU3","requestId":"path_6fvHSt2b7o}_post","httpStatusCode":403}},{"AddResponse":{"responseId":"response_5kfAZmYKQh","requestId":"path_6fvHSt2b7o}_post","httpStatusCode":402}},{"AddResponse":{"responseId":"response_194xPfAzWm","requestId":"path_6fvHSt2b7o}_post","httpStatusCode":200}},{"DefineInlineConcept":{"root":"shape_cIxiyK1tiA","conceptId":"concept_7q1MVRhqcJ8g"}},{"AssignType":{"id":"shape_cIxiyK1tiA","to":{"RefT":{"conceptId":"concept_9P7qqj_netlicensing"}},"conceptId":"concept_7q1MVRhqcJ8g"}},{"AddRequest":{"requestId":"path_QMW67KWtZY}_get","pathId":"IGgndq_path_10","httpMethod":"get"}},{"AddResponse":{"responseId":"response_LG1v3nBIXo","requestId":"path_QMW67KWtZY}_get","httpStatusCode":400}},{"AddResponse":{"responseId":"response_IcHUuknvdN","requestId":"path_QMW67KWtZY}_get","httpStatusCode":404}},{"AddResponse":{"responseId":"response_hAQLt9Ysdo","requestId":"path_QMW67KWtZY}_get","httpStatusCode":500}},{"AddResponse":{"responseId":"response_sbzZRIQhPw","requestId":"path_QMW67KWtZY}_get","httpStatusCode":403}},{"AddResponse":{"responseId":"response_6WhMSovfrt","requestId":"path_QMW67KWtZY}_get","httpStatusCode":200}},{"DefineInlineConcept":{"root":"shape_GyY38c3rRG","conceptId":"concept_Jd1NZ41iiLNb"}},{"AssignType":{"id":"shape_GyY38c3rRG","to":{"ListT":{}},"conceptId":"concept_Jd1NZ41iiLNb"}},{"AddTypeParameter":{"parentId":"shape_GyY38c3rRG","id":"shape_D9lPrRA05c","conceptId":"concept_Jd1NZ41iiLNb"}},{"AssignType":{"id":"shape_D9lPrRA05c","to":{"RefT":{"conceptId":"concept_9P7qqj_netlicensing"}},"conceptId":"concept_Jd1NZ41iiLNb"}},{"AddRequest":{"requestId":"path_QMW67KWtZY}_post","pathId":"IGgndq_path_10","httpMethod":"post"}},{"AddResponse":{"responseId":"response_wbJXl5duJ8","requestId":"path_QMW67KWtZY}_post","httpStatusCode":400}},{"AddResponse":{"responseId":"response_6SzALD0Hdc","requestId":"path_QMW67KWtZY}_post","httpStatusCode":404}},{"AddResponse":{"responseId":"response_LO7UwxZfZ0","requestId":"path_QMW67KWtZY}_post","httpStatusCode":500}},{"AddResponse":{"responseId":"response_gGg37tWaou","requestId":"path_QMW67KWtZY}_post","httpStatusCode":403}},{"AddResponse":{"responseId":"response_m1IkIdtnOL","requestId":"path_QMW67KWtZY}_post","httpStatusCode":402}},{"AddResponse":{"responseId":"response_W1QUkqaiLw","requestId":"path_QMW67KWtZY}_post","httpStatusCode":200}},{"DefineInlineConcept":{"root":"shape_PaxsHDLOnZ","conceptId":"concept_EjV8YvShZzua"}},{"AssignType":{"id":"shape_PaxsHDLOnZ","to":{"RefT":{"conceptId":"concept_9P7qqj_netlicensing"}},"conceptId":"concept_EjV8YvShZzua"}},{"AddRequest":{"requestId":"path_Z5vdL4trAt}_delete","pathId":"IGgndq_path_13","httpMethod":"delete"}},{"AddResponse":{"responseId":"response_N2sGko3niP","requestId":"path_Z5vdL4trAt}_delete","httpStatusCode":400}},{"AddResponse":{"responseId":"response_pfg269HrfR","requestId":"path_Z5vdL4trAt}_delete","httpStatusCode":404}},{"AddResponse":{"responseId":"response_rxNuVv5nMY","requestId":"path_Z5vdL4trAt}_delete","httpStatusCode":500}},{"AddResponse":{"responseId":"response_biBEoB9GsN","requestId":"path_Z5vdL4trAt}_delete","httpStatusCode":403}},{"AddResponse":{"responseId":"response_urve5dFF66","requestId":"path_Z5vdL4trAt}_delete","httpStatusCode":200}},{"DefineInlineConcept":{"root":"shape_vUBxnXKXBa","conceptId":"concept_EQPMlYcc1uss"}},{"AssignType":{"id":"shape_vUBxnXKXBa","to":{"RefT":{"conceptId":"concept_9P7qqj_netlicensing"}},"conceptId":"concept_EQPMlYcc1uss"}},{"AddRequest":{"requestId":"path_Z5vdL4trAt}_get","pathId":"IGgndq_path_13","httpMethod":"get"}},{"AddResponse":{"responseId":"response_X3CnpphCha","requestId":"path_Z5vdL4trAt}_get","httpStatusCode":400}},{"AddResponse":{"responseId":"response_iJDtw7xJjQ","requestId":"path_Z5vdL4trAt}_get","httpStatusCode":404}},{"AddResponse":{"responseId":"response_ug8mVByTz7","requestId":"path_Z5vdL4trAt}_get","httpStatusCode":500}},{"AddResponse":{"responseId":"response_z3zA0U28CL","requestId":"path_Z5vdL4trAt}_get","httpStatusCode":403}},{"AddResponse":{"responseId":"response_sZB36nobMH","requestId":"path_Z5vdL4trAt}_get","httpStatusCode":200}},{"DefineInlineConcept":{"root":"shape_H0NNgnBwBS","conceptId":"concept_BCIge2GkXIOu"}},{"AssignType":{"id":"shape_H0NNgnBwBS","to":{"RefT":{"conceptId":"concept_9P7qqj_netlicensing"}},"conceptId":"concept_BCIge2GkXIOu"}},{"AddRequest":{"requestId":"path_Z5vdL4trAt}_post","pathId":"IGgndq_path_13","httpMethod":"post"}},{"AddResponse":{"responseId":"response_02UwL2cC5q","requestId":"path_Z5vdL4trAt}_post","httpStatusCode":400}},{"AddResponse":{"responseId":"response_byinEoEQX8","requestId":"path_Z5vdL4trAt}_post","httpStatusCode":404}},{"AddResponse":{"responseId":"response_N5SMBDrvS5","requestId":"path_Z5vdL4trAt}_post","httpStatusCode":500}},{"AddResponse":{"responseId":"response_X0y7gigOqk","requestId":"path_Z5vdL4trAt}_post","httpStatusCode":403}},{"AddResponse":{"responseId":"response_L6VoJWBZzr","requestId":"path_Z5vdL4trAt}_post","httpStatusCode":402}},{"AddResponse":{"responseId":"response_yWcexEDSmz","requestId":"path_Z5vdL4trAt}_post","httpStatusCode":200}},{"DefineInlineConcept":{"root":"shape_KsddNTDNk6","conceptId":"concept_axmEDt9fgagc"}},{"AssignType":{"id":"shape_KsddNTDNk6","to":{"RefT":{"conceptId":"concept_9P7qqj_netlicensing"}},"conceptId":"concept_axmEDt9fgagc"}},{"AddRequest":{"requestId":"path_pxkK0Y0FJj}_get","pathId":"IGgndq_path_19","httpMethod":"get"}},{"AddResponse":{"responseId":"response_2XTeK4w6Lp","requestId":"path_pxkK0Y0FJj}_get","httpStatusCode":400}},{"AddResponse":{"responseId":"response_S4tEDBOo4a","requestId":"path_pxkK0Y0FJj}_get","httpStatusCode":404}},{"AddResponse":{"responseId":"response_xYLZWGwp8s","requestId":"path_pxkK0Y0FJj}_get","httpStatusCode":500}},{"AddResponse":{"responseId":"response_kpxywu0otK","requestId":"path_pxkK0Y0FJj}_get","httpStatusCode":403}},{"AddResponse":{"responseId":"response_XqeOdCaQvo","requestId":"path_pxkK0Y0FJj}_get","httpStatusCode":200}},{"DefineInlineConcept":{"root":"shape_00IKcwOHon","conceptId":"concept_yENq5n5UCYNh"}},{"AssignType":{"id":"shape_00IKcwOHon","to":{"RefT":{"conceptId":"concept_9P7qqj_netlicensing"}},"conceptId":"concept_yENq5n5UCYNh"}},{"AddRequest":{"requestId":"path_LCibz6kPDO}_delete","pathId":"IGgndq_path_11","httpMethod":"delete"}},{"AddResponse":{"responseId":"response_Q6YxwJJfvn","requestId":"path_LCibz6kPDO}_delete","httpStatusCode":400}},{"AddResponse":{"responseId":"response_CQpwdeMAUI","requestId":"path_LCibz6kPDO}_delete","httpStatusCode":404}},{"AddResponse":{"responseId":"response_6Wv1JVw9Fa","requestId":"path_LCibz6kPDO}_delete","httpStatusCode":500}},{"AddResponse":{"responseId":"response_aiTRvNHl4z","requestId":"path_LCibz6kPDO}_delete","httpStatusCode":403}},{"AddResponse":{"responseId":"response_53i4HW5QTb","requestId":"path_LCibz6kPDO}_delete","httpStatusCode":200}},{"DefineInlineConcept":{"root":"shape_8qBrlcd5RM","conceptId":"concept_isdO6oUzeL0i"}},{"AssignType":{"id":"shape_8qBrlcd5RM","to":{"RefT":{"conceptId":"concept_9P7qqj_netlicensing"}},"conceptId":"concept_isdO6oUzeL0i"}},{"AddRequest":{"requestId":"path_LCibz6kPDO}_get","pathId":"IGgndq_path_11","httpMethod":"get"}},{"AddResponse":{"responseId":"response_fekg9ehNsb","requestId":"path_LCibz6kPDO}_get","httpStatusCode":400}},{"AddResponse":{"responseId":"response_raomrIrHP6","requestId":"path_LCibz6kPDO}_get","httpStatusCode":404}},{"AddResponse":{"responseId":"response_8FtlYNKuOi","requestId":"path_LCibz6kPDO}_get","httpStatusCode":500}},{"AddResponse":{"responseId":"response_YaDr7YqVHw","requestId":"path_LCibz6kPDO}_get","httpStatusCode":403}},{"AddResponse":{"responseId":"response_8Ff4czT4SA","requestId":"path_LCibz6kPDO}_get","httpStatusCode":200}},{"DefineInlineConcept":{"root":"shape_SXnKy11ZJl","conceptId":"concept_kn81lcskozrP"}},{"AssignType":{"id":"shape_SXnKy11ZJl","to":{"RefT":{"conceptId":"concept_9P7qqj_netlicensing"}},"conceptId":"concept_kn81lcskozrP"}},{"AddRequest":{"requestId":"path_LCibz6kPDO}_post","pathId":"IGgndq_path_11","httpMethod":"post"}},{"AddResponse":{"responseId":"response_jpS3oSzpPA","requestId":"path_LCibz6kPDO}_post","httpStatusCode":400}},{"AddResponse":{"responseId":"response_oOcFJQJ7Fn","requestId":"path_LCibz6kPDO}_post","httpStatusCode":404}},{"AddResponse":{"responseId":"response_LaWXtgdOHA","requestId":"path_LCibz6kPDO}_post","httpStatusCode":500}},{"AddResponse":{"responseId":"response_kIWDlBauCn","requestId":"path_LCibz6kPDO}_post","httpStatusCode":403}},{"AddResponse":{"responseId":"response_E98kylGTo6","requestId":"path_LCibz6kPDO}_post","httpStatusCode":402}},{"AddResponse":{"responseId":"response_OjTaDT8qpM","requestId":"path_LCibz6kPDO}_post","httpStatusCode":200}},{"DefineInlineConcept":{"root":"shape_8nvVFO1Jjs","conceptId":"concept_hoGhFLBKtmVW"}},{"AssignType":{"id":"shape_8nvVFO1Jjs","to":{"RefT":{"conceptId":"concept_9P7qqj_netlicensing"}},"conceptId":"concept_hoGhFLBKtmVW"}},{"AddRequest":{"requestId":"path_yCts6rRAal}_get","pathId":"IGgndq_path_9","httpMethod":"get"}},{"AddResponse":{"responseId":"response_D7U1RHAkjy","requestId":"path_yCts6rRAal}_get","httpStatusCode":400}},{"AddResponse":{"responseId":"response_Rr9bmB5vSk","requestId":"path_yCts6rRAal}_get","httpStatusCode":404}},{"AddResponse":{"responseId":"response_lLLdWQL0Ez","requestId":"path_yCts6rRAal}_get","httpStatusCode":500}},{"AddResponse":{"responseId":"response_N5vS0S9KV7","requestId":"path_yCts6rRAal}_get","httpStatusCode":403}},{"AddResponse":{"responseId":"response_a11PTboTsW","requestId":"path_yCts6rRAal}_get","httpStatusCode":200}},{"DefineInlineConcept":{"root":"shape_YRK5LCFYL4","conceptId":"concept_mK8CoNkowTef"}},{"AssignType":{"id":"shape_YRK5LCFYL4","to":{"RefT":{"conceptId":"concept_9P7qqj_netlicensing"}},"conceptId":"concept_mK8CoNkowTef"}},{"AddRequest":{"requestId":"path_yCts6rRAal}_post","pathId":"IGgndq_path_9","httpMethod":"post"}},{"AddResponse":{"responseId":"response_CdZJdXz5Rb","requestId":"path_yCts6rRAal}_post","httpStatusCode":400}},{"AddResponse":{"responseId":"response_ysQDRqhlRF","requestId":"path_yCts6rRAal}_post","httpStatusCode":404}},{"AddResponse":{"responseId":"response_Eh5IHgPj8y","requestId":"path_yCts6rRAal}_post","httpStatusCode":500}},{"AddResponse":{"responseId":"response_Vahx2KRYWe","requestId":"path_yCts6rRAal}_post","httpStatusCode":403}},{"AddResponse":{"responseId":"response_HgSHceNg4c","requestId":"path_yCts6rRAal}_post","httpStatusCode":200}},{"DefineInlineConcept":{"root":"shape_4TnBX5X5iw","conceptId":"concept_XqxahvkXigzB"}},{"AssignType":{"id":"shape_4TnBX5X5iw","to":{"RefT":{"conceptId":"concept_9P7qqj_netlicensing"}},"conceptId":"concept_XqxahvkXigzB"}},{"SetResponseBodyShape":{"responseId":"response_gFoNnAmDod","bodyDescriptor":{"httpContentType":"application/xml","conceptId":"concept_AQqChZh6ENYe"}}},{"SetResponseBodyShape":{"responseId":"response_wzUPRb5ybp","bodyDescriptor":{"httpContentType":"application/xml","conceptId":"concept_Yw9El88DxQQK"}}},{"SetResponseBodyShape":{"responseId":"response_ZCj1i5nNCk","bodyDescriptor":{"httpContentType":"application/xml","conceptId":"concept_vvbomKlrNQ1G"}}},{"SetResponseBodyShape":{"responseId":"response_lM1Y6QiRSJ","bodyDescriptor":{"httpContentType":"application/xml","conceptId":"concept_dDlYDYUdHWeM"}}},{"SetResponseBodyShape":{"responseId":"response_WmZ0LwNYVU","bodyDescriptor":{"httpContentType":"application/xml","conceptId":"concept_VEblixh08p5Y"}}},{"SetResponseBodyShape":{"responseId":"response_JZOzlm58MI","bodyDescriptor":{"httpContentType":"application/xml","conceptId":"concept_LNsRFbDKFAlc"}}},{"SetResponseBodyShape":{"responseId":"response_KGXU3jLlxt","bodyDescriptor":{"httpContentType":"application/xml","conceptId":"concept_qiSoKLYqBxq0"}}},{"SetResponseBodyShape":{"responseId":"response_Ff5u4ITW59","bodyDescriptor":{"httpContentType":"application/xml","conceptId":"concept_Jg5p9B28OtQl"}}},{"SetResponseBodyShape":{"responseId":"response_7BHzB7Uwu3","bodyDescriptor":{"httpContentType":"application/xml","conceptId":"concept_UC4E2ryubPBn"}}},{"SetResponseBodyShape":{"responseId":"response_F5TtwgEY1g","bodyDescriptor":{"httpContentType":"application/xml","conceptId":"concept_pEbcAabDuPFK"}}},{"SetResponseBodyShape":{"responseId":"response_wjcDtNzzEm","bodyDescriptor":{"httpContentType":"application/xml","conceptId":"concept_jmA6gdUHr246"}}},{"SetResponseBodyShape":{"responseId":"response_MRVwrgEQYu","bodyDescriptor":{"httpContentType":"application/xml","conceptId":"concept_71EayO5Sjx6e"}}},{"SetResponseBodyShape":{"responseId":"response_FN4amht7B7","bodyDescriptor":{"httpContentType":"application/xml","conceptId":"concept_UWorFwhcwEGB"}}},{"SetResponseBodyShape":{"responseId":"response_qeMkpfmqQG","bodyDescriptor":{"httpContentType":"application/xml","conceptId":"concept_YFbYVZQjGNyc"}}},{"SetResponseBodyShape":{"responseId":"response_7fjFGXFzsN","bodyDescriptor":{"httpContentType":"application/xml","conceptId":"concept_AHnoEl5F8X6Q"}}},{"SetResponseBodyShape":{"responseId":"response_GUJFeaCfFI","bodyDescriptor":{"httpContentType":"application/xml","conceptId":"concept_hhNmAk1CpYWP"}}},{"SetResponseBodyShape":{"responseId":"response_Tcv6V9CANz","bodyDescriptor":{"httpContentType":"application/xml","conceptId":"concept_beSYWeAemIkc"}}},{"SetResponseBodyShape":{"responseId":"response_TM4ZA7oPuA","bodyDescriptor":{"httpContentType":"application/xml","conceptId":"concept_qd2lPGIV9sMw"}}},{"SetResponseBodyShape":{"responseId":"response_kYTn3qEK9y","bodyDescriptor":{"httpContentType":"application/xml","conceptId":"concept_qheCpRAOWriG"}}},{"SetResponseBodyShape":{"responseId":"response_JyS9pQd8Wq","bodyDescriptor":{"httpContentType":"application/xml","conceptId":"concept_za5RGVBtJjGN"}}},{"SetResponseBodyShape":{"responseId":"response_bi3zof1uiI","bodyDescriptor":{"httpContentType":"application/xml","conceptId":"concept_xMc8zfMRGtsc"}}},{"SetResponseBodyShape":{"responseId":"response_1TRnyHRP2i","bodyDescriptor":{"httpContentType":"application/xml","conceptId":"concept_sHTg2vU2SDdh"}}},{"SetResponseBodyShape":{"responseId":"response_lfS4msDdyt","bodyDescriptor":{"httpContentType":"application/xml","conceptId":"concept_uRV4nDpk2lvk"}}},{"SetResponseBodyShape":{"responseId":"response_M6Eq2vCaSy","bodyDescriptor":{"httpContentType":"application/xml","conceptId":"concept_395tB45Cf5Dr"}}},{"SetResponseBodyShape":{"responseId":"response_ZsHDonZxlc","bodyDescriptor":{"httpContentType":"application/xml","conceptId":"concept_mBEYhkoocQxQ"}}},{"SetResponseBodyShape":{"responseId":"response_Ev0jsVlxCC","bodyDescriptor":{"httpContentType":"application/xml","conceptId":"concept_M2y1AW000DH5"}}},{"SetResponseBodyShape":{"responseId":"response_exuErMnhNQ","bodyDescriptor":{"httpContentType":"application/xml","conceptId":"concept_Lgx6cXzRRFEH"}}},{"SetResponseBodyShape":{"responseId":"response_pQG2Iyat7Y","bodyDescriptor":{"httpContentType":"application/xml","conceptId":"concept_Ctx1eRG9a3G6"}}},{"SetResponseBodyShape":{"responseId":"response_194xPfAzWm","bodyDescriptor":{"httpContentType":"application/xml","conceptId":"concept_7q1MVRhqcJ8g"}}},{"SetResponseBodyShape":{"responseId":"response_6WhMSovfrt","bodyDescriptor":{"httpContentType":"application/xml","conceptId":"concept_Jd1NZ41iiLNb"}}},{"SetResponseBodyShape":{"responseId":"response_W1QUkqaiLw","bodyDescriptor":{"httpContentType":"application/xml","conceptId":"concept_EjV8YvShZzua"}}},{"SetResponseBodyShape":{"responseId":"response_urve5dFF66","bodyDescriptor":{"httpContentType":"application/xml","conceptId":"concept_EQPMlYcc1uss"}}},{"SetResponseBodyShape":{"responseId":"response_sZB36nobMH","bodyDescriptor":{"httpContentType":"application/xml","conceptId":"concept_BCIge2GkXIOu"}}},{"SetResponseBodyShape":{"responseId":"response_yWcexEDSmz","bodyDescriptor":{"httpContentType":"application/xml","conceptId":"concept_axmEDt9fgagc"}}},{"SetResponseBodyShape":{"responseId":"response_XqeOdCaQvo","bodyDescriptor":{"httpContentType":"application/xml","conceptId":"concept_yENq5n5UCYNh"}}},{"SetResponseBodyShape":{"responseId":"response_53i4HW5QTb","bodyDescriptor":{"httpContentType":"application/xml","conceptId":"concept_isdO6oUzeL0i"}}},{"SetResponseBodyShape":{"responseId":"response_8Ff4czT4SA","bodyDescriptor":{"httpContentType":"application/xml","conceptId":"concept_kn81lcskozrP"}}},{"SetResponseBodyShape":{"responseId":"response_OjTaDT8qpM","bodyDescriptor":{"httpContentType":"application/xml","conceptId":"concept_hoGhFLBKtmVW"}}},{"SetResponseBodyShape":{"responseId":"response_a11PTboTsW","bodyDescriptor":{"httpContentType":"application/xml","conceptId":"concept_mK8CoNkowTef"}}},{"SetResponseBodyShape":{"responseId":"response_HgSHceNg4c","bodyDescriptor":{"httpContentType":"application/xml","conceptId":"concept_XqxahvkXigzB"}}}]