[{"DefineConcept":{"name":"Rate","root":"shape_V4WXsmi8Kh","conceptId":"concept_kINaJa_rate"}},{"SetConceptName":{"newName":"Rate","conceptId":"concept_kINaJa_rate"}},{"DefineConcept":{"name":"Response[Rate]","root":"shape_8cKTwWG5LN","conceptId":"concept_tVTDoQ_responserate"}},{"SetConceptName":{"newName":"Response[Rate]","conceptId":"concept_tVTDoQ_responserate"}},{"DefineConcept":{"name":"Interval","root":"shape_12kP4L0t62","conceptId":"concept_753NPH_interval"}},{"SetConceptName":{"newName":"Interval","conceptId":"concept_753NPH_interval"}},{"DefineConcept":{"name":"Response[Summary]","root":"shape_fCVfXI4gtx","conceptId":"concept_l4uZpZ_responsesummary"}},{"SetConceptName":{"newName":"Response[Summary]","conceptId":"concept_l4uZpZ_responsesummary"}},{"DefineConcept":{"name":"IntervalCollection","root":"shape_DR9lHFHDJH","conceptId":"concept_7jYRnq_intervalcollection"}},{"SetConceptName":{"newName":"IntervalCollection","conceptId":"concept_7jYRnq_intervalcollection"}},{"DefineConcept":{"name":"Response[IntervalCollection]","root":"shape_5TN5vckrtY","conceptId":"concept_rsM5ML_responseintervalcollection"}},{"SetConceptName":{"newName":"Response[IntervalCollection]","conceptId":"concept_rsM5ML_responseintervalcollection"}},{"DefineConcept":{"name":"Summary","root":"shape_TDK2sESB7f","conceptId":"concept_bdxGnH_summary"}},{"SetConceptName":{"newName":"Summary","conceptId":"concept_bdxGnH_summary"}},{"AssignType":{"id":"shape_V4WXsmi8Kh","to":{"ObjectT":{}},"conceptId":"concept_kINaJa_rate"}},{"AddField":{"parentId":"shape_V4WXsmi8Kh","id":"shape_3zz0SNP6n7","conceptId":"concept_kINaJa_rate"}},{"SetFieldName":{"id":"shape_3zz0SNP6n7","newName":"symbol","conceptId":"concept_kINaJa_rate"}},{"AssignType":{"id":"shape_3zz0SNP6n7","to":{"StringT":{}},"conceptId":"concept_kINaJa_rate"}},{"AddField":{"parentId":"shape_V4WXsmi8Kh","id":"shape_U9zFTZMt9G","conceptId":"concept_kINaJa_rate"}},{"SetFieldName":{"id":"shape_U9zFTZMt9G","newName":"timestamp","conceptId":"concept_kINaJa_rate"}},{"AssignType":{"id":"shape_U9zFTZMt9G","to":{"StringT":{}},"conceptId":"concept_kINaJa_rate"}},{"AddField":{"parentId":"shape_V4WXsmi8Kh","id":"shape_ugZ42EQNBE","conceptId":"concept_kINaJa_rate"}},{"SetFieldName":{"id":"shape_ugZ42EQNBE","newName":"value","conceptId":"concept_kINaJa_rate"}},{"AssignType":{"id":"shape_ugZ42EQNBE","to":{"NumberT":{}},"conceptId":"concept_kINaJa_rate"}},{"AssignType":{"id":"shape_8cKTwWG5LN","to":{"ObjectT":{}},"conceptId":"concept_tVTDoQ_responserate"}},{"AddField":{"parentId":"shape_8cKTwWG5LN","id":"shape_U7aHbuKjKS","conceptId":"concept_tVTDoQ_responserate"}},{"SetFieldName":{"id":"shape_U7aHbuKjKS","newName":"requestedSymbol","conceptId":"concept_tVTDoQ_responserate"}},{"AssignType":{"id":"shape_U7aHbuKjKS","to":{"StringT":{}},"conceptId":"concept_tVTDoQ_responserate"}},{"AddField":{"parentId":"shape_8cKTwWG5LN","id":"shape_833Sg3xJDS","conceptId":"concept_tVTDoQ_responserate"}},{"SetFieldName":{"id":"shape_833Sg3xJDS","newName":"success","conceptId":"concept_tVTDoQ_responserate"}},{"AssignType":{"id":"shape_833Sg3xJDS","to":{"BooleanT":{}},"conceptId":"concept_tVTDoQ_responserate"}},{"AddField":{"parentId":"shape_8cKTwWG5LN","id":"shape_OWsv9nhWed","conceptId":"concept_tVTDoQ_responserate"}},{"SetFieldName":{"id":"shape_OWsv9nhWed","newName":"data","conceptId":"concept_tVTDoQ_responserate"}},{"AssignType":{"id":"shape_OWsv9nhWed","to":{"RefT":{"conceptId":"concept_kINaJa_rate"}},"conceptId":"concept_tVTDoQ_responserate"}},{"AddField":{"parentId":"shape_8cKTwWG5LN","id":"shape_PhN6GV2KHn","conceptId":"concept_tVTDoQ_responserate"}},{"SetFieldName":{"id":"shape_PhN6GV2KHn","newName":"error","conceptId":"concept_tVTDoQ_responserate"}},{"AssignType":{"id":"shape_PhN6GV2KHn","to":{"StringT":{}},"conceptId":"concept_tVTDoQ_responserate"}},{"AddField":{"parentId":"shape_8cKTwWG5LN","id":"shape_pr04Sb3Dlj","conceptId":"concept_tVTDoQ_responserate"}},{"SetFieldName":{"id":"shape_pr04Sb3Dlj","newName":"requestedCurrency","conceptId":"concept_tVTDoQ_responserate"}},{"AssignType":{"id":"shape_pr04Sb3Dlj","to":{"StringT":{}},"conceptId":"concept_tVTDoQ_responserate"}},{"AddField":{"parentId":"shape_8cKTwWG5LN","id":"shape_4ie5pn5Qvy","conceptId":"concept_tVTDoQ_responserate"}},{"SetFieldName":{"id":"shape_4ie5pn5Qvy","newName":"requestedUnitOfMeasure","conceptId":"concept_tVTDoQ_responserate"}},{"AssignType":{"id":"shape_4ie5pn5Qvy","to":{"StringT":{}},"conceptId":"concept_tVTDoQ_responserate"}},{"AssignType":{"id":"shape_12kP4L0t62","to":{"ObjectT":{}},"conceptId":"concept_753NPH_interval"}},{"AddField":{"parentId":"shape_12kP4L0t62","id":"shape_qOdKHXX8sS","conceptId":"concept_753NPH_interval"}},{"SetFieldName":{"id":"shape_qOdKHXX8sS","newName":"changePercent","conceptId":"concept_753NPH_interval"}},{"AssignType":{"id":"shape_qOdKHXX8sS","to":{"NumberT":{}},"conceptId":"concept_753NPH_interval"}},{"AddField":{"parentId":"shape_12kP4L0t62","id":"shape_vhiZba7eTi","conceptId":"concept_753NPH_interval"}},{"SetFieldName":{"id":"shape_vhiZba7eTi","newName":"last","conceptId":"concept_753NPH_interval"}},{"AssignType":{"id":"shape_vhiZba7eTi","to":{"NumberT":{}},"conceptId":"concept_753NPH_interval"}},{"AddField":{"parentId":"shape_12kP4L0t62","id":"shape_UAIx28emnI","conceptId":"concept_753NPH_interval"}},{"SetFieldName":{"id":"shape_UAIx28emnI","newName":"open","conceptId":"concept_753NPH_interval"}},{"AssignType":{"id":"shape_UAIx28emnI","to":{"NumberT":{}},"conceptId":"concept_753NPH_interval"}},{"AddField":{"parentId":"shape_12kP4L0t62","id":"shape_SHFaPGlldm","conceptId":"concept_753NPH_interval"}},{"SetFieldName":{"id":"shape_SHFaPGlldm","newName":"change","conceptId":"concept_753NPH_interval"}},{"AssignType":{"id":"shape_SHFaPGlldm","to":{"NumberT":{}},"conceptId":"concept_753NPH_interval"}},{"AddField":{"parentId":"shape_12kP4L0t62","id":"shape_f53JY52Bcb","conceptId":"concept_753NPH_interval"}},{"SetFieldName":{"id":"shape_f53JY52Bcb","newName":"low","conceptId":"concept_753NPH_interval"}},{"AssignType":{"id":"shape_f53JY52Bcb","to":{"NumberT":{}},"conceptId":"concept_753NPH_interval"}},{"AddField":{"parentId":"shape_12kP4L0t62","id":"shape_r35FJBxLgM","conceptId":"concept_753NPH_interval"}},{"SetFieldName":{"id":"shape_r35FJBxLgM","newName":"end","conceptId":"concept_753NPH_interval"}},{"AssignType":{"id":"shape_r35FJBxLgM","to":{"StringT":{}},"conceptId":"concept_753NPH_interval"}},{"AddField":{"parentId":"shape_12kP4L0t62","id":"shape_xJ5cOrsrF1","conceptId":"concept_753NPH_interval"}},{"SetFieldName":{"id":"shape_xJ5cOrsrF1","newName":"start","conceptId":"concept_753NPH_interval"}},{"AssignType":{"id":"shape_xJ5cOrsrF1","to":{"StringT":{}},"conceptId":"concept_753NPH_interval"}},{"AddField":{"parentId":"shape_12kP4L0t62","id":"shape_qClPzp2HTi","conceptId":"concept_753NPH_interval"}},{"SetFieldName":{"id":"shape_qClPzp2HTi","newName":"high","conceptId":"concept_753NPH_interval"}},{"AssignType":{"id":"shape_qClPzp2HTi","to":{"NumberT":{}},"conceptId":"concept_753NPH_interval"}},{"AssignType":{"id":"shape_fCVfXI4gtx","to":{"ObjectT":{}},"conceptId":"concept_l4uZpZ_responsesummary"}},{"AddField":{"parentId":"shape_fCVfXI4gtx","id":"shape_CzwRqnJv6l","conceptId":"concept_l4uZpZ_responsesummary"}},{"SetFieldName":{"id":"shape_CzwRqnJv6l","newName":"requestedSymbol","conceptId":"concept_l4uZpZ_responsesummary"}},{"AssignType":{"id":"shape_CzwRqnJv6l","to":{"StringT":{}},"conceptId":"concept_l4uZpZ_responsesummary"}},{"AddField":{"parentId":"shape_fCVfXI4gtx","id":"shape_VL0tFKV8xI","conceptId":"concept_l4uZpZ_responsesummary"}},{"SetFieldName":{"id":"shape_VL0tFKV8xI","newName":"success","conceptId":"concept_l4uZpZ_responsesummary"}},{"AssignType":{"id":"shape_VL0tFKV8xI","to":{"BooleanT":{}},"conceptId":"concept_l4uZpZ_responsesummary"}},{"AddField":{"parentId":"shape_fCVfXI4gtx","id":"shape_uPXSJc1Eeu","conceptId":"concept_l4uZpZ_responsesummary"}},{"SetFieldName":{"id":"shape_uPXSJc1Eeu","newName":"data","conceptId":"concept_l4uZpZ_responsesummary"}},{"AssignType":{"id":"shape_uPXSJc1Eeu","to":{"RefT":{"conceptId":"concept_bdxGnH_summary"}},"conceptId":"concept_l4uZpZ_responsesummary"}},{"AddField":{"parentId":"shape_fCVfXI4gtx","id":"shape_oCsAKDNTIx","conceptId":"concept_l4uZpZ_responsesummary"}},{"SetFieldName":{"id":"shape_oCsAKDNTIx","newName":"error","conceptId":"concept_l4uZpZ_responsesummary"}},{"AssignType":{"id":"shape_oCsAKDNTIx","to":{"StringT":{}},"conceptId":"concept_l4uZpZ_responsesummary"}},{"AddField":{"parentId":"shape_fCVfXI4gtx","id":"shape_1cHf5TJHK5","conceptId":"concept_l4uZpZ_responsesummary"}},{"SetFieldName":{"id":"shape_1cHf5TJHK5","newName":"requestedCurrency","conceptId":"concept_l4uZpZ_responsesummary"}},{"AssignType":{"id":"shape_1cHf5TJHK5","to":{"StringT":{}},"conceptId":"concept_l4uZpZ_responsesummary"}},{"AddField":{"parentId":"shape_fCVfXI4gtx","id":"shape_UWLYqsRdB6","conceptId":"concept_l4uZpZ_responsesummary"}},{"SetFieldName":{"id":"shape_UWLYqsRdB6","newName":"requestedUnitOfMeasure","conceptId":"concept_l4uZpZ_responsesummary"}},{"AssignType":{"id":"shape_UWLYqsRdB6","to":{"StringT":{}},"conceptId":"concept_l4uZpZ_responsesummary"}},{"AssignType":{"id":"shape_DR9lHFHDJH","to":{"ObjectT":{}},"conceptId":"concept_7jYRnq_intervalcollection"}},{"AddField":{"parentId":"shape_DR9lHFHDJH","id":"shape_YYioRkuxzs","conceptId":"concept_7jYRnq_intervalcollection"}},{"SetFieldName":{"id":"shape_YYioRkuxzs","newName":"baseCurrency","conceptId":"concept_7jYRnq_intervalcollection"}},{"AssignType":{"id":"shape_YYioRkuxzs","to":{"StringT":{}},"conceptId":"concept_7jYRnq_intervalcollection"}},{"AddField":{"parentId":"shape_DR9lHFHDJH","id":"shape_gHPQrIKUI3","conceptId":"concept_7jYRnq_intervalcollection"}},{"SetFieldName":{"id":"shape_gHPQrIKUI3","newName":"intervals","conceptId":"concept_7jYRnq_intervalcollection"}},{"AssignType":{"id":"shape_gHPQrIKUI3","to":{"ListT":{}},"conceptId":"concept_7jYRnq_intervalcollection"}},{"AddTypeParameter":{"parentId":"shape_gHPQrIKUI3","id":"shape_JEC7VDIlTY","conceptId":"concept_7jYRnq_intervalcollection"}},{"AssignType":{"id":"shape_JEC7VDIlTY","to":{"RefT":{"conceptId":"concept_753NPH_interval"}},"conceptId":"concept_7jYRnq_intervalcollection"}},{"AddField":{"parentId":"shape_DR9lHFHDJH","id":"shape_WLlRevk39P","conceptId":"concept_7jYRnq_intervalcollection"}},{"SetFieldName":{"id":"shape_WLlRevk39P","newName":"name","conceptId":"concept_7jYRnq_intervalcollection"}},{"AssignType":{"id":"shape_WLlRevk39P","to":{"StringT":{}},"conceptId":"concept_7jYRnq_intervalcollection"}},{"AddField":{"parentId":"shape_DR9lHFHDJH","id":"shape_FhX5MFLJk2","conceptId":"concept_7jYRnq_intervalcollection"}},{"SetFieldName":{"id":"shape_FhX5MFLJk2","newName":"symbol","conceptId":"concept_7jYRnq_intervalcollection"}},{"AssignType":{"id":"shape_FhX5MFLJk2","to":{"StringT":{}},"conceptId":"concept_7jYRnq_intervalcollection"}},{"AssignType":{"id":"shape_5TN5vckrtY","to":{"ObjectT":{}},"conceptId":"concept_rsM5ML_responseintervalcollection"}},{"AddField":{"parentId":"shape_5TN5vckrtY","id":"shape_1nQvt6vEGx","conceptId":"concept_rsM5ML_responseintervalcollection"}},{"SetFieldName":{"id":"shape_1nQvt6vEGx","newName":"requestedSymbol","conceptId":"concept_rsM5ML_responseintervalcollection"}},{"AssignType":{"id":"shape_1nQvt6vEGx","to":{"StringT":{}},"conceptId":"concept_rsM5ML_responseintervalcollection"}},{"AddField":{"parentId":"shape_5TN5vckrtY","id":"shape_L9MNUDIZTh","conceptId":"concept_rsM5ML_responseintervalcollection"}},{"SetFieldName":{"id":"shape_L9MNUDIZTh","newName":"success","conceptId":"concept_rsM5ML_responseintervalcollection"}},{"AssignType":{"id":"shape_L9MNUDIZTh","to":{"BooleanT":{}},"conceptId":"concept_rsM5ML_responseintervalcollection"}},{"AddField":{"parentId":"shape_5TN5vckrtY","id":"shape_d1ECYkoAXD","conceptId":"concept_rsM5ML_responseintervalcollection"}},{"SetFieldName":{"id":"shape_d1ECYkoAXD","newName":"data","conceptId":"concept_rsM5ML_responseintervalcollection"}},{"AssignType":{"id":"shape_d1ECYkoAXD","to":{"RefT":{"conceptId":"concept_7jYRnq_intervalcollection"}},"conceptId":"concept_rsM5ML_responseintervalcollection"}},{"AddField":{"parentId":"shape_5TN5vckrtY","id":"shape_Tkp19XYI9i","conceptId":"concept_rsM5ML_responseintervalcollection"}},{"SetFieldName":{"id":"shape_Tkp19XYI9i","newName":"error","conceptId":"concept_rsM5ML_responseintervalcollection"}},{"AssignType":{"id":"shape_Tkp19XYI9i","to":{"StringT":{}},"conceptId":"concept_rsM5ML_responseintervalcollection"}},{"AddField":{"parentId":"shape_5TN5vckrtY","id":"shape_uFYig7zTmx","conceptId":"concept_rsM5ML_responseintervalcollection"}},{"SetFieldName":{"id":"shape_uFYig7zTmx","newName":"requestedCurrency","conceptId":"concept_rsM5ML_responseintervalcollection"}},{"AssignType":{"id":"shape_uFYig7zTmx","to":{"StringT":{}},"conceptId":"concept_rsM5ML_responseintervalcollection"}},{"AddField":{"parentId":"shape_5TN5vckrtY","id":"shape_Xk1XtQSqys","conceptId":"concept_rsM5ML_responseintervalcollection"}},{"SetFieldName":{"id":"shape_Xk1XtQSqys","newName":"requestedUnitOfMeasure","conceptId":"concept_rsM5ML_responseintervalcollection"}},{"AssignType":{"id":"shape_Xk1XtQSqys","to":{"StringT":{}},"conceptId":"concept_rsM5ML_responseintervalcollection"}},{"AssignType":{"id":"shape_TDK2sESB7f","to":{"ObjectT":{}},"conceptId":"concept_bdxGnH_summary"}},{"AddField":{"parentId":"shape_TDK2sESB7f","id":"shape_j4tBGdfenP","conceptId":"concept_bdxGnH_summary"}},{"SetFieldName":{"id":"shape_j4tBGdfenP","newName":"oneDayValue","conceptId":"concept_bdxGnH_summary"}},{"AssignType":{"id":"shape_j4tBGdfenP","to":{"NumberT":{}},"conceptId":"concept_bdxGnH_summary"}},{"AddField":{"parentId":"shape_TDK2sESB7f","id":"shape_X54U4CjB7g","conceptId":"concept_bdxGnH_summary"}},{"SetFieldName":{"id":"shape_X54U4CjB7g","newName":"oneDayChange","conceptId":"concept_bdxGnH_summary"}},{"AssignType":{"id":"shape_X54U4CjB7g","to":{"NumberT":{}},"conceptId":"concept_bdxGnH_summary"}},{"AddField":{"parentId":"shape_TDK2sESB7f","id":"shape_D0Kqkqrub5","conceptId":"concept_bdxGnH_summary"}},{"SetFieldName":{"id":"shape_D0Kqkqrub5","newName":"baseCurrency","conceptId":"concept_bdxGnH_summary"}},{"AssignType":{"id":"shape_D0Kqkqrub5","to":{"StringT":{}},"conceptId":"concept_bdxGnH_summary"}},{"AddField":{"parentId":"shape_TDK2sESB7f","id":"shape_DVlOgg5bh0","conceptId":"concept_bdxGnH_summary"}},{"SetFieldName":{"id":"shape_DVlOgg5bh0","newName":"timeStamp","conceptId":"concept_bdxGnH_summary"}},{"AssignType":{"id":"shape_DVlOgg5bh0","to":{"StringT":{}},"conceptId":"concept_bdxGnH_summary"}},{"AddField":{"parentId":"shape_TDK2sESB7f","id":"shape_FZtPgNQ2vl","conceptId":"concept_bdxGnH_summary"}},{"SetFieldName":{"id":"shape_FZtPgNQ2vl","newName":"last","conceptId":"concept_bdxGnH_summary"}},{"AssignType":{"id":"shape_FZtPgNQ2vl","to":{"NumberT":{}},"conceptId":"concept_bdxGnH_summary"}},{"AddField":{"parentId":"shape_TDK2sESB7f","id":"shape_OQzM7wszph","conceptId":"concept_bdxGnH_summary"}},{"SetFieldName":{"id":"shape_OQzM7wszph","newName":"open","conceptId":"concept_bdxGnH_summary"}},{"AssignType":{"id":"shape_OQzM7wszph","to":{"NumberT":{}},"conceptId":"concept_bdxGnH_summary"}},{"AddField":{"parentId":"shape_TDK2sESB7f","id":"shape_CsFzO3pT6Q","conceptId":"concept_bdxGnH_summary"}},{"SetFieldName":{"id":"shape_CsFzO3pT6Q","newName":"symbol","conceptId":"concept_bdxGnH_summary"}},{"AssignType":{"id":"shape_CsFzO3pT6Q","to":{"StringT":{}},"conceptId":"concept_bdxGnH_summary"}},{"AddField":{"parentId":"shape_TDK2sESB7f","id":"shape_fG4nxutD8D","conceptId":"concept_bdxGnH_summary"}},{"SetFieldName":{"id":"shape_fG4nxutD8D","newName":"low","conceptId":"concept_bdxGnH_summary"}},{"AssignType":{"id":"shape_fG4nxutD8D","to":{"NumberT":{}},"conceptId":"concept_bdxGnH_summary"}},{"AddField":{"parentId":"shape_TDK2sESB7f","id":"shape_D6gNprxhx0","conceptId":"concept_bdxGnH_summary"}},{"SetFieldName":{"id":"shape_D6gNprxhx0","newName":"ask","conceptId":"concept_bdxGnH_summary"}},{"AssignType":{"id":"shape_D6gNprxhx0","to":{"NumberT":{}},"conceptId":"concept_bdxGnH_summary"}},{"AddField":{"parentId":"shape_TDK2sESB7f","id":"shape_cwnF4Fr4Tr","conceptId":"concept_bdxGnH_summary"}},{"SetFieldName":{"id":"shape_cwnF4Fr4Tr","newName":"bid","conceptId":"concept_bdxGnH_summary"}},{"AssignType":{"id":"shape_cwnF4Fr4Tr","to":{"NumberT":{}},"conceptId":"concept_bdxGnH_summary"}},{"AddField":{"parentId":"shape_TDK2sESB7f","id":"shape_LQSQMT4jlM","conceptId":"concept_bdxGnH_summary"}},{"SetFieldName":{"id":"shape_LQSQMT4jlM","newName":"high","conceptId":"concept_bdxGnH_summary"}},{"AssignType":{"id":"shape_LQSQMT4jlM","to":{"NumberT":{}},"conceptId":"concept_bdxGnH_summary"}},{"AddField":{"parentId":"shape_TDK2sESB7f","id":"shape_aDGOnBTmZj","conceptId":"concept_bdxGnH_summary"}},{"SetFieldName":{"id":"shape_aDGOnBTmZj","newName":"oneDayPercentChange","conceptId":"concept_bdxGnH_summary"}},{"AssignType":{"id":"shape_aDGOnBTmZj","to":{"NumberT":{}},"conceptId":"concept_bdxGnH_summary"}},{"AddPathComponent":{"pathId":"78BPcz_path_0","parentPathId":"root","name":"api"}},{"AddPathComponent":{"pathId":"78BPcz_path_1","parentPathId":"78BPcz_path_0","name":"v{version}"}},{"AddPathComponent":{"pathId":"78BPcz_path_2","parentPathId":"78BPcz_path_1","name":"Currencies"}},{"AddPathComponent":{"pathId":"78BPcz_path_3","parentPathId":"78BPcz_path_2","name":"history"}},{"AddPathComponent":{"pathId":"78BPcz_path_4","parentPathId":"78BPcz_path_3","name":"supported"}},{"AddPathComponent":{"pathId":"78BPcz_path_5","parentPathId":"78BPcz_path_2","name":"rate"}},{"AddPathComponent":{"pathId":"78BPcz_path_6","parentPathId":"78BPcz_path_5","name":"supported"}},{"AddPathComponent":{"pathId":"78BPcz_path_7","parentPathId":"78BPcz_path_2","name":"summary"}},{"AddPathComponent":{"pathId":"78BPcz_path_8","parentPathId":"78BPcz_path_7","name":"supported"}},{"AddPathComponent":{"pathId":"78BPcz_path_9","parentPathId":"78BPcz_path_1","name":"Metals"}},{"AddPathComponent":{"pathId":"78BPcz_path_10","parentPathId":"78BPcz_path_9","name":"benchmark"}},{"AddPathComponent":{"pathId":"78BPcz_path_11","parentPathId":"78BPcz_path_10","name":"history"}},{"AddPathComponent":{"pathId":"78BPcz_path_12","parentPathId":"78BPcz_path_10","name":"summary"}},{"AddPathComponent":{"pathId":"78BPcz_path_13","parentPathId":"78BPcz_path_10","name":"supported"}},{"AddPathComponent":{"pathId":"78BPcz_path_14","parentPathId":"78BPcz_path_9","name":"spot"}},{"AddPathComponent":{"pathId":"78BPcz_path_15","parentPathId":"78BPcz_path_14","name":"history"}},{"AddPathComponent":{"pathId":"78BPcz_path_16","parentPathId":"78BPcz_path_14","name":"performance"}},{"AddPathComponent":{"pathId":"78BPcz_path_17","parentPathId":"78BPcz_path_16","name":"annual"}},{"AddPathComponent":{"pathId":"78BPcz_path_18","parentPathId":"78BPcz_path_14","name":"ratio"}},{"AddPathComponent":{"pathId":"78BPcz_path_19","parentPathId":"78BPcz_path_18","name":"history"}},{"AddPathComponent":{"pathId":"78BPcz_path_20","parentPathId":"78BPcz_path_18","name":"summary"}},{"AddPathComponent":{"pathId":"78BPcz_path_21","parentPathId":"78BPcz_path_14","name":"summary"}},{"AddPathComponent":{"pathId":"78BPcz_path_22","parentPathId":"78BPcz_path_14","name":"supported"}},{"AddPathComponent":{"pathId":"78BPcz_path_23","parentPathId":"78BPcz_path_9","name":"supported"}},{"AddPathComponent":{"pathId":"78BPcz_path_24","parentPathId":"78BPcz_path_23","name":"currency"}},{"AddRequest":{"requestId":"path_wLOfPCICYx}_get","pathId":"78BPcz_path_16","httpMethod":"get"}},{"AddResponse":{"responseId":"response_VEY9Dljl32","requestId":"path_wLOfPCICYx}_get","httpStatusCode":200}},{"DefineInlineConcept":{"root":"shape_zEXaTlOd97","conceptId":"concept_EcXXp76iBaoq"}},{"AssignType":{"id":"shape_zEXaTlOd97","to":{"ListT":{}},"conceptId":"concept_EcXXp76iBaoq"}},{"AddTypeParameter":{"parentId":"shape_zEXaTlOd97","id":"shape_2AdEwelvqN","conceptId":"concept_EcXXp76iBaoq"}},{"AssignType":{"id":"shape_2AdEwelvqN","to":{"RefT":{"conceptId":"concept_l4uZpZ_responsesummary"}},"conceptId":"concept_EcXXp76iBaoq"}},{"AddResponse":{"responseId":"response_ZrOf9rKVMF","requestId":"path_wLOfPCICYx}_get","httpStatusCode":400}},{"AddResponse":{"responseId":"response_HqNbvsOsF8","requestId":"path_wLOfPCICYx}_get","httpStatusCode":401}},{"AddRequest":{"requestId":"path_MDySW2nAeU}_get","pathId":"78BPcz_path_3","httpMethod":"get"}},{"AddResponse":{"responseId":"response_S4WjkcV2h8","requestId":"path_MDySW2nAeU}_get","httpStatusCode":200}},{"DefineInlineConcept":{"root":"shape_6eP4jaROZI","conceptId":"concept_nVhufESxU4Or"}},{"AssignType":{"id":"shape_6eP4jaROZI","to":{"ListT":{}},"conceptId":"concept_nVhufESxU4Or"}},{"AddTypeParameter":{"parentId":"shape_6eP4jaROZI","id":"shape_NAmHw4Wr6i","conceptId":"concept_nVhufESxU4Or"}},{"AssignType":{"id":"shape_NAmHw4Wr6i","to":{"RefT":{"conceptId":"concept_rsM5ML_responseintervalcollection"}},"conceptId":"concept_nVhufESxU4Or"}},{"AddResponse":{"responseId":"response_l5DxKKvuoU","requestId":"path_MDySW2nAeU}_get","httpStatusCode":400}},{"AddResponse":{"responseId":"response_DnVjwq82rA","requestId":"path_MDySW2nAeU}_get","httpStatusCode":401}},{"AddRequest":{"requestId":"path_vkfekaguZh}_get","pathId":"78BPcz_path_5","httpMethod":"get"}},{"AddResponse":{"responseId":"response_NfzLf63KY3","requestId":"path_vkfekaguZh}_get","httpStatusCode":200}},{"DefineInlineConcept":{"root":"shape_CbePnaJFgU","conceptId":"concept_8o8PrVOftd0E"}},{"AssignType":{"id":"shape_CbePnaJFgU","to":{"ListT":{}},"conceptId":"concept_8o8PrVOftd0E"}},{"AddTypeParameter":{"parentId":"shape_CbePnaJFgU","id":"shape_3HpEou7Rz1","conceptId":"concept_8o8PrVOftd0E"}},{"AssignType":{"id":"shape_3HpEou7Rz1","to":{"RefT":{"conceptId":"concept_tVTDoQ_responserate"}},"conceptId":"concept_8o8PrVOftd0E"}},{"AddResponse":{"responseId":"response_J6qs9wX6Xw","requestId":"path_vkfekaguZh}_get","httpStatusCode":400}},{"AddResponse":{"responseId":"response_igCqTjFkgE","requestId":"path_vkfekaguZh}_get","httpStatusCode":401}},{"AddRequest":{"requestId":"path_06rjqQGxwN}_get","pathId":"78BPcz_path_12","httpMethod":"get"}},{"AddResponse":{"responseId":"response_UqGVUNixws","requestId":"path_06rjqQGxwN}_get","httpStatusCode":200}},{"DefineInlineConcept":{"root":"shape_TumYRprfqY","conceptId":"concept_EGunNjTz0BdY"}},{"AssignType":{"id":"shape_TumYRprfqY","to":{"ListT":{}},"conceptId":"concept_EGunNjTz0BdY"}},{"AddTypeParameter":{"parentId":"shape_TumYRprfqY","id":"shape_oldGSi2dXZ","conceptId":"concept_EGunNjTz0BdY"}},{"AssignType":{"id":"shape_oldGSi2dXZ","to":{"RefT":{"conceptId":"concept_l4uZpZ_responsesummary"}},"conceptId":"concept_EGunNjTz0BdY"}},{"AddResponse":{"responseId":"response_NqeAbxU69K","requestId":"path_06rjqQGxwN}_get","httpStatusCode":400}},{"AddResponse":{"responseId":"response_EtHb23RDHU","requestId":"path_06rjqQGxwN}_get","httpStatusCode":401}},{"AddRequest":{"requestId":"path_p01ET3Wkvm}_get","pathId":"78BPcz_path_11","httpMethod":"get"}},{"AddResponse":{"responseId":"response_rfSwBU2inn","requestId":"path_p01ET3Wkvm}_get","httpStatusCode":200}},{"DefineInlineConcept":{"root":"shape_MdKYcLwUGO","conceptId":"concept_Pl27ZiXBSrDN"}},{"AssignType":{"id":"shape_MdKYcLwUGO","to":{"ListT":{}},"conceptId":"concept_Pl27ZiXBSrDN"}},{"AddTypeParameter":{"parentId":"shape_MdKYcLwUGO","id":"shape_xSTYdgR6f2","conceptId":"concept_Pl27ZiXBSrDN"}},{"AssignType":{"id":"shape_xSTYdgR6f2","to":{"RefT":{"conceptId":"concept_rsM5ML_responseintervalcollection"}},"conceptId":"concept_Pl27ZiXBSrDN"}},{"AddResponse":{"responseId":"response_ALZLC3keey","requestId":"path_p01ET3Wkvm}_get","httpStatusCode":400}},{"AddResponse":{"responseId":"response_khFLntoy0w","requestId":"path_p01ET3Wkvm}_get","httpStatusCode":401}},{"AddRequest":{"requestId":"path_BqON9j5D82}_get","pathId":"78BPcz_path_8","httpMethod":"get"}},{"AddResponse":{"responseId":"response_bbhRfmyFGX","requestId":"path_BqON9j5D82}_get","httpStatusCode":200}},{"DefineInlineConcept":{"root":"shape_TzNex6PuDm","conceptId":"concept_hRpQBXZtFBDK"}},{"AssignType":{"id":"shape_TzNex6PuDm","to":{"ListT":{}},"conceptId":"concept_hRpQBXZtFBDK"}},{"AddTypeParameter":{"parentId":"shape_TzNex6PuDm","id":"shape_du6eVxw9Mp","conceptId":"concept_hRpQBXZtFBDK"}},{"AssignType":{"id":"shape_du6eVxw9Mp","to":{"StringT":{}},"conceptId":"concept_hRpQBXZtFBDK"}},{"AddResponse":{"responseId":"response_ntps8Zm2mo","requestId":"path_BqON9j5D82}_get","httpStatusCode":400}},{"AddResponse":{"responseId":"response_rq6nw1wgJp","requestId":"path_BqON9j5D82}_get","httpStatusCode":401}},{"AddRequest":{"requestId":"path_yIspFzlm71}_get","pathId":"78BPcz_path_7","httpMethod":"get"}},{"AddResponse":{"responseId":"response_jm9XEFUEQr","requestId":"path_yIspFzlm71}_get","httpStatusCode":200}},{"DefineInlineConcept":{"root":"shape_WBZWbZOQH1","conceptId":"concept_ZFtc5XzBmdOF"}},{"AssignType":{"id":"shape_WBZWbZOQH1","to":{"ListT":{}},"conceptId":"concept_ZFtc5XzBmdOF"}},{"AddTypeParameter":{"parentId":"shape_WBZWbZOQH1","id":"shape_2lYndLEgAW","conceptId":"concept_ZFtc5XzBmdOF"}},{"AssignType":{"id":"shape_2lYndLEgAW","to":{"RefT":{"conceptId":"concept_l4uZpZ_responsesummary"}},"conceptId":"concept_ZFtc5XzBmdOF"}},{"AddResponse":{"responseId":"response_qo9ha5bH9z","requestId":"path_yIspFzlm71}_get","httpStatusCode":400}},{"AddResponse":{"responseId":"response_RyB5UkZZOT","requestId":"path_yIspFzlm71}_get","httpStatusCode":401}},{"AddRequest":{"requestId":"path_rJqcunnIlo}_get","pathId":"78BPcz_path_15","httpMethod":"get"}},{"AddResponse":{"responseId":"response_vIgYnRRMPS","requestId":"path_rJqcunnIlo}_get","httpStatusCode":200}},{"DefineInlineConcept":{"root":"shape_4nFGTnWYvB","conceptId":"concept_K8uNPCOnGy7N"}},{"AssignType":{"id":"shape_4nFGTnWYvB","to":{"ListT":{}},"conceptId":"concept_K8uNPCOnGy7N"}},{"AddTypeParameter":{"parentId":"shape_4nFGTnWYvB","id":"shape_9SpSmWslnY","conceptId":"concept_K8uNPCOnGy7N"}},{"AssignType":{"id":"shape_9SpSmWslnY","to":{"RefT":{"conceptId":"concept_rsM5ML_responseintervalcollection"}},"conceptId":"concept_K8uNPCOnGy7N"}},{"AddResponse":{"responseId":"response_Lwht9GrnxG","requestId":"path_rJqcunnIlo}_get","httpStatusCode":400}},{"AddResponse":{"responseId":"response_tNSRrEz6Rk","requestId":"path_rJqcunnIlo}_get","httpStatusCode":401}},{"AddRequest":{"requestId":"path_GHXmE634N9}_get","pathId":"78BPcz_path_21","httpMethod":"get"}},{"AddResponse":{"responseId":"response_eJZTpFHnPs","requestId":"path_GHXmE634N9}_get","httpStatusCode":200}},{"DefineInlineConcept":{"root":"shape_5ThfjGys3E","conceptId":"concept_8Jb0kNDLp9NG"}},{"AssignType":{"id":"shape_5ThfjGys3E","to":{"ListT":{}},"conceptId":"concept_8Jb0kNDLp9NG"}},{"AddTypeParameter":{"parentId":"shape_5ThfjGys3E","id":"shape_jpuoHIfJMX","conceptId":"concept_8Jb0kNDLp9NG"}},{"AssignType":{"id":"shape_jpuoHIfJMX","to":{"RefT":{"conceptId":"concept_l4uZpZ_responsesummary"}},"conceptId":"concept_8Jb0kNDLp9NG"}},{"AddResponse":{"responseId":"response_4FJDZtd8ev","requestId":"path_GHXmE634N9}_get","httpStatusCode":400}},{"AddResponse":{"responseId":"response_QiBu5daXCJ","requestId":"path_GHXmE634N9}_get","httpStatusCode":401}},{"AddRequest":{"requestId":"path_dSUYaySMAD}_get","pathId":"78BPcz_path_4","httpMethod":"get"}},{"AddResponse":{"responseId":"response_zfIp7wxMEV","requestId":"path_dSUYaySMAD}_get","httpStatusCode":200}},{"DefineInlineConcept":{"root":"shape_mEcgWCqpaF","conceptId":"concept_13snI3W0ccAb"}},{"AssignType":{"id":"shape_mEcgWCqpaF","to":{"ListT":{}},"conceptId":"concept_13snI3W0ccAb"}},{"AddTypeParameter":{"parentId":"shape_mEcgWCqpaF","id":"shape_7tyEELLUWw","conceptId":"concept_13snI3W0ccAb"}},{"AssignType":{"id":"shape_7tyEELLUWw","to":{"StringT":{}},"conceptId":"concept_13snI3W0ccAb"}},{"AddResponse":{"responseId":"response_XkLeBDrfFR","requestId":"path_dSUYaySMAD}_get","httpStatusCode":400}},{"AddResponse":{"responseId":"response_upITqCX9Qw","requestId":"path_dSUYaySMAD}_get","httpStatusCode":401}},{"AddRequest":{"requestId":"path_hLoDalF2Nn}_get","pathId":"78BPcz_path_20","httpMethod":"get"}},{"AddResponse":{"responseId":"response_EwmaaduU0S","requestId":"path_hLoDalF2Nn}_get","httpStatusCode":200}},{"DefineInlineConcept":{"root":"shape_3vYVexnAix","conceptId":"concept_ndcPAuzKoU0s"}},{"AssignType":{"id":"shape_3vYVexnAix","to":{"ListT":{}},"conceptId":"concept_ndcPAuzKoU0s"}},{"AddTypeParameter":{"parentId":"shape_3vYVexnAix","id":"shape_jTG25OujNh","conceptId":"concept_ndcPAuzKoU0s"}},{"AssignType":{"id":"shape_jTG25OujNh","to":{"RefT":{"conceptId":"concept_l4uZpZ_responsesummary"}},"conceptId":"concept_ndcPAuzKoU0s"}},{"AddResponse":{"responseId":"response_9HKZocNUsQ","requestId":"path_hLoDalF2Nn}_get","httpStatusCode":400}},{"AddResponse":{"responseId":"response_tkVHkD2CHU","requestId":"path_hLoDalF2Nn}_get","httpStatusCode":401}},{"AddRequest":{"requestId":"path_2eWFvucrxA}_get","pathId":"78BPcz_path_6","httpMethod":"get"}},{"AddResponse":{"responseId":"response_8CBeLZax5M","requestId":"path_2eWFvucrxA}_get","httpStatusCode":200}},{"DefineInlineConcept":{"root":"shape_UkMR5JAH6l","conceptId":"concept_Jb5nNT9WoLjz"}},{"AssignType":{"id":"shape_UkMR5JAH6l","to":{"ListT":{}},"conceptId":"concept_Jb5nNT9WoLjz"}},{"AddTypeParameter":{"parentId":"shape_UkMR5JAH6l","id":"shape_aV317RayF1","conceptId":"concept_Jb5nNT9WoLjz"}},{"AssignType":{"id":"shape_aV317RayF1","to":{"StringT":{}},"conceptId":"concept_Jb5nNT9WoLjz"}},{"AddResponse":{"responseId":"response_wDNJyy2rXM","requestId":"path_2eWFvucrxA}_get","httpStatusCode":400}},{"AddResponse":{"responseId":"response_8JtspHNs3w","requestId":"path_2eWFvucrxA}_get","httpStatusCode":401}},{"AddRequest":{"requestId":"path_qrHH1wYwaX}_get","pathId":"78BPcz_path_13","httpMethod":"get"}},{"AddResponse":{"responseId":"response_hRFdyhs7By","requestId":"path_qrHH1wYwaX}_get","httpStatusCode":200}},{"DefineInlineConcept":{"root":"shape_rSwLSq1inQ","conceptId":"concept_KjN3BcUSlbyO"}},{"AssignType":{"id":"shape_rSwLSq1inQ","to":{"ListT":{}},"conceptId":"concept_KjN3BcUSlbyO"}},{"AddTypeParameter":{"parentId":"shape_rSwLSq1inQ","id":"shape_40t9RRZ2Rr","conceptId":"concept_KjN3BcUSlbyO"}},{"AssignType":{"id":"shape_40t9RRZ2Rr","to":{"StringT":{}},"conceptId":"concept_KjN3BcUSlbyO"}},{"AddResponse":{"responseId":"response_MkWt4Oaoxd","requestId":"path_qrHH1wYwaX}_get","httpStatusCode":400}},{"AddResponse":{"responseId":"response_ryv9aIXGpK","requestId":"path_qrHH1wYwaX}_get","httpStatusCode":401}},{"AddRequest":{"requestId":"path_nvmX8InCtd}_get","pathId":"78BPcz_path_24","httpMethod":"get"}},{"AddResponse":{"responseId":"response_QgN1XkKe7z","requestId":"path_nvmX8InCtd}_get","httpStatusCode":200}},{"DefineInlineConcept":{"root":"shape_bNYgwKBeSC","conceptId":"concept_WETTY8vKZla5"}},{"AssignType":{"id":"shape_bNYgwKBeSC","to":{"ListT":{}},"conceptId":"concept_WETTY8vKZla5"}},{"AddTypeParameter":{"parentId":"shape_bNYgwKBeSC","id":"shape_8VJEcpB3hq","conceptId":"concept_WETTY8vKZla5"}},{"AssignType":{"id":"shape_8VJEcpB3hq","to":{"StringT":{}},"conceptId":"concept_WETTY8vKZla5"}},{"AddResponse":{"responseId":"response_r9m9gF4v2l","requestId":"path_nvmX8InCtd}_get","httpStatusCode":400}},{"AddResponse":{"responseId":"response_D5WIXuIGEk","requestId":"path_nvmX8InCtd}_get","httpStatusCode":401}},{"AddRequest":{"requestId":"path_II4Btd027Z}_get","pathId":"78BPcz_path_17","httpMethod":"get"}},{"AddResponse":{"responseId":"response_D1VmkvZ9c3","requestId":"path_II4Btd027Z}_get","httpStatusCode":200}},{"DefineInlineConcept":{"root":"shape_nivVomYeSO","conceptId":"concept_7ocMgXR5IRBN"}},{"AssignType":{"id":"shape_nivVomYeSO","to":{"ListT":{}},"conceptId":"concept_7ocMgXR5IRBN"}},{"AddTypeParameter":{"parentId":"shape_nivVomYeSO","id":"shape_HO0Qjp6ML9","conceptId":"concept_7ocMgXR5IRBN"}},{"AssignType":{"id":"shape_HO0Qjp6ML9","to":{"RefT":{"conceptId":"concept_l4uZpZ_responsesummary"}},"conceptId":"concept_7ocMgXR5IRBN"}},{"AddResponse":{"responseId":"response_fbyG4nplO7","requestId":"path_II4Btd027Z}_get","httpStatusCode":400}},{"AddResponse":{"responseId":"response_u3stwhVFuo","requestId":"path_II4Btd027Z}_get","httpStatusCode":401}},{"AddRequest":{"requestId":"path_kI0GjSRoL7}_get","pathId":"78BPcz_path_22","httpMethod":"get"}},{"AddResponse":{"responseId":"response_Tp5Rz9NdZj","requestId":"path_kI0GjSRoL7}_get","httpStatusCode":200}},{"DefineInlineConcept":{"root":"shape_H89YSLmNNz","conceptId":"concept_bsniKH9p9zaW"}},{"AssignType":{"id":"shape_H89YSLmNNz","to":{"ListT":{}},"conceptId":"concept_bsniKH9p9zaW"}},{"AddTypeParameter":{"parentId":"shape_H89YSLmNNz","id":"shape_OMAogTjayP","conceptId":"concept_bsniKH9p9zaW"}},{"AssignType":{"id":"shape_OMAogTjayP","to":{"StringT":{}},"conceptId":"concept_bsniKH9p9zaW"}},{"AddResponse":{"responseId":"response_MPiwOtux8y","requestId":"path_kI0GjSRoL7}_get","httpStatusCode":400}},{"AddResponse":{"responseId":"response_pnHqxIo1nn","requestId":"path_kI0GjSRoL7}_get","httpStatusCode":401}},{"AddRequest":{"requestId":"path_kLC1K8Y90t}_get","pathId":"78BPcz_path_19","httpMethod":"get"}},{"AddResponse":{"responseId":"response_PBSkPlcvLU","requestId":"path_kLC1K8Y90t}_get","httpStatusCode":200}},{"DefineInlineConcept":{"root":"shape_ywKXxDYPJH","conceptId":"concept_ZkXeH3cKU5zL"}},{"AssignType":{"id":"shape_ywKXxDYPJH","to":{"ListT":{}},"conceptId":"concept_ZkXeH3cKU5zL"}},{"AddTypeParameter":{"parentId":"shape_ywKXxDYPJH","id":"shape_ho2uImas1z","conceptId":"concept_ZkXeH3cKU5zL"}},{"AssignType":{"id":"shape_ho2uImas1z","to":{"RefT":{"conceptId":"concept_rsM5ML_responseintervalcollection"}},"conceptId":"concept_ZkXeH3cKU5zL"}},{"AddResponse":{"responseId":"response_JC1UPPNDvm","requestId":"path_kLC1K8Y90t}_get","httpStatusCode":400}},{"AddResponse":{"responseId":"response_ofcNxUcPGj","requestId":"path_kLC1K8Y90t}_get","httpStatusCode":401}},{"SetResponseBodyShape":{"responseId":"response_VEY9Dljl32","bodyDescriptor":{"httpContentType":"application/json","conceptId":"concept_EcXXp76iBaoq"}}},{"SetResponseBodyShape":{"responseId":"response_S4WjkcV2h8","bodyDescriptor":{"httpContentType":"application/json","conceptId":"concept_nVhufESxU4Or"}}},{"SetResponseBodyShape":{"responseId":"response_NfzLf63KY3","bodyDescriptor":{"httpContentType":"application/json","conceptId":"concept_8o8PrVOftd0E"}}},{"SetResponseBodyShape":{"responseId":"response_UqGVUNixws","bodyDescriptor":{"httpContentType":"application/json","conceptId":"concept_EGunNjTz0BdY"}}},{"SetResponseBodyShape":{"responseId":"response_rfSwBU2inn","bodyDescriptor":{"httpContentType":"application/json","conceptId":"concept_Pl27ZiXBSrDN"}}},{"SetResponseBodyShape":{"responseId":"response_bbhRfmyFGX","bodyDescriptor":{"httpContentType":"application/json","conceptId":"concept_hRpQBXZtFBDK"}}},{"SetResponseBodyShape":{"responseId":"response_jm9XEFUEQr","bodyDescriptor":{"httpContentType":"application/json","conceptId":"concept_ZFtc5XzBmdOF"}}},{"SetResponseBodyShape":{"responseId":"response_vIgYnRRMPS","bodyDescriptor":{"httpContentType":"application/json","conceptId":"concept_K8uNPCOnGy7N"}}},{"SetResponseBodyShape":{"responseId":"response_eJZTpFHnPs","bodyDescriptor":{"httpContentType":"application/json","conceptId":"concept_8Jb0kNDLp9NG"}}},{"SetResponseBodyShape":{"responseId":"response_zfIp7wxMEV","bodyDescriptor":{"httpContentType":"application/json","conceptId":"concept_13snI3W0ccAb"}}},{"SetResponseBodyShape":{"responseId":"response_EwmaaduU0S","bodyDescriptor":{"httpContentType":"application/json","conceptId":"concept_ndcPAuzKoU0s"}}},{"SetResponseBodyShape":{"responseId":"response_8CBeLZax5M","bodyDescriptor":{"httpContentType":"application/json","conceptId":"concept_Jb5nNT9WoLjz"}}},{"SetResponseBodyShape":{"responseId":"response_hRFdyhs7By","bodyDescriptor":{"httpContentType":"application/json","conceptId":"concept_KjN3BcUSlbyO"}}},{"SetResponseBodyShape":{"responseId":"response_QgN1XkKe7z","bodyDescriptor":{"httpContentType":"application/json","conceptId":"concept_WETTY8vKZla5"}}},{"SetResponseBodyShape":{"responseId":"response_D1VmkvZ9c3","bodyDescriptor":{"httpContentType":"application/json","conceptId":"concept_7ocMgXR5IRBN"}}},{"SetResponseBodyShape":{"responseId":"response_Tp5Rz9NdZj","bodyDescriptor":{"httpContentType":"application/json","conceptId":"concept_bsniKH9p9zaW"}}},{"SetResponseBodyShape":{"responseId":"response_PBSkPlcvLU","bodyDescriptor":{"httpContentType":"application/json","conceptId":"concept_ZkXeH3cKU5zL"}}}]