[{"DefineConcept":{"name":"ChannelDocument","root":"shape_AmVgrHWHAx","conceptId":"concept_Vh3dDI_channeldocument"}},{"SetConceptName":{"newName":"ChannelDocument","conceptId":"concept_Vh3dDI_channeldocument"}},{"DefineConcept":{"name":"AggregationLinks","root":"shape_A0DtwCDfX6","conceptId":"concept_4cCJO1_aggregationlinks"}},{"SetConceptName":{"newName":"AggregationLinks","conceptId":"concept_4cCJO1_aggregationlinks"}},{"DefineConcept":{"name":"ChannelsDocument","root":"shape_q2uNVevYWM","conceptId":"concept_GJQrHp_channelsdocument"}},{"SetConceptName":{"newName":"ChannelsDocument","conceptId":"concept_GJQrHp_channelsdocument"}},{"DefineConcept":{"name":"ChannelsData","root":"shape_RBlWEpznMB","conceptId":"concept_Zp6u3Z_channelsdata"}},{"SetConceptName":{"newName":"ChannelsData","conceptId":"concept_Zp6u3Z_channelsdata"}},{"DefineConcept":{"name":"Affiliation","root":"shape_WSoTIke8jy","conceptId":"concept_D5EAuJ_affiliation"}},{"SetConceptName":{"newName":"Affiliation","conceptId":"concept_D5EAuJ_affiliation"}},{"DefineConcept":{"name":"AudioItemData","root":"shape_WJqk93r91l","conceptId":"concept_VkNoJP_audioitemdata"}},{"SetConceptName":{"newName":"AudioItemData","conceptId":"concept_VkNoJP_audioitemdata"}},{"DefineConcept":{"name":"Error","root":"shape_63fmBhnriW","conceptId":"concept_M8kwFh_error"}},{"SetConceptName":{"newName":"Error","conceptId":"concept_M8kwFh_error"}},{"DefineConcept":{"name":"AudioItemListDocument","root":"shape_wvR4j7IinO","conceptId":"concept_2DxgOp_audioitemlistdocument"}},{"SetConceptName":{"newName":"AudioItemListDocument","conceptId":"concept_2DxgOp_audioitemlistdocument"}},{"DefineConcept":{"name":"OrganizationOverviewData","root":"shape_8T8tcRpMcq","conceptId":"concept_TpBJt2_organizationoverviewdata"}},{"SetConceptName":{"newName":"OrganizationOverviewData","conceptId":"concept_TpBJt2_organizationoverviewdata"}},{"DefineConcept":{"name":"ImageLink","root":"shape_NKv7Qurxf5","conceptId":"concept_2MPfSL_imagelink"}},{"SetConceptName":{"newName":"ImageLink","conceptId":"concept_2MPfSL_imagelink"}},{"DefineConcept":{"name":"AbstractCDocLink","root":"shape_4kWH16mZNW","conceptId":"concept_ixHYiy_abstractcdoclink"}},{"SetConceptName":{"newName":"AbstractCDocLink","conceptId":"concept_ixHYiy_abstractcdoclink"}},{"DefineConcept":{"name":"CollectionDocument","root":"shape_dgB4IjBr8u","conceptId":"concept_P3nWzK_collectiondocument"}},{"SetConceptName":{"newName":"CollectionDocument","conceptId":"concept_P3nWzK_collectiondocument"}},{"DefineConcept":{"name":"SearchMetaData","root":"shape_rTbsljYbvL","conceptId":"concept_D2CJQh_searchmetadata"}},{"SetConceptName":{"newName":"SearchMetaData","conceptId":"concept_D2CJQh_searchmetadata"}},{"DefineConcept":{"name":"CategoryLinks","root":"shape_IctayS3Qif","conceptId":"concept_3bs17G_categorylinks"}},{"SetConceptName":{"newName":"CategoryLinks","conceptId":"concept_3bs17G_categorylinks"}},{"DefineConcept":{"name":"AbstractLink","root":"shape_lQARxFsilE","conceptId":"concept_DtN1gz_abstractlink"}},{"SetConceptName":{"newName":"AbstractLink","conceptId":"concept_DtN1gz_abstractlink"}},{"DefineConcept":{"name":"OtherLink","root":"shape_kZyvN0Ow4D","conceptId":"concept_Fi70xH_otherlink"}},{"SetConceptName":{"newName":"OtherLink","conceptId":"concept_Fi70xH_otherlink"}},{"DefineConcept":{"name":"AudioLink","root":"shape_AwN2shUzvk","conceptId":"concept_vwDmvF_audiolink"}},{"SetConceptName":{"newName":"AudioLink","conceptId":"concept_vwDmvF_audiolink"}},{"DefineConcept":{"name":"ChannelData","root":"shape_4cJKb9S9BL","conceptId":"concept_HzApoc_channeldata"}},{"SetConceptName":{"newName":"ChannelData","conceptId":"concept_HzApoc_channeldata"}},{"DefineConcept":{"name":"AggregationData","root":"shape_Px8lK5NQAS","conceptId":"concept_lr0Phz_aggregationdata"}},{"SetConceptName":{"newName":"AggregationData","conceptId":"concept_lr0Phz_aggregationdata"}},{"DefineConcept":{"name":"AudioItemLinks","root":"shape_aRjOCORd1m","conceptId":"concept_Vq0pEG_audioitemlinks"}},{"SetConceptName":{"newName":"AudioItemLinks","conceptId":"concept_Vq0pEG_audioitemlinks"}},{"DefineConcept":{"name":"Geofence","root":"shape_6T1B5joJFw","conceptId":"concept_8ITbvc_geofence"}},{"SetConceptName":{"newName":"Geofence","conceptId":"concept_8ITbvc_geofence"}},{"DefineConcept":{"name":"AudioItemDocument","root":"shape_AoyieEJVeH","conceptId":"concept_UFdZdW_audioitemdocument"}},{"SetConceptName":{"newName":"AudioItemDocument","conceptId":"concept_UFdZdW_audioitemdocument"}},{"DefineConcept":{"name":"RatingData","root":"shape_m3kmjE88G8","conceptId":"concept_JpBGcn_ratingdata"}},{"SetConceptName":{"newName":"RatingData","conceptId":"concept_JpBGcn_ratingdata"}},{"DefineConcept":{"name":"OrganizationOverviewLinks","root":"shape_jY74rTYMpB","conceptId":"concept_c9CqpD_organizationoverviewlinks"}},{"SetConceptName":{"newName":"OrganizationOverviewLinks","conceptId":"concept_c9CqpD_organizationoverviewlinks"}},{"DefineConcept":{"name":"SearchListDocument","root":"shape_UzgNkXO4k4","conceptId":"concept_3cx9EF_searchlistdocument"}},{"SetConceptName":{"newName":"SearchListDocument","conceptId":"concept_3cx9EF_searchlistdocument"}},{"DefineConcept":{"name":"SearchItemDocument","root":"shape_rD29NM1GcF","conceptId":"concept_9BvzIs_searchitemdocument"}},{"SetConceptName":{"newName":"SearchItemDocument","conceptId":"concept_9BvzIs_searchitemdocument"}},{"DefineConcept":{"name":"Brand","root":"shape_bder25VNpJ","conceptId":"concept_q4rlAg_brand"}},{"SetConceptName":{"newName":"Brand","conceptId":"concept_q4rlAg_brand"}},{"DefineConcept":{"name":"RecommendationOrganization","root":"shape_jP7hjqBFqC","conceptId":"concept_RgV3rc_recommendationorganization"}},{"SetConceptName":{"newName":"RecommendationOrganization","conceptId":"concept_RgV3rc_recommendationorganization"}},{"DefineConcept":{"name":"ErrorDocument","root":"shape_PxkjsrfXXp","conceptId":"concept_JjgIXy_errordocument"}},{"SetConceptName":{"newName":"ErrorDocument","conceptId":"concept_JjgIXy_errordocument"}},{"DefineConcept":{"name":"OrganizationOverviewDocument","root":"shape_xFKVBrccci","conceptId":"concept_bujKEu_organizationoverviewdocument"}},{"SetConceptName":{"newName":"OrganizationOverviewDocument","conceptId":"concept_bujKEu_organizationoverviewdocument"}},{"DefineConcept":{"name":"OrganizationCategoryAudioListDocument","root":"shape_pcYB78Wle9","conceptId":"concept_6CUE0v_organizationcategoryaudiolistdocument"}},{"SetConceptName":{"newName":"OrganizationCategoryAudioListDocument","conceptId":"concept_6CUE0v_organizationcategoryaudiolistdocument"}},{"DefineConcept":{"name":"CategoryData","root":"shape_AG1wUzLFKl","conceptId":"concept_0SpwLZ_categorydata"}},{"SetConceptName":{"newName":"CategoryData","conceptId":"concept_0SpwLZ_categorydata"}},{"DefineConcept":{"name":"AggregationAudioItemListDocument","root":"shape_uogVfSki1C","conceptId":"concept_HYzuVz_aggregationaudioitemlistdocument"}},{"SetConceptName":{"newName":"AggregationAudioItemListDocument","conceptId":"concept_HYzuVz_aggregationaudioitemlistdocument"}},{"AssignType":{"id":"shape_AmVgrHWHAx","to":{"AnyT":{}},"conceptId":"concept_Vh3dDI_channeldocument"}},{"AssignType":{"id":"shape_A0DtwCDfX6","to":{"AnyT":{}},"conceptId":"concept_4cCJO1_aggregationlinks"}},{"AssignType":{"id":"shape_q2uNVevYWM","to":{"AnyT":{}},"conceptId":"concept_GJQrHp_channelsdocument"}},{"AssignType":{"id":"shape_RBlWEpznMB","to":{"AnyT":{}},"conceptId":"concept_Zp6u3Z_channelsdata"}},{"AssignType":{"id":"shape_WSoTIke8jy","to":{"AnyT":{}},"conceptId":"concept_D5EAuJ_affiliation"}},{"AssignType":{"id":"shape_WJqk93r91l","to":{"AnyT":{}},"conceptId":"concept_VkNoJP_audioitemdata"}},{"AssignType":{"id":"shape_63fmBhnriW","to":{"AnyT":{}},"conceptId":"concept_M8kwFh_error"}},{"AssignType":{"id":"shape_wvR4j7IinO","to":{"AnyT":{}},"conceptId":"concept_2DxgOp_audioitemlistdocument"}},{"AssignType":{"id":"shape_8T8tcRpMcq","to":{"AnyT":{}},"conceptId":"concept_TpBJt2_organizationoverviewdata"}},{"AssignType":{"id":"shape_NKv7Qurxf5","to":{"AnyT":{}},"conceptId":"concept_2MPfSL_imagelink"}},{"AssignType":{"id":"shape_4kWH16mZNW","to":{"AnyT":{}},"conceptId":"concept_ixHYiy_abstractcdoclink"}},{"AssignType":{"id":"shape_dgB4IjBr8u","to":{"AnyT":{}},"conceptId":"concept_P3nWzK_collectiondocument"}},{"AssignType":{"id":"shape_rTbsljYbvL","to":{"AnyT":{}},"conceptId":"concept_D2CJQh_searchmetadata"}},{"AssignType":{"id":"shape_IctayS3Qif","to":{"AnyT":{}},"conceptId":"concept_3bs17G_categorylinks"}},{"AssignType":{"id":"shape_lQARxFsilE","to":{"AnyT":{}},"conceptId":"concept_DtN1gz_abstractlink"}},{"AssignType":{"id":"shape_kZyvN0Ow4D","to":{"AnyT":{}},"conceptId":"concept_Fi70xH_otherlink"}},{"AssignType":{"id":"shape_AwN2shUzvk","to":{"AnyT":{}},"conceptId":"concept_vwDmvF_audiolink"}},{"AssignType":{"id":"shape_4cJKb9S9BL","to":{"AnyT":{}},"conceptId":"concept_HzApoc_channeldata"}},{"AssignType":{"id":"shape_Px8lK5NQAS","to":{"AnyT":{}},"conceptId":"concept_lr0Phz_aggregationdata"}},{"AssignType":{"id":"shape_aRjOCORd1m","to":{"AnyT":{}},"conceptId":"concept_Vq0pEG_audioitemlinks"}},{"AssignType":{"id":"shape_6T1B5joJFw","to":{"AnyT":{}},"conceptId":"concept_8ITbvc_geofence"}},{"AssignType":{"id":"shape_AoyieEJVeH","to":{"AnyT":{}},"conceptId":"concept_UFdZdW_audioitemdocument"}},{"AssignType":{"id":"shape_m3kmjE88G8","to":{"AnyT":{}},"conceptId":"concept_JpBGcn_ratingdata"}},{"AssignType":{"id":"shape_jY74rTYMpB","to":{"AnyT":{}},"conceptId":"concept_c9CqpD_organizationoverviewlinks"}},{"AssignType":{"id":"shape_UzgNkXO4k4","to":{"AnyT":{}},"conceptId":"concept_3cx9EF_searchlistdocument"}},{"AssignType":{"id":"shape_rD29NM1GcF","to":{"AnyT":{}},"conceptId":"concept_9BvzIs_searchitemdocument"}},{"AssignType":{"id":"shape_bder25VNpJ","to":{"AnyT":{}},"conceptId":"concept_q4rlAg_brand"}},{"AssignType":{"id":"shape_jP7hjqBFqC","to":{"AnyT":{}},"conceptId":"concept_RgV3rc_recommendationorganization"}},{"AssignType":{"id":"shape_PxkjsrfXXp","to":{"AnyT":{}},"conceptId":"concept_JjgIXy_errordocument"}},{"AssignType":{"id":"shape_xFKVBrccci","to":{"AnyT":{}},"conceptId":"concept_bujKEu_organizationoverviewdocument"}},{"AssignType":{"id":"shape_pcYB78Wle9","to":{"AnyT":{}},"conceptId":"concept_6CUE0v_organizationcategoryaudiolistdocument"}},{"AssignType":{"id":"shape_AG1wUzLFKl","to":{"AnyT":{}},"conceptId":"concept_0SpwLZ_categorydata"}},{"AssignType":{"id":"shape_uogVfSki1C","to":{"AnyT":{}},"conceptId":"concept_HYzuVz_aggregationaudioitemlistdocument"}},{"AddPathComponent":{"pathId":"s31gCM_path_0","parentPathId":"root","name":"v2"}},{"AddPathComponent":{"pathId":"s31gCM_path_1","parentPathId":"s31gCM_path_0","name":"aggregation"}},{"AddPathParameter":{"pathId":"s31gCM_path_2","parentPathId":"s31gCM_path_1","name":""}},{"AddPathComponent":{"pathId":"s31gCM_path_3","parentPathId":"s31gCM_path_2","name":"recommendations"}},{"AddPathComponent":{"pathId":"s31gCM_path_4","parentPathId":"s31gCM_path_0","name":"channels"}},{"AddPathComponent":{"pathId":"s31gCM_path_5","parentPathId":"s31gCM_path_0","name":"history"}},{"AddPathComponent":{"pathId":"s31gCM_path_6","parentPathId":"s31gCM_path_0","name":"organizations"}},{"AddPathParameter":{"pathId":"s31gCM_path_7","parentPathId":"s31gCM_path_6","name":""}},{"AddPathComponent":{"pathId":"s31gCM_path_8","parentPathId":"s31gCM_path_7","name":"categories"}},{"AddPathParameter":{"pathId":"s31gCM_path_9","parentPathId":"s31gCM_path_8","name":""}},{"AddPathComponent":{"pathId":"s31gCM_path_10","parentPathId":"s31gCM_path_9","name":"recommendations"}},{"AddPathComponent":{"pathId":"s31gCM_path_11","parentPathId":"s31gCM_path_7","name":"recommendations"}},{"AddPathComponent":{"pathId":"s31gCM_path_12","parentPathId":"s31gCM_path_0","name":"promo"}},{"AddPathComponent":{"pathId":"s31gCM_path_13","parentPathId":"s31gCM_path_12","name":"recommendations"}},{"AddPathComponent":{"pathId":"s31gCM_path_14","parentPathId":"s31gCM_path_0","name":"ratings"}},{"AddPathComponent":{"pathId":"s31gCM_path_15","parentPathId":"s31gCM_path_0","name":"recommendations"}},{"AddPathComponent":{"pathId":"s31gCM_path_16","parentPathId":"s31gCM_path_0","name":"search"}},{"AddPathComponent":{"pathId":"s31gCM_path_17","parentPathId":"s31gCM_path_16","name":"recommendations"}},{"AddRequest":{"requestId":"path_ZkhKmvRsG4}_get","pathId":"s31gCM_path_5","httpMethod":"get"}},{"AddResponse":{"responseId":"response_SZIbN0Pv1L","requestId":"path_ZkhKmvRsG4}_get","httpStatusCode":429}},{"DefineInlineConcept":{"root":"shape_spRzWZkuon","conceptId":"concept_m2Dt2qxgXlr6"}},{"AssignType":{"id":"shape_spRzWZkuon","to":{"RefT":{"conceptId":"concept_JjgIXy_errordocument"}},"conceptId":"concept_m2Dt2qxgXlr6"}},{"AddResponse":{"responseId":"response_0EwCfe4nCN","requestId":"path_ZkhKmvRsG4}_get","httpStatusCode":500}},{"DefineInlineConcept":{"root":"shape_eeNhPq1BXb","conceptId":"concept_B14Qxy7wHg9m"}},{"AssignType":{"id":"shape_eeNhPq1BXb","to":{"RefT":{"conceptId":"concept_JjgIXy_errordocument"}},"conceptId":"concept_B14Qxy7wHg9m"}},{"AddResponse":{"responseId":"response_vvb2eYY13F","requestId":"path_ZkhKmvRsG4}_get","httpStatusCode":503}},{"DefineInlineConcept":{"root":"shape_x0kRsTx3Zo","conceptId":"concept_8g3lk0npJ5ps"}},{"AssignType":{"id":"shape_x0kRsTx3Zo","to":{"RefT":{"conceptId":"concept_JjgIXy_errordocument"}},"conceptId":"concept_8g3lk0npJ5ps"}},{"AddResponse":{"responseId":"response_raIMAIob3u","requestId":"path_ZkhKmvRsG4}_get","httpStatusCode":401}},{"DefineInlineConcept":{"root":"shape_s3cpAfT8dE","conceptId":"concept_g5gB15LKJiY4"}},{"AssignType":{"id":"shape_s3cpAfT8dE","to":{"RefT":{"conceptId":"concept_JjgIXy_errordocument"}},"conceptId":"concept_g5gB15LKJiY4"}},{"AddResponse":{"responseId":"response_gurAwIRKYu","requestId":"path_ZkhKmvRsG4}_get","httpStatusCode":200}},{"DefineInlineConcept":{"root":"shape_37B9PXcx9w","conceptId":"concept_y9MqBnv9nYzg"}},{"AssignType":{"id":"shape_37B9PXcx9w","to":{"RefT":{"conceptId":"concept_2DxgOp_audioitemlistdocument"}},"conceptId":"concept_y9MqBnv9nYzg"}},{"AddRequest":{"requestId":"path_eNRUSDrrH8}_get","pathId":"s31gCM_path_3","httpMethod":"get"}},{"AddResponse":{"responseId":"response_CrvAT1Sw3v","requestId":"path_eNRUSDrrH8}_get","httpStatusCode":404}},{"DefineInlineConcept":{"root":"shape_cT5qvyMrRZ","conceptId":"concept_ThkzzbmNVqvM"}},{"AssignType":{"id":"shape_cT5qvyMrRZ","to":{"RefT":{"conceptId":"concept_JjgIXy_errordocument"}},"conceptId":"concept_ThkzzbmNVqvM"}},{"AddResponse":{"responseId":"response_bIyKS8DtPw","requestId":"path_eNRUSDrrH8}_get","httpStatusCode":429}},{"DefineInlineConcept":{"root":"shape_Y3GYCJarMx","conceptId":"concept_MkoYwhkWC0dJ"}},{"AssignType":{"id":"shape_Y3GYCJarMx","to":{"RefT":{"conceptId":"concept_JjgIXy_errordocument"}},"conceptId":"concept_MkoYwhkWC0dJ"}},{"AddResponse":{"responseId":"response_ABCGZlAPDg","requestId":"path_eNRUSDrrH8}_get","httpStatusCode":500}},{"DefineInlineConcept":{"root":"shape_37PN3lVew6","conceptId":"concept_6pUZs4gRvhil"}},{"AssignType":{"id":"shape_37PN3lVew6","to":{"RefT":{"conceptId":"concept_JjgIXy_errordocument"}},"conceptId":"concept_6pUZs4gRvhil"}},{"AddResponse":{"responseId":"response_h1QaL22Ia2","requestId":"path_eNRUSDrrH8}_get","httpStatusCode":503}},{"DefineInlineConcept":{"root":"shape_ruBptH4gCj","conceptId":"concept_HLPW6cdPdmmI"}},{"AssignType":{"id":"shape_ruBptH4gCj","to":{"RefT":{"conceptId":"concept_JjgIXy_errordocument"}},"conceptId":"concept_HLPW6cdPdmmI"}},{"AddResponse":{"responseId":"response_15YUdapAtu","requestId":"path_eNRUSDrrH8}_get","httpStatusCode":401}},{"DefineInlineConcept":{"root":"shape_8iWSKSKszQ","conceptId":"concept_K4mDKgSDCNUW"}},{"AssignType":{"id":"shape_8iWSKSKszQ","to":{"RefT":{"conceptId":"concept_JjgIXy_errordocument"}},"conceptId":"concept_K4mDKgSDCNUW"}},{"AddResponse":{"responseId":"response_0h8bjzxJNt","requestId":"path_eNRUSDrrH8}_get","httpStatusCode":200}},{"DefineInlineConcept":{"root":"shape_uKJteU5rBZ","conceptId":"concept_JRcQsZfN2Rmz"}},{"AssignType":{"id":"shape_uKJteU5rBZ","to":{"RefT":{"conceptId":"concept_HYzuVz_aggregationaudioitemlistdocument"}},"conceptId":"concept_JRcQsZfN2Rmz"}},{"AddRequest":{"requestId":"path_G7SAz7by42}_get","pathId":"s31gCM_path_4","httpMethod":"get"}},{"AddResponse":{"responseId":"response_7IIOZFrIib","requestId":"path_G7SAz7by42}_get","httpStatusCode":200}},{"DefineInlineConcept":{"root":"shape_Ys6Pj5dDtm","conceptId":"concept_2XNvbMdnf3P0"}},{"AssignType":{"id":"shape_Ys6Pj5dDtm","to":{"RefT":{"conceptId":"concept_GJQrHp_channelsdocument"}},"conceptId":"concept_2XNvbMdnf3P0"}},{"AddResponse":{"responseId":"response_VKQYp3X6RK","requestId":"path_G7SAz7by42}_get","httpStatusCode":401}},{"DefineInlineConcept":{"root":"shape_y4qva6zlPL","conceptId":"concept_vddsjFDYifs0"}},{"AssignType":{"id":"shape_y4qva6zlPL","to":{"RefT":{"conceptId":"concept_JjgIXy_errordocument"}},"conceptId":"concept_vddsjFDYifs0"}},{"AddResponse":{"responseId":"response_qUpeLIZF9m","requestId":"path_G7SAz7by42}_get","httpStatusCode":429}},{"DefineInlineConcept":{"root":"shape_kmnvIlVBXh","conceptId":"concept_us9AIi5CeCwZ"}},{"AssignType":{"id":"shape_kmnvIlVBXh","to":{"RefT":{"conceptId":"concept_JjgIXy_errordocument"}},"conceptId":"concept_us9AIi5CeCwZ"}},{"AddResponse":{"responseId":"response_S3r7VNB4Eg","requestId":"path_G7SAz7by42}_get","httpStatusCode":503}},{"DefineInlineConcept":{"root":"shape_oenUuB13PH","conceptId":"concept_huIDHQ5XC6Qt"}},{"AssignType":{"id":"shape_oenUuB13PH","to":{"RefT":{"conceptId":"concept_JjgIXy_errordocument"}},"conceptId":"concept_huIDHQ5XC6Qt"}},{"AddRequest":{"requestId":"path_ZcbsH0gRfQ}_get","pathId":"s31gCM_path_10","httpMethod":"get"}},{"AddResponse":{"responseId":"response_Y21H6pom2h","requestId":"path_ZcbsH0gRfQ}_get","httpStatusCode":404}},{"DefineInlineConcept":{"root":"shape_PwsjHm7TIK","conceptId":"concept_OcJdVGDmw16U"}},{"AssignType":{"id":"shape_PwsjHm7TIK","to":{"RefT":{"conceptId":"concept_JjgIXy_errordocument"}},"conceptId":"concept_OcJdVGDmw16U"}},{"AddResponse":{"responseId":"response_etzY2GU5ax","requestId":"path_ZcbsH0gRfQ}_get","httpStatusCode":429}},{"DefineInlineConcept":{"root":"shape_cH78NeBRkA","conceptId":"concept_cbh2lZwxbFas"}},{"AssignType":{"id":"shape_cH78NeBRkA","to":{"RefT":{"conceptId":"concept_JjgIXy_errordocument"}},"conceptId":"concept_cbh2lZwxbFas"}},{"AddResponse":{"responseId":"response_oa7yHWujnm","requestId":"path_ZcbsH0gRfQ}_get","httpStatusCode":500}},{"DefineInlineConcept":{"root":"shape_3tcoY5lPSJ","conceptId":"concept_GKWkaGPSUMMg"}},{"AssignType":{"id":"shape_3tcoY5lPSJ","to":{"RefT":{"conceptId":"concept_JjgIXy_errordocument"}},"conceptId":"concept_GKWkaGPSUMMg"}},{"AddResponse":{"responseId":"response_wlrGlZlrot","requestId":"path_ZcbsH0gRfQ}_get","httpStatusCode":503}},{"DefineInlineConcept":{"root":"shape_xyriFS0rZ0","conceptId":"concept_ZlDixCC03Stg"}},{"AssignType":{"id":"shape_xyriFS0rZ0","to":{"RefT":{"conceptId":"concept_JjgIXy_errordocument"}},"conceptId":"concept_ZlDixCC03Stg"}},{"AddResponse":{"responseId":"response_Ijc0NcceSN","requestId":"path_ZcbsH0gRfQ}_get","httpStatusCode":401}},{"DefineInlineConcept":{"root":"shape_iPeaKfORsV","conceptId":"concept_v4lxRUDGCydv"}},{"AssignType":{"id":"shape_iPeaKfORsV","to":{"RefT":{"conceptId":"concept_JjgIXy_errordocument"}},"conceptId":"concept_v4lxRUDGCydv"}},{"AddResponse":{"responseId":"response_gJp37tMNjt","requestId":"path_ZcbsH0gRfQ}_get","httpStatusCode":200}},{"DefineInlineConcept":{"root":"shape_qwLL3kg58x","conceptId":"concept_2SpmNuzkBnxR"}},{"AssignType":{"id":"shape_qwLL3kg58x","to":{"RefT":{"conceptId":"concept_6CUE0v_organizationcategoryaudiolistdocument"}},"conceptId":"concept_2SpmNuzkBnxR"}},{"AddRequest":{"requestId":"path_vZskEWglgK}_get","pathId":"s31gCM_path_17","httpMethod":"get"}},{"AddResponse":{"responseId":"response_vo8rcJX4vT","requestId":"path_vZskEWglgK}_get","httpStatusCode":429}},{"DefineInlineConcept":{"root":"shape_1odZ3k1cZB","conceptId":"concept_KufilARiSvaq"}},{"AssignType":{"id":"shape_1odZ3k1cZB","to":{"RefT":{"conceptId":"concept_JjgIXy_errordocument"}},"conceptId":"concept_KufilARiSvaq"}},{"AddResponse":{"responseId":"response_CtnSugzmOK","requestId":"path_vZskEWglgK}_get","httpStatusCode":500}},{"DefineInlineConcept":{"root":"shape_74WCe8juEi","conceptId":"concept_aI4T61LI12CA"}},{"AssignType":{"id":"shape_74WCe8juEi","to":{"RefT":{"conceptId":"concept_JjgIXy_errordocument"}},"conceptId":"concept_aI4T61LI12CA"}},{"AddResponse":{"responseId":"response_KHCaU75yJp","requestId":"path_vZskEWglgK}_get","httpStatusCode":503}},{"DefineInlineConcept":{"root":"shape_0VuRO7GArX","conceptId":"concept_HLHrgc0uriBJ"}},{"AssignType":{"id":"shape_0VuRO7GArX","to":{"RefT":{"conceptId":"concept_JjgIXy_errordocument"}},"conceptId":"concept_HLHrgc0uriBJ"}},{"AddResponse":{"responseId":"response_9wzeghF0Wq","requestId":"path_vZskEWglgK}_get","httpStatusCode":401}},{"DefineInlineConcept":{"root":"shape_V7vTKNBoi9","conceptId":"concept_Bn7xPR0SVB3m"}},{"AssignType":{"id":"shape_V7vTKNBoi9","to":{"RefT":{"conceptId":"concept_JjgIXy_errordocument"}},"conceptId":"concept_Bn7xPR0SVB3m"}},{"AddResponse":{"responseId":"response_sljvgt5UEd","requestId":"path_vZskEWglgK}_get","httpStatusCode":200}},{"DefineInlineConcept":{"root":"shape_sEAPDOs9xn","conceptId":"concept_FcEjMyjxkkBK"}},{"AssignType":{"id":"shape_sEAPDOs9xn","to":{"RefT":{"conceptId":"concept_3cx9EF_searchlistdocument"}},"conceptId":"concept_FcEjMyjxkkBK"}},{"AddRequest":{"requestId":"path_oK9ZYnCJNK}_get","pathId":"s31gCM_path_15","httpMethod":"get"}},{"AddResponse":{"responseId":"response_ISCATjx1B8","requestId":"path_oK9ZYnCJNK}_get","httpStatusCode":400}},{"DefineInlineConcept":{"root":"shape_LyUMqLVR1A","conceptId":"concept_8qd2FjPJZ08K"}},{"AssignType":{"id":"shape_LyUMqLVR1A","to":{"RefT":{"conceptId":"concept_JjgIXy_errordocument"}},"conceptId":"concept_8qd2FjPJZ08K"}},{"AddResponse":{"responseId":"response_abrqWIOsrd","requestId":"path_oK9ZYnCJNK}_get","httpStatusCode":429}},{"DefineInlineConcept":{"root":"shape_fWsWdz4wX4","conceptId":"concept_lFealcGHS1Wp"}},{"AssignType":{"id":"shape_fWsWdz4wX4","to":{"RefT":{"conceptId":"concept_JjgIXy_errordocument"}},"conceptId":"concept_lFealcGHS1Wp"}},{"AddResponse":{"responseId":"response_MWMBFHZTxT","requestId":"path_oK9ZYnCJNK}_get","httpStatusCode":500}},{"DefineInlineConcept":{"root":"shape_MuAY5Y5xg0","conceptId":"concept_KIk7NFWmoL4j"}},{"AssignType":{"id":"shape_MuAY5Y5xg0","to":{"RefT":{"conceptId":"concept_JjgIXy_errordocument"}},"conceptId":"concept_KIk7NFWmoL4j"}},{"AddResponse":{"responseId":"response_8rgsLXFGEO","requestId":"path_oK9ZYnCJNK}_get","httpStatusCode":503}},{"DefineInlineConcept":{"root":"shape_65YfT4CNwQ","conceptId":"concept_rzFGpZanZiSz"}},{"AssignType":{"id":"shape_65YfT4CNwQ","to":{"RefT":{"conceptId":"concept_JjgIXy_errordocument"}},"conceptId":"concept_rzFGpZanZiSz"}},{"AddResponse":{"responseId":"response_IKrSIpOV2o","requestId":"path_oK9ZYnCJNK}_get","httpStatusCode":401}},{"DefineInlineConcept":{"root":"shape_V7rgPaYv9C","conceptId":"concept_jX8fTBTuE6lZ"}},{"AssignType":{"id":"shape_V7rgPaYv9C","to":{"RefT":{"conceptId":"concept_JjgIXy_errordocument"}},"conceptId":"concept_jX8fTBTuE6lZ"}},{"AddResponse":{"responseId":"response_PFGkADetvk","requestId":"path_oK9ZYnCJNK}_get","httpStatusCode":200}},{"DefineInlineConcept":{"root":"shape_oUTrkF0eOC","conceptId":"concept_E0UDDfo5G3Ft"}},{"AssignType":{"id":"shape_oUTrkF0eOC","to":{"RefT":{"conceptId":"concept_2DxgOp_audioitemlistdocument"}},"conceptId":"concept_E0UDDfo5G3Ft"}},{"AddRequest":{"requestId":"path_uOSENucf6P}_post","pathId":"s31gCM_path_14","httpMethod":"post"}},{"DefineInlineConcept":{"root":"shape_wtT6belI2R","conceptId":"concept_v2ratings_post_body"}},{"AssignType":{"id":"shape_wtT6belI2R","to":{"ListT":{}},"conceptId":"concept_v2ratings_post_body"}},{"AddResponse":{"responseId":"response_s7PdOfGxnU","requestId":"path_uOSENucf6P}_post","httpStatusCode":400}},{"DefineInlineConcept":{"root":"shape_NQvA0eABTm","conceptId":"concept_1zIsmXU7G2AE"}},{"AssignType":{"id":"shape_NQvA0eABTm","to":{"RefT":{"conceptId":"concept_JjgIXy_errordocument"}},"conceptId":"concept_1zIsmXU7G2AE"}},{"AddResponse":{"responseId":"response_5yvehO7u9c","requestId":"path_uOSENucf6P}_post","httpStatusCode":429}},{"DefineInlineConcept":{"root":"shape_zCy2O7wyQe","conceptId":"concept_xBqPKFqksLJL"}},{"AssignType":{"id":"shape_zCy2O7wyQe","to":{"RefT":{"conceptId":"concept_JjgIXy_errordocument"}},"conceptId":"concept_xBqPKFqksLJL"}},{"AddResponse":{"responseId":"response_n16L0I3dDK","requestId":"path_uOSENucf6P}_post","httpStatusCode":500}},{"DefineInlineConcept":{"root":"shape_vA2MMoVwiu","conceptId":"concept_StyApUatRBwN"}},{"AssignType":{"id":"shape_vA2MMoVwiu","to":{"RefT":{"conceptId":"concept_JjgIXy_errordocument"}},"conceptId":"concept_StyApUatRBwN"}},{"AddResponse":{"responseId":"response_FhYiAZ77bX","requestId":"path_uOSENucf6P}_post","httpStatusCode":503}},{"DefineInlineConcept":{"root":"shape_hYoH7NYpm1","conceptId":"concept_Dxiv1bSw64Ia"}},{"AssignType":{"id":"shape_hYoH7NYpm1","to":{"RefT":{"conceptId":"concept_JjgIXy_errordocument"}},"conceptId":"concept_Dxiv1bSw64Ia"}},{"AddResponse":{"responseId":"response_5LTTI0h5Mb","requestId":"path_uOSENucf6P}_post","httpStatusCode":401}},{"DefineInlineConcept":{"root":"shape_TaaJLweXi2","conceptId":"concept_HcnTkhQR5w82"}},{"AssignType":{"id":"shape_TaaJLweXi2","to":{"RefT":{"conceptId":"concept_JjgIXy_errordocument"}},"conceptId":"concept_HcnTkhQR5w82"}},{"AddResponse":{"responseId":"response_9E0RIxIuMr","requestId":"path_uOSENucf6P}_post","httpStatusCode":200}},{"DefineInlineConcept":{"root":"shape_cNsY83UQV1","conceptId":"concept_G3yFDObfgxRk"}},{"AssignType":{"id":"shape_cNsY83UQV1","to":{"RefT":{"conceptId":"concept_2DxgOp_audioitemlistdocument"}},"conceptId":"concept_G3yFDObfgxRk"}},{"AddRequest":{"requestId":"path_5WMkk9CJMI}_get","pathId":"s31gCM_path_11","httpMethod":"get"}},{"AddResponse":{"responseId":"response_Sr5S9bVrzs","requestId":"path_5WMkk9CJMI}_get","httpStatusCode":404}},{"DefineInlineConcept":{"root":"shape_4FqrGXHD1U","conceptId":"concept_QYBuofILPKUS"}},{"AssignType":{"id":"shape_4FqrGXHD1U","to":{"RefT":{"conceptId":"concept_JjgIXy_errordocument"}},"conceptId":"concept_QYBuofILPKUS"}},{"AddResponse":{"responseId":"response_HI9DrZTMjV","requestId":"path_5WMkk9CJMI}_get","httpStatusCode":429}},{"DefineInlineConcept":{"root":"shape_aGn50m7qGz","conceptId":"concept_DrzyUhPUYu9q"}},{"AssignType":{"id":"shape_aGn50m7qGz","to":{"RefT":{"conceptId":"concept_JjgIXy_errordocument"}},"conceptId":"concept_DrzyUhPUYu9q"}},{"AddResponse":{"responseId":"response_HIsGYBQn8c","requestId":"path_5WMkk9CJMI}_get","httpStatusCode":500}},{"DefineInlineConcept":{"root":"shape_rB7IBXClVl","conceptId":"concept_hvMhN3HYHKpN"}},{"AssignType":{"id":"shape_rB7IBXClVl","to":{"RefT":{"conceptId":"concept_JjgIXy_errordocument"}},"conceptId":"concept_hvMhN3HYHKpN"}},{"AddResponse":{"responseId":"response_ahLVsw0kmb","requestId":"path_5WMkk9CJMI}_get","httpStatusCode":503}},{"DefineInlineConcept":{"root":"shape_kdsfTBKhi6","conceptId":"concept_3kn1Ls6SfAjJ"}},{"AssignType":{"id":"shape_kdsfTBKhi6","to":{"RefT":{"conceptId":"concept_JjgIXy_errordocument"}},"conceptId":"concept_3kn1Ls6SfAjJ"}},{"AddResponse":{"responseId":"response_ph0PgEeWpO","requestId":"path_5WMkk9CJMI}_get","httpStatusCode":401}},{"DefineInlineConcept":{"root":"shape_csloFDDVxG","conceptId":"concept_d9ZLPjS3iczC"}},{"AssignType":{"id":"shape_csloFDDVxG","to":{"RefT":{"conceptId":"concept_JjgIXy_errordocument"}},"conceptId":"concept_d9ZLPjS3iczC"}},{"AddResponse":{"responseId":"response_6iHRtIS3Xv","requestId":"path_5WMkk9CJMI}_get","httpStatusCode":200}},{"DefineInlineConcept":{"root":"shape_OkqXNyh1nD","conceptId":"concept_kBNd3kVHvy8n"}},{"AssignType":{"id":"shape_OkqXNyh1nD","to":{"RefT":{"conceptId":"concept_bujKEu_organizationoverviewdocument"}},"conceptId":"concept_kBNd3kVHvy8n"}},{"AddRequest":{"requestId":"path_7Bc93PeQTT}_get","pathId":"s31gCM_path_13","httpMethod":"get"}},{"AddResponse":{"responseId":"response_6kII7GVePN","requestId":"path_7Bc93PeQTT}_get","httpStatusCode":429}},{"DefineInlineConcept":{"root":"shape_E9KLQwmMZN","conceptId":"concept_gT33Kb9DYgAM"}},{"AssignType":{"id":"shape_E9KLQwmMZN","to":{"RefT":{"conceptId":"concept_JjgIXy_errordocument"}},"conceptId":"concept_gT33Kb9DYgAM"}},{"AddResponse":{"responseId":"response_VUrsqZa5kq","requestId":"path_7Bc93PeQTT}_get","httpStatusCode":500}},{"DefineInlineConcept":{"root":"shape_4XXQffstks","conceptId":"concept_M8FitM8qIivU"}},{"AssignType":{"id":"shape_4XXQffstks","to":{"RefT":{"conceptId":"concept_JjgIXy_errordocument"}},"conceptId":"concept_M8FitM8qIivU"}},{"AddResponse":{"responseId":"response_h5jks8pe05","requestId":"path_7Bc93PeQTT}_get","httpStatusCode":503}},{"DefineInlineConcept":{"root":"shape_Ik0Q0Y6ZjG","conceptId":"concept_MDZQjhF0jAsr"}},{"AssignType":{"id":"shape_Ik0Q0Y6ZjG","to":{"RefT":{"conceptId":"concept_JjgIXy_errordocument"}},"conceptId":"concept_MDZQjhF0jAsr"}},{"AddResponse":{"responseId":"response_31EOb6LqQr","requestId":"path_7Bc93PeQTT}_get","httpStatusCode":401}},{"DefineInlineConcept":{"root":"shape_hwWz0ER6IE","conceptId":"concept_gfR1dzRIFLFO"}},{"AssignType":{"id":"shape_hwWz0ER6IE","to":{"RefT":{"conceptId":"concept_JjgIXy_errordocument"}},"conceptId":"concept_gfR1dzRIFLFO"}},{"AddResponse":{"responseId":"response_HutX3JzFtW","requestId":"path_7Bc93PeQTT}_get","httpStatusCode":200}},{"DefineInlineConcept":{"root":"shape_fK3PuLF6ew","conceptId":"concept_GoG14lNkmQqF"}},{"AssignType":{"id":"shape_fK3PuLF6ew","to":{"RefT":{"conceptId":"concept_2DxgOp_audioitemlistdocument"}},"conceptId":"concept_GoG14lNkmQqF"}},{"SetResponseBodyShape":{"responseId":"response_SZIbN0Pv1L","bodyDescriptor":{"httpContentType":"application/json","conceptId":"concept_m2Dt2qxgXlr6"}}},{"SetResponseBodyShape":{"responseId":"response_0EwCfe4nCN","bodyDescriptor":{"httpContentType":"application/json","conceptId":"concept_B14Qxy7wHg9m"}}},{"SetResponseBodyShape":{"responseId":"response_vvb2eYY13F","bodyDescriptor":{"httpContentType":"application/json","conceptId":"concept_8g3lk0npJ5ps"}}},{"SetResponseBodyShape":{"responseId":"response_raIMAIob3u","bodyDescriptor":{"httpContentType":"application/json","conceptId":"concept_g5gB15LKJiY4"}}},{"SetResponseBodyShape":{"responseId":"response_gurAwIRKYu","bodyDescriptor":{"httpContentType":"application/json","conceptId":"concept_y9MqBnv9nYzg"}}},{"SetResponseBodyShape":{"responseId":"response_CrvAT1Sw3v","bodyDescriptor":{"httpContentType":"application/json","conceptId":"concept_ThkzzbmNVqvM"}}},{"SetResponseBodyShape":{"responseId":"response_bIyKS8DtPw","bodyDescriptor":{"httpContentType":"application/json","conceptId":"concept_MkoYwhkWC0dJ"}}},{"SetResponseBodyShape":{"responseId":"response_ABCGZlAPDg","bodyDescriptor":{"httpContentType":"application/json","conceptId":"concept_6pUZs4gRvhil"}}},{"SetResponseBodyShape":{"responseId":"response_h1QaL22Ia2","bodyDescriptor":{"httpContentType":"application/json","conceptId":"concept_HLPW6cdPdmmI"}}},{"SetResponseBodyShape":{"responseId":"response_15YUdapAtu","bodyDescriptor":{"httpContentType":"application/json","conceptId":"concept_K4mDKgSDCNUW"}}},{"SetResponseBodyShape":{"responseId":"response_0h8bjzxJNt","bodyDescriptor":{"httpContentType":"application/json","conceptId":"concept_JRcQsZfN2Rmz"}}},{"SetResponseBodyShape":{"responseId":"response_7IIOZFrIib","bodyDescriptor":{"httpContentType":"application/json","conceptId":"concept_2XNvbMdnf3P0"}}},{"SetResponseBodyShape":{"responseId":"response_VKQYp3X6RK","bodyDescriptor":{"httpContentType":"application/json","conceptId":"concept_vddsjFDYifs0"}}},{"SetResponseBodyShape":{"responseId":"response_qUpeLIZF9m","bodyDescriptor":{"httpContentType":"application/json","conceptId":"concept_us9AIi5CeCwZ"}}},{"SetResponseBodyShape":{"responseId":"response_S3r7VNB4Eg","bodyDescriptor":{"httpContentType":"application/json","conceptId":"concept_huIDHQ5XC6Qt"}}},{"SetResponseBodyShape":{"responseId":"response_Y21H6pom2h","bodyDescriptor":{"httpContentType":"application/json","conceptId":"concept_OcJdVGDmw16U"}}},{"SetResponseBodyShape":{"responseId":"response_etzY2GU5ax","bodyDescriptor":{"httpContentType":"application/json","conceptId":"concept_cbh2lZwxbFas"}}},{"SetResponseBodyShape":{"responseId":"response_oa7yHWujnm","bodyDescriptor":{"httpContentType":"application/json","conceptId":"concept_GKWkaGPSUMMg"}}},{"SetResponseBodyShape":{"responseId":"response_wlrGlZlrot","bodyDescriptor":{"httpContentType":"application/json","conceptId":"concept_ZlDixCC03Stg"}}},{"SetResponseBodyShape":{"responseId":"response_Ijc0NcceSN","bodyDescriptor":{"httpContentType":"application/json","conceptId":"concept_v4lxRUDGCydv"}}},{"SetResponseBodyShape":{"responseId":"response_gJp37tMNjt","bodyDescriptor":{"httpContentType":"application/json","conceptId":"concept_2SpmNuzkBnxR"}}},{"SetResponseBodyShape":{"responseId":"response_vo8rcJX4vT","bodyDescriptor":{"httpContentType":"application/json","conceptId":"concept_KufilARiSvaq"}}},{"SetResponseBodyShape":{"responseId":"response_CtnSugzmOK","bodyDescriptor":{"httpContentType":"application/json","conceptId":"concept_aI4T61LI12CA"}}},{"SetResponseBodyShape":{"responseId":"response_KHCaU75yJp","bodyDescriptor":{"httpContentType":"application/json","conceptId":"concept_HLHrgc0uriBJ"}}},{"SetResponseBodyShape":{"responseId":"response_9wzeghF0Wq","bodyDescriptor":{"httpContentType":"application/json","conceptId":"concept_Bn7xPR0SVB3m"}}},{"SetResponseBodyShape":{"responseId":"response_sljvgt5UEd","bodyDescriptor":{"httpContentType":"application/json","conceptId":"concept_FcEjMyjxkkBK"}}},{"SetResponseBodyShape":{"responseId":"response_ISCATjx1B8","bodyDescriptor":{"httpContentType":"application/json","conceptId":"concept_8qd2FjPJZ08K"}}},{"SetResponseBodyShape":{"responseId":"response_abrqWIOsrd","bodyDescriptor":{"httpContentType":"application/json","conceptId":"concept_lFealcGHS1Wp"}}},{"SetResponseBodyShape":{"responseId":"response_MWMBFHZTxT","bodyDescriptor":{"httpContentType":"application/json","conceptId":"concept_KIk7NFWmoL4j"}}},{"SetResponseBodyShape":{"responseId":"response_8rgsLXFGEO","bodyDescriptor":{"httpContentType":"application/json","conceptId":"concept_rzFGpZanZiSz"}}},{"SetResponseBodyShape":{"responseId":"response_IKrSIpOV2o","bodyDescriptor":{"httpContentType":"application/json","conceptId":"concept_jX8fTBTuE6lZ"}}},{"SetResponseBodyShape":{"responseId":"response_PFGkADetvk","bodyDescriptor":{"httpContentType":"application/json","conceptId":"concept_E0UDDfo5G3Ft"}}},{"SetRequestBodyShape":{"requestId":"path_uOSENucf6P}_post","bodyDescriptor":{"httpContentType":"application/json","conceptId":"concept_v2ratings_post_body"}}},{"SetResponseBodyShape":{"responseId":"response_s7PdOfGxnU","bodyDescriptor":{"httpContentType":"application/json","conceptId":"concept_1zIsmXU7G2AE"}}},{"SetResponseBodyShape":{"responseId":"response_5yvehO7u9c","bodyDescriptor":{"httpContentType":"application/json","conceptId":"concept_xBqPKFqksLJL"}}},{"SetResponseBodyShape":{"responseId":"response_n16L0I3dDK","bodyDescriptor":{"httpContentType":"application/json","conceptId":"concept_StyApUatRBwN"}}},{"SetResponseBodyShape":{"responseId":"response_FhYiAZ77bX","bodyDescriptor":{"httpContentType":"application/json","conceptId":"concept_Dxiv1bSw64Ia"}}},{"SetResponseBodyShape":{"responseId":"response_5LTTI0h5Mb","bodyDescriptor":{"httpContentType":"application/json","conceptId":"concept_HcnTkhQR5w82"}}},{"SetResponseBodyShape":{"responseId":"response_9E0RIxIuMr","bodyDescriptor":{"httpContentType":"application/json","conceptId":"concept_G3yFDObfgxRk"}}},{"SetResponseBodyShape":{"responseId":"response_Sr5S9bVrzs","bodyDescriptor":{"httpContentType":"application/json","conceptId":"concept_QYBuofILPKUS"}}},{"SetResponseBodyShape":{"responseId":"response_HI9DrZTMjV","bodyDescriptor":{"httpContentType":"application/json","conceptId":"concept_DrzyUhPUYu9q"}}},{"SetResponseBodyShape":{"responseId":"response_HIsGYBQn8c","bodyDescriptor":{"httpContentType":"application/json","conceptId":"concept_hvMhN3HYHKpN"}}},{"SetResponseBodyShape":{"responseId":"response_ahLVsw0kmb","bodyDescriptor":{"httpContentType":"application/json","conceptId":"concept_3kn1Ls6SfAjJ"}}},{"SetResponseBodyShape":{"responseId":"response_ph0PgEeWpO","bodyDescriptor":{"httpContentType":"application/json","conceptId":"concept_d9ZLPjS3iczC"}}},{"SetResponseBodyShape":{"responseId":"response_6iHRtIS3Xv","bodyDescriptor":{"httpContentType":"application/json","conceptId":"concept_kBNd3kVHvy8n"}}},{"SetResponseBodyShape":{"responseId":"response_6kII7GVePN","bodyDescriptor":{"httpContentType":"application/json","conceptId":"concept_gT33Kb9DYgAM"}}},{"SetResponseBodyShape":{"responseId":"response_VUrsqZa5kq","bodyDescriptor":{"httpContentType":"application/json","conceptId":"concept_M8FitM8qIivU"}}},{"SetResponseBodyShape":{"responseId":"response_h5jks8pe05","bodyDescriptor":{"httpContentType":"application/json","conceptId":"concept_MDZQjhF0jAsr"}}},{"SetResponseBodyShape":{"responseId":"response_31EOb6LqQr","bodyDescriptor":{"httpContentType":"application/json","conceptId":"concept_gfR1dzRIFLFO"}}},{"SetResponseBodyShape":{"responseId":"response_HutX3JzFtW","bodyDescriptor":{"httpContentType":"application/json","conceptId":"concept_GoG14lNkmQqF"}}}]