[{"DefineConcept":{"name":"combinedResult","root":"shape_ZXeoO5LajV","conceptId":"concept_I3TVmW_combinedresult"}},{"SetConceptName":{"newName":"combinedResult","conceptId":"concept_I3TVmW_combinedresult"}},{"AssignType":{"id":"shape_ZXeoO5LajV","to":{"ObjectT":{}},"conceptId":"concept_I3TVmW_combinedresult"}},{"AddField":{"parentId":"shape_ZXeoO5LajV","id":"shape_PoPSGJGXUT","conceptId":"concept_I3TVmW_combinedresult"}},{"SetFieldName":{"id":"shape_PoPSGJGXUT","newName":"totalResults","conceptId":"concept_I3TVmW_combinedresult"}},{"AssignType":{"id":"shape_PoPSGJGXUT","to":{"StringT":{}},"conceptId":"concept_I3TVmW_combinedresult"}},{"AddField":{"parentId":"shape_ZXeoO5LajV","id":"shape_60aRQurDGv","conceptId":"concept_I3TVmW_combinedresult"}},{"SetFieldName":{"id":"shape_60aRQurDGv","newName":"tomatoReviews","conceptId":"concept_I3TVmW_combinedresult"}},{"AssignType":{"id":"shape_60aRQurDGv","to":{"StringT":{}},"conceptId":"concept_I3TVmW_combinedresult"}},{"AddField":{"parentId":"shape_ZXeoO5LajV","id":"shape_kzIa8BBB9o","conceptId":"concept_I3TVmW_combinedresult"}},{"SetFieldName":{"id":"shape_kzIa8BBB9o","newName":"tomatoMeter","conceptId":"concept_I3TVmW_combinedresult"}},{"AssignType":{"id":"shape_kzIa8BBB9o","to":{"StringT":{}},"conceptId":"concept_I3TVmW_combinedresult"}},{"AddField":{"parentId":"shape_ZXeoO5LajV","id":"shape_5cho4EdWaE","conceptId":"concept_I3TVmW_combinedresult"}},{"SetFieldName":{"id":"shape_5cho4EdWaE","newName":"Title","conceptId":"concept_I3TVmW_combinedresult"}},{"AssignType":{"id":"shape_5cho4EdWaE","to":{"StringT":{}},"conceptId":"concept_I3TVmW_combinedresult"}},{"AddField":{"parentId":"shape_ZXeoO5LajV","id":"shape_jjScfvYqD0","conceptId":"concept_I3TVmW_combinedresult"}},{"SetFieldName":{"id":"shape_jjScfvYqD0","newName":"tomatoUserRating","conceptId":"concept_I3TVmW_combinedresult"}},{"AssignType":{"id":"shape_jjScfvYqD0","to":{"StringT":{}},"conceptId":"concept_I3TVmW_combinedresult"}},{"AddField":{"parentId":"shape_ZXeoO5LajV","id":"shape_85ThucjeKO","conceptId":"concept_I3TVmW_combinedresult"}},{"SetFieldName":{"id":"shape_85ThucjeKO","newName":"Country","conceptId":"concept_I3TVmW_combinedresult"}},{"AssignType":{"id":"shape_85ThucjeKO","to":{"StringT":{}},"conceptId":"concept_I3TVmW_combinedresult"}},{"AddField":{"parentId":"shape_ZXeoO5LajV","id":"shape_QAhwuKnHSS","conceptId":"concept_I3TVmW_combinedresult"}},{"SetFieldName":{"id":"shape_QAhwuKnHSS","newName":"DVD","conceptId":"concept_I3TVmW_combinedresult"}},{"AssignType":{"id":"shape_QAhwuKnHSS","to":{"StringT":{}},"conceptId":"concept_I3TVmW_combinedresult"}},{"AddField":{"parentId":"shape_ZXeoO5LajV","id":"shape_8bTPln1Gwv","conceptId":"concept_I3TVmW_combinedresult"}},{"SetFieldName":{"id":"shape_8bTPln1Gwv","newName":"Writer","conceptId":"concept_I3TVmW_combinedresult"}},{"AssignType":{"id":"shape_8bTPln1Gwv","to":{"StringT":{}},"conceptId":"concept_I3TVmW_combinedresult"}},{"AddField":{"parentId":"shape_ZXeoO5LajV","id":"shape_Ng8WxfJ8Vk","conceptId":"concept_I3TVmW_combinedresult"}},{"SetFieldName":{"id":"shape_Ng8WxfJ8Vk","newName":"tomatoUserMeter","conceptId":"concept_I3TVmW_combinedresult"}},{"AssignType":{"id":"shape_Ng8WxfJ8Vk","to":{"StringT":{}},"conceptId":"concept_I3TVmW_combinedresult"}},{"AddField":{"parentId":"shape_ZXeoO5LajV","id":"shape_VzsFpWRnLC","conceptId":"concept_I3TVmW_combinedresult"}},{"SetFieldName":{"id":"shape_VzsFpWRnLC","newName":"Metascore","conceptId":"concept_I3TVmW_combinedresult"}},{"AssignType":{"id":"shape_VzsFpWRnLC","to":{"StringT":{}},"conceptId":"concept_I3TVmW_combinedresult"}},{"AddField":{"parentId":"shape_ZXeoO5LajV","id":"shape_xjHcL6pb8L","conceptId":"concept_I3TVmW_combinedresult"}},{"SetFieldName":{"id":"shape_xjHcL6pb8L","newName":"tomatoRotten","conceptId":"concept_I3TVmW_combinedresult"}},{"AssignType":{"id":"shape_xjHcL6pb8L","to":{"StringT":{}},"conceptId":"concept_I3TVmW_combinedresult"}},{"AddField":{"parentId":"shape_ZXeoO5LajV","id":"shape_yXeIBiMety","conceptId":"concept_I3TVmW_combinedresult"}},{"SetFieldName":{"id":"shape_yXeIBiMety","newName":"imdbVotes","conceptId":"concept_I3TVmW_combinedresult"}},{"AssignType":{"id":"shape_yXeIBiMety","to":{"StringT":{}},"conceptId":"concept_I3TVmW_combinedresult"}},{"AddField":{"parentId":"shape_ZXeoO5LajV","id":"shape_GJwwZzVyxn","conceptId":"concept_I3TVmW_combinedresult"}},{"SetFieldName":{"id":"shape_GJwwZzVyxn","newName":"Year","conceptId":"concept_I3TVmW_combinedresult"}},{"AssignType":{"id":"shape_GJwwZzVyxn","to":{"StringT":{}},"conceptId":"concept_I3TVmW_combinedresult"}},{"AddField":{"parentId":"shape_ZXeoO5LajV","id":"shape_7ZIrQPmqif","conceptId":"concept_I3TVmW_combinedresult"}},{"SetFieldName":{"id":"shape_7ZIrQPmqif","newName":"Poster","conceptId":"concept_I3TVmW_combinedresult"}},{"AssignType":{"id":"shape_7ZIrQPmqif","to":{"StringT":{}},"conceptId":"concept_I3TVmW_combinedresult"}},{"AddField":{"parentId":"shape_ZXeoO5LajV","id":"shape_0yV371gGhW","conceptId":"concept_I3TVmW_combinedresult"}},{"SetFieldName":{"id":"shape_0yV371gGhW","newName":"tomatoConsensus","conceptId":"concept_I3TVmW_combinedresult"}},{"AssignType":{"id":"shape_0yV371gGhW","to":{"StringT":{}},"conceptId":"concept_I3TVmW_combinedresult"}},{"AddField":{"parentId":"shape_ZXeoO5LajV","id":"shape_Fwh2n7tLEF","conceptId":"concept_I3TVmW_combinedresult"}},{"SetFieldName":{"id":"shape_Fwh2n7tLEF","newName":"totalSeasons","conceptId":"concept_I3TVmW_combinedresult"}},{"AssignType":{"id":"shape_Fwh2n7tLEF","to":{"StringT":{}},"conceptId":"concept_I3TVmW_combinedresult"}},{"AddField":{"parentId":"shape_ZXeoO5LajV","id":"shape_vpOeZBVy3Z","conceptId":"concept_I3TVmW_combinedresult"}},{"SetFieldName":{"id":"shape_vpOeZBVy3Z","newName":"tomatoURL","conceptId":"concept_I3TVmW_combinedresult"}},{"AssignType":{"id":"shape_vpOeZBVy3Z","to":{"StringT":{}},"conceptId":"concept_I3TVmW_combinedresult"}},{"AddField":{"parentId":"shape_ZXeoO5LajV","id":"shape_j48j30dTDY","conceptId":"concept_I3TVmW_combinedresult"}},{"SetFieldName":{"id":"shape_j48j30dTDY","newName":"Director","conceptId":"concept_I3TVmW_combinedresult"}},{"AssignType":{"id":"shape_j48j30dTDY","to":{"StringT":{}},"conceptId":"concept_I3TVmW_combinedresult"}},{"AddField":{"parentId":"shape_ZXeoO5LajV","id":"shape_kHmwriDSj2","conceptId":"concept_I3TVmW_combinedresult"}},{"SetFieldName":{"id":"shape_kHmwriDSj2","newName":"tomatoFresh","conceptId":"concept_I3TVmW_combinedresult"}},{"AssignType":{"id":"shape_kHmwriDSj2","to":{"StringT":{}},"conceptId":"concept_I3TVmW_combinedresult"}},{"AddField":{"parentId":"shape_ZXeoO5LajV","id":"shape_UBGLvnwgGF","conceptId":"concept_I3TVmW_combinedresult"}},{"SetFieldName":{"id":"shape_UBGLvnwgGF","newName":"Language","conceptId":"concept_I3TVmW_combinedresult"}},{"AssignType":{"id":"shape_UBGLvnwgGF","to":{"StringT":{}},"conceptId":"concept_I3TVmW_combinedresult"}},{"AddField":{"parentId":"shape_ZXeoO5LajV","id":"shape_rOmIguK1Va","conceptId":"concept_I3TVmW_combinedresult"}},{"SetFieldName":{"id":"shape_rOmIguK1Va","newName":"tomatoRating","conceptId":"concept_I3TVmW_combinedresult"}},{"AssignType":{"id":"shape_rOmIguK1Va","to":{"StringT":{}},"conceptId":"concept_I3TVmW_combinedresult"}},{"AddField":{"parentId":"shape_ZXeoO5LajV","id":"shape_VegCUdUOZC","conceptId":"concept_I3TVmW_combinedresult"}},{"SetFieldName":{"id":"shape_VegCUdUOZC","newName":"Plot","conceptId":"concept_I3TVmW_combinedresult"}},{"AssignType":{"id":"shape_VegCUdUOZC","to":{"StringT":{}},"conceptId":"concept_I3TVmW_combinedresult"}},{"AddField":{"parentId":"shape_ZXeoO5LajV","id":"shape_nkDmdNZGAX","conceptId":"concept_I3TVmW_combinedresult"}},{"SetFieldName":{"id":"shape_nkDmdNZGAX","newName":"Response","conceptId":"concept_I3TVmW_combinedresult"}},{"AssignType":{"id":"shape_nkDmdNZGAX","to":{"StringT":{}},"conceptId":"concept_I3TVmW_combinedresult"}},{"AddField":{"parentId":"shape_ZXeoO5LajV","id":"shape_AHLFQZ7p0t","conceptId":"concept_I3TVmW_combinedresult"}},{"SetFieldName":{"id":"shape_AHLFQZ7p0t","newName":"Runtime","conceptId":"concept_I3TVmW_combinedresult"}},{"AssignType":{"id":"shape_AHLFQZ7p0t","to":{"StringT":{}},"conceptId":"concept_I3TVmW_combinedresult"}},{"AddField":{"parentId":"shape_ZXeoO5LajV","id":"shape_JwhoDeLrOt","conceptId":"concept_I3TVmW_combinedresult"}},{"SetFieldName":{"id":"shape_JwhoDeLrOt","newName":"BoxOffice","conceptId":"concept_I3TVmW_combinedresult"}},{"AssignType":{"id":"shape_JwhoDeLrOt","to":{"StringT":{}},"conceptId":"concept_I3TVmW_combinedresult"}},{"AddField":{"parentId":"shape_ZXeoO5LajV","id":"shape_dKWpiBqZ3i","conceptId":"concept_I3TVmW_combinedresult"}},{"SetFieldName":{"id":"shape_dKWpiBqZ3i","newName":"Awards","conceptId":"concept_I3TVmW_combinedresult"}},{"AssignType":{"id":"shape_dKWpiBqZ3i","to":{"StringT":{}},"conceptId":"concept_I3TVmW_combinedresult"}},{"AddField":{"parentId":"shape_ZXeoO5LajV","id":"shape_AlkWd91KlM","conceptId":"concept_I3TVmW_combinedresult"}},{"SetFieldName":{"id":"shape_AlkWd91KlM","newName":"Website","conceptId":"concept_I3TVmW_combinedresult"}},{"AssignType":{"id":"shape_AlkWd91KlM","to":{"StringT":{}},"conceptId":"concept_I3TVmW_combinedresult"}},{"AddField":{"parentId":"shape_ZXeoO5LajV","id":"shape_y9KFLGSoCB","conceptId":"concept_I3TVmW_combinedresult"}},{"SetFieldName":{"id":"shape_y9KFLGSoCB","newName":"imdbRating","conceptId":"concept_I3TVmW_combinedresult"}},{"AssignType":{"id":"shape_y9KFLGSoCB","to":{"StringT":{}},"conceptId":"concept_I3TVmW_combinedresult"}},{"AddField":{"parentId":"shape_ZXeoO5LajV","id":"shape_dIatXKOgqM","conceptId":"concept_I3TVmW_combinedresult"}},{"SetFieldName":{"id":"shape_dIatXKOgqM","newName":"Search","conceptId":"concept_I3TVmW_combinedresult"}},{"AssignType":{"id":"shape_dIatXKOgqM","to":{"ListT":{}},"conceptId":"concept_I3TVmW_combinedresult"}},{"AddTypeParameter":{"parentId":"shape_dIatXKOgqM","id":"shape_YlZj6b1tOG","conceptId":"concept_I3TVmW_combinedresult"}},{"AssignType":{"id":"shape_YlZj6b1tOG","to":{"ObjectT":{}},"conceptId":"concept_I3TVmW_combinedresult"}},{"AddField":{"parentId":"shape_ZXeoO5LajV","id":"shape_AguCjlpBOa","conceptId":"concept_I3TVmW_combinedresult"}},{"SetFieldName":{"id":"shape_AguCjlpBOa","newName":"Released","conceptId":"concept_I3TVmW_combinedresult"}},{"AssignType":{"id":"shape_AguCjlpBOa","to":{"StringT":{}},"conceptId":"concept_I3TVmW_combinedresult"}},{"AddField":{"parentId":"shape_ZXeoO5LajV","id":"shape_a59oqiay2e","conceptId":"concept_I3TVmW_combinedresult"}},{"SetFieldName":{"id":"shape_a59oqiay2e","newName":"Production","conceptId":"concept_I3TVmW_combinedresult"}},{"AssignType":{"id":"shape_a59oqiay2e","to":{"StringT":{}},"conceptId":"concept_I3TVmW_combinedresult"}},{"AddField":{"parentId":"shape_ZXeoO5LajV","id":"shape_sAOjgI4yje","conceptId":"concept_I3TVmW_combinedresult"}},{"SetFieldName":{"id":"shape_sAOjgI4yje","newName":"imdbID","conceptId":"concept_I3TVmW_combinedresult"}},{"AssignType":{"id":"shape_sAOjgI4yje","to":{"StringT":{}},"conceptId":"concept_I3TVmW_combinedresult"}},{"AddField":{"parentId":"shape_ZXeoO5LajV","id":"shape_xeypoop9yW","conceptId":"concept_I3TVmW_combinedresult"}},{"SetFieldName":{"id":"shape_xeypoop9yW","newName":"Genre","conceptId":"concept_I3TVmW_combinedresult"}},{"AssignType":{"id":"shape_xeypoop9yW","to":{"StringT":{}},"conceptId":"concept_I3TVmW_combinedresult"}},{"AddField":{"parentId":"shape_ZXeoO5LajV","id":"shape_nAJBOaO1ut","conceptId":"concept_I3TVmW_combinedresult"}},{"SetFieldName":{"id":"shape_nAJBOaO1ut","newName":"Actors","conceptId":"concept_I3TVmW_combinedresult"}},{"AssignType":{"id":"shape_nAJBOaO1ut","to":{"StringT":{}},"conceptId":"concept_I3TVmW_combinedresult"}},{"AddField":{"parentId":"shape_ZXeoO5LajV","id":"shape_orsUCpYcmu","conceptId":"concept_I3TVmW_combinedresult"}},{"SetFieldName":{"id":"shape_orsUCpYcmu","newName":"tomatoUserReviews","conceptId":"concept_I3TVmW_combinedresult"}},{"AssignType":{"id":"shape_orsUCpYcmu","to":{"StringT":{}},"conceptId":"concept_I3TVmW_combinedresult"}},{"AddField":{"parentId":"shape_ZXeoO5LajV","id":"shape_Qg9Ohk57es","conceptId":"concept_I3TVmW_combinedresult"}},{"SetFieldName":{"id":"shape_Qg9Ohk57es","newName":"Type","conceptId":"concept_I3TVmW_combinedresult"}},{"AssignType":{"id":"shape_Qg9Ohk57es","to":{"StringT":{}},"conceptId":"concept_I3TVmW_combinedresult"}},{"AddField":{"parentId":"shape_ZXeoO5LajV","id":"shape_3t6KDv5RhE","conceptId":"concept_I3TVmW_combinedresult"}},{"SetFieldName":{"id":"shape_3t6KDv5RhE","newName":"tomatoImage","conceptId":"concept_I3TVmW_combinedresult"}},{"AssignType":{"id":"shape_3t6KDv5RhE","to":{"StringT":{}},"conceptId":"concept_I3TVmW_combinedresult"}},{"AddField":{"parentId":"shape_ZXeoO5LajV","id":"shape_ARQtbUQedW","conceptId":"concept_I3TVmW_combinedresult"}},{"SetFieldName":{"id":"shape_ARQtbUQedW","newName":"Rated","conceptId":"concept_I3TVmW_combinedresult"}},{"AssignType":{"id":"shape_ARQtbUQedW","to":{"StringT":{}},"conceptId":"concept_I3TVmW_combinedresult"}},{"AddRequest":{"requestId":"path_1j4zEuldKl}_get","pathId":"root","httpMethod":"get"}},{"AddResponse":{"responseId":"response_xCORuPXdw5","requestId":"path_1j4zEuldKl}_get","httpStatusCode":200}},{"DefineInlineConcept":{"root":"shape_vQQ3FR2mG4","conceptId":"concept_kfnvWUDl9FQt"}},{"AssignType":{"id":"shape_vQQ3FR2mG4","to":{"RefT":{"conceptId":"concept_I3TVmW_combinedresult"}},"conceptId":"concept_kfnvWUDl9FQt"}},{"SetResponseBodyShape":{"responseId":"response_xCORuPXdw5","bodyDescriptor":{"httpContentType":"application/json","conceptId":"concept_kfnvWUDl9FQt"}}}]