[{"DefineConcept":{"name":"DocumentList","root":"shape_jadj1WHFa0","conceptId":"concept_73NS8w_documentlist"}},{"SetConceptName":{"newName":"DocumentList","conceptId":"concept_73NS8w_documentlist"}},{"DefineConcept":{"name":"Trial","root":"shape_3da5MHaTDQ","conceptId":"concept_hi065S_trial"}},{"SetConceptName":{"newName":"Trial","conceptId":"concept_hi065S_trial"}},{"DefineConcept":{"name":"Location","root":"shape_igM12jlML5","conceptId":"concept_XGUkbP_location"}},{"SetConceptName":{"newName":"Location","conceptId":"concept_XGUkbP_location"}},{"DefineConcept":{"name":"RecordSummary","root":"shape_x3Ndyfbjcv","conceptId":"concept_JBuO0Y_recordsummary"}},{"SetConceptName":{"newName":"RecordSummary","conceptId":"concept_JBuO0Y_recordsummary"}},{"DefineConcept":{"name":"FDAApplicationList","root":"shape_GonINmkHPX","conceptId":"concept_UUWQSW_fdaapplicationlist"}},{"SetConceptName":{"newName":"FDAApplicationList","conceptId":"concept_UUWQSW_fdaapplicationlist"}},{"DefineConcept":{"name":"SourceList","root":"shape_2CIRHSgsFV","conceptId":"concept_7wCHvF_sourcelist"}},{"SetConceptName":{"newName":"SourceList","conceptId":"concept_7wCHvF_sourcelist"}},{"DefineConcept":{"name":"FileSummary","root":"shape_pBdw4KTKSW","conceptId":"concept_ytEX9k_filesummary"}},{"SetConceptName":{"newName":"FileSummary","conceptId":"concept_ytEX9k_filesummary"}},{"DefineConcept":{"name":"AutocompleteResult","root":"shape_tVAvXOf6eO","conceptId":"concept_Tyqn5j_autocompleteresult"}},{"SetConceptName":{"newName":"AutocompleteResult","conceptId":"concept_Tyqn5j_autocompleteresult"}},{"DefineConcept":{"name":"Condition","root":"shape_E1gWfibNZW","conceptId":"concept_R5qcqv_condition"}},{"SetConceptName":{"newName":"Condition","conceptId":"concept_R5qcqv_condition"}},{"DefineConcept":{"name":"DocumentCategory","root":"shape_CnCPx1HJme","conceptId":"concept_LDQ1sM_documentcategory"}},{"SetConceptName":{"newName":"DocumentCategory","conceptId":"concept_LDQ1sM_documentcategory"}},{"DefineConcept":{"name":"RiskOfBias","root":"shape_AjZGOL1npl","conceptId":"concept_3W7F9f_riskofbias"}},{"SetConceptName":{"newName":"RiskOfBias","conceptId":"concept_3W7F9f_riskofbias"}},{"DefineConcept":{"name":"TrialPerson","root":"shape_JKJpAJ1JHU","conceptId":"concept_2juo73_trialperson"}},{"SetConceptName":{"newName":"TrialPerson","conceptId":"concept_2juo73_trialperson"}},{"DefineConcept":{"name":"DiscrepantFieldInteger","root":"shape_vIeSM27ckk","conceptId":"concept_IvIiTj_discrepantfieldinteger"}},{"SetConceptName":{"newName":"DiscrepantFieldInteger","conceptId":"concept_IvIiTj_discrepantfieldinteger"}},{"DefineConcept":{"name":"Publication","root":"shape_sLcQuNh7dk","conceptId":"concept_oJQhT0_publication"}},{"SetConceptName":{"newName":"Publication","conceptId":"concept_oJQhT0_publication"}},{"DefineConcept":{"name":"DiscrepantFieldBoolean","root":"shape_RqAalvbLv4","conceptId":"concept_uLXHPl_discrepantfieldboolean"}},{"SetConceptName":{"newName":"DiscrepantFieldBoolean","conceptId":"concept_uLXHPl_discrepantfieldboolean"}},{"DefineConcept":{"name":"RiskOfBiasCriteria","root":"shape_3OSXSUi3SP","conceptId":"concept_iCTnH1_riskofbiascriteria"}},{"SetConceptName":{"newName":"RiskOfBiasCriteria","conceptId":"concept_iCTnH1_riskofbiascriteria"}},{"DefineConcept":{"name":"DocumentCategoryList","root":"shape_Grk6uJLIn8","conceptId":"concept_52PFSJ_documentcategorylist"}},{"SetConceptName":{"newName":"DocumentCategoryList","conceptId":"concept_52PFSJ_documentcategorylist"}},{"DefineConcept":{"name":"DocumentSummary","root":"shape_4KYicFTjhv","conceptId":"concept_7rK8Me_documentsummary"}},{"SetConceptName":{"newName":"DocumentSummary","conceptId":"concept_7rK8Me_documentsummary"}},{"DefineConcept":{"name":"File","root":"shape_uOl46T7Hji","conceptId":"concept_AYI2wj_file"}},{"SetConceptName":{"newName":"File","conceptId":"concept_AYI2wj_file"}},{"DefineConcept":{"name":"FDADocumentSearchResult","root":"shape_8NWZxy1wJo","conceptId":"concept_W4GMRZ_fdadocumentsearchresult"}},{"SetConceptName":{"newName":"FDADocumentSearchResult","conceptId":"concept_W4GMRZ_fdadocumentsearchresult"}},{"DefineConcept":{"name":"Person","root":"shape_fHBWvlJaL4","conceptId":"concept_MjC85R_person"}},{"SetConceptName":{"newName":"Person","conceptId":"concept_MjC85R_person"}},{"DefineConcept":{"name":"DiscrepancyFieldBase","root":"shape_a7if9FXnFv","conceptId":"concept_1qTx89_discrepancyfieldbase"}},{"SetConceptName":{"newName":"DiscrepancyFieldBase","conceptId":"concept_1qTx89_discrepancyfieldbase"}},{"DefineConcept":{"name":"Source","root":"shape_Y8XwnJU74c","conceptId":"concept_9E8c3a_source"}},{"SetConceptName":{"newName":"Source","conceptId":"concept_9E8c3a_source"}},{"DefineConcept":{"name":"ErrorResponse","root":"shape_cfvqDjn1rG","conceptId":"concept_RPx4m6_errorresponse"}},{"SetConceptName":{"newName":"ErrorResponse","conceptId":"concept_RPx4m6_errorresponse"}},{"DefineConcept":{"name":"FDADocumentSearchResults","root":"shape_MKcfKypb3i","conceptId":"concept_msZ8BQ_fdadocumentsearchresults"}},{"SetConceptName":{"newName":"FDADocumentSearchResults","conceptId":"concept_msZ8BQ_fdadocumentsearchresults"}},{"DefineConcept":{"name":"TrialSearchResults","root":"shape_1ZobsDjpKH","conceptId":"concept_maqwmc_trialsearchresults"}},{"SetConceptName":{"newName":"TrialSearchResults","conceptId":"concept_maqwmc_trialsearchresults"}},{"DefineConcept":{"name":"Record","root":"shape_572pAi0q4Q","conceptId":"concept_aGSAXs_record"}},{"SetConceptName":{"newName":"Record","conceptId":"concept_aGSAXs_record"}},{"DefineConcept":{"name":"TrialSummary","root":"shape_A8Tkdfj6Ja","conceptId":"concept_bNBrS6_trialsummary"}},{"SetConceptName":{"newName":"TrialSummary","conceptId":"concept_bNBrS6_trialsummary"}},{"DefineConcept":{"name":"DiscrepantFieldString","root":"shape_D7XrGucUfY","conceptId":"concept_EMBUJh_discrepantfieldstring"}},{"SetConceptName":{"newName":"DiscrepantFieldString","conceptId":"concept_EMBUJh_discrepantfieldstring"}},{"DefineConcept":{"name":"PublicationSummary","root":"shape_o1V4xwsAk9","conceptId":"concept_re74By_publicationsummary"}},{"SetConceptName":{"newName":"PublicationSummary","conceptId":"concept_re74By_publicationsummary"}},{"DefineConcept":{"name":"Intervention","root":"shape_EHOtnmLz1W","conceptId":"concept_xXasvD_intervention"}},{"SetConceptName":{"newName":"Intervention","conceptId":"concept_xXasvD_intervention"}},{"DefineConcept":{"name":"TrialOrganisation","root":"shape_6qHQr8f5OS","conceptId":"concept_0Y1SjL_trialorganisation"}},{"SetConceptName":{"newName":"TrialOrganisation","conceptId":"concept_0Y1SjL_trialorganisation"}},{"DefineConcept":{"name":"Discrepancies","root":"shape_3FmkCbXwDg","conceptId":"concept_D3vAwK_discrepancies"}},{"SetConceptName":{"newName":"Discrepancies","conceptId":"concept_D3vAwK_discrepancies"}},{"DefineConcept":{"name":"TrialLocation","root":"shape_QRkeCNxDzc","conceptId":"concept_f6zrpv_triallocation"}},{"SetConceptName":{"newName":"TrialLocation","conceptId":"concept_f6zrpv_triallocation"}},{"DefineConcept":{"name":"AutocompleteResults","root":"shape_cex1BZX07V","conceptId":"concept_oXGXtj_autocompleteresults"}},{"SetConceptName":{"newName":"AutocompleteResults","conceptId":"concept_oXGXtj_autocompleteresults"}},{"DefineConcept":{"name":"Organisation","root":"shape_c4LchZRqES","conceptId":"concept_Z9L106_organisation"}},{"SetConceptName":{"newName":"Organisation","conceptId":"concept_Z9L106_organisation"}},{"DefineConcept":{"name":"FDAApplication","root":"shape_4v5Xi7nPZl","conceptId":"concept_2ABx3V_fdaapplication"}},{"SetConceptName":{"newName":"FDAApplication","conceptId":"concept_2ABx3V_fdaapplication"}},{"DefineConcept":{"name":"FDAApproval","root":"shape_ohRrm2ifiR","conceptId":"concept_jMdHQq_fdaapproval"}},{"SetConceptName":{"newName":"FDAApproval","conceptId":"concept_jMdHQq_fdaapproval"}},{"DefineConcept":{"name":"RecordList","root":"shape_6QeRJdW243","conceptId":"concept_zJ0WnR_recordlist"}},{"SetConceptName":{"newName":"RecordList","conceptId":"concept_zJ0WnR_recordlist"}},{"DefineConcept":{"name":"Document","root":"shape_lLhZJVEKky","conceptId":"concept_9iiL3F_document"}},{"SetConceptName":{"newName":"Document","conceptId":"concept_9iiL3F_document"}},{"AssignType":{"id":"shape_jadj1WHFa0","to":{"ObjectT":{}},"conceptId":"concept_73NS8w_documentlist"}},{"AddField":{"parentId":"shape_jadj1WHFa0","id":"shape_n6D4bxVEph","conceptId":"concept_73NS8w_documentlist"}},{"SetFieldName":{"id":"shape_n6D4bxVEph","newName":"items","conceptId":"concept_73NS8w_documentlist"}},{"AssignType":{"id":"shape_n6D4bxVEph","to":{"ListT":{}},"conceptId":"concept_73NS8w_documentlist"}},{"AddTypeParameter":{"parentId":"shape_n6D4bxVEph","id":"shape_uqn0yQ92MT","conceptId":"concept_73NS8w_documentlist"}},{"AssignType":{"id":"shape_uqn0yQ92MT","to":{"RefT":{"conceptId":"concept_7rK8Me_documentsummary"}},"conceptId":"concept_73NS8w_documentlist"}},{"AddField":{"parentId":"shape_jadj1WHFa0","id":"shape_xKi3uFvgcV","conceptId":"concept_73NS8w_documentlist"}},{"SetFieldName":{"id":"shape_xKi3uFvgcV","newName":"total_count","conceptId":"concept_73NS8w_documentlist"}},{"AssignType":{"id":"shape_xKi3uFvgcV","to":{"IntegerT":{}},"conceptId":"concept_73NS8w_documentlist"}},{"AssignType":{"id":"shape_3da5MHaTDQ","to":{"ObjectT":{}},"conceptId":"concept_hi065S_trial"}},{"AddField":{"parentId":"shape_3da5MHaTDQ","id":"shape_Q2VX8AQf7F","conceptId":"concept_hi065S_trial"}},{"SetFieldName":{"id":"shape_Q2VX8AQf7F","newName":"locations","conceptId":"concept_hi065S_trial"}},{"AssignType":{"id":"shape_Q2VX8AQf7F","to":{"ListT":{}},"conceptId":"concept_hi065S_trial"}},{"AddTypeParameter":{"parentId":"shape_Q2VX8AQf7F","id":"shape_ASNoRqm5ZE","conceptId":"concept_hi065S_trial"}},{"AssignType":{"id":"shape_ASNoRqm5ZE","to":{"RefT":{"conceptId":"concept_f6zrpv_triallocation"}},"conceptId":"concept_hi065S_trial"}},{"AddField":{"parentId":"shape_3da5MHaTDQ","id":"shape_yDqiK4ajTt","conceptId":"concept_hi065S_trial"}},{"SetFieldName":{"id":"shape_yDqiK4ajTt","newName":"conditions","conceptId":"concept_hi065S_trial"}},{"AssignType":{"id":"shape_yDqiK4ajTt","to":{"ListT":{}},"conceptId":"concept_hi065S_trial"}},{"AddTypeParameter":{"parentId":"shape_yDqiK4ajTt","id":"shape_767Ft2eO1w","conceptId":"concept_hi065S_trial"}},{"AssignType":{"id":"shape_767Ft2eO1w","to":{"RefT":{"conceptId":"concept_R5qcqv_condition"}},"conceptId":"concept_hi065S_trial"}},{"AddField":{"parentId":"shape_3da5MHaTDQ","id":"shape_1JatC7p6V3","conceptId":"concept_hi065S_trial"}},{"SetFieldName":{"id":"shape_1JatC7p6V3","newName":"interventions","conceptId":"concept_hi065S_trial"}},{"AssignType":{"id":"shape_1JatC7p6V3","to":{"ListT":{}},"conceptId":"concept_hi065S_trial"}},{"AddTypeParameter":{"parentId":"shape_1JatC7p6V3","id":"shape_7Qld2qlWz9","conceptId":"concept_hi065S_trial"}},{"AssignType":{"id":"shape_7Qld2qlWz9","to":{"RefT":{"conceptId":"concept_xXasvD_intervention"}},"conceptId":"concept_hi065S_trial"}},{"AddField":{"parentId":"shape_3da5MHaTDQ","id":"shape_g13aGs8eUe","conceptId":"concept_hi065S_trial"}},{"SetFieldName":{"id":"shape_g13aGs8eUe","newName":"risks_of_bias","conceptId":"concept_hi065S_trial"}},{"AssignType":{"id":"shape_g13aGs8eUe","to":{"ListT":{}},"conceptId":"concept_hi065S_trial"}},{"AddTypeParameter":{"parentId":"shape_g13aGs8eUe","id":"shape_MDgKhaHBS2","conceptId":"concept_hi065S_trial"}},{"AssignType":{"id":"shape_MDgKhaHBS2","to":{"RefT":{"conceptId":"concept_3W7F9f_riskofbias"}},"conceptId":"concept_hi065S_trial"}},{"AddField":{"parentId":"shape_3da5MHaTDQ","id":"shape_ugSTWpacQc","conceptId":"concept_hi065S_trial"}},{"SetFieldName":{"id":"shape_ugSTWpacQc","newName":"recruitment_status","conceptId":"concept_hi065S_trial"}},{"AssignType":{"id":"shape_ugSTWpacQc","to":{"StringT":{}},"conceptId":"concept_hi065S_trial"}},{"AddField":{"parentId":"shape_3da5MHaTDQ","id":"shape_cfmPLHKBa9","conceptId":"concept_hi065S_trial"}},{"SetFieldName":{"id":"shape_cfmPLHKBa9","newName":"completion_date","conceptId":"concept_hi065S_trial"}},{"AssignType":{"id":"shape_cfmPLHKBa9","to":{"StringT":{}},"conceptId":"concept_hi065S_trial"}},{"AddField":{"parentId":"shape_3da5MHaTDQ","id":"shape_YX6kGabI5v","conceptId":"concept_hi065S_trial"}},{"SetFieldName":{"id":"shape_YX6kGabI5v","newName":"target_sample_size","conceptId":"concept_hi065S_trial"}},{"AssignType":{"id":"shape_YX6kGabI5v","to":{"IntegerT":{}},"conceptId":"concept_hi065S_trial"}},{"AddField":{"parentId":"shape_3da5MHaTDQ","id":"shape_YwVLyxO5S5","conceptId":"concept_hi065S_trial"}},{"SetFieldName":{"id":"shape_YwVLyxO5S5","newName":"brief_summary","conceptId":"concept_hi065S_trial"}},{"AssignType":{"id":"shape_YwVLyxO5S5","to":{"StringT":{}},"conceptId":"concept_hi065S_trial"}},{"AddField":{"parentId":"shape_3da5MHaTDQ","id":"shape_FQ7agc9fZE","conceptId":"concept_hi065S_trial"}},{"SetFieldName":{"id":"shape_FQ7agc9fZE","newName":"url","conceptId":"concept_hi065S_trial"}},{"AssignType":{"id":"shape_FQ7agc9fZE","to":{"StringT":{}},"conceptId":"concept_hi065S_trial"}},{"AddField":{"parentId":"shape_3da5MHaTDQ","id":"shape_dImIOiFDam","conceptId":"concept_hi065S_trial"}},{"SetFieldName":{"id":"shape_dImIOiFDam","newName":"has_published_results","conceptId":"concept_hi065S_trial"}},{"AssignType":{"id":"shape_dImIOiFDam","to":{"BooleanT":{}},"conceptId":"concept_hi065S_trial"}},{"AddField":{"parentId":"shape_3da5MHaTDQ","id":"shape_fpKaNIgtnX","conceptId":"concept_hi065S_trial"}},{"SetFieldName":{"id":"shape_fpKaNIgtnX","newName":"persons","conceptId":"concept_hi065S_trial"}},{"AssignType":{"id":"shape_fpKaNIgtnX","to":{"ListT":{}},"conceptId":"concept_hi065S_trial"}},{"AddTypeParameter":{"parentId":"shape_fpKaNIgtnX","id":"shape_G3s8q1HFxj","conceptId":"concept_hi065S_trial"}},{"AssignType":{"id":"shape_G3s8q1HFxj","to":{"RefT":{"conceptId":"concept_2juo73_trialperson"}},"conceptId":"concept_hi065S_trial"}},{"AddField":{"parentId":"shape_3da5MHaTDQ","id":"shape_OXbqgFOJx1","conceptId":"concept_hi065S_trial"}},{"SetFieldName":{"id":"shape_OXbqgFOJx1","newName":"registration_date","conceptId":"concept_hi065S_trial"}},{"AssignType":{"id":"shape_OXbqgFOJx1","to":{"StringT":{}},"conceptId":"concept_hi065S_trial"}},{"AddField":{"parentId":"shape_3da5MHaTDQ","id":"shape_ByrAIDZTcT","conceptId":"concept_hi065S_trial"}},{"SetFieldName":{"id":"shape_ByrAIDZTcT","newName":"study_phase","conceptId":"concept_hi065S_trial"}},{"AssignType":{"id":"shape_ByrAIDZTcT","to":{"ListT":{}},"conceptId":"concept_hi065S_trial"}},{"AddTypeParameter":{"parentId":"shape_ByrAIDZTcT","id":"shape_effPhGUwaG","conceptId":"concept_hi065S_trial"}},{"AssignType":{"id":"shape_effPhGUwaG","to":{"StringT":{}},"conceptId":"concept_hi065S_trial"}},{"AddField":{"parentId":"shape_3da5MHaTDQ","id":"shape_f5rhbdzCZv","conceptId":"concept_hi065S_trial"}},{"SetFieldName":{"id":"shape_f5rhbdzCZv","newName":"discrepancies","conceptId":"concept_hi065S_trial"}},{"AssignType":{"id":"shape_f5rhbdzCZv","to":{"ObjectT":{}},"conceptId":"concept_hi065S_trial"}},{"AddField":{"parentId":"shape_3da5MHaTDQ","id":"shape_WFk00zovH9","conceptId":"concept_hi065S_trial"}},{"SetFieldName":{"id":"shape_WFk00zovH9","newName":"age_range","conceptId":"concept_hi065S_trial"}},{"AssignType":{"id":"shape_WFk00zovH9","to":{"ObjectT":{}},"conceptId":"concept_hi065S_trial"}},{"AddField":{"parentId":"shape_WFk00zovH9","id":"shape_gFpejbhlJ3","conceptId":"concept_hi065S_trial"}},{"SetFieldName":{"id":"shape_gFpejbhlJ3","newName":"max_age","conceptId":"concept_hi065S_trial"}},{"AssignType":{"id":"shape_gFpejbhlJ3","to":{"StringT":{}},"conceptId":"concept_hi065S_trial"}},{"AddField":{"parentId":"shape_WFk00zovH9","id":"shape_jAfyWmoAc9","conceptId":"concept_hi065S_trial"}},{"SetFieldName":{"id":"shape_jAfyWmoAc9","newName":"min_age","conceptId":"concept_hi065S_trial"}},{"AssignType":{"id":"shape_jAfyWmoAc9","to":{"StringT":{}},"conceptId":"concept_hi065S_trial"}},{"AddField":{"parentId":"shape_3da5MHaTDQ","id":"shape_tZJ6x6ZsKI","conceptId":"concept_hi065S_trial"}},{"SetFieldName":{"id":"shape_tZJ6x6ZsKI","newName":"identifiers","conceptId":"concept_hi065S_trial"}},{"AssignType":{"id":"shape_tZJ6x6ZsKI","to":{"ObjectT":{}},"conceptId":"concept_hi065S_trial"}},{"AddField":{"parentId":"shape_3da5MHaTDQ","id":"shape_LYxXLZcMwI","conceptId":"concept_hi065S_trial"}},{"SetFieldName":{"id":"shape_LYxXLZcMwI","newName":"documents","conceptId":"concept_hi065S_trial"}},{"AssignType":{"id":"shape_LYxXLZcMwI","to":{"ListT":{}},"conceptId":"concept_hi065S_trial"}},{"AddTypeParameter":{"parentId":"shape_LYxXLZcMwI","id":"shape_l01CjlsYYA","conceptId":"concept_hi065S_trial"}},{"AssignType":{"id":"shape_l01CjlsYYA","to":{"RefT":{"conceptId":"concept_7rK8Me_documentsummary"}},"conceptId":"concept_hi065S_trial"}},{"AddField":{"parentId":"shape_3da5MHaTDQ","id":"shape_lHfj5mbDvq","conceptId":"concept_hi065S_trial"}},{"SetFieldName":{"id":"shape_lHfj5mbDvq","newName":"publications","conceptId":"concept_hi065S_trial"}},{"AssignType":{"id":"shape_lHfj5mbDvq","to":{"ListT":{}},"conceptId":"concept_hi065S_trial"}},{"AddTypeParameter":{"parentId":"shape_lHfj5mbDvq","id":"shape_rbQHwn1HMa","conceptId":"concept_hi065S_trial"}},{"AssignType":{"id":"shape_rbQHwn1HMa","to":{"RefT":{"conceptId":"concept_re74By_publicationsummary"}},"conceptId":"concept_hi065S_trial"}},{"AddField":{"parentId":"shape_3da5MHaTDQ","id":"shape_ywWK2GOAdL","conceptId":"concept_hi065S_trial"}},{"SetFieldName":{"id":"shape_ywWK2GOAdL","newName":"id","conceptId":"concept_hi065S_trial"}},{"AssignType":{"id":"shape_ywWK2GOAdL","to":{"StringT":{}},"conceptId":"concept_hi065S_trial"}},{"AddField":{"parentId":"shape_3da5MHaTDQ","id":"shape_1dvqzh6leV","conceptId":"concept_hi065S_trial"}},{"SetFieldName":{"id":"shape_1dvqzh6leV","newName":"results_exemption_date","conceptId":"concept_hi065S_trial"}},{"AssignType":{"id":"shape_1dvqzh6leV","to":{"StringT":{}},"conceptId":"concept_hi065S_trial"}},{"AddField":{"parentId":"shape_3da5MHaTDQ","id":"shape_72ttFz2rI3","conceptId":"concept_hi065S_trial"}},{"SetFieldName":{"id":"shape_72ttFz2rI3","newName":"public_title","conceptId":"concept_hi065S_trial"}},{"AssignType":{"id":"shape_72ttFz2rI3","to":{"StringT":{}},"conceptId":"concept_hi065S_trial"}},{"AddField":{"parentId":"shape_3da5MHaTDQ","id":"shape_tIEgCSjLGW","conceptId":"concept_hi065S_trial"}},{"SetFieldName":{"id":"shape_tIEgCSjLGW","newName":"status","conceptId":"concept_hi065S_trial"}},{"AssignType":{"id":"shape_tIEgCSjLGW","to":{"StringT":{}},"conceptId":"concept_hi065S_trial"}},{"AddField":{"parentId":"shape_3da5MHaTDQ","id":"shape_pO52I85Zpl","conceptId":"concept_hi065S_trial"}},{"SetFieldName":{"id":"shape_pO52I85Zpl","newName":"source_id","conceptId":"concept_hi065S_trial"}},{"AssignType":{"id":"shape_pO52I85Zpl","to":{"StringT":{}},"conceptId":"concept_hi065S_trial"}},{"AddField":{"parentId":"shape_3da5MHaTDQ","id":"shape_8mycmOl3LJ","conceptId":"concept_hi065S_trial"}},{"SetFieldName":{"id":"shape_8mycmOl3LJ","newName":"organisations","conceptId":"concept_hi065S_trial"}},{"AssignType":{"id":"shape_8mycmOl3LJ","to":{"ListT":{}},"conceptId":"concept_hi065S_trial"}},{"AddTypeParameter":{"parentId":"shape_8mycmOl3LJ","id":"shape_tJDnbqXtbl","conceptId":"concept_hi065S_trial"}},{"AssignType":{"id":"shape_tJDnbqXtbl","to":{"RefT":{"conceptId":"concept_0Y1SjL_trialorganisation"}},"conceptId":"concept_hi065S_trial"}},{"AddField":{"parentId":"shape_3da5MHaTDQ","id":"shape_4GEZaJEAMt","conceptId":"concept_hi065S_trial"}},{"SetFieldName":{"id":"shape_4GEZaJEAMt","newName":"records","conceptId":"concept_hi065S_trial"}},{"AssignType":{"id":"shape_4GEZaJEAMt","to":{"ListT":{}},"conceptId":"concept_hi065S_trial"}},{"AddTypeParameter":{"parentId":"shape_4GEZaJEAMt","id":"shape_CgRXYkPwbB","conceptId":"concept_hi065S_trial"}},{"AssignType":{"id":"shape_CgRXYkPwbB","to":{"RefT":{"conceptId":"concept_JBuO0Y_recordsummary"}},"conceptId":"concept_hi065S_trial"}},{"AddField":{"parentId":"shape_3da5MHaTDQ","id":"shape_HeqNvwWloW","conceptId":"concept_hi065S_trial"}},{"SetFieldName":{"id":"shape_HeqNvwWloW","newName":"sources","conceptId":"concept_hi065S_trial"}},{"AssignType":{"id":"shape_HeqNvwWloW","to":{"ObjectT":{}},"conceptId":"concept_hi065S_trial"}},{"AddField":{"parentId":"shape_3da5MHaTDQ","id":"shape_i5CRHkuL0q","conceptId":"concept_hi065S_trial"}},{"SetFieldName":{"id":"shape_i5CRHkuL0q","newName":"gender","conceptId":"concept_hi065S_trial"}},{"AssignType":{"id":"shape_i5CRHkuL0q","to":{"StringT":{}},"conceptId":"concept_hi065S_trial"}},{"AssignType":{"id":"shape_igM12jlML5","to":{"ObjectT":{}},"conceptId":"concept_XGUkbP_location"}},{"AddField":{"parentId":"shape_igM12jlML5","id":"shape_VNc7VIHh8d","conceptId":"concept_XGUkbP_location"}},{"SetFieldName":{"id":"shape_VNc7VIHh8d","newName":"id","conceptId":"concept_XGUkbP_location"}},{"AssignType":{"id":"shape_VNc7VIHh8d","to":{"StringT":{}},"conceptId":"concept_XGUkbP_location"}},{"AddField":{"parentId":"shape_igM12jlML5","id":"shape_Enor6JbMVp","conceptId":"concept_XGUkbP_location"}},{"SetFieldName":{"id":"shape_Enor6JbMVp","newName":"name","conceptId":"concept_XGUkbP_location"}},{"AssignType":{"id":"shape_Enor6JbMVp","to":{"StringT":{}},"conceptId":"concept_XGUkbP_location"}},{"AddField":{"parentId":"shape_igM12jlML5","id":"shape_a4BdGVQNhW","conceptId":"concept_XGUkbP_location"}},{"SetFieldName":{"id":"shape_a4BdGVQNhW","newName":"type","conceptId":"concept_XGUkbP_location"}},{"AssignType":{"id":"shape_a4BdGVQNhW","to":{"StringT":{}},"conceptId":"concept_XGUkbP_location"}},{"AssignType":{"id":"shape_x3Ndyfbjcv","to":{"ObjectT":{}},"conceptId":"concept_JBuO0Y_recordsummary"}},{"AddField":{"parentId":"shape_x3Ndyfbjcv","id":"shape_M9FfG19bvJ","conceptId":"concept_JBuO0Y_recordsummary"}},{"SetFieldName":{"id":"shape_M9FfG19bvJ","newName":"url","conceptId":"concept_JBuO0Y_recordsummary"}},{"AssignType":{"id":"shape_M9FfG19bvJ","to":{"StringT":{}},"conceptId":"concept_JBuO0Y_recordsummary"}},{"AddField":{"parentId":"shape_x3Ndyfbjcv","id":"shape_jBQWM0zTi1","conceptId":"concept_JBuO0Y_recordsummary"}},{"SetFieldName":{"id":"shape_jBQWM0zTi1","newName":"id","conceptId":"concept_JBuO0Y_recordsummary"}},{"AssignType":{"id":"shape_jBQWM0zTi1","to":{"StringT":{}},"conceptId":"concept_JBuO0Y_recordsummary"}},{"AddField":{"parentId":"shape_x3Ndyfbjcv","id":"shape_XsxTQvNsQq","conceptId":"concept_JBuO0Y_recordsummary"}},{"SetFieldName":{"id":"shape_XsxTQvNsQq","newName":"is_primary","conceptId":"concept_JBuO0Y_recordsummary"}},{"AssignType":{"id":"shape_XsxTQvNsQq","to":{"BooleanT":{}},"conceptId":"concept_JBuO0Y_recordsummary"}},{"AddField":{"parentId":"shape_x3Ndyfbjcv","id":"shape_KQ64KtgKB9","conceptId":"concept_JBuO0Y_recordsummary"}},{"SetFieldName":{"id":"shape_KQ64KtgKB9","newName":"source_id","conceptId":"concept_JBuO0Y_recordsummary"}},{"AssignType":{"id":"shape_KQ64KtgKB9","to":{"StringT":{}},"conceptId":"concept_JBuO0Y_recordsummary"}},{"AddField":{"parentId":"shape_x3Ndyfbjcv","id":"shape_YKMtod9kEP","conceptId":"concept_JBuO0Y_recordsummary"}},{"SetFieldName":{"id":"shape_YKMtod9kEP","newName":"last_verification_date","conceptId":"concept_JBuO0Y_recordsummary"}},{"AssignType":{"id":"shape_YKMtod9kEP","to":{"StringT":{}},"conceptId":"concept_JBuO0Y_recordsummary"}},{"AssignType":{"id":"shape_GonINmkHPX","to":{"ObjectT":{}},"conceptId":"concept_UUWQSW_fdaapplicationlist"}},{"AddField":{"parentId":"shape_GonINmkHPX","id":"shape_kh9cteioyM","conceptId":"concept_UUWQSW_fdaapplicationlist"}},{"SetFieldName":{"id":"shape_kh9cteioyM","newName":"items","conceptId":"concept_UUWQSW_fdaapplicationlist"}},{"AssignType":{"id":"shape_kh9cteioyM","to":{"ListT":{}},"conceptId":"concept_UUWQSW_fdaapplicationlist"}},{"AddTypeParameter":{"parentId":"shape_kh9cteioyM","id":"shape_A14YqGAcEv","conceptId":"concept_UUWQSW_fdaapplicationlist"}},{"AssignType":{"id":"shape_A14YqGAcEv","to":{"RefT":{"conceptId":"concept_2ABx3V_fdaapplication"}},"conceptId":"concept_UUWQSW_fdaapplicationlist"}},{"AddField":{"parentId":"shape_GonINmkHPX","id":"shape_rfrQlKXayu","conceptId":"concept_UUWQSW_fdaapplicationlist"}},{"SetFieldName":{"id":"shape_rfrQlKXayu","newName":"total_count","conceptId":"concept_UUWQSW_fdaapplicationlist"}},{"AssignType":{"id":"shape_rfrQlKXayu","to":{"IntegerT":{}},"conceptId":"concept_UUWQSW_fdaapplicationlist"}},{"AssignType":{"id":"shape_2CIRHSgsFV","to":{"ListT":{}},"conceptId":"concept_7wCHvF_sourcelist"}},{"AddTypeParameter":{"parentId":"shape_2CIRHSgsFV","id":"shape_GlVFup7vq7","conceptId":"concept_7wCHvF_sourcelist"}},{"AssignType":{"id":"shape_GlVFup7vq7","to":{"RefT":{"conceptId":"concept_9E8c3a_source"}},"conceptId":"concept_7wCHvF_sourcelist"}},{"AssignType":{"id":"shape_pBdw4KTKSW","to":{"ObjectT":{}},"conceptId":"concept_ytEX9k_filesummary"}},{"AddField":{"parentId":"shape_pBdw4KTKSW","id":"shape_zgXSSGSq5A","conceptId":"concept_ytEX9k_filesummary"}},{"SetFieldName":{"id":"shape_zgXSSGSq5A","newName":"documentcloud_id","conceptId":"concept_ytEX9k_filesummary"}},{"AssignType":{"id":"shape_zgXSSGSq5A","to":{"StringT":{}},"conceptId":"concept_ytEX9k_filesummary"}},{"AddField":{"parentId":"shape_pBdw4KTKSW","id":"shape_6XKoW0g4Nz","conceptId":"concept_ytEX9k_filesummary"}},{"SetFieldName":{"id":"shape_6XKoW0g4Nz","newName":"id","conceptId":"concept_ytEX9k_filesummary"}},{"AssignType":{"id":"shape_6XKoW0g4Nz","to":{"StringT":{}},"conceptId":"concept_ytEX9k_filesummary"}},{"AddField":{"parentId":"shape_pBdw4KTKSW","id":"shape_pED8V5BE5m","conceptId":"concept_ytEX9k_filesummary"}},{"SetFieldName":{"id":"shape_pED8V5BE5m","newName":"sha1","conceptId":"concept_ytEX9k_filesummary"}},{"AssignType":{"id":"shape_pED8V5BE5m","to":{"StringT":{}},"conceptId":"concept_ytEX9k_filesummary"}},{"AddField":{"parentId":"shape_pBdw4KTKSW","id":"shape_16rk45e0b3","conceptId":"concept_ytEX9k_filesummary"}},{"SetFieldName":{"id":"shape_16rk45e0b3","newName":"source_url","conceptId":"concept_ytEX9k_filesummary"}},{"AssignType":{"id":"shape_16rk45e0b3","to":{"StringT":{}},"conceptId":"concept_ytEX9k_filesummary"}},{"AssignType":{"id":"shape_tVAvXOf6eO","to":{"ObjectT":{}},"conceptId":"concept_Tyqn5j_autocompleteresult"}},{"AddField":{"parentId":"shape_tVAvXOf6eO","id":"shape_OT7AQFgazd","conceptId":"concept_Tyqn5j_autocompleteresult"}},{"SetFieldName":{"id":"shape_OT7AQFgazd","newName":"id","conceptId":"concept_Tyqn5j_autocompleteresult"}},{"AssignType":{"id":"shape_OT7AQFgazd","to":{"StringT":{}},"conceptId":"concept_Tyqn5j_autocompleteresult"}},{"AddField":{"parentId":"shape_tVAvXOf6eO","id":"shape_Ond595fqCa","conceptId":"concept_Tyqn5j_autocompleteresult"}},{"SetFieldName":{"id":"shape_Ond595fqCa","newName":"name","conceptId":"concept_Tyqn5j_autocompleteresult"}},{"AssignType":{"id":"shape_Ond595fqCa","to":{"StringT":{}},"conceptId":"concept_Tyqn5j_autocompleteresult"}},{"AssignType":{"id":"shape_E1gWfibNZW","to":{"ObjectT":{}},"conceptId":"concept_R5qcqv_condition"}},{"AddField":{"parentId":"shape_E1gWfibNZW","id":"shape_2FLVuD2Y7U","conceptId":"concept_R5qcqv_condition"}},{"SetFieldName":{"id":"shape_2FLVuD2Y7U","newName":"id","conceptId":"concept_R5qcqv_condition"}},{"AssignType":{"id":"shape_2FLVuD2Y7U","to":{"StringT":{}},"conceptId":"concept_R5qcqv_condition"}},{"AddField":{"parentId":"shape_E1gWfibNZW","id":"shape_ZjufarCTpX","conceptId":"concept_R5qcqv_condition"}},{"SetFieldName":{"id":"shape_ZjufarCTpX","newName":"name","conceptId":"concept_R5qcqv_condition"}},{"AssignType":{"id":"shape_ZjufarCTpX","to":{"StringT":{}},"conceptId":"concept_R5qcqv_condition"}},{"AddField":{"parentId":"shape_E1gWfibNZW","id":"shape_WxyozBc3iD","conceptId":"concept_R5qcqv_condition"}},{"SetFieldName":{"id":"shape_WxyozBc3iD","newName":"url","conceptId":"concept_R5qcqv_condition"}},{"AssignType":{"id":"shape_WxyozBc3iD","to":{"StringT":{}},"conceptId":"concept_R5qcqv_condition"}},{"AssignType":{"id":"shape_CnCPx1HJme","to":{"ObjectT":{}},"conceptId":"concept_LDQ1sM_documentcategory"}},{"AddField":{"parentId":"shape_CnCPx1HJme","id":"shape_PwkQJSKLRZ","conceptId":"concept_LDQ1sM_documentcategory"}},{"SetFieldName":{"id":"shape_PwkQJSKLRZ","newName":"group","conceptId":"concept_LDQ1sM_documentcategory"}},{"AssignType":{"id":"shape_PwkQJSKLRZ","to":{"StringT":{}},"conceptId":"concept_LDQ1sM_documentcategory"}},{"AddField":{"parentId":"shape_CnCPx1HJme","id":"shape_HC61DImU0P","conceptId":"concept_LDQ1sM_documentcategory"}},{"SetFieldName":{"id":"shape_HC61DImU0P","newName":"id","conceptId":"concept_LDQ1sM_documentcategory"}},{"AssignType":{"id":"shape_HC61DImU0P","to":{"IntegerT":{}},"conceptId":"concept_LDQ1sM_documentcategory"}},{"AddField":{"parentId":"shape_CnCPx1HJme","id":"shape_UxgFpxcC5q","conceptId":"concept_LDQ1sM_documentcategory"}},{"SetFieldName":{"id":"shape_UxgFpxcC5q","newName":"name","conceptId":"concept_LDQ1sM_documentcategory"}},{"AssignType":{"id":"shape_UxgFpxcC5q","to":{"StringT":{}},"conceptId":"concept_LDQ1sM_documentcategory"}},{"AssignType":{"id":"shape_AjZGOL1npl","to":{"ObjectT":{}},"conceptId":"concept_3W7F9f_riskofbias"}},{"AddField":{"parentId":"shape_AjZGOL1npl","id":"shape_PtNmYAJTzm","conceptId":"concept_3W7F9f_riskofbias"}},{"SetFieldName":{"id":"shape_PtNmYAJTzm","newName":"source_url","conceptId":"concept_3W7F9f_riskofbias"}},{"AssignType":{"id":"shape_PtNmYAJTzm","to":{"StringT":{}},"conceptId":"concept_3W7F9f_riskofbias"}},{"AddField":{"parentId":"shape_AjZGOL1npl","id":"shape_zZXZ9tv2j5","conceptId":"concept_3W7F9f_riskofbias"}},{"SetFieldName":{"id":"shape_zZXZ9tv2j5","newName":"risk_of_bias_criteria","conceptId":"concept_3W7F9f_riskofbias"}},{"AssignType":{"id":"shape_zZXZ9tv2j5","to":{"ListT":{}},"conceptId":"concept_3W7F9f_riskofbias"}},{"AddTypeParameter":{"parentId":"shape_zZXZ9tv2j5","id":"shape_yUUtzUhYQd","conceptId":"concept_3W7F9f_riskofbias"}},{"AssignType":{"id":"shape_yUUtzUhYQd","to":{"RefT":{"conceptId":"concept_iCTnH1_riskofbiascriteria"}},"conceptId":"concept_3W7F9f_riskofbias"}},{"AddField":{"parentId":"shape_AjZGOL1npl","id":"shape_CDHW4BdPn3","conceptId":"concept_3W7F9f_riskofbias"}},{"SetFieldName":{"id":"shape_CDHW4BdPn3","newName":"study_id","conceptId":"concept_3W7F9f_riskofbias"}},{"AssignType":{"id":"shape_CDHW4BdPn3","to":{"StringT":{}},"conceptId":"concept_3W7F9f_riskofbias"}},{"AddField":{"parentId":"shape_AjZGOL1npl","id":"shape_X0QtJhSM1e","conceptId":"concept_3W7F9f_riskofbias"}},{"SetFieldName":{"id":"shape_X0QtJhSM1e","newName":"id","conceptId":"concept_3W7F9f_riskofbias"}},{"AssignType":{"id":"shape_X0QtJhSM1e","to":{"StringT":{}},"conceptId":"concept_3W7F9f_riskofbias"}},{"AddField":{"parentId":"shape_AjZGOL1npl","id":"shape_WBjfPNMX4j","conceptId":"concept_3W7F9f_riskofbias"}},{"SetFieldName":{"id":"shape_WBjfPNMX4j","newName":"source_id","conceptId":"concept_3W7F9f_riskofbias"}},{"AssignType":{"id":"shape_WBjfPNMX4j","to":{"StringT":{}},"conceptId":"concept_3W7F9f_riskofbias"}},{"AssignType":{"id":"shape_JKJpAJ1JHU","to":{"ObjectT":{}},"conceptId":"concept_2juo73_trialperson"}},{"AssignType":{"id":"shape_vIeSM27ckk","to":{"ObjectT":{}},"conceptId":"concept_IvIiTj_discrepantfieldinteger"}},{"AssignType":{"id":"shape_sLcQuNh7dk","to":{"ObjectT":{}},"conceptId":"concept_oJQhT0_publication"}},{"AddField":{"parentId":"shape_sLcQuNh7dk","id":"shape_zHiUut4aRx","conceptId":"concept_oJQhT0_publication"}},{"SetFieldName":{"id":"shape_zHiUut4aRx","newName":"source_url","conceptId":"concept_oJQhT0_publication"}},{"AssignType":{"id":"shape_zHiUut4aRx","to":{"StringT":{}},"conceptId":"concept_oJQhT0_publication"}},{"AddField":{"parentId":"shape_sLcQuNh7dk","id":"shape_WUjcRnRAFn","conceptId":"concept_oJQhT0_publication"}},{"SetFieldName":{"id":"shape_WUjcRnRAFn","newName":"source","conceptId":"concept_oJQhT0_publication"}},{"AssignType":{"id":"shape_WUjcRnRAFn","to":{"RefT":{"conceptId":"concept_9E8c3a_source"}},"conceptId":"concept_oJQhT0_publication"}},{"AddField":{"parentId":"shape_sLcQuNh7dk","id":"shape_4tVkMdXaCC","conceptId":"concept_oJQhT0_publication"}},{"SetFieldName":{"id":"shape_4tVkMdXaCC","newName":"url","conceptId":"concept_oJQhT0_publication"}},{"AssignType":{"id":"shape_4tVkMdXaCC","to":{"StringT":{}},"conceptId":"concept_oJQhT0_publication"}},{"AddField":{"parentId":"shape_sLcQuNh7dk","id":"shape_2Bq97IMXWF","conceptId":"concept_oJQhT0_publication"}},{"SetFieldName":{"id":"shape_2Bq97IMXWF","newName":"journal","conceptId":"concept_oJQhT0_publication"}},{"AssignType":{"id":"shape_2Bq97IMXWF","to":{"StringT":{}},"conceptId":"concept_oJQhT0_publication"}},{"AddField":{"parentId":"shape_sLcQuNh7dk","id":"shape_MOiLr1cEkW","conceptId":"concept_oJQhT0_publication"}},{"SetFieldName":{"id":"shape_MOiLr1cEkW","newName":"abstract","conceptId":"concept_oJQhT0_publication"}},{"AssignType":{"id":"shape_MOiLr1cEkW","to":{"StringT":{}},"conceptId":"concept_oJQhT0_publication"}},{"AddField":{"parentId":"shape_sLcQuNh7dk","id":"shape_vSenswngIA","conceptId":"concept_oJQhT0_publication"}},{"SetFieldName":{"id":"shape_vSenswngIA","newName":"slug","conceptId":"concept_oJQhT0_publication"}},{"AssignType":{"id":"shape_vSenswngIA","to":{"StringT":{}},"conceptId":"concept_oJQhT0_publication"}},{"AddField":{"parentId":"shape_sLcQuNh7dk","id":"shape_XmMG7xwUtH","conceptId":"concept_oJQhT0_publication"}},{"SetFieldName":{"id":"shape_XmMG7xwUtH","newName":"id","conceptId":"concept_oJQhT0_publication"}},{"AssignType":{"id":"shape_XmMG7xwUtH","to":{"StringT":{}},"conceptId":"concept_oJQhT0_publication"}},{"AddField":{"parentId":"shape_sLcQuNh7dk","id":"shape_xR3q3nKQx7","conceptId":"concept_oJQhT0_publication"}},{"SetFieldName":{"id":"shape_xR3q3nKQx7","newName":"authors","conceptId":"concept_oJQhT0_publication"}},{"AssignType":{"id":"shape_xR3q3nKQx7","to":{"ListT":{}},"conceptId":"concept_oJQhT0_publication"}},{"AddTypeParameter":{"parentId":"shape_xR3q3nKQx7","id":"shape_c5wpk6zLZ0","conceptId":"concept_oJQhT0_publication"}},{"AssignType":{"id":"shape_c5wpk6zLZ0","to":{"StringT":{}},"conceptId":"concept_oJQhT0_publication"}},{"AddField":{"parentId":"shape_sLcQuNh7dk","id":"shape_zPYtTn6Zkx","conceptId":"concept_oJQhT0_publication"}},{"SetFieldName":{"id":"shape_zPYtTn6Zkx","newName":"date","conceptId":"concept_oJQhT0_publication"}},{"AssignType":{"id":"shape_zPYtTn6Zkx","to":{"StringT":{}},"conceptId":"concept_oJQhT0_publication"}},{"AddField":{"parentId":"shape_sLcQuNh7dk","id":"shape_dqULp5K5vS","conceptId":"concept_oJQhT0_publication"}},{"SetFieldName":{"id":"shape_dqULp5K5vS","newName":"created_at","conceptId":"concept_oJQhT0_publication"}},{"AssignType":{"id":"shape_dqULp5K5vS","to":{"StringT":{}},"conceptId":"concept_oJQhT0_publication"}},{"AddField":{"parentId":"shape_sLcQuNh7dk","id":"shape_T5THF7JELe","conceptId":"concept_oJQhT0_publication"}},{"SetFieldName":{"id":"shape_T5THF7JELe","newName":"title","conceptId":"concept_oJQhT0_publication"}},{"AssignType":{"id":"shape_T5THF7JELe","to":{"StringT":{}},"conceptId":"concept_oJQhT0_publication"}},{"AddField":{"parentId":"shape_sLcQuNh7dk","id":"shape_T5ij19Y8Hc","conceptId":"concept_oJQhT0_publication"}},{"SetFieldName":{"id":"shape_T5ij19Y8Hc","newName":"updated_at","conceptId":"concept_oJQhT0_publication"}},{"AssignType":{"id":"shape_T5ij19Y8Hc","to":{"StringT":{}},"conceptId":"concept_oJQhT0_publication"}},{"AssignType":{"id":"shape_RqAalvbLv4","to":{"ObjectT":{}},"conceptId":"concept_uLXHPl_discrepantfieldboolean"}},{"AssignType":{"id":"shape_3OSXSUi3SP","to":{"ObjectT":{}},"conceptId":"concept_iCTnH1_riskofbiascriteria"}},{"AddField":{"parentId":"shape_3OSXSUi3SP","id":"shape_DD2h5Waixe","conceptId":"concept_iCTnH1_riskofbiascriteria"}},{"SetFieldName":{"id":"shape_DD2h5Waixe","newName":"id","conceptId":"concept_iCTnH1_riskofbiascriteria"}},{"AssignType":{"id":"shape_DD2h5Waixe","to":{"StringT":{}},"conceptId":"concept_iCTnH1_riskofbiascriteria"}},{"AddField":{"parentId":"shape_3OSXSUi3SP","id":"shape_ydPzqDO9Jl","conceptId":"concept_iCTnH1_riskofbiascriteria"}},{"SetFieldName":{"id":"shape_ydPzqDO9Jl","newName":"name","conceptId":"concept_iCTnH1_riskofbiascriteria"}},{"AssignType":{"id":"shape_ydPzqDO9Jl","to":{"StringT":{}},"conceptId":"concept_iCTnH1_riskofbiascriteria"}},{"AddField":{"parentId":"shape_3OSXSUi3SP","id":"shape_TOrVfnyRiK","conceptId":"concept_iCTnH1_riskofbiascriteria"}},{"SetFieldName":{"id":"shape_TOrVfnyRiK","newName":"value","conceptId":"concept_iCTnH1_riskofbiascriteria"}},{"AssignType":{"id":"shape_TOrVfnyRiK","to":{"StringT":{}},"conceptId":"concept_iCTnH1_riskofbiascriteria"}},{"AssignType":{"id":"shape_Grk6uJLIn8","to":{"ObjectT":{}},"conceptId":"concept_52PFSJ_documentcategorylist"}},{"AddField":{"parentId":"shape_Grk6uJLIn8","id":"shape_jaRIJKXwQn","conceptId":"concept_52PFSJ_documentcategorylist"}},{"SetFieldName":{"id":"shape_jaRIJKXwQn","newName":"items","conceptId":"concept_52PFSJ_documentcategorylist"}},{"AssignType":{"id":"shape_jaRIJKXwQn","to":{"ListT":{}},"conceptId":"concept_52PFSJ_documentcategorylist"}},{"AddTypeParameter":{"parentId":"shape_jaRIJKXwQn","id":"shape_2MYmkIEE9F","conceptId":"concept_52PFSJ_documentcategorylist"}},{"AssignType":{"id":"shape_2MYmkIEE9F","to":{"RefT":{"conceptId":"concept_LDQ1sM_documentcategory"}},"conceptId":"concept_52PFSJ_documentcategorylist"}},{"AddField":{"parentId":"shape_Grk6uJLIn8","id":"shape_I3ry2c9mWo","conceptId":"concept_52PFSJ_documentcategorylist"}},{"SetFieldName":{"id":"shape_I3ry2c9mWo","newName":"total_count","conceptId":"concept_52PFSJ_documentcategorylist"}},{"AssignType":{"id":"shape_I3ry2c9mWo","to":{"IntegerT":{}},"conceptId":"concept_52PFSJ_documentcategorylist"}},{"AssignType":{"id":"shape_4KYicFTjhv","to":{"ObjectT":{}},"conceptId":"concept_7rK8Me_documentsummary"}},{"AddField":{"parentId":"shape_4KYicFTjhv","id":"shape_SaTGAzCk6u","conceptId":"concept_7rK8Me_documentsummary"}},{"SetFieldName":{"id":"shape_SaTGAzCk6u","newName":"source_url","conceptId":"concept_7rK8Me_documentsummary"}},{"AssignType":{"id":"shape_SaTGAzCk6u","to":{"StringT":{}},"conceptId":"concept_7rK8Me_documentsummary"}},{"AddField":{"parentId":"shape_4KYicFTjhv","id":"shape_vsICfpYoPu","conceptId":"concept_7rK8Me_documentsummary"}},{"SetFieldName":{"id":"shape_vsICfpYoPu","newName":"name","conceptId":"concept_7rK8Me_documentsummary"}},{"AssignType":{"id":"shape_vsICfpYoPu","to":{"StringT":{}},"conceptId":"concept_7rK8Me_documentsummary"}},{"AddField":{"parentId":"shape_4KYicFTjhv","id":"shape_CgwdXKuKaR","conceptId":"concept_7rK8Me_documentsummary"}},{"SetFieldName":{"id":"shape_CgwdXKuKaR","newName":"url","conceptId":"concept_7rK8Me_documentsummary"}},{"AssignType":{"id":"shape_CgwdXKuKaR","to":{"StringT":{}},"conceptId":"concept_7rK8Me_documentsummary"}},{"AddField":{"parentId":"shape_4KYicFTjhv","id":"shape_XPsKIYR6R8","conceptId":"concept_7rK8Me_documentsummary"}},{"SetFieldName":{"id":"shape_XPsKIYR6R8","newName":"document_category","conceptId":"concept_7rK8Me_documentsummary"}},{"AssignType":{"id":"shape_XPsKIYR6R8","to":{"RefT":{"conceptId":"concept_LDQ1sM_documentcategory"}},"conceptId":"concept_7rK8Me_documentsummary"}},{"AddField":{"parentId":"shape_4KYicFTjhv","id":"shape_9ilQoFnxY3","conceptId":"concept_7rK8Me_documentsummary"}},{"SetFieldName":{"id":"shape_9ilQoFnxY3","newName":"id","conceptId":"concept_7rK8Me_documentsummary"}},{"AssignType":{"id":"shape_9ilQoFnxY3","to":{"StringT":{}},"conceptId":"concept_7rK8Me_documentsummary"}},{"AddField":{"parentId":"shape_4KYicFTjhv","id":"shape_5gLwNJDwlB","conceptId":"concept_7rK8Me_documentsummary"}},{"SetFieldName":{"id":"shape_5gLwNJDwlB","newName":"fda_application","conceptId":"concept_7rK8Me_documentsummary"}},{"AssignType":{"id":"shape_5gLwNJDwlB","to":{"RefT":{"conceptId":"concept_2ABx3V_fdaapplication"}},"conceptId":"concept_7rK8Me_documentsummary"}},{"AddField":{"parentId":"shape_4KYicFTjhv","id":"shape_zJaYDuiZWr","conceptId":"concept_7rK8Me_documentsummary"}},{"SetFieldName":{"id":"shape_zJaYDuiZWr","newName":"source_id","conceptId":"concept_7rK8Me_documentsummary"}},{"AssignType":{"id":"shape_zJaYDuiZWr","to":{"StringT":{}},"conceptId":"concept_7rK8Me_documentsummary"}},{"AddField":{"parentId":"shape_4KYicFTjhv","id":"shape_66UklNdAVu","conceptId":"concept_7rK8Me_documentsummary"}},{"SetFieldName":{"id":"shape_66UklNdAVu","newName":"trials","conceptId":"concept_7rK8Me_documentsummary"}},{"AssignType":{"id":"shape_66UklNdAVu","to":{"ListT":{}},"conceptId":"concept_7rK8Me_documentsummary"}},{"AddTypeParameter":{"parentId":"shape_66UklNdAVu","id":"shape_Ku6rFUP3aM","conceptId":"concept_7rK8Me_documentsummary"}},{"AssignType":{"id":"shape_Ku6rFUP3aM","to":{"RefT":{"conceptId":"concept_bNBrS6_trialsummary"}},"conceptId":"concept_7rK8Me_documentsummary"}},{"AddField":{"parentId":"shape_4KYicFTjhv","id":"shape_zr6b1SalF4","conceptId":"concept_7rK8Me_documentsummary"}},{"SetFieldName":{"id":"shape_zr6b1SalF4","newName":"file","conceptId":"concept_7rK8Me_documentsummary"}},{"AssignType":{"id":"shape_zr6b1SalF4","to":{"RefT":{"conceptId":"concept_ytEX9k_filesummary"}},"conceptId":"concept_7rK8Me_documentsummary"}},{"AssignType":{"id":"shape_uOl46T7Hji","to":{"ObjectT":{}},"conceptId":"concept_AYI2wj_file"}},{"AssignType":{"id":"shape_8NWZxy1wJo","to":{"AnyT":{}},"conceptId":"concept_W4GMRZ_fdadocumentsearchresult"}},{"AssignType":{"id":"shape_fHBWvlJaL4","to":{"ObjectT":{}},"conceptId":"concept_MjC85R_person"}},{"AddField":{"parentId":"shape_fHBWvlJaL4","id":"shape_CDKuZUD3bE","conceptId":"concept_MjC85R_person"}},{"SetFieldName":{"id":"shape_CDKuZUD3bE","newName":"id","conceptId":"concept_MjC85R_person"}},{"AssignType":{"id":"shape_CDKuZUD3bE","to":{"StringT":{}},"conceptId":"concept_MjC85R_person"}},{"AddField":{"parentId":"shape_fHBWvlJaL4","id":"shape_hUSja9YFx5","conceptId":"concept_MjC85R_person"}},{"SetFieldName":{"id":"shape_hUSja9YFx5","newName":"name","conceptId":"concept_MjC85R_person"}},{"AssignType":{"id":"shape_hUSja9YFx5","to":{"StringT":{}},"conceptId":"concept_MjC85R_person"}},{"AddField":{"parentId":"shape_fHBWvlJaL4","id":"shape_XCHIvdFBoM","conceptId":"concept_MjC85R_person"}},{"SetFieldName":{"id":"shape_XCHIvdFBoM","newName":"url","conceptId":"concept_MjC85R_person"}},{"AssignType":{"id":"shape_XCHIvdFBoM","to":{"StringT":{}},"conceptId":"concept_MjC85R_person"}},{"AssignType":{"id":"shape_a7if9FXnFv","to":{"ObjectT":{}},"conceptId":"concept_1qTx89_discrepancyfieldbase"}},{"AddField":{"parentId":"shape_a7if9FXnFv","id":"shape_FLQXo4xY3R","conceptId":"concept_1qTx89_discrepancyfieldbase"}},{"SetFieldName":{"id":"shape_FLQXo4xY3R","newName":"record_id","conceptId":"concept_1qTx89_discrepancyfieldbase"}},{"AssignType":{"id":"shape_FLQXo4xY3R","to":{"StringT":{}},"conceptId":"concept_1qTx89_discrepancyfieldbase"}},{"AddField":{"parentId":"shape_a7if9FXnFv","id":"shape_dBYTmlrU40","conceptId":"concept_1qTx89_discrepancyfieldbase"}},{"SetFieldName":{"id":"shape_dBYTmlrU40","newName":"source_name","conceptId":"concept_1qTx89_discrepancyfieldbase"}},{"AssignType":{"id":"shape_dBYTmlrU40","to":{"StringT":{}},"conceptId":"concept_1qTx89_discrepancyfieldbase"}},{"AssignType":{"id":"shape_Y8XwnJU74c","to":{"ObjectT":{}},"conceptId":"concept_9E8c3a_source"}},{"AddField":{"parentId":"shape_Y8XwnJU74c","id":"shape_rrVPmNwJpi","conceptId":"concept_9E8c3a_source"}},{"SetFieldName":{"id":"shape_rrVPmNwJpi","newName":"source_url","conceptId":"concept_9E8c3a_source"}},{"AssignType":{"id":"shape_rrVPmNwJpi","to":{"StringT":{}},"conceptId":"concept_9E8c3a_source"}},{"AddField":{"parentId":"shape_Y8XwnJU74c","id":"shape_9zMFAfquL3","conceptId":"concept_9E8c3a_source"}},{"SetFieldName":{"id":"shape_9zMFAfquL3","newName":"name","conceptId":"concept_9E8c3a_source"}},{"AssignType":{"id":"shape_9zMFAfquL3","to":{"StringT":{}},"conceptId":"concept_9E8c3a_source"}},{"AddField":{"parentId":"shape_Y8XwnJU74c","id":"shape_JwLJ6LfHMw","conceptId":"concept_9E8c3a_source"}},{"SetFieldName":{"id":"shape_JwLJ6LfHMw","newName":"terms_and_conditions_url","conceptId":"concept_9E8c3a_source"}},{"AssignType":{"id":"shape_JwLJ6LfHMw","to":{"StringT":{}},"conceptId":"concept_9E8c3a_source"}},{"AddField":{"parentId":"shape_Y8XwnJU74c","id":"shape_ZbLH6uqNPW","conceptId":"concept_9E8c3a_source"}},{"SetFieldName":{"id":"shape_ZbLH6uqNPW","newName":"id","conceptId":"concept_9E8c3a_source"}},{"AssignType":{"id":"shape_ZbLH6uqNPW","to":{"StringT":{}},"conceptId":"concept_9E8c3a_source"}},{"AddField":{"parentId":"shape_Y8XwnJU74c","id":"shape_mcAxw8cxic","conceptId":"concept_9E8c3a_source"}},{"SetFieldName":{"id":"shape_mcAxw8cxic","newName":"type","conceptId":"concept_9E8c3a_source"}},{"AssignType":{"id":"shape_mcAxw8cxic","to":{"StringT":{}},"conceptId":"concept_9E8c3a_source"}},{"AssignType":{"id":"shape_cfvqDjn1rG","to":{"ObjectT":{}},"conceptId":"concept_RPx4m6_errorresponse"}},{"AddField":{"parentId":"shape_cfvqDjn1rG","id":"shape_gLKHEI6Sbj","conceptId":"concept_RPx4m6_errorresponse"}},{"SetFieldName":{"id":"shape_gLKHEI6Sbj","newName":"message","conceptId":"concept_RPx4m6_errorresponse"}},{"AssignType":{"id":"shape_gLKHEI6Sbj","to":{"StringT":{}},"conceptId":"concept_RPx4m6_errorresponse"}},{"AssignType":{"id":"shape_MKcfKypb3i","to":{"ObjectT":{}},"conceptId":"concept_msZ8BQ_fdadocumentsearchresults"}},{"AddField":{"parentId":"shape_MKcfKypb3i","id":"shape_udFE8V6eYZ","conceptId":"concept_msZ8BQ_fdadocumentsearchresults"}},{"SetFieldName":{"id":"shape_udFE8V6eYZ","newName":"items","conceptId":"concept_msZ8BQ_fdadocumentsearchresults"}},{"AssignType":{"id":"shape_udFE8V6eYZ","to":{"ListT":{}},"conceptId":"concept_msZ8BQ_fdadocumentsearchresults"}},{"AddTypeParameter":{"parentId":"shape_udFE8V6eYZ","id":"shape_VuW7iKtE6F","conceptId":"concept_msZ8BQ_fdadocumentsearchresults"}},{"AssignType":{"id":"shape_VuW7iKtE6F","to":{"RefT":{"conceptId":"concept_W4GMRZ_fdadocumentsearchresult"}},"conceptId":"concept_msZ8BQ_fdadocumentsearchresults"}},{"AddField":{"parentId":"shape_MKcfKypb3i","id":"shape_SytmzHP6l4","conceptId":"concept_msZ8BQ_fdadocumentsearchresults"}},{"SetFieldName":{"id":"shape_SytmzHP6l4","newName":"total_count","conceptId":"concept_msZ8BQ_fdadocumentsearchresults"}},{"AssignType":{"id":"shape_SytmzHP6l4","to":{"IntegerT":{}},"conceptId":"concept_msZ8BQ_fdadocumentsearchresults"}},{"AssignType":{"id":"shape_1ZobsDjpKH","to":{"ObjectT":{}},"conceptId":"concept_maqwmc_trialsearchresults"}},{"AddField":{"parentId":"shape_1ZobsDjpKH","id":"shape_FRaZJcmzde","conceptId":"concept_maqwmc_trialsearchresults"}},{"SetFieldName":{"id":"shape_FRaZJcmzde","newName":"items","conceptId":"concept_maqwmc_trialsearchresults"}},{"AssignType":{"id":"shape_FRaZJcmzde","to":{"ListT":{}},"conceptId":"concept_maqwmc_trialsearchresults"}},{"AddTypeParameter":{"parentId":"shape_FRaZJcmzde","id":"shape_WCUHXjIiJR","conceptId":"concept_maqwmc_trialsearchresults"}},{"AssignType":{"id":"shape_WCUHXjIiJR","to":{"RefT":{"conceptId":"concept_hi065S_trial"}},"conceptId":"concept_maqwmc_trialsearchresults"}},{"AddField":{"parentId":"shape_1ZobsDjpKH","id":"shape_aHnTVBVmrd","conceptId":"concept_maqwmc_trialsearchresults"}},{"SetFieldName":{"id":"shape_aHnTVBVmrd","newName":"total_count","conceptId":"concept_maqwmc_trialsearchresults"}},{"AssignType":{"id":"shape_aHnTVBVmrd","to":{"IntegerT":{}},"conceptId":"concept_maqwmc_trialsearchresults"}},{"AssignType":{"id":"shape_572pAi0q4Q","to":{"ObjectT":{}},"conceptId":"concept_aGSAXs_record"}},{"AddField":{"parentId":"shape_572pAi0q4Q","id":"shape_0DCfGOnxBv","conceptId":"concept_aGSAXs_record"}},{"SetFieldName":{"id":"shape_0DCfGOnxBv","newName":"source_url","conceptId":"concept_aGSAXs_record"}},{"AssignType":{"id":"shape_0DCfGOnxBv","to":{"StringT":{}},"conceptId":"concept_aGSAXs_record"}},{"AddField":{"parentId":"shape_572pAi0q4Q","id":"shape_Vl1ZIbfq2g","conceptId":"concept_aGSAXs_record"}},{"SetFieldName":{"id":"shape_Vl1ZIbfq2g","newName":"source","conceptId":"concept_aGSAXs_record"}},{"AssignType":{"id":"shape_Vl1ZIbfq2g","to":{"RefT":{"conceptId":"concept_9E8c3a_source"}},"conceptId":"concept_aGSAXs_record"}},{"AddField":{"parentId":"shape_572pAi0q4Q","id":"shape_PcCPGolxU7","conceptId":"concept_aGSAXs_record"}},{"SetFieldName":{"id":"shape_PcCPGolxU7","newName":"recruitment_status","conceptId":"concept_aGSAXs_record"}},{"AssignType":{"id":"shape_PcCPGolxU7","to":{"StringT":{}},"conceptId":"concept_aGSAXs_record"}},{"AddField":{"parentId":"shape_572pAi0q4Q","id":"shape_zenrtEKBKL","conceptId":"concept_aGSAXs_record"}},{"SetFieldName":{"id":"shape_zenrtEKBKL","newName":"url","conceptId":"concept_aGSAXs_record"}},{"AssignType":{"id":"shape_zenrtEKBKL","to":{"StringT":{}},"conceptId":"concept_aGSAXs_record"}},{"AddField":{"parentId":"shape_572pAi0q4Q","id":"shape_M0xyW3WOeU","conceptId":"concept_aGSAXs_record"}},{"SetFieldName":{"id":"shape_M0xyW3WOeU","newName":"identifiers","conceptId":"concept_aGSAXs_record"}},{"AssignType":{"id":"shape_M0xyW3WOeU","to":{"ObjectT":{}},"conceptId":"concept_aGSAXs_record"}},{"AddField":{"parentId":"shape_572pAi0q4Q","id":"shape_PVYqtiP8Yv","conceptId":"concept_aGSAXs_record"}},{"SetFieldName":{"id":"shape_PVYqtiP8Yv","newName":"id","conceptId":"concept_aGSAXs_record"}},{"AssignType":{"id":"shape_PVYqtiP8Yv","to":{"StringT":{}},"conceptId":"concept_aGSAXs_record"}},{"AddField":{"parentId":"shape_572pAi0q4Q","id":"shape_wv8Rsq3wR5","conceptId":"concept_aGSAXs_record"}},{"SetFieldName":{"id":"shape_wv8Rsq3wR5","newName":"public_title","conceptId":"concept_aGSAXs_record"}},{"AssignType":{"id":"shape_wv8Rsq3wR5","to":{"StringT":{}},"conceptId":"concept_aGSAXs_record"}},{"AddField":{"parentId":"shape_572pAi0q4Q","id":"shape_UoJXINgPUE","conceptId":"concept_aGSAXs_record"}},{"SetFieldName":{"id":"shape_UoJXINgPUE","newName":"status","conceptId":"concept_aGSAXs_record"}},{"AssignType":{"id":"shape_UoJXINgPUE","to":{"StringT":{}},"conceptId":"concept_aGSAXs_record"}},{"AddField":{"parentId":"shape_572pAi0q4Q","id":"shape_S3rarlAQH3","conceptId":"concept_aGSAXs_record"}},{"SetFieldName":{"id":"shape_S3rarlAQH3","newName":"is_primary","conceptId":"concept_aGSAXs_record"}},{"AssignType":{"id":"shape_S3rarlAQH3","to":{"BooleanT":{}},"conceptId":"concept_aGSAXs_record"}},{"AddField":{"parentId":"shape_572pAi0q4Q","id":"shape_jQBoOPwAob","conceptId":"concept_aGSAXs_record"}},{"SetFieldName":{"id":"shape_jQBoOPwAob","newName":"trial_id","conceptId":"concept_aGSAXs_record"}},{"AssignType":{"id":"shape_jQBoOPwAob","to":{"StringT":{}},"conceptId":"concept_aGSAXs_record"}},{"AddField":{"parentId":"shape_572pAi0q4Q","id":"shape_UfTjoDAuIv","conceptId":"concept_aGSAXs_record"}},{"SetFieldName":{"id":"shape_UfTjoDAuIv","newName":"source_id","conceptId":"concept_aGSAXs_record"}},{"AssignType":{"id":"shape_UfTjoDAuIv","to":{"StringT":{}},"conceptId":"concept_aGSAXs_record"}},{"AddField":{"parentId":"shape_572pAi0q4Q","id":"shape_zHDukE3GmU","conceptId":"concept_aGSAXs_record"}},{"SetFieldName":{"id":"shape_zHDukE3GmU","newName":"last_verification_date","conceptId":"concept_aGSAXs_record"}},{"AssignType":{"id":"shape_zHDukE3GmU","to":{"StringT":{}},"conceptId":"concept_aGSAXs_record"}},{"AddField":{"parentId":"shape_572pAi0q4Q","id":"shape_XGyQEN3HEk","conceptId":"concept_aGSAXs_record"}},{"SetFieldName":{"id":"shape_XGyQEN3HEk","newName":"created_at","conceptId":"concept_aGSAXs_record"}},{"AssignType":{"id":"shape_XGyQEN3HEk","to":{"StringT":{}},"conceptId":"concept_aGSAXs_record"}},{"AddField":{"parentId":"shape_572pAi0q4Q","id":"shape_4QwVZpnurF","conceptId":"concept_aGSAXs_record"}},{"SetFieldName":{"id":"shape_4QwVZpnurF","newName":"updated_at","conceptId":"concept_aGSAXs_record"}},{"AssignType":{"id":"shape_4QwVZpnurF","to":{"StringT":{}},"conceptId":"concept_aGSAXs_record"}},{"AddField":{"parentId":"shape_572pAi0q4Q","id":"shape_jceMF1tTYe","conceptId":"concept_aGSAXs_record"}},{"SetFieldName":{"id":"shape_jceMF1tTYe","newName":"trial_url","conceptId":"concept_aGSAXs_record"}},{"AssignType":{"id":"shape_jceMF1tTYe","to":{"StringT":{}},"conceptId":"concept_aGSAXs_record"}},{"AssignType":{"id":"shape_A8Tkdfj6Ja","to":{"ObjectT":{}},"conceptId":"concept_bNBrS6_trialsummary"}},{"AddField":{"parentId":"shape_A8Tkdfj6Ja","id":"shape_y9XrGEZBne","conceptId":"concept_bNBrS6_trialsummary"}},{"SetFieldName":{"id":"shape_y9XrGEZBne","newName":"id","conceptId":"concept_bNBrS6_trialsummary"}},{"AssignType":{"id":"shape_y9XrGEZBne","to":{"StringT":{}},"conceptId":"concept_bNBrS6_trialsummary"}},{"AddField":{"parentId":"shape_A8Tkdfj6Ja","id":"shape_MeSnrOs0wd","conceptId":"concept_bNBrS6_trialsummary"}},{"SetFieldName":{"id":"shape_MeSnrOs0wd","newName":"public_title","conceptId":"concept_bNBrS6_trialsummary"}},{"AssignType":{"id":"shape_MeSnrOs0wd","to":{"StringT":{}},"conceptId":"concept_bNBrS6_trialsummary"}},{"AddField":{"parentId":"shape_A8Tkdfj6Ja","id":"shape_JXwhpTGzXU","conceptId":"concept_bNBrS6_trialsummary"}},{"SetFieldName":{"id":"shape_JXwhpTGzXU","newName":"url","conceptId":"concept_bNBrS6_trialsummary"}},{"AssignType":{"id":"shape_JXwhpTGzXU","to":{"StringT":{}},"conceptId":"concept_bNBrS6_trialsummary"}},{"AssignType":{"id":"shape_D7XrGucUfY","to":{"ObjectT":{}},"conceptId":"concept_EMBUJh_discrepantfieldstring"}},{"AssignType":{"id":"shape_o1V4xwsAk9","to":{"ObjectT":{}},"conceptId":"concept_re74By_publicationsummary"}},{"AddField":{"parentId":"shape_o1V4xwsAk9","id":"shape_ZsFb1R3J0v","conceptId":"concept_re74By_publicationsummary"}},{"SetFieldName":{"id":"shape_ZsFb1R3J0v","newName":"source_url","conceptId":"concept_re74By_publicationsummary"}},{"AssignType":{"id":"shape_ZsFb1R3J0v","to":{"StringT":{}},"conceptId":"concept_re74By_publicationsummary"}},{"AddField":{"parentId":"shape_o1V4xwsAk9","id":"shape_Pqv5w4wBXW","conceptId":"concept_re74By_publicationsummary"}},{"SetFieldName":{"id":"shape_Pqv5w4wBXW","newName":"url","conceptId":"concept_re74By_publicationsummary"}},{"AssignType":{"id":"shape_Pqv5w4wBXW","to":{"StringT":{}},"conceptId":"concept_re74By_publicationsummary"}},{"AddField":{"parentId":"shape_o1V4xwsAk9","id":"shape_lFcrQVzi3m","conceptId":"concept_re74By_publicationsummary"}},{"SetFieldName":{"id":"shape_lFcrQVzi3m","newName":"id","conceptId":"concept_re74By_publicationsummary"}},{"AssignType":{"id":"shape_lFcrQVzi3m","to":{"StringT":{}},"conceptId":"concept_re74By_publicationsummary"}},{"AddField":{"parentId":"shape_o1V4xwsAk9","id":"shape_e6dkgJUPnb","conceptId":"concept_re74By_publicationsummary"}},{"SetFieldName":{"id":"shape_e6dkgJUPnb","newName":"source_id","conceptId":"concept_re74By_publicationsummary"}},{"AssignType":{"id":"shape_e6dkgJUPnb","to":{"StringT":{}},"conceptId":"concept_re74By_publicationsummary"}},{"AddField":{"parentId":"shape_o1V4xwsAk9","id":"shape_qLXg7zjUiy","conceptId":"concept_re74By_publicationsummary"}},{"SetFieldName":{"id":"shape_qLXg7zjUiy","newName":"title","conceptId":"concept_re74By_publicationsummary"}},{"AssignType":{"id":"shape_qLXg7zjUiy","to":{"StringT":{}},"conceptId":"concept_re74By_publicationsummary"}},{"AssignType":{"id":"shape_EHOtnmLz1W","to":{"ObjectT":{}},"conceptId":"concept_xXasvD_intervention"}},{"AddField":{"parentId":"shape_EHOtnmLz1W","id":"shape_DHJU8pzQSb","conceptId":"concept_xXasvD_intervention"}},{"SetFieldName":{"id":"shape_DHJU8pzQSb","newName":"id","conceptId":"concept_xXasvD_intervention"}},{"AssignType":{"id":"shape_DHJU8pzQSb","to":{"StringT":{}},"conceptId":"concept_xXasvD_intervention"}},{"AddField":{"parentId":"shape_EHOtnmLz1W","id":"shape_V6JcUVz208","conceptId":"concept_xXasvD_intervention"}},{"SetFieldName":{"id":"shape_V6JcUVz208","newName":"name","conceptId":"concept_xXasvD_intervention"}},{"AssignType":{"id":"shape_V6JcUVz208","to":{"StringT":{}},"conceptId":"concept_xXasvD_intervention"}},{"AddField":{"parentId":"shape_EHOtnmLz1W","id":"shape_tnUPx7pRdg","conceptId":"concept_xXasvD_intervention"}},{"SetFieldName":{"id":"shape_tnUPx7pRdg","newName":"type","conceptId":"concept_xXasvD_intervention"}},{"AssignType":{"id":"shape_tnUPx7pRdg","to":{"StringT":{}},"conceptId":"concept_xXasvD_intervention"}},{"AddField":{"parentId":"shape_EHOtnmLz1W","id":"shape_8smwKSEHce","conceptId":"concept_xXasvD_intervention"}},{"SetFieldName":{"id":"shape_8smwKSEHce","newName":"url","conceptId":"concept_xXasvD_intervention"}},{"AssignType":{"id":"shape_8smwKSEHce","to":{"StringT":{}},"conceptId":"concept_xXasvD_intervention"}},{"AssignType":{"id":"shape_6qHQr8f5OS","to":{"ObjectT":{}},"conceptId":"concept_0Y1SjL_trialorganisation"}},{"AssignType":{"id":"shape_3FmkCbXwDg","to":{"ObjectT":{}},"conceptId":"concept_D3vAwK_discrepancies"}},{"AddField":{"parentId":"shape_3FmkCbXwDg","id":"shape_wavmQm7rvU","conceptId":"concept_D3vAwK_discrepancies"}},{"SetFieldName":{"id":"shape_wavmQm7rvU","newName":"recruitment_status","conceptId":"concept_D3vAwK_discrepancies"}},{"AssignType":{"id":"shape_wavmQm7rvU","to":{"ListT":{}},"conceptId":"concept_D3vAwK_discrepancies"}},{"AddTypeParameter":{"parentId":"shape_wavmQm7rvU","id":"shape_Z0w8CxGpRc","conceptId":"concept_D3vAwK_discrepancies"}},{"AssignType":{"id":"shape_Z0w8CxGpRc","to":{"RefT":{"conceptId":"concept_EMBUJh_discrepantfieldstring"}},"conceptId":"concept_D3vAwK_discrepancies"}},{"AddField":{"parentId":"shape_3FmkCbXwDg","id":"shape_PPERynl1xl","conceptId":"concept_D3vAwK_discrepancies"}},{"SetFieldName":{"id":"shape_PPERynl1xl","newName":"target_sample_size","conceptId":"concept_D3vAwK_discrepancies"}},{"AssignType":{"id":"shape_PPERynl1xl","to":{"ListT":{}},"conceptId":"concept_D3vAwK_discrepancies"}},{"AddTypeParameter":{"parentId":"shape_PPERynl1xl","id":"shape_f12SEVMjHY","conceptId":"concept_D3vAwK_discrepancies"}},{"AssignType":{"id":"shape_f12SEVMjHY","to":{"RefT":{"conceptId":"concept_IvIiTj_discrepantfieldinteger"}},"conceptId":"concept_D3vAwK_discrepancies"}},{"AddField":{"parentId":"shape_3FmkCbXwDg","id":"shape_xYX3MaUECA","conceptId":"concept_D3vAwK_discrepancies"}},{"SetFieldName":{"id":"shape_xYX3MaUECA","newName":"has_published_results","conceptId":"concept_D3vAwK_discrepancies"}},{"AssignType":{"id":"shape_xYX3MaUECA","to":{"ListT":{}},"conceptId":"concept_D3vAwK_discrepancies"}},{"AddTypeParameter":{"parentId":"shape_xYX3MaUECA","id":"shape_ly9YKiKa1x","conceptId":"concept_D3vAwK_discrepancies"}},{"AssignType":{"id":"shape_ly9YKiKa1x","to":{"RefT":{"conceptId":"concept_uLXHPl_discrepantfieldboolean"}},"conceptId":"concept_D3vAwK_discrepancies"}},{"AddField":{"parentId":"shape_3FmkCbXwDg","id":"shape_drpGIEYYB3","conceptId":"concept_D3vAwK_discrepancies"}},{"SetFieldName":{"id":"shape_drpGIEYYB3","newName":"status","conceptId":"concept_D3vAwK_discrepancies"}},{"AssignType":{"id":"shape_drpGIEYYB3","to":{"ListT":{}},"conceptId":"concept_D3vAwK_discrepancies"}},{"AddTypeParameter":{"parentId":"shape_drpGIEYYB3","id":"shape_cJB2tHFvLp","conceptId":"concept_D3vAwK_discrepancies"}},{"AssignType":{"id":"shape_cJB2tHFvLp","to":{"RefT":{"conceptId":"concept_EMBUJh_discrepantfieldstring"}},"conceptId":"concept_D3vAwK_discrepancies"}},{"AddField":{"parentId":"shape_3FmkCbXwDg","id":"shape_ibIf6K3nS8","conceptId":"concept_D3vAwK_discrepancies"}},{"SetFieldName":{"id":"shape_ibIf6K3nS8","newName":"gender","conceptId":"concept_D3vAwK_discrepancies"}},{"AssignType":{"id":"shape_ibIf6K3nS8","to":{"ListT":{}},"conceptId":"concept_D3vAwK_discrepancies"}},{"AddTypeParameter":{"parentId":"shape_ibIf6K3nS8","id":"shape_tVTmpS2lDB","conceptId":"concept_D3vAwK_discrepancies"}},{"AssignType":{"id":"shape_tVTmpS2lDB","to":{"RefT":{"conceptId":"concept_EMBUJh_discrepantfieldstring"}},"conceptId":"concept_D3vAwK_discrepancies"}},{"AssignType":{"id":"shape_QRkeCNxDzc","to":{"ObjectT":{}},"conceptId":"concept_f6zrpv_triallocation"}},{"AssignType":{"id":"shape_cex1BZX07V","to":{"ObjectT":{}},"conceptId":"concept_oXGXtj_autocompleteresults"}},{"AddField":{"parentId":"shape_cex1BZX07V","id":"shape_EDYTeJl6oq","conceptId":"concept_oXGXtj_autocompleteresults"}},{"SetFieldName":{"id":"shape_EDYTeJl6oq","newName":"items","conceptId":"concept_oXGXtj_autocompleteresults"}},{"AssignType":{"id":"shape_EDYTeJl6oq","to":{"ListT":{}},"conceptId":"concept_oXGXtj_autocompleteresults"}},{"AddTypeParameter":{"parentId":"shape_EDYTeJl6oq","id":"shape_bbKEJienmR","conceptId":"concept_oXGXtj_autocompleteresults"}},{"AssignType":{"id":"shape_bbKEJienmR","to":{"RefT":{"conceptId":"concept_Tyqn5j_autocompleteresult"}},"conceptId":"concept_oXGXtj_autocompleteresults"}},{"AddField":{"parentId":"shape_cex1BZX07V","id":"shape_aQ4iSXIpPE","conceptId":"concept_oXGXtj_autocompleteresults"}},{"SetFieldName":{"id":"shape_aQ4iSXIpPE","newName":"total_count","conceptId":"concept_oXGXtj_autocompleteresults"}},{"AssignType":{"id":"shape_aQ4iSXIpPE","to":{"IntegerT":{}},"conceptId":"concept_oXGXtj_autocompleteresults"}},{"AssignType":{"id":"shape_c4LchZRqES","to":{"ObjectT":{}},"conceptId":"concept_Z9L106_organisation"}},{"AddField":{"parentId":"shape_c4LchZRqES","id":"shape_7rqMfHvXfX","conceptId":"concept_Z9L106_organisation"}},{"SetFieldName":{"id":"shape_7rqMfHvXfX","newName":"id","conceptId":"concept_Z9L106_organisation"}},{"AssignType":{"id":"shape_7rqMfHvXfX","to":{"StringT":{}},"conceptId":"concept_Z9L106_organisation"}},{"AddField":{"parentId":"shape_c4LchZRqES","id":"shape_7dogXcrx8Q","conceptId":"concept_Z9L106_organisation"}},{"SetFieldName":{"id":"shape_7dogXcrx8Q","newName":"name","conceptId":"concept_Z9L106_organisation"}},{"AssignType":{"id":"shape_7dogXcrx8Q","to":{"StringT":{}},"conceptId":"concept_Z9L106_organisation"}},{"AddField":{"parentId":"shape_c4LchZRqES","id":"shape_abjoD1xWvi","conceptId":"concept_Z9L106_organisation"}},{"SetFieldName":{"id":"shape_abjoD1xWvi","newName":"url","conceptId":"concept_Z9L106_organisation"}},{"AssignType":{"id":"shape_abjoD1xWvi","to":{"StringT":{}},"conceptId":"concept_Z9L106_organisation"}},{"AssignType":{"id":"shape_4v5Xi7nPZl","to":{"ObjectT":{}},"conceptId":"concept_2ABx3V_fdaapplication"}},{"AddField":{"parentId":"shape_4v5Xi7nPZl","id":"shape_pi9Nu7g0gw","conceptId":"concept_2ABx3V_fdaapplication"}},{"SetFieldName":{"id":"shape_pi9Nu7g0gw","newName":"organisation","conceptId":"concept_2ABx3V_fdaapplication"}},{"AssignType":{"id":"shape_pi9Nu7g0gw","to":{"RefT":{"conceptId":"concept_Z9L106_organisation"}},"conceptId":"concept_2ABx3V_fdaapplication"}},{"AddField":{"parentId":"shape_4v5Xi7nPZl","id":"shape_0NNTkhmfMb","conceptId":"concept_2ABx3V_fdaapplication"}},{"SetFieldName":{"id":"shape_0NNTkhmfMb","newName":"url","conceptId":"concept_2ABx3V_fdaapplication"}},{"AssignType":{"id":"shape_0NNTkhmfMb","to":{"StringT":{}},"conceptId":"concept_2ABx3V_fdaapplication"}},{"AddField":{"parentId":"shape_4v5Xi7nPZl","id":"shape_hHPDwLkHPu","conceptId":"concept_2ABx3V_fdaapplication"}},{"SetFieldName":{"id":"shape_hHPDwLkHPu","newName":"drug_name","conceptId":"concept_2ABx3V_fdaapplication"}},{"AssignType":{"id":"shape_hHPDwLkHPu","to":{"StringT":{}},"conceptId":"concept_2ABx3V_fdaapplication"}},{"AddField":{"parentId":"shape_4v5Xi7nPZl","id":"shape_hdQyN1J6jy","conceptId":"concept_2ABx3V_fdaapplication"}},{"SetFieldName":{"id":"shape_hdQyN1J6jy","newName":"active_ingredients","conceptId":"concept_2ABx3V_fdaapplication"}},{"AssignType":{"id":"shape_hdQyN1J6jy","to":{"StringT":{}},"conceptId":"concept_2ABx3V_fdaapplication"}},{"AddField":{"parentId":"shape_4v5Xi7nPZl","id":"shape_XlFMJydwpk","conceptId":"concept_2ABx3V_fdaapplication"}},{"SetFieldName":{"id":"shape_XlFMJydwpk","newName":"fda_approvals","conceptId":"concept_2ABx3V_fdaapplication"}},{"AssignType":{"id":"shape_XlFMJydwpk","to":{"ListT":{}},"conceptId":"concept_2ABx3V_fdaapplication"}},{"AddTypeParameter":{"parentId":"shape_XlFMJydwpk","id":"shape_L2T2h4Fxsg","conceptId":"concept_2ABx3V_fdaapplication"}},{"AssignType":{"id":"shape_L2T2h4Fxsg","to":{"RefT":{"conceptId":"concept_jMdHQq_fdaapproval"}},"conceptId":"concept_2ABx3V_fdaapplication"}},{"AddField":{"parentId":"shape_4v5Xi7nPZl","id":"shape_2kyDHw6LSY","conceptId":"concept_2ABx3V_fdaapplication"}},{"SetFieldName":{"id":"shape_2kyDHw6LSY","newName":"id","conceptId":"concept_2ABx3V_fdaapplication"}},{"AssignType":{"id":"shape_2kyDHw6LSY","to":{"StringT":{}},"conceptId":"concept_2ABx3V_fdaapplication"}},{"AddField":{"parentId":"shape_4v5Xi7nPZl","id":"shape_UiHkMxWBmC","conceptId":"concept_2ABx3V_fdaapplication"}},{"SetFieldName":{"id":"shape_UiHkMxWBmC","newName":"type","conceptId":"concept_2ABx3V_fdaapplication"}},{"AssignType":{"id":"shape_UiHkMxWBmC","to":{"StringT":{}},"conceptId":"concept_2ABx3V_fdaapplication"}},{"AssignType":{"id":"shape_ohRrm2ifiR","to":{"ObjectT":{}},"conceptId":"concept_jMdHQq_fdaapproval"}},{"AddField":{"parentId":"shape_ohRrm2ifiR","id":"shape_9lhIRDgyEA","conceptId":"concept_jMdHQq_fdaapproval"}},{"SetFieldName":{"id":"shape_9lhIRDgyEA","newName":"supplement_number","conceptId":"concept_jMdHQq_fdaapproval"}},{"AssignType":{"id":"shape_9lhIRDgyEA","to":{"IntegerT":{}},"conceptId":"concept_jMdHQq_fdaapproval"}},{"AddField":{"parentId":"shape_ohRrm2ifiR","id":"shape_7Xej8DPNzW","conceptId":"concept_jMdHQq_fdaapproval"}},{"SetFieldName":{"id":"shape_7Xej8DPNzW","newName":"id","conceptId":"concept_jMdHQq_fdaapproval"}},{"AssignType":{"id":"shape_7Xej8DPNzW","to":{"StringT":{}},"conceptId":"concept_jMdHQq_fdaapproval"}},{"AddField":{"parentId":"shape_ohRrm2ifiR","id":"shape_95hBVmRqPv","conceptId":"concept_jMdHQq_fdaapproval"}},{"SetFieldName":{"id":"shape_95hBVmRqPv","newName":"fda_application","conceptId":"concept_jMdHQq_fdaapproval"}},{"AssignType":{"id":"shape_95hBVmRqPv","to":{"RefT":{"conceptId":"concept_2ABx3V_fdaapplication"}},"conceptId":"concept_jMdHQq_fdaapproval"}},{"AddField":{"parentId":"shape_ohRrm2ifiR","id":"shape_7VwYhDf19k","conceptId":"concept_jMdHQq_fdaapproval"}},{"SetFieldName":{"id":"shape_7VwYhDf19k","newName":"notes","conceptId":"concept_jMdHQq_fdaapproval"}},{"AssignType":{"id":"shape_7VwYhDf19k","to":{"StringT":{}},"conceptId":"concept_jMdHQq_fdaapproval"}},{"AddField":{"parentId":"shape_ohRrm2ifiR","id":"shape_crX8ROq8Ba","conceptId":"concept_jMdHQq_fdaapproval"}},{"SetFieldName":{"id":"shape_crX8ROq8Ba","newName":"type","conceptId":"concept_jMdHQq_fdaapproval"}},{"AssignType":{"id":"shape_crX8ROq8Ba","to":{"StringT":{}},"conceptId":"concept_jMdHQq_fdaapproval"}},{"AddField":{"parentId":"shape_ohRrm2ifiR","id":"shape_jJwV9S438a","conceptId":"concept_jMdHQq_fdaapproval"}},{"SetFieldName":{"id":"shape_jJwV9S438a","newName":"action_date","conceptId":"concept_jMdHQq_fdaapproval"}},{"AssignType":{"id":"shape_jJwV9S438a","to":{"StringT":{}},"conceptId":"concept_jMdHQq_fdaapproval"}},{"AssignType":{"id":"shape_6QeRJdW243","to":{"ListT":{}},"conceptId":"concept_zJ0WnR_recordlist"}},{"AddTypeParameter":{"parentId":"shape_6QeRJdW243","id":"shape_3sauDDA76X","conceptId":"concept_zJ0WnR_recordlist"}},{"AssignType":{"id":"shape_3sauDDA76X","to":{"RefT":{"conceptId":"concept_aGSAXs_record"}},"conceptId":"concept_zJ0WnR_recordlist"}},{"AssignType":{"id":"shape_lLhZJVEKky","to":{"ObjectT":{}},"conceptId":"concept_9iiL3F_document"}},{"AddField":{"parentId":"shape_lLhZJVEKky","id":"shape_oU98I1hpZ1","conceptId":"concept_9iiL3F_document"}},{"SetFieldName":{"id":"shape_oU98I1hpZ1","newName":"source_url","conceptId":"concept_9iiL3F_document"}},{"AssignType":{"id":"shape_oU98I1hpZ1","to":{"StringT":{}},"conceptId":"concept_9iiL3F_document"}},{"AddField":{"parentId":"shape_lLhZJVEKky","id":"shape_DP6cE1XXQy","conceptId":"concept_9iiL3F_document"}},{"SetFieldName":{"id":"shape_DP6cE1XXQy","newName":"name","conceptId":"concept_9iiL3F_document"}},{"AssignType":{"id":"shape_DP6cE1XXQy","to":{"StringT":{}},"conceptId":"concept_9iiL3F_document"}},{"AddField":{"parentId":"shape_lLhZJVEKky","id":"shape_KDqLXxpqMt","conceptId":"concept_9iiL3F_document"}},{"SetFieldName":{"id":"shape_KDqLXxpqMt","newName":"source","conceptId":"concept_9iiL3F_document"}},{"AssignType":{"id":"shape_KDqLXxpqMt","to":{"RefT":{"conceptId":"concept_9E8c3a_source"}},"conceptId":"concept_9iiL3F_document"}},{"AddField":{"parentId":"shape_lLhZJVEKky","id":"shape_qyGV6cpRzN","conceptId":"concept_9iiL3F_document"}},{"SetFieldName":{"id":"shape_qyGV6cpRzN","newName":"url","conceptId":"concept_9iiL3F_document"}},{"AssignType":{"id":"shape_qyGV6cpRzN","to":{"StringT":{}},"conceptId":"concept_9iiL3F_document"}},{"AddField":{"parentId":"shape_lLhZJVEKky","id":"shape_NZSBzSsckS","conceptId":"concept_9iiL3F_document"}},{"SetFieldName":{"id":"shape_NZSBzSsckS","newName":"document_category","conceptId":"concept_9iiL3F_document"}},{"AssignType":{"id":"shape_NZSBzSsckS","to":{"RefT":{"conceptId":"concept_LDQ1sM_documentcategory"}},"conceptId":"concept_9iiL3F_document"}},{"AddField":{"parentId":"shape_lLhZJVEKky","id":"shape_CaSL9AGsyw","conceptId":"concept_9iiL3F_document"}},{"SetFieldName":{"id":"shape_CaSL9AGsyw","newName":"id","conceptId":"concept_9iiL3F_document"}},{"AssignType":{"id":"shape_CaSL9AGsyw","to":{"StringT":{}},"conceptId":"concept_9iiL3F_document"}},{"AddField":{"parentId":"shape_lLhZJVEKky","id":"shape_8nFIOWVMdi","conceptId":"concept_9iiL3F_document"}},{"SetFieldName":{"id":"shape_8nFIOWVMdi","newName":"fda_application","conceptId":"concept_9iiL3F_document"}},{"AssignType":{"id":"shape_8nFIOWVMdi","to":{"RefT":{"conceptId":"concept_2ABx3V_fdaapplication"}},"conceptId":"concept_9iiL3F_document"}},{"AddField":{"parentId":"shape_lLhZJVEKky","id":"shape_I7aISm6Ye7","conceptId":"concept_9iiL3F_document"}},{"SetFieldName":{"id":"shape_I7aISm6Ye7","newName":"trials","conceptId":"concept_9iiL3F_document"}},{"AssignType":{"id":"shape_I7aISm6Ye7","to":{"ListT":{}},"conceptId":"concept_9iiL3F_document"}},{"AddTypeParameter":{"parentId":"shape_I7aISm6Ye7","id":"shape_v2JR8MQb3k","conceptId":"concept_9iiL3F_document"}},{"AssignType":{"id":"shape_v2JR8MQb3k","to":{"RefT":{"conceptId":"concept_bNBrS6_trialsummary"}},"conceptId":"concept_9iiL3F_document"}},{"AddField":{"parentId":"shape_lLhZJVEKky","id":"shape_VoOIZyuZk8","conceptId":"concept_9iiL3F_document"}},{"SetFieldName":{"id":"shape_VoOIZyuZk8","newName":"file","conceptId":"concept_9iiL3F_document"}},{"AssignType":{"id":"shape_VoOIZyuZk8","to":{"RefT":{"conceptId":"concept_AYI2wj_file"}},"conceptId":"concept_9iiL3F_document"}},{"AddPathComponent":{"pathId":"8X2V3V_path_0","parentPathId":"root","name":"conditions"}},{"AddPathParameter":{"pathId":"8X2V3V_path_1","parentPathId":"8X2V3V_path_0","name":"id"}},{"AddPathComponent":{"pathId":"8X2V3V_path_2","parentPathId":"root","name":"document_categories"}},{"AddPathComponent":{"pathId":"8X2V3V_path_3","parentPathId":"root","name":"documents"}},{"AddPathParameter":{"pathId":"8X2V3V_path_4","parentPathId":"8X2V3V_path_3","name":"id"}},{"AddPathComponent":{"pathId":"8X2V3V_path_5","parentPathId":"root","name":"fda_applications"}},{"AddPathParameter":{"pathId":"8X2V3V_path_6","parentPathId":"8X2V3V_path_5","name":"id"}},{"AddPathComponent":{"pathId":"8X2V3V_path_7","parentPathId":"root","name":"interventions"}},{"AddPathParameter":{"pathId":"8X2V3V_path_8","parentPathId":"8X2V3V_path_7","name":"id"}},{"AddPathComponent":{"pathId":"8X2V3V_path_9","parentPathId":"root","name":"organisations"}},{"AddPathParameter":{"pathId":"8X2V3V_path_10","parentPathId":"8X2V3V_path_9","name":"id"}},{"AddPathComponent":{"pathId":"8X2V3V_path_11","parentPathId":"root","name":"persons"}},{"AddPathParameter":{"pathId":"8X2V3V_path_12","parentPathId":"8X2V3V_path_11","name":"id"}},{"AddPathComponent":{"pathId":"8X2V3V_path_13","parentPathId":"root","name":"publications"}},{"AddPathParameter":{"pathId":"8X2V3V_path_14","parentPathId":"8X2V3V_path_13","name":"id"}},{"AddPathComponent":{"pathId":"8X2V3V_path_15","parentPathId":"root","name":"search"}},{"AddPathComponent":{"pathId":"8X2V3V_path_16","parentPathId":"8X2V3V_path_15","name":"autocomplete"}},{"AddPathParameter":{"pathId":"8X2V3V_path_17","parentPathId":"8X2V3V_path_16","name":"in"}},{"AddPathComponent":{"pathId":"8X2V3V_path_18","parentPathId":"8X2V3V_path_15","name":"fda_documents"}},{"AddPathComponent":{"pathId":"8X2V3V_path_19","parentPathId":"root","name":"sources"}},{"AddPathComponent":{"pathId":"8X2V3V_path_20","parentPathId":"root","name":"swagger.yaml"}},{"AddPathComponent":{"pathId":"8X2V3V_path_21","parentPathId":"root","name":"trials"}},{"AddPathParameter":{"pathId":"8X2V3V_path_22","parentPathId":"8X2V3V_path_21","name":"id"}},{"AddPathComponent":{"pathId":"8X2V3V_path_23","parentPathId":"8X2V3V_path_22","name":"records"}},{"AddPathParameter":{"pathId":"8X2V3V_path_24","parentPathId":"8X2V3V_path_23","name":"id"}},{"AddRequest":{"requestId":"path_ZjIgD2I3Oe}_get","pathId":"8X2V3V_path_22","httpMethod":"get"}},{"AddResponse":{"responseId":"response_rxEUUzmbds","requestId":"path_ZjIgD2I3Oe}_get","httpStatusCode":200}},{"DefineInlineConcept":{"root":"shape_ZerLFdNeZT","conceptId":"concept_dCB4rCIK3MK6"}},{"AssignType":{"id":"shape_ZerLFdNeZT","to":{"RefT":{"conceptId":"concept_hi065S_trial"}},"conceptId":"concept_dCB4rCIK3MK6"}},{"AddResponse":{"responseId":"response_qWN4DvmNBC","requestId":"path_ZjIgD2I3Oe}_get","httpStatusCode":404}},{"AddRequest":{"requestId":"path_unscyvvZ3U}_get","pathId":"8X2V3V_path_17","httpMethod":"get"}},{"AddResponse":{"responseId":"response_IyEYIoiM0p","requestId":"path_unscyvvZ3U}_get","httpStatusCode":200}},{"DefineInlineConcept":{"root":"shape_BAjN4irkOJ","conceptId":"concept_6ucWkEqEYOJN"}},{"AssignType":{"id":"shape_BAjN4irkOJ","to":{"RefT":{"conceptId":"concept_oXGXtj_autocompleteresults"}},"conceptId":"concept_6ucWkEqEYOJN"}},{"AddRequest":{"requestId":"path_25yVPWTe0b}_get","pathId":"8X2V3V_path_24","httpMethod":"get"}},{"AddResponse":{"responseId":"response_VZBsY21DE6","requestId":"path_25yVPWTe0b}_get","httpStatusCode":200}},{"DefineInlineConcept":{"root":"shape_wtvpohpPFf","conceptId":"concept_uNXaXhcoVAnu"}},{"AssignType":{"id":"shape_wtvpohpPFf","to":{"RefT":{"conceptId":"concept_aGSAXs_record"}},"conceptId":"concept_uNXaXhcoVAnu"}},{"AddResponse":{"responseId":"response_K4oSTN0xw4","requestId":"path_25yVPWTe0b}_get","httpStatusCode":404}},{"AddRequest":{"requestId":"path_CZHMt4s9X3}_get","pathId":"8X2V3V_path_2","httpMethod":"get"}},{"AddResponse":{"responseId":"response_hJGfMheXtI","requestId":"path_CZHMt4s9X3}_get","httpStatusCode":200}},{"DefineInlineConcept":{"root":"shape_EScgzN1IFB","conceptId":"concept_6FuF5T2YaawE"}},{"AssignType":{"id":"shape_EScgzN1IFB","to":{"RefT":{"conceptId":"concept_52PFSJ_documentcategorylist"}},"conceptId":"concept_6FuF5T2YaawE"}},{"AddRequest":{"requestId":"path_0FYnvStJDj}_get","pathId":"8X2V3V_path_5","httpMethod":"get"}},{"AddResponse":{"responseId":"response_Sll7MLFCLo","requestId":"path_0FYnvStJDj}_get","httpStatusCode":200}},{"DefineInlineConcept":{"root":"shape_yOWka16AtM","conceptId":"concept_GOG5zaxM0nrI"}},{"AssignType":{"id":"shape_yOWka16AtM","to":{"RefT":{"conceptId":"concept_UUWQSW_fdaapplicationlist"}},"conceptId":"concept_GOG5zaxM0nrI"}},{"AddRequest":{"requestId":"path_6glYnwQNh0}_get","pathId":"8X2V3V_path_12","httpMethod":"get"}},{"AddResponse":{"responseId":"response_j8hWOo0pK3","requestId":"path_6glYnwQNh0}_get","httpStatusCode":200}},{"DefineInlineConcept":{"root":"shape_cEhY55GUnp","conceptId":"concept_PkXlz6bWjiXM"}},{"AssignType":{"id":"shape_cEhY55GUnp","to":{"RefT":{"conceptId":"concept_MjC85R_person"}},"conceptId":"concept_PkXlz6bWjiXM"}},{"AddResponse":{"responseId":"response_TXEtnw9ObU","requestId":"path_6glYnwQNh0}_get","httpStatusCode":404}},{"AddRequest":{"requestId":"path_zMAin0N6Zc}_get","pathId":"8X2V3V_path_3","httpMethod":"get"}},{"AddResponse":{"responseId":"response_34F1RRR4CT","requestId":"path_zMAin0N6Zc}_get","httpStatusCode":200}},{"DefineInlineConcept":{"root":"shape_gluXJvHi8d","conceptId":"concept_003n0QASeO5N"}},{"AssignType":{"id":"shape_gluXJvHi8d","to":{"RefT":{"conceptId":"concept_73NS8w_documentlist"}},"conceptId":"concept_003n0QASeO5N"}},{"AddRequest":{"requestId":"path_qqMoh49jTX}_get","pathId":"8X2V3V_path_14","httpMethod":"get"}},{"AddResponse":{"responseId":"response_CIg93q2Jvk","requestId":"path_qqMoh49jTX}_get","httpStatusCode":200}},{"DefineInlineConcept":{"root":"shape_z93U399RDT","conceptId":"concept_imXXYLD1GzT6"}},{"AssignType":{"id":"shape_z93U399RDT","to":{"RefT":{"conceptId":"concept_oJQhT0_publication"}},"conceptId":"concept_imXXYLD1GzT6"}},{"AddResponse":{"responseId":"response_ea6lMFvzKn","requestId":"path_qqMoh49jTX}_get","httpStatusCode":404}},{"AddRequest":{"requestId":"path_SaWegp9Ltj}_get","pathId":"8X2V3V_path_18","httpMethod":"get"}},{"AddResponse":{"responseId":"response_VMN2TlNUir","requestId":"path_SaWegp9Ltj}_get","httpStatusCode":200}},{"DefineInlineConcept":{"root":"shape_5Fw6B6o5sa","conceptId":"concept_mpaH1TdfQM0v"}},{"AssignType":{"id":"shape_5Fw6B6o5sa","to":{"RefT":{"conceptId":"concept_msZ8BQ_fdadocumentsearchresults"}},"conceptId":"concept_mpaH1TdfQM0v"}},{"AddRequest":{"requestId":"path_cjEKHyxIuh}_get","pathId":"8X2V3V_path_19","httpMethod":"get"}},{"AddResponse":{"responseId":"response_hMCFhExJpJ","requestId":"path_cjEKHyxIuh}_get","httpStatusCode":200}},{"DefineInlineConcept":{"root":"shape_ULRP8MB15L","conceptId":"concept_cFX9tA8pwo4a"}},{"AssignType":{"id":"shape_ULRP8MB15L","to":{"RefT":{"conceptId":"concept_7wCHvF_sourcelist"}},"conceptId":"concept_cFX9tA8pwo4a"}},{"AddRequest":{"requestId":"path_a3Z1mN4FIc}_get","pathId":"8X2V3V_path_4","httpMethod":"get"}},{"AddResponse":{"responseId":"response_iYKmV4rsZD","requestId":"path_a3Z1mN4FIc}_get","httpStatusCode":200}},{"DefineInlineConcept":{"root":"shape_2iGCLpWDoh","conceptId":"concept_ifriepyJCEY2"}},{"AssignType":{"id":"shape_2iGCLpWDoh","to":{"RefT":{"conceptId":"concept_9iiL3F_document"}},"conceptId":"concept_ifriepyJCEY2"}},{"AddResponse":{"responseId":"response_rtBA2t2lWQ","requestId":"path_a3Z1mN4FIc}_get","httpStatusCode":404}},{"AddRequest":{"requestId":"path_30CINHxOoz}_get","pathId":"8X2V3V_path_6","httpMethod":"get"}},{"AddResponse":{"responseId":"response_mp62rWw75j","requestId":"path_30CINHxOoz}_get","httpStatusCode":200}},{"DefineInlineConcept":{"root":"shape_ALWgvZgu71","conceptId":"concept_dlDWbiHaFfox"}},{"AssignType":{"id":"shape_ALWgvZgu71","to":{"RefT":{"conceptId":"concept_2ABx3V_fdaapplication"}},"conceptId":"concept_dlDWbiHaFfox"}},{"AddResponse":{"responseId":"response_MFebIpgm2j","requestId":"path_30CINHxOoz}_get","httpStatusCode":404}},{"AddRequest":{"requestId":"path_1NBGQNpdJr}_get","pathId":"8X2V3V_path_1","httpMethod":"get"}},{"AddResponse":{"responseId":"response_iKyTABo0eN","requestId":"path_1NBGQNpdJr}_get","httpStatusCode":200}},{"DefineInlineConcept":{"root":"shape_EtZA7sB0ND","conceptId":"concept_2rMreXsSLHdD"}},{"AssignType":{"id":"shape_EtZA7sB0ND","to":{"RefT":{"conceptId":"concept_R5qcqv_condition"}},"conceptId":"concept_2rMreXsSLHdD"}},{"AddResponse":{"responseId":"response_LlMOfsPwZr","requestId":"path_1NBGQNpdJr}_get","httpStatusCode":404}},{"AddRequest":{"requestId":"path_Gw0qWatxWw}_get","pathId":"8X2V3V_path_8","httpMethod":"get"}},{"AddResponse":{"responseId":"response_gtbdyNFWkM","requestId":"path_Gw0qWatxWw}_get","httpStatusCode":200}},{"DefineInlineConcept":{"root":"shape_hE37BlvFNS","conceptId":"concept_hMAZqIOR1imd"}},{"AssignType":{"id":"shape_hE37BlvFNS","to":{"RefT":{"conceptId":"concept_xXasvD_intervention"}},"conceptId":"concept_hMAZqIOR1imd"}},{"AddResponse":{"responseId":"response_adEUJv4JhC","requestId":"path_Gw0qWatxWw}_get","httpStatusCode":404}},{"AddRequest":{"requestId":"path_YVcnQMCcQm}_get","pathId":"8X2V3V_path_23","httpMethod":"get"}},{"AddResponse":{"responseId":"response_ywTXJsK4Ja","requestId":"path_YVcnQMCcQm}_get","httpStatusCode":200}},{"DefineInlineConcept":{"root":"shape_YKfl7vdJaB","conceptId":"concept_EqUloAOjJhcz"}},{"AssignType":{"id":"shape_YKfl7vdJaB","to":{"RefT":{"conceptId":"concept_zJ0WnR_recordlist"}},"conceptId":"concept_EqUloAOjJhcz"}},{"AddResponse":{"responseId":"response_fSzsh5tnV0","requestId":"path_YVcnQMCcQm}_get","httpStatusCode":404}},{"AddRequest":{"requestId":"path_qczAmqJqau}_get","pathId":"8X2V3V_path_10","httpMethod":"get"}},{"AddResponse":{"responseId":"response_NwiphWThMr","requestId":"path_qczAmqJqau}_get","httpStatusCode":200}},{"DefineInlineConcept":{"root":"shape_xfeYL75XO2","conceptId":"concept_0RSPAoUP3GtV"}},{"AssignType":{"id":"shape_xfeYL75XO2","to":{"RefT":{"conceptId":"concept_Z9L106_organisation"}},"conceptId":"concept_0RSPAoUP3GtV"}},{"AddResponse":{"responseId":"response_3hE6vR1MZW","requestId":"path_qczAmqJqau}_get","httpStatusCode":404}},{"AddRequest":{"requestId":"path_lwsWOh9gta}_get","pathId":"8X2V3V_path_15","httpMethod":"get"}},{"AddResponse":{"responseId":"response_hI3KeHLj7p","requestId":"path_lwsWOh9gta}_get","httpStatusCode":200}},{"DefineInlineConcept":{"root":"shape_Hsyj861ww4","conceptId":"concept_zbF6AJkqjxIL"}},{"AssignType":{"id":"shape_Hsyj861ww4","to":{"RefT":{"conceptId":"concept_maqwmc_trialsearchresults"}},"conceptId":"concept_zbF6AJkqjxIL"}},{"SetResponseBodyShape":{"responseId":"response_rxEUUzmbds","bodyDescriptor":{"httpContentType":"application/json","conceptId":"concept_dCB4rCIK3MK6"}}},{"SetResponseBodyShape":{"responseId":"response_IyEYIoiM0p","bodyDescriptor":{"httpContentType":"application/json","conceptId":"concept_6ucWkEqEYOJN"}}},{"SetResponseBodyShape":{"responseId":"response_VZBsY21DE6","bodyDescriptor":{"httpContentType":"application/json","conceptId":"concept_uNXaXhcoVAnu"}}},{"SetResponseBodyShape":{"responseId":"response_hJGfMheXtI","bodyDescriptor":{"httpContentType":"application/json","conceptId":"concept_6FuF5T2YaawE"}}},{"SetResponseBodyShape":{"responseId":"response_Sll7MLFCLo","bodyDescriptor":{"httpContentType":"application/json","conceptId":"concept_GOG5zaxM0nrI"}}},{"SetResponseBodyShape":{"responseId":"response_j8hWOo0pK3","bodyDescriptor":{"httpContentType":"application/json","conceptId":"concept_PkXlz6bWjiXM"}}},{"SetResponseBodyShape":{"responseId":"response_34F1RRR4CT","bodyDescriptor":{"httpContentType":"application/json","conceptId":"concept_003n0QASeO5N"}}},{"SetResponseBodyShape":{"responseId":"response_CIg93q2Jvk","bodyDescriptor":{"httpContentType":"application/json","conceptId":"concept_imXXYLD1GzT6"}}},{"SetResponseBodyShape":{"responseId":"response_VMN2TlNUir","bodyDescriptor":{"httpContentType":"application/json","conceptId":"concept_mpaH1TdfQM0v"}}},{"SetResponseBodyShape":{"responseId":"response_hMCFhExJpJ","bodyDescriptor":{"httpContentType":"application/json","conceptId":"concept_cFX9tA8pwo4a"}}},{"SetResponseBodyShape":{"responseId":"response_iYKmV4rsZD","bodyDescriptor":{"httpContentType":"application/json","conceptId":"concept_ifriepyJCEY2"}}},{"SetResponseBodyShape":{"responseId":"response_mp62rWw75j","bodyDescriptor":{"httpContentType":"application/json","conceptId":"concept_dlDWbiHaFfox"}}},{"SetResponseBodyShape":{"responseId":"response_iKyTABo0eN","bodyDescriptor":{"httpContentType":"application/json","conceptId":"concept_2rMreXsSLHdD"}}},{"SetResponseBodyShape":{"responseId":"response_gtbdyNFWkM","bodyDescriptor":{"httpContentType":"application/json","conceptId":"concept_hMAZqIOR1imd"}}},{"SetResponseBodyShape":{"responseId":"response_ywTXJsK4Ja","bodyDescriptor":{"httpContentType":"application/json","conceptId":"concept_EqUloAOjJhcz"}}},{"SetResponseBodyShape":{"responseId":"response_NwiphWThMr","bodyDescriptor":{"httpContentType":"application/json","conceptId":"concept_0RSPAoUP3GtV"}}},{"SetResponseBodyShape":{"responseId":"response_hI3KeHLj7p","bodyDescriptor":{"httpContentType":"application/json","conceptId":"concept_zbF6AJkqjxIL"}}}]