[{"AddPathComponent":{"pathId":"2j0btp_path_0","parentPathId":"root","name":"atms"}},{"AddPathComponent":{"pathId":"2j0btp_path_1","parentPathId":"root","name":"branches"}},{"AddPathComponent":{"pathId":"2j0btp_path_2","parentPathId":"root","name":"business-current-accounts"}},{"AddPathComponent":{"pathId":"2j0btp_path_3","parentPathId":"root","name":"commercial-credit-cards"}},{"AddPathComponent":{"pathId":"2j0btp_path_4","parentPathId":"root","name":"personal-current-accounts"}},{"AddPathComponent":{"pathId":"2j0btp_path_5","parentPathId":"root","name":"unsecured-sme-loans"}},{"AddRequest":{"requestId":"path_ph6YEvgdC1}_get","pathId":"2j0btp_path_0","httpMethod":"get"}},{"AddResponse":{"responseId":"response_v7QGuWVrOs","requestId":"path_ph6YEvgdC1}_get","httpStatusCode":400}},{"DefineInlineConcept":{"root":"shape_iWxRL5tNAY","conceptId":"concept_nJMtiIF98acO"}},{"AssignType":{"id":"shape_iWxRL5tNAY","to":{"ObjectT":{}},"conceptId":"concept_nJMtiIF98acO"}},{"AddField":{"parentId":"shape_iWxRL5tNAY","id":"shape_UhWGiCFYln","conceptId":"concept_nJMtiIF98acO"}},{"SetFieldName":{"id":"shape_UhWGiCFYln","newName":"description","conceptId":"concept_nJMtiIF98acO"}},{"AssignType":{"id":"shape_UhWGiCFYln","to":{"StringT":{}},"conceptId":"concept_nJMtiIF98acO"}},{"AddField":{"parentId":"shape_iWxRL5tNAY","id":"shape_g8pSvdmy8d","conceptId":"concept_nJMtiIF98acO"}},{"SetFieldName":{"id":"shape_g8pSvdmy8d","newName":"status","conceptId":"concept_nJMtiIF98acO"}},{"AssignType":{"id":"shape_g8pSvdmy8d","to":{"StringT":{}},"conceptId":"concept_nJMtiIF98acO"}},{"AddField":{"parentId":"shape_iWxRL5tNAY","id":"shape_B1K9RLS9XL","conceptId":"concept_nJMtiIF98acO"}},{"SetFieldName":{"id":"shape_B1K9RLS9XL","newName":"title","conceptId":"concept_nJMtiIF98acO"}},{"AssignType":{"id":"shape_B1K9RLS9XL","to":{"StringT":{}},"conceptId":"concept_nJMtiIF98acO"}},{"AddResponse":{"responseId":"response_g0l7RpAqUN","requestId":"path_ph6YEvgdC1}_get","httpStatusCode":429}},{"DefineInlineConcept":{"root":"shape_xfL2ucNfMU","conceptId":"concept_BiKshL2lGlR7"}},{"AssignType":{"id":"shape_xfL2ucNfMU","to":{"ObjectT":{}},"conceptId":"concept_BiKshL2lGlR7"}},{"AddField":{"parentId":"shape_xfL2ucNfMU","id":"shape_CsUI2JcWPy","conceptId":"concept_BiKshL2lGlR7"}},{"SetFieldName":{"id":"shape_CsUI2JcWPy","newName":"description","conceptId":"concept_BiKshL2lGlR7"}},{"AssignType":{"id":"shape_CsUI2JcWPy","to":{"StringT":{}},"conceptId":"concept_BiKshL2lGlR7"}},{"AddField":{"parentId":"shape_xfL2ucNfMU","id":"shape_Njo9iWnU8C","conceptId":"concept_BiKshL2lGlR7"}},{"SetFieldName":{"id":"shape_Njo9iWnU8C","newName":"status","conceptId":"concept_BiKshL2lGlR7"}},{"AssignType":{"id":"shape_Njo9iWnU8C","to":{"StringT":{}},"conceptId":"concept_BiKshL2lGlR7"}},{"AddField":{"parentId":"shape_xfL2ucNfMU","id":"shape_Y0uOIqopyg","conceptId":"concept_BiKshL2lGlR7"}},{"SetFieldName":{"id":"shape_Y0uOIqopyg","newName":"title","conceptId":"concept_BiKshL2lGlR7"}},{"AssignType":{"id":"shape_Y0uOIqopyg","to":{"StringT":{}},"conceptId":"concept_BiKshL2lGlR7"}},{"AddResponse":{"responseId":"response_zQwp30mlIB","requestId":"path_ph6YEvgdC1}_get","httpStatusCode":500}},{"DefineInlineConcept":{"root":"shape_i1jXxRIiQX","conceptId":"concept_8cqShMUvkAI2"}},{"AssignType":{"id":"shape_i1jXxRIiQX","to":{"ObjectT":{}},"conceptId":"concept_8cqShMUvkAI2"}},{"AddField":{"parentId":"shape_i1jXxRIiQX","id":"shape_0MZV8yioMw","conceptId":"concept_8cqShMUvkAI2"}},{"SetFieldName":{"id":"shape_0MZV8yioMw","newName":"description","conceptId":"concept_8cqShMUvkAI2"}},{"AssignType":{"id":"shape_0MZV8yioMw","to":{"StringT":{}},"conceptId":"concept_8cqShMUvkAI2"}},{"AddField":{"parentId":"shape_i1jXxRIiQX","id":"shape_DMyekf5lxF","conceptId":"concept_8cqShMUvkAI2"}},{"SetFieldName":{"id":"shape_DMyekf5lxF","newName":"status","conceptId":"concept_8cqShMUvkAI2"}},{"AssignType":{"id":"shape_DMyekf5lxF","to":{"StringT":{}},"conceptId":"concept_8cqShMUvkAI2"}},{"AddField":{"parentId":"shape_i1jXxRIiQX","id":"shape_5DC8CMlVMC","conceptId":"concept_8cqShMUvkAI2"}},{"SetFieldName":{"id":"shape_5DC8CMlVMC","newName":"title","conceptId":"concept_8cqShMUvkAI2"}},{"AssignType":{"id":"shape_5DC8CMlVMC","to":{"StringT":{}},"conceptId":"concept_8cqShMUvkAI2"}},{"AddResponse":{"responseId":"response_BcnTjqsJka","requestId":"path_ph6YEvgdC1}_get","httpStatusCode":408}},{"DefineInlineConcept":{"root":"shape_jauZ6nUlzj","conceptId":"concept_AFqxgufD5zHt"}},{"AssignType":{"id":"shape_jauZ6nUlzj","to":{"ObjectT":{}},"conceptId":"concept_AFqxgufD5zHt"}},{"AddField":{"parentId":"shape_jauZ6nUlzj","id":"shape_tqZvD5GCLT","conceptId":"concept_AFqxgufD5zHt"}},{"SetFieldName":{"id":"shape_tqZvD5GCLT","newName":"description","conceptId":"concept_AFqxgufD5zHt"}},{"AssignType":{"id":"shape_tqZvD5GCLT","to":{"StringT":{}},"conceptId":"concept_AFqxgufD5zHt"}},{"AddField":{"parentId":"shape_jauZ6nUlzj","id":"shape_i91qNUci3S","conceptId":"concept_AFqxgufD5zHt"}},{"SetFieldName":{"id":"shape_i91qNUci3S","newName":"status","conceptId":"concept_AFqxgufD5zHt"}},{"AssignType":{"id":"shape_i91qNUci3S","to":{"StringT":{}},"conceptId":"concept_AFqxgufD5zHt"}},{"AddField":{"parentId":"shape_jauZ6nUlzj","id":"shape_uJ3XnnZHL4","conceptId":"concept_AFqxgufD5zHt"}},{"SetFieldName":{"id":"shape_uJ3XnnZHL4","newName":"title","conceptId":"concept_AFqxgufD5zHt"}},{"AssignType":{"id":"shape_uJ3XnnZHL4","to":{"StringT":{}},"conceptId":"concept_AFqxgufD5zHt"}},{"AddResponse":{"responseId":"response_mg6sqL6uSn","requestId":"path_ph6YEvgdC1}_get","httpStatusCode":503}},{"DefineInlineConcept":{"root":"shape_Yv21p7ZNTC","conceptId":"concept_z5Yc1ail2sIQ"}},{"AssignType":{"id":"shape_Yv21p7ZNTC","to":{"ObjectT":{}},"conceptId":"concept_z5Yc1ail2sIQ"}},{"AddField":{"parentId":"shape_Yv21p7ZNTC","id":"shape_9GGbODcv6r","conceptId":"concept_z5Yc1ail2sIQ"}},{"SetFieldName":{"id":"shape_9GGbODcv6r","newName":"description","conceptId":"concept_z5Yc1ail2sIQ"}},{"AssignType":{"id":"shape_9GGbODcv6r","to":{"StringT":{}},"conceptId":"concept_z5Yc1ail2sIQ"}},{"AddField":{"parentId":"shape_Yv21p7ZNTC","id":"shape_gkfFybnGqU","conceptId":"concept_z5Yc1ail2sIQ"}},{"SetFieldName":{"id":"shape_gkfFybnGqU","newName":"status","conceptId":"concept_z5Yc1ail2sIQ"}},{"AssignType":{"id":"shape_gkfFybnGqU","to":{"StringT":{}},"conceptId":"concept_z5Yc1ail2sIQ"}},{"AddField":{"parentId":"shape_Yv21p7ZNTC","id":"shape_N4YnhNKTEa","conceptId":"concept_z5Yc1ail2sIQ"}},{"SetFieldName":{"id":"shape_N4YnhNKTEa","newName":"title","conceptId":"concept_z5Yc1ail2sIQ"}},{"AssignType":{"id":"shape_N4YnhNKTEa","to":{"StringT":{}},"conceptId":"concept_z5Yc1ail2sIQ"}},{"AddResponse":{"responseId":"response_weSCaEn564","requestId":"path_ph6YEvgdC1}_get","httpStatusCode":200}},{"DefineInlineConcept":{"root":"shape_1BBEauV5E3","conceptId":"concept_s1pdwtqLPdpF"}},{"AssignType":{"id":"shape_1BBEauV5E3","to":{"ObjectT":{}},"conceptId":"concept_s1pdwtqLPdpF"}},{"AddField":{"parentId":"shape_1BBEauV5E3","id":"shape_jx3iGd9v9g","conceptId":"concept_s1pdwtqLPdpF"}},{"SetFieldName":{"id":"shape_jx3iGd9v9g","newName":"data","conceptId":"concept_s1pdwtqLPdpF"}},{"AssignType":{"id":"shape_jx3iGd9v9g","to":{"ListT":{}},"conceptId":"concept_s1pdwtqLPdpF"}},{"AddTypeParameter":{"parentId":"shape_jx3iGd9v9g","id":"shape_PzQyrXdYc1","conceptId":"concept_s1pdwtqLPdpF"}},{"AssignType":{"id":"shape_PzQyrXdYc1","to":{"ObjectT":{}},"conceptId":"concept_s1pdwtqLPdpF"}},{"AddField":{"parentId":"shape_1BBEauV5E3","id":"shape_tSewqC0xzE","conceptId":"concept_s1pdwtqLPdpF"}},{"SetFieldName":{"id":"shape_tSewqC0xzE","newName":"meta","conceptId":"concept_s1pdwtqLPdpF"}},{"AssignType":{"id":"shape_tSewqC0xzE","to":{"ObjectT":{}},"conceptId":"concept_s1pdwtqLPdpF"}},{"AddField":{"parentId":"shape_tSewqC0xzE","id":"shape_JISTwbZoZE","conceptId":"concept_s1pdwtqLPdpF"}},{"SetFieldName":{"id":"shape_JISTwbZoZE","newName":"TermsOfUse","conceptId":"concept_s1pdwtqLPdpF"}},{"AssignType":{"id":"shape_JISTwbZoZE","to":{"StringT":{}},"conceptId":"concept_s1pdwtqLPdpF"}},{"AddField":{"parentId":"shape_tSewqC0xzE","id":"shape_VURBRDwkP3","conceptId":"concept_s1pdwtqLPdpF"}},{"SetFieldName":{"id":"shape_VURBRDwkP3","newName":"License","conceptId":"concept_s1pdwtqLPdpF"}},{"AssignType":{"id":"shape_VURBRDwkP3","to":{"StringT":{}},"conceptId":"concept_s1pdwtqLPdpF"}},{"AddField":{"parentId":"shape_tSewqC0xzE","id":"shape_a30LMuGeyS","conceptId":"concept_s1pdwtqLPdpF"}},{"SetFieldName":{"id":"shape_a30LMuGeyS","newName":"LastUpdated","conceptId":"concept_s1pdwtqLPdpF"}},{"AssignType":{"id":"shape_a30LMuGeyS","to":{"StringT":{}},"conceptId":"concept_s1pdwtqLPdpF"}},{"AddField":{"parentId":"shape_tSewqC0xzE","id":"shape_tZnmBBBgEy","conceptId":"concept_s1pdwtqLPdpF"}},{"SetFieldName":{"id":"shape_tZnmBBBgEy","newName":"Agreement","conceptId":"concept_s1pdwtqLPdpF"}},{"AssignType":{"id":"shape_tZnmBBBgEy","to":{"StringT":{}},"conceptId":"concept_s1pdwtqLPdpF"}},{"AddField":{"parentId":"shape_tSewqC0xzE","id":"shape_8uMvFZ8YtK","conceptId":"concept_s1pdwtqLPdpF"}},{"SetFieldName":{"id":"shape_8uMvFZ8YtK","newName":"TotalResults","conceptId":"concept_s1pdwtqLPdpF"}},{"AssignType":{"id":"shape_8uMvFZ8YtK","to":{"IntegerT":{}},"conceptId":"concept_s1pdwtqLPdpF"}},{"AddRequest":{"requestId":"path_ph6YEvgdC1}_head","pathId":"2j0btp_path_0","httpMethod":"head"}},{"AddRequest":{"requestId":"path_dFolr6o9mE}_get","pathId":"2j0btp_path_5","httpMethod":"get"}},{"AddResponse":{"responseId":"response_dCuIpiPRXM","requestId":"path_dFolr6o9mE}_get","httpStatusCode":400}},{"DefineInlineConcept":{"root":"shape_AWWA3WRBEB","conceptId":"concept_KWZMEmrsbjdg"}},{"AssignType":{"id":"shape_AWWA3WRBEB","to":{"ObjectT":{}},"conceptId":"concept_KWZMEmrsbjdg"}},{"AddField":{"parentId":"shape_AWWA3WRBEB","id":"shape_SB9zchlOf6","conceptId":"concept_KWZMEmrsbjdg"}},{"SetFieldName":{"id":"shape_SB9zchlOf6","newName":"description","conceptId":"concept_KWZMEmrsbjdg"}},{"AssignType":{"id":"shape_SB9zchlOf6","to":{"StringT":{}},"conceptId":"concept_KWZMEmrsbjdg"}},{"AddField":{"parentId":"shape_AWWA3WRBEB","id":"shape_4bmeScNVFf","conceptId":"concept_KWZMEmrsbjdg"}},{"SetFieldName":{"id":"shape_4bmeScNVFf","newName":"status","conceptId":"concept_KWZMEmrsbjdg"}},{"AssignType":{"id":"shape_4bmeScNVFf","to":{"StringT":{}},"conceptId":"concept_KWZMEmrsbjdg"}},{"AddField":{"parentId":"shape_AWWA3WRBEB","id":"shape_zgDK4K1OV1","conceptId":"concept_KWZMEmrsbjdg"}},{"SetFieldName":{"id":"shape_zgDK4K1OV1","newName":"title","conceptId":"concept_KWZMEmrsbjdg"}},{"AssignType":{"id":"shape_zgDK4K1OV1","to":{"StringT":{}},"conceptId":"concept_KWZMEmrsbjdg"}},{"AddResponse":{"responseId":"response_lTRqC0Ba3H","requestId":"path_dFolr6o9mE}_get","httpStatusCode":429}},{"DefineInlineConcept":{"root":"shape_IiSiZgdB0S","conceptId":"concept_4FNugOFMe4vc"}},{"AssignType":{"id":"shape_IiSiZgdB0S","to":{"ObjectT":{}},"conceptId":"concept_4FNugOFMe4vc"}},{"AddField":{"parentId":"shape_IiSiZgdB0S","id":"shape_xTOQtyO73U","conceptId":"concept_4FNugOFMe4vc"}},{"SetFieldName":{"id":"shape_xTOQtyO73U","newName":"description","conceptId":"concept_4FNugOFMe4vc"}},{"AssignType":{"id":"shape_xTOQtyO73U","to":{"StringT":{}},"conceptId":"concept_4FNugOFMe4vc"}},{"AddField":{"parentId":"shape_IiSiZgdB0S","id":"shape_a1uw4rreXF","conceptId":"concept_4FNugOFMe4vc"}},{"SetFieldName":{"id":"shape_a1uw4rreXF","newName":"status","conceptId":"concept_4FNugOFMe4vc"}},{"AssignType":{"id":"shape_a1uw4rreXF","to":{"StringT":{}},"conceptId":"concept_4FNugOFMe4vc"}},{"AddField":{"parentId":"shape_IiSiZgdB0S","id":"shape_URMGQCL5tZ","conceptId":"concept_4FNugOFMe4vc"}},{"SetFieldName":{"id":"shape_URMGQCL5tZ","newName":"title","conceptId":"concept_4FNugOFMe4vc"}},{"AssignType":{"id":"shape_URMGQCL5tZ","to":{"StringT":{}},"conceptId":"concept_4FNugOFMe4vc"}},{"AddResponse":{"responseId":"response_8ij7G5EWPI","requestId":"path_dFolr6o9mE}_get","httpStatusCode":500}},{"DefineInlineConcept":{"root":"shape_rasiRwSwRT","conceptId":"concept_RfUwBRoO5YqR"}},{"AssignType":{"id":"shape_rasiRwSwRT","to":{"ObjectT":{}},"conceptId":"concept_RfUwBRoO5YqR"}},{"AddField":{"parentId":"shape_rasiRwSwRT","id":"shape_H9XgqYSHK0","conceptId":"concept_RfUwBRoO5YqR"}},{"SetFieldName":{"id":"shape_H9XgqYSHK0","newName":"description","conceptId":"concept_RfUwBRoO5YqR"}},{"AssignType":{"id":"shape_H9XgqYSHK0","to":{"StringT":{}},"conceptId":"concept_RfUwBRoO5YqR"}},{"AddField":{"parentId":"shape_rasiRwSwRT","id":"shape_uOOTVIooOV","conceptId":"concept_RfUwBRoO5YqR"}},{"SetFieldName":{"id":"shape_uOOTVIooOV","newName":"status","conceptId":"concept_RfUwBRoO5YqR"}},{"AssignType":{"id":"shape_uOOTVIooOV","to":{"StringT":{}},"conceptId":"concept_RfUwBRoO5YqR"}},{"AddField":{"parentId":"shape_rasiRwSwRT","id":"shape_ter27Pm3N1","conceptId":"concept_RfUwBRoO5YqR"}},{"SetFieldName":{"id":"shape_ter27Pm3N1","newName":"title","conceptId":"concept_RfUwBRoO5YqR"}},{"AssignType":{"id":"shape_ter27Pm3N1","to":{"StringT":{}},"conceptId":"concept_RfUwBRoO5YqR"}},{"AddResponse":{"responseId":"response_q3fuXL8IsF","requestId":"path_dFolr6o9mE}_get","httpStatusCode":408}},{"DefineInlineConcept":{"root":"shape_lPsJBCLsEY","conceptId":"concept_2pmoOHzWAdJG"}},{"AssignType":{"id":"shape_lPsJBCLsEY","to":{"ObjectT":{}},"conceptId":"concept_2pmoOHzWAdJG"}},{"AddField":{"parentId":"shape_lPsJBCLsEY","id":"shape_vA2y0r5oVV","conceptId":"concept_2pmoOHzWAdJG"}},{"SetFieldName":{"id":"shape_vA2y0r5oVV","newName":"description","conceptId":"concept_2pmoOHzWAdJG"}},{"AssignType":{"id":"shape_vA2y0r5oVV","to":{"StringT":{}},"conceptId":"concept_2pmoOHzWAdJG"}},{"AddField":{"parentId":"shape_lPsJBCLsEY","id":"shape_7hUwcBQJfx","conceptId":"concept_2pmoOHzWAdJG"}},{"SetFieldName":{"id":"shape_7hUwcBQJfx","newName":"status","conceptId":"concept_2pmoOHzWAdJG"}},{"AssignType":{"id":"shape_7hUwcBQJfx","to":{"StringT":{}},"conceptId":"concept_2pmoOHzWAdJG"}},{"AddField":{"parentId":"shape_lPsJBCLsEY","id":"shape_IxkA80meua","conceptId":"concept_2pmoOHzWAdJG"}},{"SetFieldName":{"id":"shape_IxkA80meua","newName":"title","conceptId":"concept_2pmoOHzWAdJG"}},{"AssignType":{"id":"shape_IxkA80meua","to":{"StringT":{}},"conceptId":"concept_2pmoOHzWAdJG"}},{"AddResponse":{"responseId":"response_GtYtUTu4mN","requestId":"path_dFolr6o9mE}_get","httpStatusCode":503}},{"DefineInlineConcept":{"root":"shape_b5Fq7uv4qs","conceptId":"concept_Jn5kxi9tSLHG"}},{"AssignType":{"id":"shape_b5Fq7uv4qs","to":{"ObjectT":{}},"conceptId":"concept_Jn5kxi9tSLHG"}},{"AddField":{"parentId":"shape_b5Fq7uv4qs","id":"shape_VDSEFHRWj5","conceptId":"concept_Jn5kxi9tSLHG"}},{"SetFieldName":{"id":"shape_VDSEFHRWj5","newName":"description","conceptId":"concept_Jn5kxi9tSLHG"}},{"AssignType":{"id":"shape_VDSEFHRWj5","to":{"StringT":{}},"conceptId":"concept_Jn5kxi9tSLHG"}},{"AddField":{"parentId":"shape_b5Fq7uv4qs","id":"shape_IvhZ4d4Hr7","conceptId":"concept_Jn5kxi9tSLHG"}},{"SetFieldName":{"id":"shape_IvhZ4d4Hr7","newName":"status","conceptId":"concept_Jn5kxi9tSLHG"}},{"AssignType":{"id":"shape_IvhZ4d4Hr7","to":{"StringT":{}},"conceptId":"concept_Jn5kxi9tSLHG"}},{"AddField":{"parentId":"shape_b5Fq7uv4qs","id":"shape_iy8oRKj0mz","conceptId":"concept_Jn5kxi9tSLHG"}},{"SetFieldName":{"id":"shape_iy8oRKj0mz","newName":"title","conceptId":"concept_Jn5kxi9tSLHG"}},{"AssignType":{"id":"shape_iy8oRKj0mz","to":{"StringT":{}},"conceptId":"concept_Jn5kxi9tSLHG"}},{"AddResponse":{"responseId":"response_gNHfKMw5kC","requestId":"path_dFolr6o9mE}_get","httpStatusCode":200}},{"DefineInlineConcept":{"root":"shape_aNLj6nk3Du","conceptId":"concept_Nq6zLHrOyoo4"}},{"AssignType":{"id":"shape_aNLj6nk3Du","to":{"ObjectT":{}},"conceptId":"concept_Nq6zLHrOyoo4"}},{"AddField":{"parentId":"shape_aNLj6nk3Du","id":"shape_iawzMTloVd","conceptId":"concept_Nq6zLHrOyoo4"}},{"SetFieldName":{"id":"shape_iawzMTloVd","newName":"data","conceptId":"concept_Nq6zLHrOyoo4"}},{"AssignType":{"id":"shape_iawzMTloVd","to":{"ListT":{}},"conceptId":"concept_Nq6zLHrOyoo4"}},{"AddTypeParameter":{"parentId":"shape_iawzMTloVd","id":"shape_8IpuU4Yq2B","conceptId":"concept_Nq6zLHrOyoo4"}},{"AssignType":{"id":"shape_8IpuU4Yq2B","to":{"ObjectT":{}},"conceptId":"concept_Nq6zLHrOyoo4"}},{"AddField":{"parentId":"shape_aNLj6nk3Du","id":"shape_v9hplOMkSa","conceptId":"concept_Nq6zLHrOyoo4"}},{"SetFieldName":{"id":"shape_v9hplOMkSa","newName":"meta","conceptId":"concept_Nq6zLHrOyoo4"}},{"AssignType":{"id":"shape_v9hplOMkSa","to":{"ObjectT":{}},"conceptId":"concept_Nq6zLHrOyoo4"}},{"AddField":{"parentId":"shape_v9hplOMkSa","id":"shape_MYhlglqW5d","conceptId":"concept_Nq6zLHrOyoo4"}},{"SetFieldName":{"id":"shape_MYhlglqW5d","newName":"TermsOfUse","conceptId":"concept_Nq6zLHrOyoo4"}},{"AssignType":{"id":"shape_MYhlglqW5d","to":{"StringT":{}},"conceptId":"concept_Nq6zLHrOyoo4"}},{"AddField":{"parentId":"shape_v9hplOMkSa","id":"shape_TOZcbCySjQ","conceptId":"concept_Nq6zLHrOyoo4"}},{"SetFieldName":{"id":"shape_TOZcbCySjQ","newName":"License","conceptId":"concept_Nq6zLHrOyoo4"}},{"AssignType":{"id":"shape_TOZcbCySjQ","to":{"StringT":{}},"conceptId":"concept_Nq6zLHrOyoo4"}},{"AddField":{"parentId":"shape_v9hplOMkSa","id":"shape_0bkwFasqMd","conceptId":"concept_Nq6zLHrOyoo4"}},{"SetFieldName":{"id":"shape_0bkwFasqMd","newName":"LastUpdated","conceptId":"concept_Nq6zLHrOyoo4"}},{"AssignType":{"id":"shape_0bkwFasqMd","to":{"StringT":{}},"conceptId":"concept_Nq6zLHrOyoo4"}},{"AddField":{"parentId":"shape_v9hplOMkSa","id":"shape_vQ3rH4jC4Q","conceptId":"concept_Nq6zLHrOyoo4"}},{"SetFieldName":{"id":"shape_vQ3rH4jC4Q","newName":"Agreement","conceptId":"concept_Nq6zLHrOyoo4"}},{"AssignType":{"id":"shape_vQ3rH4jC4Q","to":{"StringT":{}},"conceptId":"concept_Nq6zLHrOyoo4"}},{"AddField":{"parentId":"shape_v9hplOMkSa","id":"shape_RoZmyQxpzP","conceptId":"concept_Nq6zLHrOyoo4"}},{"SetFieldName":{"id":"shape_RoZmyQxpzP","newName":"TotalResults","conceptId":"concept_Nq6zLHrOyoo4"}},{"AssignType":{"id":"shape_RoZmyQxpzP","to":{"IntegerT":{}},"conceptId":"concept_Nq6zLHrOyoo4"}},{"AddRequest":{"requestId":"path_dFolr6o9mE}_head","pathId":"2j0btp_path_5","httpMethod":"head"}},{"AddRequest":{"requestId":"path_wxZViQPOFa}_get","pathId":"2j0btp_path_3","httpMethod":"get"}},{"AddResponse":{"responseId":"response_i4an2Eyii2","requestId":"path_wxZViQPOFa}_get","httpStatusCode":400}},{"DefineInlineConcept":{"root":"shape_YjilFlqZD5","conceptId":"concept_ZjTQpCI0cpAY"}},{"AssignType":{"id":"shape_YjilFlqZD5","to":{"ObjectT":{}},"conceptId":"concept_ZjTQpCI0cpAY"}},{"AddField":{"parentId":"shape_YjilFlqZD5","id":"shape_QxDcyKe4fb","conceptId":"concept_ZjTQpCI0cpAY"}},{"SetFieldName":{"id":"shape_QxDcyKe4fb","newName":"description","conceptId":"concept_ZjTQpCI0cpAY"}},{"AssignType":{"id":"shape_QxDcyKe4fb","to":{"StringT":{}},"conceptId":"concept_ZjTQpCI0cpAY"}},{"AddField":{"parentId":"shape_YjilFlqZD5","id":"shape_i7k1iOXKtZ","conceptId":"concept_ZjTQpCI0cpAY"}},{"SetFieldName":{"id":"shape_i7k1iOXKtZ","newName":"status","conceptId":"concept_ZjTQpCI0cpAY"}},{"AssignType":{"id":"shape_i7k1iOXKtZ","to":{"StringT":{}},"conceptId":"concept_ZjTQpCI0cpAY"}},{"AddField":{"parentId":"shape_YjilFlqZD5","id":"shape_x08O4Kj7uC","conceptId":"concept_ZjTQpCI0cpAY"}},{"SetFieldName":{"id":"shape_x08O4Kj7uC","newName":"title","conceptId":"concept_ZjTQpCI0cpAY"}},{"AssignType":{"id":"shape_x08O4Kj7uC","to":{"StringT":{}},"conceptId":"concept_ZjTQpCI0cpAY"}},{"AddResponse":{"responseId":"response_bcKijQSjn2","requestId":"path_wxZViQPOFa}_get","httpStatusCode":429}},{"DefineInlineConcept":{"root":"shape_ucwudsSlCj","conceptId":"concept_PU5DhW6q8oh0"}},{"AssignType":{"id":"shape_ucwudsSlCj","to":{"ObjectT":{}},"conceptId":"concept_PU5DhW6q8oh0"}},{"AddField":{"parentId":"shape_ucwudsSlCj","id":"shape_v7bYo18KdY","conceptId":"concept_PU5DhW6q8oh0"}},{"SetFieldName":{"id":"shape_v7bYo18KdY","newName":"description","conceptId":"concept_PU5DhW6q8oh0"}},{"AssignType":{"id":"shape_v7bYo18KdY","to":{"StringT":{}},"conceptId":"concept_PU5DhW6q8oh0"}},{"AddField":{"parentId":"shape_ucwudsSlCj","id":"shape_p1wTmJDseU","conceptId":"concept_PU5DhW6q8oh0"}},{"SetFieldName":{"id":"shape_p1wTmJDseU","newName":"status","conceptId":"concept_PU5DhW6q8oh0"}},{"AssignType":{"id":"shape_p1wTmJDseU","to":{"StringT":{}},"conceptId":"concept_PU5DhW6q8oh0"}},{"AddField":{"parentId":"shape_ucwudsSlCj","id":"shape_OUAziiOcp3","conceptId":"concept_PU5DhW6q8oh0"}},{"SetFieldName":{"id":"shape_OUAziiOcp3","newName":"title","conceptId":"concept_PU5DhW6q8oh0"}},{"AssignType":{"id":"shape_OUAziiOcp3","to":{"StringT":{}},"conceptId":"concept_PU5DhW6q8oh0"}},{"AddResponse":{"responseId":"response_WYJFRryk37","requestId":"path_wxZViQPOFa}_get","httpStatusCode":500}},{"DefineInlineConcept":{"root":"shape_DUhFvIiWT2","conceptId":"concept_8uSHB3iEAD1s"}},{"AssignType":{"id":"shape_DUhFvIiWT2","to":{"ObjectT":{}},"conceptId":"concept_8uSHB3iEAD1s"}},{"AddField":{"parentId":"shape_DUhFvIiWT2","id":"shape_Zqqj4ZZQpg","conceptId":"concept_8uSHB3iEAD1s"}},{"SetFieldName":{"id":"shape_Zqqj4ZZQpg","newName":"description","conceptId":"concept_8uSHB3iEAD1s"}},{"AssignType":{"id":"shape_Zqqj4ZZQpg","to":{"StringT":{}},"conceptId":"concept_8uSHB3iEAD1s"}},{"AddField":{"parentId":"shape_DUhFvIiWT2","id":"shape_Jf3eftSsiS","conceptId":"concept_8uSHB3iEAD1s"}},{"SetFieldName":{"id":"shape_Jf3eftSsiS","newName":"status","conceptId":"concept_8uSHB3iEAD1s"}},{"AssignType":{"id":"shape_Jf3eftSsiS","to":{"StringT":{}},"conceptId":"concept_8uSHB3iEAD1s"}},{"AddField":{"parentId":"shape_DUhFvIiWT2","id":"shape_gIEIdpT7F7","conceptId":"concept_8uSHB3iEAD1s"}},{"SetFieldName":{"id":"shape_gIEIdpT7F7","newName":"title","conceptId":"concept_8uSHB3iEAD1s"}},{"AssignType":{"id":"shape_gIEIdpT7F7","to":{"StringT":{}},"conceptId":"concept_8uSHB3iEAD1s"}},{"AddResponse":{"responseId":"response_hVih9lyK16","requestId":"path_wxZViQPOFa}_get","httpStatusCode":408}},{"DefineInlineConcept":{"root":"shape_vv3nDeut4o","conceptId":"concept_ZjQQDJcRuCM9"}},{"AssignType":{"id":"shape_vv3nDeut4o","to":{"ObjectT":{}},"conceptId":"concept_ZjQQDJcRuCM9"}},{"AddField":{"parentId":"shape_vv3nDeut4o","id":"shape_pSBk29dLPm","conceptId":"concept_ZjQQDJcRuCM9"}},{"SetFieldName":{"id":"shape_pSBk29dLPm","newName":"description","conceptId":"concept_ZjQQDJcRuCM9"}},{"AssignType":{"id":"shape_pSBk29dLPm","to":{"StringT":{}},"conceptId":"concept_ZjQQDJcRuCM9"}},{"AddField":{"parentId":"shape_vv3nDeut4o","id":"shape_rMrvi8PcPD","conceptId":"concept_ZjQQDJcRuCM9"}},{"SetFieldName":{"id":"shape_rMrvi8PcPD","newName":"status","conceptId":"concept_ZjQQDJcRuCM9"}},{"AssignType":{"id":"shape_rMrvi8PcPD","to":{"StringT":{}},"conceptId":"concept_ZjQQDJcRuCM9"}},{"AddField":{"parentId":"shape_vv3nDeut4o","id":"shape_MRgJ4EB77l","conceptId":"concept_ZjQQDJcRuCM9"}},{"SetFieldName":{"id":"shape_MRgJ4EB77l","newName":"title","conceptId":"concept_ZjQQDJcRuCM9"}},{"AssignType":{"id":"shape_MRgJ4EB77l","to":{"StringT":{}},"conceptId":"concept_ZjQQDJcRuCM9"}},{"AddResponse":{"responseId":"response_HagZfO9mr8","requestId":"path_wxZViQPOFa}_get","httpStatusCode":503}},{"DefineInlineConcept":{"root":"shape_5KeijZ8ewU","conceptId":"concept_Isk6jOXWc8nP"}},{"AssignType":{"id":"shape_5KeijZ8ewU","to":{"ObjectT":{}},"conceptId":"concept_Isk6jOXWc8nP"}},{"AddField":{"parentId":"shape_5KeijZ8ewU","id":"shape_IOSvAtEqmR","conceptId":"concept_Isk6jOXWc8nP"}},{"SetFieldName":{"id":"shape_IOSvAtEqmR","newName":"description","conceptId":"concept_Isk6jOXWc8nP"}},{"AssignType":{"id":"shape_IOSvAtEqmR","to":{"StringT":{}},"conceptId":"concept_Isk6jOXWc8nP"}},{"AddField":{"parentId":"shape_5KeijZ8ewU","id":"shape_qYpm9h0BT9","conceptId":"concept_Isk6jOXWc8nP"}},{"SetFieldName":{"id":"shape_qYpm9h0BT9","newName":"status","conceptId":"concept_Isk6jOXWc8nP"}},{"AssignType":{"id":"shape_qYpm9h0BT9","to":{"StringT":{}},"conceptId":"concept_Isk6jOXWc8nP"}},{"AddField":{"parentId":"shape_5KeijZ8ewU","id":"shape_0q7c4ZPl8x","conceptId":"concept_Isk6jOXWc8nP"}},{"SetFieldName":{"id":"shape_0q7c4ZPl8x","newName":"title","conceptId":"concept_Isk6jOXWc8nP"}},{"AssignType":{"id":"shape_0q7c4ZPl8x","to":{"StringT":{}},"conceptId":"concept_Isk6jOXWc8nP"}},{"AddResponse":{"responseId":"response_3vXjXn1Tfh","requestId":"path_wxZViQPOFa}_get","httpStatusCode":200}},{"DefineInlineConcept":{"root":"shape_1NogDNSSxl","conceptId":"concept_Nw4nTJwh5gyS"}},{"AssignType":{"id":"shape_1NogDNSSxl","to":{"ObjectT":{}},"conceptId":"concept_Nw4nTJwh5gyS"}},{"AddField":{"parentId":"shape_1NogDNSSxl","id":"shape_9ZTc84kzHl","conceptId":"concept_Nw4nTJwh5gyS"}},{"SetFieldName":{"id":"shape_9ZTc84kzHl","newName":"data","conceptId":"concept_Nw4nTJwh5gyS"}},{"AssignType":{"id":"shape_9ZTc84kzHl","to":{"ListT":{}},"conceptId":"concept_Nw4nTJwh5gyS"}},{"AddTypeParameter":{"parentId":"shape_9ZTc84kzHl","id":"shape_mrAStW159R","conceptId":"concept_Nw4nTJwh5gyS"}},{"AssignType":{"id":"shape_mrAStW159R","to":{"ObjectT":{}},"conceptId":"concept_Nw4nTJwh5gyS"}},{"AddField":{"parentId":"shape_1NogDNSSxl","id":"shape_kxXLAX4AWw","conceptId":"concept_Nw4nTJwh5gyS"}},{"SetFieldName":{"id":"shape_kxXLAX4AWw","newName":"meta","conceptId":"concept_Nw4nTJwh5gyS"}},{"AssignType":{"id":"shape_kxXLAX4AWw","to":{"ObjectT":{}},"conceptId":"concept_Nw4nTJwh5gyS"}},{"AddField":{"parentId":"shape_kxXLAX4AWw","id":"shape_EZJLg7TV63","conceptId":"concept_Nw4nTJwh5gyS"}},{"SetFieldName":{"id":"shape_EZJLg7TV63","newName":"TermsOfUse","conceptId":"concept_Nw4nTJwh5gyS"}},{"AssignType":{"id":"shape_EZJLg7TV63","to":{"StringT":{}},"conceptId":"concept_Nw4nTJwh5gyS"}},{"AddField":{"parentId":"shape_kxXLAX4AWw","id":"shape_7C7hF1lKEI","conceptId":"concept_Nw4nTJwh5gyS"}},{"SetFieldName":{"id":"shape_7C7hF1lKEI","newName":"License","conceptId":"concept_Nw4nTJwh5gyS"}},{"AssignType":{"id":"shape_7C7hF1lKEI","to":{"StringT":{}},"conceptId":"concept_Nw4nTJwh5gyS"}},{"AddField":{"parentId":"shape_kxXLAX4AWw","id":"shape_pGHi3TQx9B","conceptId":"concept_Nw4nTJwh5gyS"}},{"SetFieldName":{"id":"shape_pGHi3TQx9B","newName":"LastUpdated","conceptId":"concept_Nw4nTJwh5gyS"}},{"AssignType":{"id":"shape_pGHi3TQx9B","to":{"StringT":{}},"conceptId":"concept_Nw4nTJwh5gyS"}},{"AddField":{"parentId":"shape_kxXLAX4AWw","id":"shape_k4kwwLbtNd","conceptId":"concept_Nw4nTJwh5gyS"}},{"SetFieldName":{"id":"shape_k4kwwLbtNd","newName":"Agreement","conceptId":"concept_Nw4nTJwh5gyS"}},{"AssignType":{"id":"shape_k4kwwLbtNd","to":{"StringT":{}},"conceptId":"concept_Nw4nTJwh5gyS"}},{"AddField":{"parentId":"shape_kxXLAX4AWw","id":"shape_q8lMOfcko1","conceptId":"concept_Nw4nTJwh5gyS"}},{"SetFieldName":{"id":"shape_q8lMOfcko1","newName":"TotalResults","conceptId":"concept_Nw4nTJwh5gyS"}},{"AssignType":{"id":"shape_q8lMOfcko1","to":{"IntegerT":{}},"conceptId":"concept_Nw4nTJwh5gyS"}},{"AddRequest":{"requestId":"path_wxZViQPOFa}_head","pathId":"2j0btp_path_3","httpMethod":"head"}},{"AddRequest":{"requestId":"path_4MQESDGaCK}_get","pathId":"2j0btp_path_2","httpMethod":"get"}},{"AddResponse":{"responseId":"response_DgBbgVowLh","requestId":"path_4MQESDGaCK}_get","httpStatusCode":400}},{"DefineInlineConcept":{"root":"shape_QXDUQ2vpMX","conceptId":"concept_6jfKsrTJBYcF"}},{"AssignType":{"id":"shape_QXDUQ2vpMX","to":{"ObjectT":{}},"conceptId":"concept_6jfKsrTJBYcF"}},{"AddField":{"parentId":"shape_QXDUQ2vpMX","id":"shape_mA0fk29ZLq","conceptId":"concept_6jfKsrTJBYcF"}},{"SetFieldName":{"id":"shape_mA0fk29ZLq","newName":"description","conceptId":"concept_6jfKsrTJBYcF"}},{"AssignType":{"id":"shape_mA0fk29ZLq","to":{"StringT":{}},"conceptId":"concept_6jfKsrTJBYcF"}},{"AddField":{"parentId":"shape_QXDUQ2vpMX","id":"shape_h20lckVHgG","conceptId":"concept_6jfKsrTJBYcF"}},{"SetFieldName":{"id":"shape_h20lckVHgG","newName":"status","conceptId":"concept_6jfKsrTJBYcF"}},{"AssignType":{"id":"shape_h20lckVHgG","to":{"StringT":{}},"conceptId":"concept_6jfKsrTJBYcF"}},{"AddField":{"parentId":"shape_QXDUQ2vpMX","id":"shape_4046igDs1Y","conceptId":"concept_6jfKsrTJBYcF"}},{"SetFieldName":{"id":"shape_4046igDs1Y","newName":"title","conceptId":"concept_6jfKsrTJBYcF"}},{"AssignType":{"id":"shape_4046igDs1Y","to":{"StringT":{}},"conceptId":"concept_6jfKsrTJBYcF"}},{"AddResponse":{"responseId":"response_eAcXDt44uI","requestId":"path_4MQESDGaCK}_get","httpStatusCode":429}},{"DefineInlineConcept":{"root":"shape_SinYqshjmD","conceptId":"concept_hKOrhloidxH2"}},{"AssignType":{"id":"shape_SinYqshjmD","to":{"ObjectT":{}},"conceptId":"concept_hKOrhloidxH2"}},{"AddField":{"parentId":"shape_SinYqshjmD","id":"shape_KjnGM2WprU","conceptId":"concept_hKOrhloidxH2"}},{"SetFieldName":{"id":"shape_KjnGM2WprU","newName":"description","conceptId":"concept_hKOrhloidxH2"}},{"AssignType":{"id":"shape_KjnGM2WprU","to":{"StringT":{}},"conceptId":"concept_hKOrhloidxH2"}},{"AddField":{"parentId":"shape_SinYqshjmD","id":"shape_UnBq9O4mqT","conceptId":"concept_hKOrhloidxH2"}},{"SetFieldName":{"id":"shape_UnBq9O4mqT","newName":"status","conceptId":"concept_hKOrhloidxH2"}},{"AssignType":{"id":"shape_UnBq9O4mqT","to":{"StringT":{}},"conceptId":"concept_hKOrhloidxH2"}},{"AddField":{"parentId":"shape_SinYqshjmD","id":"shape_Bli6WAzEGA","conceptId":"concept_hKOrhloidxH2"}},{"SetFieldName":{"id":"shape_Bli6WAzEGA","newName":"title","conceptId":"concept_hKOrhloidxH2"}},{"AssignType":{"id":"shape_Bli6WAzEGA","to":{"StringT":{}},"conceptId":"concept_hKOrhloidxH2"}},{"AddResponse":{"responseId":"response_UCqeFHebe8","requestId":"path_4MQESDGaCK}_get","httpStatusCode":500}},{"DefineInlineConcept":{"root":"shape_bfa1tXkxvb","conceptId":"concept_h57B598jLEJb"}},{"AssignType":{"id":"shape_bfa1tXkxvb","to":{"ObjectT":{}},"conceptId":"concept_h57B598jLEJb"}},{"AddField":{"parentId":"shape_bfa1tXkxvb","id":"shape_rpdKwcknys","conceptId":"concept_h57B598jLEJb"}},{"SetFieldName":{"id":"shape_rpdKwcknys","newName":"description","conceptId":"concept_h57B598jLEJb"}},{"AssignType":{"id":"shape_rpdKwcknys","to":{"StringT":{}},"conceptId":"concept_h57B598jLEJb"}},{"AddField":{"parentId":"shape_bfa1tXkxvb","id":"shape_o7aJ6WfGIg","conceptId":"concept_h57B598jLEJb"}},{"SetFieldName":{"id":"shape_o7aJ6WfGIg","newName":"status","conceptId":"concept_h57B598jLEJb"}},{"AssignType":{"id":"shape_o7aJ6WfGIg","to":{"StringT":{}},"conceptId":"concept_h57B598jLEJb"}},{"AddField":{"parentId":"shape_bfa1tXkxvb","id":"shape_cxTwIHU8Tq","conceptId":"concept_h57B598jLEJb"}},{"SetFieldName":{"id":"shape_cxTwIHU8Tq","newName":"title","conceptId":"concept_h57B598jLEJb"}},{"AssignType":{"id":"shape_cxTwIHU8Tq","to":{"StringT":{}},"conceptId":"concept_h57B598jLEJb"}},{"AddResponse":{"responseId":"response_ndZQtv152x","requestId":"path_4MQESDGaCK}_get","httpStatusCode":408}},{"DefineInlineConcept":{"root":"shape_kT1tk8Xxs9","conceptId":"concept_X6sIW0WLCXQo"}},{"AssignType":{"id":"shape_kT1tk8Xxs9","to":{"ObjectT":{}},"conceptId":"concept_X6sIW0WLCXQo"}},{"AddField":{"parentId":"shape_kT1tk8Xxs9","id":"shape_ghdlBw4Bdb","conceptId":"concept_X6sIW0WLCXQo"}},{"SetFieldName":{"id":"shape_ghdlBw4Bdb","newName":"description","conceptId":"concept_X6sIW0WLCXQo"}},{"AssignType":{"id":"shape_ghdlBw4Bdb","to":{"StringT":{}},"conceptId":"concept_X6sIW0WLCXQo"}},{"AddField":{"parentId":"shape_kT1tk8Xxs9","id":"shape_Z1A9pKMcGE","conceptId":"concept_X6sIW0WLCXQo"}},{"SetFieldName":{"id":"shape_Z1A9pKMcGE","newName":"status","conceptId":"concept_X6sIW0WLCXQo"}},{"AssignType":{"id":"shape_Z1A9pKMcGE","to":{"StringT":{}},"conceptId":"concept_X6sIW0WLCXQo"}},{"AddField":{"parentId":"shape_kT1tk8Xxs9","id":"shape_0UIRa8Vc9j","conceptId":"concept_X6sIW0WLCXQo"}},{"SetFieldName":{"id":"shape_0UIRa8Vc9j","newName":"title","conceptId":"concept_X6sIW0WLCXQo"}},{"AssignType":{"id":"shape_0UIRa8Vc9j","to":{"StringT":{}},"conceptId":"concept_X6sIW0WLCXQo"}},{"AddResponse":{"responseId":"response_pIzbPUyqT5","requestId":"path_4MQESDGaCK}_get","httpStatusCode":503}},{"DefineInlineConcept":{"root":"shape_UvC8pL1Fsa","conceptId":"concept_gye4XpOlaUj9"}},{"AssignType":{"id":"shape_UvC8pL1Fsa","to":{"ObjectT":{}},"conceptId":"concept_gye4XpOlaUj9"}},{"AddField":{"parentId":"shape_UvC8pL1Fsa","id":"shape_xdPNuw1EQh","conceptId":"concept_gye4XpOlaUj9"}},{"SetFieldName":{"id":"shape_xdPNuw1EQh","newName":"description","conceptId":"concept_gye4XpOlaUj9"}},{"AssignType":{"id":"shape_xdPNuw1EQh","to":{"StringT":{}},"conceptId":"concept_gye4XpOlaUj9"}},{"AddField":{"parentId":"shape_UvC8pL1Fsa","id":"shape_8Xs3ypNYOn","conceptId":"concept_gye4XpOlaUj9"}},{"SetFieldName":{"id":"shape_8Xs3ypNYOn","newName":"status","conceptId":"concept_gye4XpOlaUj9"}},{"AssignType":{"id":"shape_8Xs3ypNYOn","to":{"StringT":{}},"conceptId":"concept_gye4XpOlaUj9"}},{"AddField":{"parentId":"shape_UvC8pL1Fsa","id":"shape_VXnnqz8nb3","conceptId":"concept_gye4XpOlaUj9"}},{"SetFieldName":{"id":"shape_VXnnqz8nb3","newName":"title","conceptId":"concept_gye4XpOlaUj9"}},{"AssignType":{"id":"shape_VXnnqz8nb3","to":{"StringT":{}},"conceptId":"concept_gye4XpOlaUj9"}},{"AddResponse":{"responseId":"response_hgXG7ulYgt","requestId":"path_4MQESDGaCK}_get","httpStatusCode":200}},{"DefineInlineConcept":{"root":"shape_GwXshyHapa","conceptId":"concept_3jUCrlp5STjj"}},{"AssignType":{"id":"shape_GwXshyHapa","to":{"ObjectT":{}},"conceptId":"concept_3jUCrlp5STjj"}},{"AddField":{"parentId":"shape_GwXshyHapa","id":"shape_CFBEIcssNt","conceptId":"concept_3jUCrlp5STjj"}},{"SetFieldName":{"id":"shape_CFBEIcssNt","newName":"data","conceptId":"concept_3jUCrlp5STjj"}},{"AssignType":{"id":"shape_CFBEIcssNt","to":{"ListT":{}},"conceptId":"concept_3jUCrlp5STjj"}},{"AddTypeParameter":{"parentId":"shape_CFBEIcssNt","id":"shape_kmZ19Jo4Zq","conceptId":"concept_3jUCrlp5STjj"}},{"AssignType":{"id":"shape_kmZ19Jo4Zq","to":{"ObjectT":{}},"conceptId":"concept_3jUCrlp5STjj"}},{"AddField":{"parentId":"shape_GwXshyHapa","id":"shape_3jwTKT8Sgx","conceptId":"concept_3jUCrlp5STjj"}},{"SetFieldName":{"id":"shape_3jwTKT8Sgx","newName":"meta","conceptId":"concept_3jUCrlp5STjj"}},{"AssignType":{"id":"shape_3jwTKT8Sgx","to":{"ObjectT":{}},"conceptId":"concept_3jUCrlp5STjj"}},{"AddField":{"parentId":"shape_3jwTKT8Sgx","id":"shape_m2UQ0FBhWs","conceptId":"concept_3jUCrlp5STjj"}},{"SetFieldName":{"id":"shape_m2UQ0FBhWs","newName":"TermsOfUse","conceptId":"concept_3jUCrlp5STjj"}},{"AssignType":{"id":"shape_m2UQ0FBhWs","to":{"StringT":{}},"conceptId":"concept_3jUCrlp5STjj"}},{"AddField":{"parentId":"shape_3jwTKT8Sgx","id":"shape_UAxgCdE6FF","conceptId":"concept_3jUCrlp5STjj"}},{"SetFieldName":{"id":"shape_UAxgCdE6FF","newName":"License","conceptId":"concept_3jUCrlp5STjj"}},{"AssignType":{"id":"shape_UAxgCdE6FF","to":{"StringT":{}},"conceptId":"concept_3jUCrlp5STjj"}},{"AddField":{"parentId":"shape_3jwTKT8Sgx","id":"shape_fYt9kRyHs9","conceptId":"concept_3jUCrlp5STjj"}},{"SetFieldName":{"id":"shape_fYt9kRyHs9","newName":"LastUpdated","conceptId":"concept_3jUCrlp5STjj"}},{"AssignType":{"id":"shape_fYt9kRyHs9","to":{"StringT":{}},"conceptId":"concept_3jUCrlp5STjj"}},{"AddField":{"parentId":"shape_3jwTKT8Sgx","id":"shape_pZX0JnggcM","conceptId":"concept_3jUCrlp5STjj"}},{"SetFieldName":{"id":"shape_pZX0JnggcM","newName":"Agreement","conceptId":"concept_3jUCrlp5STjj"}},{"AssignType":{"id":"shape_pZX0JnggcM","to":{"StringT":{}},"conceptId":"concept_3jUCrlp5STjj"}},{"AddField":{"parentId":"shape_3jwTKT8Sgx","id":"shape_OEFc0kItOd","conceptId":"concept_3jUCrlp5STjj"}},{"SetFieldName":{"id":"shape_OEFc0kItOd","newName":"TotalResults","conceptId":"concept_3jUCrlp5STjj"}},{"AssignType":{"id":"shape_OEFc0kItOd","to":{"IntegerT":{}},"conceptId":"concept_3jUCrlp5STjj"}},{"AddRequest":{"requestId":"path_4MQESDGaCK}_head","pathId":"2j0btp_path_2","httpMethod":"head"}},{"AddRequest":{"requestId":"path_5YFKcgFCP0}_get","pathId":"2j0btp_path_4","httpMethod":"get"}},{"AddResponse":{"responseId":"response_xTILsgSfkW","requestId":"path_5YFKcgFCP0}_get","httpStatusCode":400}},{"DefineInlineConcept":{"root":"shape_c1g58fgz3K","conceptId":"concept_cOYkN4wAPXMV"}},{"AssignType":{"id":"shape_c1g58fgz3K","to":{"ObjectT":{}},"conceptId":"concept_cOYkN4wAPXMV"}},{"AddField":{"parentId":"shape_c1g58fgz3K","id":"shape_PVbRHLrOxF","conceptId":"concept_cOYkN4wAPXMV"}},{"SetFieldName":{"id":"shape_PVbRHLrOxF","newName":"description","conceptId":"concept_cOYkN4wAPXMV"}},{"AssignType":{"id":"shape_PVbRHLrOxF","to":{"StringT":{}},"conceptId":"concept_cOYkN4wAPXMV"}},{"AddField":{"parentId":"shape_c1g58fgz3K","id":"shape_CvMy6HUNjR","conceptId":"concept_cOYkN4wAPXMV"}},{"SetFieldName":{"id":"shape_CvMy6HUNjR","newName":"status","conceptId":"concept_cOYkN4wAPXMV"}},{"AssignType":{"id":"shape_CvMy6HUNjR","to":{"StringT":{}},"conceptId":"concept_cOYkN4wAPXMV"}},{"AddField":{"parentId":"shape_c1g58fgz3K","id":"shape_l3wMWculhV","conceptId":"concept_cOYkN4wAPXMV"}},{"SetFieldName":{"id":"shape_l3wMWculhV","newName":"title","conceptId":"concept_cOYkN4wAPXMV"}},{"AssignType":{"id":"shape_l3wMWculhV","to":{"StringT":{}},"conceptId":"concept_cOYkN4wAPXMV"}},{"AddResponse":{"responseId":"response_lsRXvIKgGG","requestId":"path_5YFKcgFCP0}_get","httpStatusCode":429}},{"DefineInlineConcept":{"root":"shape_Pc9bFNn8sZ","conceptId":"concept_GPb7cLCUImqk"}},{"AssignType":{"id":"shape_Pc9bFNn8sZ","to":{"ObjectT":{}},"conceptId":"concept_GPb7cLCUImqk"}},{"AddField":{"parentId":"shape_Pc9bFNn8sZ","id":"shape_f4xMSUNEpc","conceptId":"concept_GPb7cLCUImqk"}},{"SetFieldName":{"id":"shape_f4xMSUNEpc","newName":"description","conceptId":"concept_GPb7cLCUImqk"}},{"AssignType":{"id":"shape_f4xMSUNEpc","to":{"StringT":{}},"conceptId":"concept_GPb7cLCUImqk"}},{"AddField":{"parentId":"shape_Pc9bFNn8sZ","id":"shape_5TjJLDS0NT","conceptId":"concept_GPb7cLCUImqk"}},{"SetFieldName":{"id":"shape_5TjJLDS0NT","newName":"status","conceptId":"concept_GPb7cLCUImqk"}},{"AssignType":{"id":"shape_5TjJLDS0NT","to":{"StringT":{}},"conceptId":"concept_GPb7cLCUImqk"}},{"AddField":{"parentId":"shape_Pc9bFNn8sZ","id":"shape_IvS1Jo2hcX","conceptId":"concept_GPb7cLCUImqk"}},{"SetFieldName":{"id":"shape_IvS1Jo2hcX","newName":"title","conceptId":"concept_GPb7cLCUImqk"}},{"AssignType":{"id":"shape_IvS1Jo2hcX","to":{"StringT":{}},"conceptId":"concept_GPb7cLCUImqk"}},{"AddResponse":{"responseId":"response_XLdjpkw44G","requestId":"path_5YFKcgFCP0}_get","httpStatusCode":500}},{"DefineInlineConcept":{"root":"shape_tAe3N59zxi","conceptId":"concept_JjUgs5GS1iRb"}},{"AssignType":{"id":"shape_tAe3N59zxi","to":{"ObjectT":{}},"conceptId":"concept_JjUgs5GS1iRb"}},{"AddField":{"parentId":"shape_tAe3N59zxi","id":"shape_AD6O9FGXE7","conceptId":"concept_JjUgs5GS1iRb"}},{"SetFieldName":{"id":"shape_AD6O9FGXE7","newName":"description","conceptId":"concept_JjUgs5GS1iRb"}},{"AssignType":{"id":"shape_AD6O9FGXE7","to":{"StringT":{}},"conceptId":"concept_JjUgs5GS1iRb"}},{"AddField":{"parentId":"shape_tAe3N59zxi","id":"shape_QYEbHf8Jmx","conceptId":"concept_JjUgs5GS1iRb"}},{"SetFieldName":{"id":"shape_QYEbHf8Jmx","newName":"status","conceptId":"concept_JjUgs5GS1iRb"}},{"AssignType":{"id":"shape_QYEbHf8Jmx","to":{"StringT":{}},"conceptId":"concept_JjUgs5GS1iRb"}},{"AddField":{"parentId":"shape_tAe3N59zxi","id":"shape_O9Rhl0It7c","conceptId":"concept_JjUgs5GS1iRb"}},{"SetFieldName":{"id":"shape_O9Rhl0It7c","newName":"title","conceptId":"concept_JjUgs5GS1iRb"}},{"AssignType":{"id":"shape_O9Rhl0It7c","to":{"StringT":{}},"conceptId":"concept_JjUgs5GS1iRb"}},{"AddResponse":{"responseId":"response_SvyEGRtt4w","requestId":"path_5YFKcgFCP0}_get","httpStatusCode":408}},{"DefineInlineConcept":{"root":"shape_NRVCvFz8Wb","conceptId":"concept_R4yojgn82hDY"}},{"AssignType":{"id":"shape_NRVCvFz8Wb","to":{"ObjectT":{}},"conceptId":"concept_R4yojgn82hDY"}},{"AddField":{"parentId":"shape_NRVCvFz8Wb","id":"shape_NulkNvca93","conceptId":"concept_R4yojgn82hDY"}},{"SetFieldName":{"id":"shape_NulkNvca93","newName":"description","conceptId":"concept_R4yojgn82hDY"}},{"AssignType":{"id":"shape_NulkNvca93","to":{"StringT":{}},"conceptId":"concept_R4yojgn82hDY"}},{"AddField":{"parentId":"shape_NRVCvFz8Wb","id":"shape_RFflaAPuD4","conceptId":"concept_R4yojgn82hDY"}},{"SetFieldName":{"id":"shape_RFflaAPuD4","newName":"status","conceptId":"concept_R4yojgn82hDY"}},{"AssignType":{"id":"shape_RFflaAPuD4","to":{"StringT":{}},"conceptId":"concept_R4yojgn82hDY"}},{"AddField":{"parentId":"shape_NRVCvFz8Wb","id":"shape_A9gQo2wqi2","conceptId":"concept_R4yojgn82hDY"}},{"SetFieldName":{"id":"shape_A9gQo2wqi2","newName":"title","conceptId":"concept_R4yojgn82hDY"}},{"AssignType":{"id":"shape_A9gQo2wqi2","to":{"StringT":{}},"conceptId":"concept_R4yojgn82hDY"}},{"AddResponse":{"responseId":"response_FAfjYK5QC8","requestId":"path_5YFKcgFCP0}_get","httpStatusCode":503}},{"DefineInlineConcept":{"root":"shape_lImztfp6y1","conceptId":"concept_AOut1DVccORy"}},{"AssignType":{"id":"shape_lImztfp6y1","to":{"ObjectT":{}},"conceptId":"concept_AOut1DVccORy"}},{"AddField":{"parentId":"shape_lImztfp6y1","id":"shape_kwme1m7JJu","conceptId":"concept_AOut1DVccORy"}},{"SetFieldName":{"id":"shape_kwme1m7JJu","newName":"description","conceptId":"concept_AOut1DVccORy"}},{"AssignType":{"id":"shape_kwme1m7JJu","to":{"StringT":{}},"conceptId":"concept_AOut1DVccORy"}},{"AddField":{"parentId":"shape_lImztfp6y1","id":"shape_scgGljPyWu","conceptId":"concept_AOut1DVccORy"}},{"SetFieldName":{"id":"shape_scgGljPyWu","newName":"status","conceptId":"concept_AOut1DVccORy"}},{"AssignType":{"id":"shape_scgGljPyWu","to":{"StringT":{}},"conceptId":"concept_AOut1DVccORy"}},{"AddField":{"parentId":"shape_lImztfp6y1","id":"shape_JFfOrDegQ7","conceptId":"concept_AOut1DVccORy"}},{"SetFieldName":{"id":"shape_JFfOrDegQ7","newName":"title","conceptId":"concept_AOut1DVccORy"}},{"AssignType":{"id":"shape_JFfOrDegQ7","to":{"StringT":{}},"conceptId":"concept_AOut1DVccORy"}},{"AddResponse":{"responseId":"response_cv0wVEVCWp","requestId":"path_5YFKcgFCP0}_get","httpStatusCode":200}},{"DefineInlineConcept":{"root":"shape_qTPBYQyEhX","conceptId":"concept_lJf1B98m7Gwt"}},{"AssignType":{"id":"shape_qTPBYQyEhX","to":{"ObjectT":{}},"conceptId":"concept_lJf1B98m7Gwt"}},{"AddField":{"parentId":"shape_qTPBYQyEhX","id":"shape_s8R25lLq6V","conceptId":"concept_lJf1B98m7Gwt"}},{"SetFieldName":{"id":"shape_s8R25lLq6V","newName":"data","conceptId":"concept_lJf1B98m7Gwt"}},{"AssignType":{"id":"shape_s8R25lLq6V","to":{"ListT":{}},"conceptId":"concept_lJf1B98m7Gwt"}},{"AddTypeParameter":{"parentId":"shape_s8R25lLq6V","id":"shape_NJB6CPmAYv","conceptId":"concept_lJf1B98m7Gwt"}},{"AssignType":{"id":"shape_NJB6CPmAYv","to":{"ObjectT":{}},"conceptId":"concept_lJf1B98m7Gwt"}},{"AddField":{"parentId":"shape_qTPBYQyEhX","id":"shape_exR7tpbRID","conceptId":"concept_lJf1B98m7Gwt"}},{"SetFieldName":{"id":"shape_exR7tpbRID","newName":"meta","conceptId":"concept_lJf1B98m7Gwt"}},{"AssignType":{"id":"shape_exR7tpbRID","to":{"ObjectT":{}},"conceptId":"concept_lJf1B98m7Gwt"}},{"AddField":{"parentId":"shape_exR7tpbRID","id":"shape_xB1czfPhbv","conceptId":"concept_lJf1B98m7Gwt"}},{"SetFieldName":{"id":"shape_xB1czfPhbv","newName":"TermsOfUse","conceptId":"concept_lJf1B98m7Gwt"}},{"AssignType":{"id":"shape_xB1czfPhbv","to":{"StringT":{}},"conceptId":"concept_lJf1B98m7Gwt"}},{"AddField":{"parentId":"shape_exR7tpbRID","id":"shape_pqp7IH8mrU","conceptId":"concept_lJf1B98m7Gwt"}},{"SetFieldName":{"id":"shape_pqp7IH8mrU","newName":"License","conceptId":"concept_lJf1B98m7Gwt"}},{"AssignType":{"id":"shape_pqp7IH8mrU","to":{"StringT":{}},"conceptId":"concept_lJf1B98m7Gwt"}},{"AddField":{"parentId":"shape_exR7tpbRID","id":"shape_9Npf4LB34k","conceptId":"concept_lJf1B98m7Gwt"}},{"SetFieldName":{"id":"shape_9Npf4LB34k","newName":"LastUpdated","conceptId":"concept_lJf1B98m7Gwt"}},{"AssignType":{"id":"shape_9Npf4LB34k","to":{"StringT":{}},"conceptId":"concept_lJf1B98m7Gwt"}},{"AddField":{"parentId":"shape_exR7tpbRID","id":"shape_pmoBhjz1iV","conceptId":"concept_lJf1B98m7Gwt"}},{"SetFieldName":{"id":"shape_pmoBhjz1iV","newName":"Agreement","conceptId":"concept_lJf1B98m7Gwt"}},{"AssignType":{"id":"shape_pmoBhjz1iV","to":{"StringT":{}},"conceptId":"concept_lJf1B98m7Gwt"}},{"AddField":{"parentId":"shape_exR7tpbRID","id":"shape_i9FiXcQp4i","conceptId":"concept_lJf1B98m7Gwt"}},{"SetFieldName":{"id":"shape_i9FiXcQp4i","newName":"TotalResults","conceptId":"concept_lJf1B98m7Gwt"}},{"AssignType":{"id":"shape_i9FiXcQp4i","to":{"IntegerT":{}},"conceptId":"concept_lJf1B98m7Gwt"}},{"AddRequest":{"requestId":"path_5YFKcgFCP0}_head","pathId":"2j0btp_path_4","httpMethod":"head"}},{"AddRequest":{"requestId":"path_pogOBxWYxQ}_get","pathId":"2j0btp_path_1","httpMethod":"get"}},{"AddResponse":{"responseId":"response_6v3B2Zkwga","requestId":"path_pogOBxWYxQ}_get","httpStatusCode":400}},{"DefineInlineConcept":{"root":"shape_648SWYdNNC","conceptId":"concept_4ocawQsj9fcC"}},{"AssignType":{"id":"shape_648SWYdNNC","to":{"ObjectT":{}},"conceptId":"concept_4ocawQsj9fcC"}},{"AddField":{"parentId":"shape_648SWYdNNC","id":"shape_UGJMChy1mh","conceptId":"concept_4ocawQsj9fcC"}},{"SetFieldName":{"id":"shape_UGJMChy1mh","newName":"description","conceptId":"concept_4ocawQsj9fcC"}},{"AssignType":{"id":"shape_UGJMChy1mh","to":{"StringT":{}},"conceptId":"concept_4ocawQsj9fcC"}},{"AddField":{"parentId":"shape_648SWYdNNC","id":"shape_grsejSauLP","conceptId":"concept_4ocawQsj9fcC"}},{"SetFieldName":{"id":"shape_grsejSauLP","newName":"status","conceptId":"concept_4ocawQsj9fcC"}},{"AssignType":{"id":"shape_grsejSauLP","to":{"StringT":{}},"conceptId":"concept_4ocawQsj9fcC"}},{"AddField":{"parentId":"shape_648SWYdNNC","id":"shape_GG4QBBlsVA","conceptId":"concept_4ocawQsj9fcC"}},{"SetFieldName":{"id":"shape_GG4QBBlsVA","newName":"title","conceptId":"concept_4ocawQsj9fcC"}},{"AssignType":{"id":"shape_GG4QBBlsVA","to":{"StringT":{}},"conceptId":"concept_4ocawQsj9fcC"}},{"AddResponse":{"responseId":"response_b9kZLAFFaQ","requestId":"path_pogOBxWYxQ}_get","httpStatusCode":429}},{"DefineInlineConcept":{"root":"shape_yeqDkzNnwE","conceptId":"concept_1k9flSvYyDm8"}},{"AssignType":{"id":"shape_yeqDkzNnwE","to":{"ObjectT":{}},"conceptId":"concept_1k9flSvYyDm8"}},{"AddField":{"parentId":"shape_yeqDkzNnwE","id":"shape_SxdxnlZkLB","conceptId":"concept_1k9flSvYyDm8"}},{"SetFieldName":{"id":"shape_SxdxnlZkLB","newName":"description","conceptId":"concept_1k9flSvYyDm8"}},{"AssignType":{"id":"shape_SxdxnlZkLB","to":{"StringT":{}},"conceptId":"concept_1k9flSvYyDm8"}},{"AddField":{"parentId":"shape_yeqDkzNnwE","id":"shape_CsFrKLQilT","conceptId":"concept_1k9flSvYyDm8"}},{"SetFieldName":{"id":"shape_CsFrKLQilT","newName":"status","conceptId":"concept_1k9flSvYyDm8"}},{"AssignType":{"id":"shape_CsFrKLQilT","to":{"StringT":{}},"conceptId":"concept_1k9flSvYyDm8"}},{"AddField":{"parentId":"shape_yeqDkzNnwE","id":"shape_ANbxPNTMgM","conceptId":"concept_1k9flSvYyDm8"}},{"SetFieldName":{"id":"shape_ANbxPNTMgM","newName":"title","conceptId":"concept_1k9flSvYyDm8"}},{"AssignType":{"id":"shape_ANbxPNTMgM","to":{"StringT":{}},"conceptId":"concept_1k9flSvYyDm8"}},{"AddResponse":{"responseId":"response_CAI0fJV5NS","requestId":"path_pogOBxWYxQ}_get","httpStatusCode":500}},{"DefineInlineConcept":{"root":"shape_9DLNJIAija","conceptId":"concept_UZ3K9gO2H9rV"}},{"AssignType":{"id":"shape_9DLNJIAija","to":{"ObjectT":{}},"conceptId":"concept_UZ3K9gO2H9rV"}},{"AddField":{"parentId":"shape_9DLNJIAija","id":"shape_evRQSo0Vtj","conceptId":"concept_UZ3K9gO2H9rV"}},{"SetFieldName":{"id":"shape_evRQSo0Vtj","newName":"description","conceptId":"concept_UZ3K9gO2H9rV"}},{"AssignType":{"id":"shape_evRQSo0Vtj","to":{"StringT":{}},"conceptId":"concept_UZ3K9gO2H9rV"}},{"AddField":{"parentId":"shape_9DLNJIAija","id":"shape_lQe0hikN2o","conceptId":"concept_UZ3K9gO2H9rV"}},{"SetFieldName":{"id":"shape_lQe0hikN2o","newName":"status","conceptId":"concept_UZ3K9gO2H9rV"}},{"AssignType":{"id":"shape_lQe0hikN2o","to":{"StringT":{}},"conceptId":"concept_UZ3K9gO2H9rV"}},{"AddField":{"parentId":"shape_9DLNJIAija","id":"shape_LoZLX00VAv","conceptId":"concept_UZ3K9gO2H9rV"}},{"SetFieldName":{"id":"shape_LoZLX00VAv","newName":"title","conceptId":"concept_UZ3K9gO2H9rV"}},{"AssignType":{"id":"shape_LoZLX00VAv","to":{"StringT":{}},"conceptId":"concept_UZ3K9gO2H9rV"}},{"AddResponse":{"responseId":"response_reaSKJDdFL","requestId":"path_pogOBxWYxQ}_get","httpStatusCode":408}},{"DefineInlineConcept":{"root":"shape_PgREoMrL9L","conceptId":"concept_TPn62OLvTYxR"}},{"AssignType":{"id":"shape_PgREoMrL9L","to":{"ObjectT":{}},"conceptId":"concept_TPn62OLvTYxR"}},{"AddField":{"parentId":"shape_PgREoMrL9L","id":"shape_D9FEcbteaq","conceptId":"concept_TPn62OLvTYxR"}},{"SetFieldName":{"id":"shape_D9FEcbteaq","newName":"description","conceptId":"concept_TPn62OLvTYxR"}},{"AssignType":{"id":"shape_D9FEcbteaq","to":{"StringT":{}},"conceptId":"concept_TPn62OLvTYxR"}},{"AddField":{"parentId":"shape_PgREoMrL9L","id":"shape_AN1O0gn6u1","conceptId":"concept_TPn62OLvTYxR"}},{"SetFieldName":{"id":"shape_AN1O0gn6u1","newName":"status","conceptId":"concept_TPn62OLvTYxR"}},{"AssignType":{"id":"shape_AN1O0gn6u1","to":{"StringT":{}},"conceptId":"concept_TPn62OLvTYxR"}},{"AddField":{"parentId":"shape_PgREoMrL9L","id":"shape_szoQVazFcZ","conceptId":"concept_TPn62OLvTYxR"}},{"SetFieldName":{"id":"shape_szoQVazFcZ","newName":"title","conceptId":"concept_TPn62OLvTYxR"}},{"AssignType":{"id":"shape_szoQVazFcZ","to":{"StringT":{}},"conceptId":"concept_TPn62OLvTYxR"}},{"AddResponse":{"responseId":"response_EM0ErEEIna","requestId":"path_pogOBxWYxQ}_get","httpStatusCode":503}},{"DefineInlineConcept":{"root":"shape_7jej9005s9","conceptId":"concept_VPq2iIPnQeMK"}},{"AssignType":{"id":"shape_7jej9005s9","to":{"ObjectT":{}},"conceptId":"concept_VPq2iIPnQeMK"}},{"AddField":{"parentId":"shape_7jej9005s9","id":"shape_hXVasOVYLI","conceptId":"concept_VPq2iIPnQeMK"}},{"SetFieldName":{"id":"shape_hXVasOVYLI","newName":"description","conceptId":"concept_VPq2iIPnQeMK"}},{"AssignType":{"id":"shape_hXVasOVYLI","to":{"StringT":{}},"conceptId":"concept_VPq2iIPnQeMK"}},{"AddField":{"parentId":"shape_7jej9005s9","id":"shape_dscXbdVDH9","conceptId":"concept_VPq2iIPnQeMK"}},{"SetFieldName":{"id":"shape_dscXbdVDH9","newName":"status","conceptId":"concept_VPq2iIPnQeMK"}},{"AssignType":{"id":"shape_dscXbdVDH9","to":{"StringT":{}},"conceptId":"concept_VPq2iIPnQeMK"}},{"AddField":{"parentId":"shape_7jej9005s9","id":"shape_ZIag38Y1Iy","conceptId":"concept_VPq2iIPnQeMK"}},{"SetFieldName":{"id":"shape_ZIag38Y1Iy","newName":"title","conceptId":"concept_VPq2iIPnQeMK"}},{"AssignType":{"id":"shape_ZIag38Y1Iy","to":{"StringT":{}},"conceptId":"concept_VPq2iIPnQeMK"}},{"AddResponse":{"responseId":"response_OZbkeHIhWI","requestId":"path_pogOBxWYxQ}_get","httpStatusCode":200}},{"DefineInlineConcept":{"root":"shape_bLPMTBGPzf","conceptId":"concept_IX8LX227ciPE"}},{"AssignType":{"id":"shape_bLPMTBGPzf","to":{"ObjectT":{}},"conceptId":"concept_IX8LX227ciPE"}},{"AddField":{"parentId":"shape_bLPMTBGPzf","id":"shape_WaTGQEmSil","conceptId":"concept_IX8LX227ciPE"}},{"SetFieldName":{"id":"shape_WaTGQEmSil","newName":"data","conceptId":"concept_IX8LX227ciPE"}},{"AssignType":{"id":"shape_WaTGQEmSil","to":{"ListT":{}},"conceptId":"concept_IX8LX227ciPE"}},{"AddTypeParameter":{"parentId":"shape_WaTGQEmSil","id":"shape_hnAOmYYZDf","conceptId":"concept_IX8LX227ciPE"}},{"AssignType":{"id":"shape_hnAOmYYZDf","to":{"ObjectT":{}},"conceptId":"concept_IX8LX227ciPE"}},{"AddField":{"parentId":"shape_bLPMTBGPzf","id":"shape_wFyAz1Wm00","conceptId":"concept_IX8LX227ciPE"}},{"SetFieldName":{"id":"shape_wFyAz1Wm00","newName":"meta","conceptId":"concept_IX8LX227ciPE"}},{"AssignType":{"id":"shape_wFyAz1Wm00","to":{"ObjectT":{}},"conceptId":"concept_IX8LX227ciPE"}},{"AddField":{"parentId":"shape_wFyAz1Wm00","id":"shape_VH1MO5h1gJ","conceptId":"concept_IX8LX227ciPE"}},{"SetFieldName":{"id":"shape_VH1MO5h1gJ","newName":"TermsOfUse","conceptId":"concept_IX8LX227ciPE"}},{"AssignType":{"id":"shape_VH1MO5h1gJ","to":{"StringT":{}},"conceptId":"concept_IX8LX227ciPE"}},{"AddField":{"parentId":"shape_wFyAz1Wm00","id":"shape_wTjQC4Ap6M","conceptId":"concept_IX8LX227ciPE"}},{"SetFieldName":{"id":"shape_wTjQC4Ap6M","newName":"License","conceptId":"concept_IX8LX227ciPE"}},{"AssignType":{"id":"shape_wTjQC4Ap6M","to":{"StringT":{}},"conceptId":"concept_IX8LX227ciPE"}},{"AddField":{"parentId":"shape_wFyAz1Wm00","id":"shape_iOIFA5UBcg","conceptId":"concept_IX8LX227ciPE"}},{"SetFieldName":{"id":"shape_iOIFA5UBcg","newName":"LastUpdated","conceptId":"concept_IX8LX227ciPE"}},{"AssignType":{"id":"shape_iOIFA5UBcg","to":{"StringT":{}},"conceptId":"concept_IX8LX227ciPE"}},{"AddField":{"parentId":"shape_wFyAz1Wm00","id":"shape_3eHgnBwEsa","conceptId":"concept_IX8LX227ciPE"}},{"SetFieldName":{"id":"shape_3eHgnBwEsa","newName":"Agreement","conceptId":"concept_IX8LX227ciPE"}},{"AssignType":{"id":"shape_3eHgnBwEsa","to":{"StringT":{}},"conceptId":"concept_IX8LX227ciPE"}},{"AddField":{"parentId":"shape_wFyAz1Wm00","id":"shape_9s5SOpPQVd","conceptId":"concept_IX8LX227ciPE"}},{"SetFieldName":{"id":"shape_9s5SOpPQVd","newName":"TotalResults","conceptId":"concept_IX8LX227ciPE"}},{"AssignType":{"id":"shape_9s5SOpPQVd","to":{"IntegerT":{}},"conceptId":"concept_IX8LX227ciPE"}},{"AddRequest":{"requestId":"path_pogOBxWYxQ}_head","pathId":"2j0btp_path_1","httpMethod":"head"}},{"SetResponseBodyShape":{"responseId":"response_v7QGuWVrOs","bodyDescriptor":{"httpContentType":"application/prs.openbanking.opendata.v1.3+json","conceptId":"concept_nJMtiIF98acO"}}},{"SetResponseBodyShape":{"responseId":"response_g0l7RpAqUN","bodyDescriptor":{"httpContentType":"application/prs.openbanking.opendata.v1.3+json","conceptId":"concept_BiKshL2lGlR7"}}},{"SetResponseBodyShape":{"responseId":"response_zQwp30mlIB","bodyDescriptor":{"httpContentType":"application/prs.openbanking.opendata.v1.3+json","conceptId":"concept_8cqShMUvkAI2"}}},{"SetResponseBodyShape":{"responseId":"response_BcnTjqsJka","bodyDescriptor":{"httpContentType":"application/prs.openbanking.opendata.v1.3+json","conceptId":"concept_AFqxgufD5zHt"}}},{"SetResponseBodyShape":{"responseId":"response_mg6sqL6uSn","bodyDescriptor":{"httpContentType":"application/prs.openbanking.opendata.v1.3+json","conceptId":"concept_z5Yc1ail2sIQ"}}},{"SetResponseBodyShape":{"responseId":"response_weSCaEn564","bodyDescriptor":{"httpContentType":"application/prs.openbanking.opendata.v1.3+json","conceptId":"concept_s1pdwtqLPdpF"}}},{"SetResponseBodyShape":{"responseId":"response_dCuIpiPRXM","bodyDescriptor":{"httpContentType":"application/prs.openbanking.opendata.v1.3+json","conceptId":"concept_KWZMEmrsbjdg"}}},{"SetResponseBodyShape":{"responseId":"response_lTRqC0Ba3H","bodyDescriptor":{"httpContentType":"application/prs.openbanking.opendata.v1.3+json","conceptId":"concept_4FNugOFMe4vc"}}},{"SetResponseBodyShape":{"responseId":"response_8ij7G5EWPI","bodyDescriptor":{"httpContentType":"application/prs.openbanking.opendata.v1.3+json","conceptId":"concept_RfUwBRoO5YqR"}}},{"SetResponseBodyShape":{"responseId":"response_q3fuXL8IsF","bodyDescriptor":{"httpContentType":"application/prs.openbanking.opendata.v1.3+json","conceptId":"concept_2pmoOHzWAdJG"}}},{"SetResponseBodyShape":{"responseId":"response_GtYtUTu4mN","bodyDescriptor":{"httpContentType":"application/prs.openbanking.opendata.v1.3+json","conceptId":"concept_Jn5kxi9tSLHG"}}},{"SetResponseBodyShape":{"responseId":"response_gNHfKMw5kC","bodyDescriptor":{"httpContentType":"application/prs.openbanking.opendata.v1.3+json","conceptId":"concept_Nq6zLHrOyoo4"}}},{"SetResponseBodyShape":{"responseId":"response_i4an2Eyii2","bodyDescriptor":{"httpContentType":"application/prs.openbanking.opendata.v1.3+json","conceptId":"concept_ZjTQpCI0cpAY"}}},{"SetResponseBodyShape":{"responseId":"response_bcKijQSjn2","bodyDescriptor":{"httpContentType":"application/prs.openbanking.opendata.v1.3+json","conceptId":"concept_PU5DhW6q8oh0"}}},{"SetResponseBodyShape":{"responseId":"response_WYJFRryk37","bodyDescriptor":{"httpContentType":"application/prs.openbanking.opendata.v1.3+json","conceptId":"concept_8uSHB3iEAD1s"}}},{"SetResponseBodyShape":{"responseId":"response_hVih9lyK16","bodyDescriptor":{"httpContentType":"application/prs.openbanking.opendata.v1.3+json","conceptId":"concept_ZjQQDJcRuCM9"}}},{"SetResponseBodyShape":{"responseId":"response_HagZfO9mr8","bodyDescriptor":{"httpContentType":"application/prs.openbanking.opendata.v1.3+json","conceptId":"concept_Isk6jOXWc8nP"}}},{"SetResponseBodyShape":{"responseId":"response_3vXjXn1Tfh","bodyDescriptor":{"httpContentType":"application/prs.openbanking.opendata.v1.3+json","conceptId":"concept_Nw4nTJwh5gyS"}}},{"SetResponseBodyShape":{"responseId":"response_DgBbgVowLh","bodyDescriptor":{"httpContentType":"application/prs.openbanking.opendata.v1.3+json","conceptId":"concept_6jfKsrTJBYcF"}}},{"SetResponseBodyShape":{"responseId":"response_eAcXDt44uI","bodyDescriptor":{"httpContentType":"application/prs.openbanking.opendata.v1.3+json","conceptId":"concept_hKOrhloidxH2"}}},{"SetResponseBodyShape":{"responseId":"response_UCqeFHebe8","bodyDescriptor":{"httpContentType":"application/prs.openbanking.opendata.v1.3+json","conceptId":"concept_h57B598jLEJb"}}},{"SetResponseBodyShape":{"responseId":"response_ndZQtv152x","bodyDescriptor":{"httpContentType":"application/prs.openbanking.opendata.v1.3+json","conceptId":"concept_X6sIW0WLCXQo"}}},{"SetResponseBodyShape":{"responseId":"response_pIzbPUyqT5","bodyDescriptor":{"httpContentType":"application/prs.openbanking.opendata.v1.3+json","conceptId":"concept_gye4XpOlaUj9"}}},{"SetResponseBodyShape":{"responseId":"response_hgXG7ulYgt","bodyDescriptor":{"httpContentType":"application/prs.openbanking.opendata.v1.3+json","conceptId":"concept_3jUCrlp5STjj"}}},{"SetResponseBodyShape":{"responseId":"response_xTILsgSfkW","bodyDescriptor":{"httpContentType":"application/prs.openbanking.opendata.v1.3+json","conceptId":"concept_cOYkN4wAPXMV"}}},{"SetResponseBodyShape":{"responseId":"response_lsRXvIKgGG","bodyDescriptor":{"httpContentType":"application/prs.openbanking.opendata.v1.3+json","conceptId":"concept_GPb7cLCUImqk"}}},{"SetResponseBodyShape":{"responseId":"response_XLdjpkw44G","bodyDescriptor":{"httpContentType":"application/prs.openbanking.opendata.v1.3+json","conceptId":"concept_JjUgs5GS1iRb"}}},{"SetResponseBodyShape":{"responseId":"response_SvyEGRtt4w","bodyDescriptor":{"httpContentType":"application/prs.openbanking.opendata.v1.3+json","conceptId":"concept_R4yojgn82hDY"}}},{"SetResponseBodyShape":{"responseId":"response_FAfjYK5QC8","bodyDescriptor":{"httpContentType":"application/prs.openbanking.opendata.v1.3+json","conceptId":"concept_AOut1DVccORy"}}},{"SetResponseBodyShape":{"responseId":"response_cv0wVEVCWp","bodyDescriptor":{"httpContentType":"application/prs.openbanking.opendata.v1.3+json","conceptId":"concept_lJf1B98m7Gwt"}}},{"SetResponseBodyShape":{"responseId":"response_6v3B2Zkwga","bodyDescriptor":{"httpContentType":"application/prs.openbanking.opendata.v1.3+json","conceptId":"concept_4ocawQsj9fcC"}}},{"SetResponseBodyShape":{"responseId":"response_b9kZLAFFaQ","bodyDescriptor":{"httpContentType":"application/prs.openbanking.opendata.v1.3+json","conceptId":"concept_1k9flSvYyDm8"}}},{"SetResponseBodyShape":{"responseId":"response_CAI0fJV5NS","bodyDescriptor":{"httpContentType":"application/prs.openbanking.opendata.v1.3+json","conceptId":"concept_UZ3K9gO2H9rV"}}},{"SetResponseBodyShape":{"responseId":"response_reaSKJDdFL","bodyDescriptor":{"httpContentType":"application/prs.openbanking.opendata.v1.3+json","conceptId":"concept_TPn62OLvTYxR"}}},{"SetResponseBodyShape":{"responseId":"response_EM0ErEEIna","bodyDescriptor":{"httpContentType":"application/prs.openbanking.opendata.v1.3+json","conceptId":"concept_VPq2iIPnQeMK"}}},{"SetResponseBodyShape":{"responseId":"response_OZbkeHIhWI","bodyDescriptor":{"httpContentType":"application/prs.openbanking.opendata.v1.3+json","conceptId":"concept_IX8LX227ciPE"}}}]