[{"DefineConcept":{"name":"ListServicesResponse","root":"shape_NatgXpXEvY","conceptId":"concept_4wGPHM_listservicesresponse"}},{"SetConceptName":{"newName":"ListServicesResponse","conceptId":"concept_4wGPHM_listservicesresponse"}},{"DefineConcept":{"name":"ServiceDescription","root":"shape_zcDJGjKaGS","conceptId":"concept_4qLCFm_servicedescription"}},{"SetConceptName":{"newName":"ServiceDescription","conceptId":"concept_4qLCFm_servicedescription"}},{"DefineConcept":{"name":"ActionHelp","root":"shape_0mLELfLUsr","conceptId":"concept_1WyQh9_actionhelp"}},{"SetConceptName":{"newName":"ActionHelp","conceptId":"concept_1WyQh9_actionhelp"}},{"DefineConcept":{"name":"ExecBody","root":"shape_CmrRuQH4ED","conceptId":"concept_0jaGSl_execbody"}},{"SetConceptName":{"newName":"ExecBody","conceptId":"concept_0jaGSl_execbody"}},{"DefineConcept":{"name":"ActionDescription","root":"shape_OthU1Voa5L","conceptId":"concept_xWsydX_actiondescription"}},{"SetConceptName":{"newName":"ActionDescription","conceptId":"concept_xWsydX_actiondescription"}},{"DefineConcept":{"name":"DescribeActionResponse","root":"shape_n96WlIgLvz","conceptId":"concept_mp3hFH_describeactionresponse"}},{"SetConceptName":{"newName":"DescribeActionResponse","conceptId":"concept_mp3hFH_describeactionresponse"}},{"DefineConcept":{"name":"ListActionsResponse","root":"shape_9NHAXbUdv9","conceptId":"concept_1ayHu6_listactionsresponse"}},{"SetConceptName":{"newName":"ListActionsResponse","conceptId":"concept_1ayHu6_listactionsresponse"}},{"DefineConcept":{"name":"EntryPointParameter","root":"shape_qnam82wFsA","conceptId":"concept_Zfcfoz_entrypointparameter"}},{"SetConceptName":{"newName":"EntryPointParameter","conceptId":"concept_Zfcfoz_entrypointparameter"}},{"DefineConcept":{"name":"ActionHelpResponse","root":"shape_tiFOxwr3RL","conceptId":"concept_sflfbe_actionhelpresponse"}},{"SetConceptName":{"newName":"ActionHelpResponse","conceptId":"concept_sflfbe_actionhelpresponse"}},{"DefineConcept":{"name":"EntryPoint","root":"shape_vBQPc9BVNN","conceptId":"concept_jGqvVv_entrypoint"}},{"SetConceptName":{"newName":"EntryPoint","conceptId":"concept_jGqvVv_entrypoint"}},{"DefineConcept":{"name":"DescribeServiceResponse","root":"shape_ezr7QC95Ha","conceptId":"concept_Kr8NsU_describeserviceresponse"}},{"SetConceptName":{"newName":"DescribeServiceResponse","conceptId":"concept_Kr8NsU_describeserviceresponse"}},{"DefineConcept":{"name":"ErrorModel","root":"shape_CAhgHM3j2Z","conceptId":"concept_4XNCZH_errormodel"}},{"SetConceptName":{"newName":"ErrorModel","conceptId":"concept_4XNCZH_errormodel"}},{"DefineConcept":{"name":"LoginResponse","root":"shape_4vKDKmAJ7O","conceptId":"concept_OvJaLA_loginresponse"}},{"SetConceptName":{"newName":"LoginResponse","conceptId":"concept_OvJaLA_loginresponse"}},{"DefineConcept":{"name":"LogoutResponse","root":"shape_lZpEohvfNs","conceptId":"concept_39nZnM_logoutresponse"}},{"SetConceptName":{"newName":"LogoutResponse","conceptId":"concept_39nZnM_logoutresponse"}},{"AssignType":{"id":"shape_NatgXpXEvY","to":{"ObjectT":{}},"conceptId":"concept_4wGPHM_listservicesresponse"}},{"AddField":{"parentId":"shape_NatgXpXEvY","id":"shape_V6ZQvpYGh7","conceptId":"concept_4wGPHM_listservicesresponse"}},{"SetFieldName":{"id":"shape_V6ZQvpYGh7","newName":"api","conceptId":"concept_4wGPHM_listservicesresponse"}},{"AssignType":{"id":"shape_V6ZQvpYGh7","to":{"StringT":{}},"conceptId":"concept_4wGPHM_listservicesresponse"}},{"AddField":{"parentId":"shape_NatgXpXEvY","id":"shape_cEVSNu3U4k","conceptId":"concept_4wGPHM_listservicesresponse"}},{"SetFieldName":{"id":"shape_cEVSNu3U4k","newName":"method","conceptId":"concept_4wGPHM_listservicesresponse"}},{"AssignType":{"id":"shape_cEVSNu3U4k","to":{"StringT":{}},"conceptId":"concept_4wGPHM_listservicesresponse"}},{"AddField":{"parentId":"shape_NatgXpXEvY","id":"shape_iubXiS2CdD","conceptId":"concept_4wGPHM_listservicesresponse"}},{"SetFieldName":{"id":"shape_iubXiS2CdD","newName":"response","conceptId":"concept_4wGPHM_listservicesresponse"}},{"AssignType":{"id":"shape_iubXiS2CdD","to":{"ListT":{}},"conceptId":"concept_4wGPHM_listservicesresponse"}},{"AddTypeParameter":{"parentId":"shape_iubXiS2CdD","id":"shape_tIXxUWqbHX","conceptId":"concept_4wGPHM_listservicesresponse"}},{"AssignType":{"id":"shape_tIXxUWqbHX","to":{"RefT":{"conceptId":"concept_4qLCFm_servicedescription"}},"conceptId":"concept_4wGPHM_listservicesresponse"}},{"AddField":{"parentId":"shape_NatgXpXEvY","id":"shape_6ZneFWsNhn","conceptId":"concept_4wGPHM_listservicesresponse"}},{"SetFieldName":{"id":"shape_6ZneFWsNhn","newName":"status","conceptId":"concept_4wGPHM_listservicesresponse"}},{"AssignType":{"id":"shape_6ZneFWsNhn","to":{"StringT":{}},"conceptId":"concept_4wGPHM_listservicesresponse"}},{"AssignType":{"id":"shape_zcDJGjKaGS","to":{"ObjectT":{}},"conceptId":"concept_4qLCFm_servicedescription"}},{"AddField":{"parentId":"shape_zcDJGjKaGS","id":"shape_3LwVB9i0gv","conceptId":"concept_4qLCFm_servicedescription"}},{"SetFieldName":{"id":"shape_3LwVB9i0gv","newName":"description","conceptId":"concept_4qLCFm_servicedescription"}},{"AssignType":{"id":"shape_3LwVB9i0gv","to":{"StringT":{}},"conceptId":"concept_4qLCFm_servicedescription"}},{"AddField":{"parentId":"shape_zcDJGjKaGS","id":"shape_yti9Zkjw3V","conceptId":"concept_4qLCFm_servicedescription"}},{"SetFieldName":{"id":"shape_yti9Zkjw3V","newName":"import_source_uri","conceptId":"concept_4qLCFm_servicedescription"}},{"AssignType":{"id":"shape_yti9Zkjw3V","to":{"StringT":{}},"conceptId":"concept_4qLCFm_servicedescription"}},{"AddField":{"parentId":"shape_zcDJGjKaGS","id":"shape_wIUZkIsIzO","conceptId":"concept_4qLCFm_servicedescription"}},{"SetFieldName":{"id":"shape_wIUZkIsIzO","newName":"service_id","conceptId":"concept_4qLCFm_servicedescription"}},{"AssignType":{"id":"shape_wIUZkIsIzO","to":{"StringT":{}},"conceptId":"concept_4qLCFm_servicedescription"}},{"AddField":{"parentId":"shape_zcDJGjKaGS","id":"shape_caQcSxMS9a","conceptId":"concept_4qLCFm_servicedescription"}},{"SetFieldName":{"id":"shape_caQcSxMS9a","newName":"service_name","conceptId":"concept_4qLCFm_servicedescription"}},{"AssignType":{"id":"shape_caQcSxMS9a","to":{"StringT":{}},"conceptId":"concept_4qLCFm_servicedescription"}},{"AssignType":{"id":"shape_0mLELfLUsr","to":{"ObjectT":{}},"conceptId":"concept_1WyQh9_actionhelp"}},{"AddField":{"parentId":"shape_0mLELfLUsr","id":"shape_h9cbQtfEKl","conceptId":"concept_1WyQh9_actionhelp"}},{"SetFieldName":{"id":"shape_h9cbQtfEKl","newName":"action_id","conceptId":"concept_1WyQh9_actionhelp"}},{"AssignType":{"id":"shape_h9cbQtfEKl","to":{"StringT":{}},"conceptId":"concept_1WyQh9_actionhelp"}},{"AddField":{"parentId":"shape_0mLELfLUsr","id":"shape_RrNZhma54Y","conceptId":"concept_1WyQh9_actionhelp"}},{"SetFieldName":{"id":"shape_RrNZhma54Y","newName":"help_text","conceptId":"concept_1WyQh9_actionhelp"}},{"AssignType":{"id":"shape_RrNZhma54Y","to":{"StringT":{}},"conceptId":"concept_1WyQh9_actionhelp"}},{"AddField":{"parentId":"shape_0mLELfLUsr","id":"shape_0jwtMx7sFP","conceptId":"concept_1WyQh9_actionhelp"}},{"SetFieldName":{"id":"shape_0jwtMx7sFP","newName":"service_id","conceptId":"concept_1WyQh9_actionhelp"}},{"AssignType":{"id":"shape_0jwtMx7sFP","to":{"StringT":{}},"conceptId":"concept_1WyQh9_actionhelp"}},{"AssignType":{"id":"shape_CmrRuQH4ED","to":{"ObjectT":{}},"conceptId":"concept_0jaGSl_execbody"}},{"AddField":{"parentId":"shape_CmrRuQH4ED","id":"shape_LSlKPzH464","conceptId":"concept_0jaGSl_execbody"}},{"SetFieldName":{"id":"shape_LSlKPzH464","newName":"osdb:body_data_raw","conceptId":"concept_0jaGSl_execbody"}},{"AssignType":{"id":"shape_LSlKPzH464","to":{"StringT":{}},"conceptId":"concept_0jaGSl_execbody"}},{"AddField":{"parentId":"shape_CmrRuQH4ED","id":"shape_pfV0zqYUSx","conceptId":"concept_0jaGSl_execbody"}},{"SetFieldName":{"id":"shape_pfV0zqYUSx","newName":"osdb:output_type","conceptId":"concept_0jaGSl_execbody"}},{"AssignType":{"id":"shape_pfV0zqYUSx","to":{"StringT":{}},"conceptId":"concept_0jaGSl_execbody"}},{"AddField":{"parentId":"shape_CmrRuQH4ED","id":"shape_GW40TaRM7q","conceptId":"concept_0jaGSl_execbody"}},{"SetFieldName":{"id":"shape_GW40TaRM7q","newName":"action_specific_property2","conceptId":"concept_0jaGSl_execbody"}},{"AssignType":{"id":"shape_GW40TaRM7q","to":{"StringT":{}},"conceptId":"concept_0jaGSl_execbody"}},{"AddField":{"parentId":"shape_CmrRuQH4ED","id":"shape_5t1b5xZbPW","conceptId":"concept_0jaGSl_execbody"}},{"SetFieldName":{"id":"shape_5t1b5xZbPW","newName":"action_specific_property1","conceptId":"concept_0jaGSl_execbody"}},{"AssignType":{"id":"shape_5t1b5xZbPW","to":{"StringT":{}},"conceptId":"concept_0jaGSl_execbody"}},{"AddField":{"parentId":"shape_CmrRuQH4ED","id":"shape_skvtMxuRBw","conceptId":"concept_0jaGSl_execbody"}},{"SetFieldName":{"id":"shape_skvtMxuRBw","newName":"osdb:response_format","conceptId":"concept_0jaGSl_execbody"}},{"AssignType":{"id":"shape_skvtMxuRBw","to":{"StringT":{}},"conceptId":"concept_0jaGSl_execbody"}},{"AddField":{"parentId":"shape_CmrRuQH4ED","id":"shape_AB9xrQEXF1","conceptId":"concept_0jaGSl_execbody"}},{"SetFieldName":{"id":"shape_AB9xrQEXF1","newName":"osdb:body_data_encoding","conceptId":"concept_0jaGSl_execbody"}},{"AssignType":{"id":"shape_AB9xrQEXF1","to":{"StringT":{}},"conceptId":"concept_0jaGSl_execbody"}},{"AddField":{"parentId":"shape_CmrRuQH4ED","id":"shape_V4LrPAGA4Z","conceptId":"concept_0jaGSl_execbody"}},{"SetFieldName":{"id":"shape_V4LrPAGA4Z","newName":"osdb:body_data_src_url","conceptId":"concept_0jaGSl_execbody"}},{"AssignType":{"id":"shape_V4LrPAGA4Z","to":{"StringT":{}},"conceptId":"concept_0jaGSl_execbody"}},{"AssignType":{"id":"shape_OthU1Voa5L","to":{"ObjectT":{}},"conceptId":"concept_xWsydX_actiondescription"}},{"AddField":{"parentId":"shape_OthU1Voa5L","id":"shape_vsGVml54fV","conceptId":"concept_xWsydX_actiondescription"}},{"SetFieldName":{"id":"shape_vsGVml54fV","newName":"action_id","conceptId":"concept_xWsydX_actiondescription"}},{"AssignType":{"id":"shape_vsGVml54fV","to":{"StringT":{}},"conceptId":"concept_xWsydX_actiondescription"}},{"AddField":{"parentId":"shape_OthU1Voa5L","id":"shape_90XFZYsfmU","conceptId":"concept_xWsydX_actiondescription"}},{"SetFieldName":{"id":"shape_90XFZYsfmU","newName":"description","conceptId":"concept_xWsydX_actiondescription"}},{"AssignType":{"id":"shape_90XFZYsfmU","to":{"StringT":{}},"conceptId":"concept_xWsydX_actiondescription"}},{"AddField":{"parentId":"shape_OthU1Voa5L","id":"shape_gdG3SXjSzm","conceptId":"concept_xWsydX_actiondescription"}},{"SetFieldName":{"id":"shape_gdG3SXjSzm","newName":"entry_point","conceptId":"concept_xWsydX_actiondescription"}},{"AssignType":{"id":"shape_gdG3SXjSzm","to":{"RefT":{"conceptId":"concept_jGqvVv_entrypoint"}},"conceptId":"concept_xWsydX_actiondescription"}},{"AssignType":{"id":"shape_n96WlIgLvz","to":{"ObjectT":{}},"conceptId":"concept_mp3hFH_describeactionresponse"}},{"AddField":{"parentId":"shape_n96WlIgLvz","id":"shape_m4rwPQKTk0","conceptId":"concept_mp3hFH_describeactionresponse"}},{"SetFieldName":{"id":"shape_m4rwPQKTk0","newName":"api","conceptId":"concept_mp3hFH_describeactionresponse"}},{"AssignType":{"id":"shape_m4rwPQKTk0","to":{"StringT":{}},"conceptId":"concept_mp3hFH_describeactionresponse"}},{"AddField":{"parentId":"shape_n96WlIgLvz","id":"shape_XDzXvk3PNv","conceptId":"concept_mp3hFH_describeactionresponse"}},{"SetFieldName":{"id":"shape_XDzXvk3PNv","newName":"method","conceptId":"concept_mp3hFH_describeactionresponse"}},{"AssignType":{"id":"shape_XDzXvk3PNv","to":{"StringT":{}},"conceptId":"concept_mp3hFH_describeactionresponse"}},{"AddField":{"parentId":"shape_n96WlIgLvz","id":"shape_6v9NBWrKaY","conceptId":"concept_mp3hFH_describeactionresponse"}},{"SetFieldName":{"id":"shape_6v9NBWrKaY","newName":"response","conceptId":"concept_mp3hFH_describeactionresponse"}},{"AssignType":{"id":"shape_6v9NBWrKaY","to":{"RefT":{"conceptId":"concept_xWsydX_actiondescription"}},"conceptId":"concept_mp3hFH_describeactionresponse"}},{"AddField":{"parentId":"shape_n96WlIgLvz","id":"shape_Bo2mH1vV9X","conceptId":"concept_mp3hFH_describeactionresponse"}},{"SetFieldName":{"id":"shape_Bo2mH1vV9X","newName":"status","conceptId":"concept_mp3hFH_describeactionresponse"}},{"AssignType":{"id":"shape_Bo2mH1vV9X","to":{"StringT":{}},"conceptId":"concept_mp3hFH_describeactionresponse"}},{"AssignType":{"id":"shape_9NHAXbUdv9","to":{"ObjectT":{}},"conceptId":"concept_1ayHu6_listactionsresponse"}},{"AddField":{"parentId":"shape_9NHAXbUdv9","id":"shape_KRTc4AAIHj","conceptId":"concept_1ayHu6_listactionsresponse"}},{"SetFieldName":{"id":"shape_KRTc4AAIHj","newName":"api","conceptId":"concept_1ayHu6_listactionsresponse"}},{"AssignType":{"id":"shape_KRTc4AAIHj","to":{"StringT":{}},"conceptId":"concept_1ayHu6_listactionsresponse"}},{"AddField":{"parentId":"shape_9NHAXbUdv9","id":"shape_BGrbgQGlWb","conceptId":"concept_1ayHu6_listactionsresponse"}},{"SetFieldName":{"id":"shape_BGrbgQGlWb","newName":"method","conceptId":"concept_1ayHu6_listactionsresponse"}},{"AssignType":{"id":"shape_BGrbgQGlWb","to":{"StringT":{}},"conceptId":"concept_1ayHu6_listactionsresponse"}},{"AddField":{"parentId":"shape_9NHAXbUdv9","id":"shape_stXAqP8kfi","conceptId":"concept_1ayHu6_listactionsresponse"}},{"SetFieldName":{"id":"shape_stXAqP8kfi","newName":"response","conceptId":"concept_1ayHu6_listactionsresponse"}},{"AssignType":{"id":"shape_stXAqP8kfi","to":{"ListT":{}},"conceptId":"concept_1ayHu6_listactionsresponse"}},{"AddTypeParameter":{"parentId":"shape_stXAqP8kfi","id":"shape_UaxbKg7unP","conceptId":"concept_1ayHu6_listactionsresponse"}},{"AssignType":{"id":"shape_UaxbKg7unP","to":{"RefT":{"conceptId":"concept_xWsydX_actiondescription"}},"conceptId":"concept_1ayHu6_listactionsresponse"}},{"AddField":{"parentId":"shape_9NHAXbUdv9","id":"shape_jAsFAvnqcW","conceptId":"concept_1ayHu6_listactionsresponse"}},{"SetFieldName":{"id":"shape_jAsFAvnqcW","newName":"status","conceptId":"concept_1ayHu6_listactionsresponse"}},{"AssignType":{"id":"shape_jAsFAvnqcW","to":{"StringT":{}},"conceptId":"concept_1ayHu6_listactionsresponse"}},{"AssignType":{"id":"shape_qnam82wFsA","to":{"ObjectT":{}},"conceptId":"concept_Zfcfoz_entrypointparameter"}},{"AddField":{"parentId":"shape_qnam82wFsA","id":"shape_5RsCxwf08U","conceptId":"concept_Zfcfoz_entrypointparameter"}},{"SetFieldName":{"id":"shape_5RsCxwf08U","newName":"parameter_name","conceptId":"concept_Zfcfoz_entrypointparameter"}},{"AssignType":{"id":"shape_5RsCxwf08U","to":{"StringT":{}},"conceptId":"concept_Zfcfoz_entrypointparameter"}},{"AddField":{"parentId":"shape_qnam82wFsA","id":"shape_9g7hm6ndrU","conceptId":"concept_Zfcfoz_entrypointparameter"}},{"SetFieldName":{"id":"shape_9g7hm6ndrU","newName":"description","conceptId":"concept_Zfcfoz_entrypointparameter"}},{"AssignType":{"id":"shape_9g7hm6ndrU","to":{"StringT":{}},"conceptId":"concept_Zfcfoz_entrypointparameter"}},{"AddField":{"parentId":"shape_qnam82wFsA","id":"shape_o4yztGJaCE","conceptId":"concept_Zfcfoz_entrypointparameter"}},{"SetFieldName":{"id":"shape_o4yztGJaCE","newName":"display_name","conceptId":"concept_Zfcfoz_entrypointparameter"}},{"AssignType":{"id":"shape_o4yztGJaCE","to":{"StringT":{}},"conceptId":"concept_Zfcfoz_entrypointparameter"}},{"AddField":{"parentId":"shape_qnam82wFsA","id":"shape_H8lcZ1aghJ","conceptId":"concept_Zfcfoz_entrypointparameter"}},{"SetFieldName":{"id":"shape_H8lcZ1aghJ","newName":"permitted_values","conceptId":"concept_Zfcfoz_entrypointparameter"}},{"AssignType":{"id":"shape_H8lcZ1aghJ","to":{"ListT":{}},"conceptId":"concept_Zfcfoz_entrypointparameter"}},{"AddTypeParameter":{"parentId":"shape_H8lcZ1aghJ","id":"shape_cinEWq4jIf","conceptId":"concept_Zfcfoz_entrypointparameter"}},{"AssignType":{"id":"shape_cinEWq4jIf","to":{"StringT":{}},"conceptId":"concept_Zfcfoz_entrypointparameter"}},{"AddField":{"parentId":"shape_qnam82wFsA","id":"shape_N1LpvEp9nu","conceptId":"concept_Zfcfoz_entrypointparameter"}},{"SetFieldName":{"id":"shape_N1LpvEp9nu","newName":"type","conceptId":"concept_Zfcfoz_entrypointparameter"}},{"AssignType":{"id":"shape_N1LpvEp9nu","to":{"StringT":{}},"conceptId":"concept_Zfcfoz_entrypointparameter"}},{"AddField":{"parentId":"shape_qnam82wFsA","id":"shape_wLO1P6lT8h","conceptId":"concept_Zfcfoz_entrypointparameter"}},{"SetFieldName":{"id":"shape_wLO1P6lT8h","newName":"required","conceptId":"concept_Zfcfoz_entrypointparameter"}},{"AssignType":{"id":"shape_wLO1P6lT8h","to":{"IntegerT":{}},"conceptId":"concept_Zfcfoz_entrypointparameter"}},{"AssignType":{"id":"shape_tiFOxwr3RL","to":{"ObjectT":{}},"conceptId":"concept_sflfbe_actionhelpresponse"}},{"AddField":{"parentId":"shape_tiFOxwr3RL","id":"shape_vEe8V4LZHl","conceptId":"concept_sflfbe_actionhelpresponse"}},{"SetFieldName":{"id":"shape_vEe8V4LZHl","newName":"api","conceptId":"concept_sflfbe_actionhelpresponse"}},{"AssignType":{"id":"shape_vEe8V4LZHl","to":{"StringT":{}},"conceptId":"concept_sflfbe_actionhelpresponse"}},{"AddField":{"parentId":"shape_tiFOxwr3RL","id":"shape_wjShgidpA1","conceptId":"concept_sflfbe_actionhelpresponse"}},{"SetFieldName":{"id":"shape_wjShgidpA1","newName":"method","conceptId":"concept_sflfbe_actionhelpresponse"}},{"AssignType":{"id":"shape_wjShgidpA1","to":{"StringT":{}},"conceptId":"concept_sflfbe_actionhelpresponse"}},{"AddField":{"parentId":"shape_tiFOxwr3RL","id":"shape_JGVAauef4i","conceptId":"concept_sflfbe_actionhelpresponse"}},{"SetFieldName":{"id":"shape_JGVAauef4i","newName":"response","conceptId":"concept_sflfbe_actionhelpresponse"}},{"AssignType":{"id":"shape_JGVAauef4i","to":{"RefT":{"conceptId":"concept_1WyQh9_actionhelp"}},"conceptId":"concept_sflfbe_actionhelpresponse"}},{"AddField":{"parentId":"shape_tiFOxwr3RL","id":"shape_PSUyC58pjB","conceptId":"concept_sflfbe_actionhelpresponse"}},{"SetFieldName":{"id":"shape_PSUyC58pjB","newName":"status","conceptId":"concept_sflfbe_actionhelpresponse"}},{"AssignType":{"id":"shape_PSUyC58pjB","to":{"StringT":{}},"conceptId":"concept_sflfbe_actionhelpresponse"}},{"AssignType":{"id":"shape_vBQPc9BVNN","to":{"ObjectT":{}},"conceptId":"concept_jGqvVv_entrypoint"}},{"AddField":{"parentId":"shape_vBQPc9BVNN","id":"shape_XnDHJpWzz9","conceptId":"concept_jGqvVv_entrypoint"}},{"SetFieldName":{"id":"shape_XnDHJpWzz9","newName":"content_types","conceptId":"concept_jGqvVv_entrypoint"}},{"AssignType":{"id":"shape_XnDHJpWzz9","to":{"ListT":{}},"conceptId":"concept_jGqvVv_entrypoint"}},{"AddTypeParameter":{"parentId":"shape_XnDHJpWzz9","id":"shape_JhqijIoWLh","conceptId":"concept_jGqvVv_entrypoint"}},{"AssignType":{"id":"shape_JhqijIoWLh","to":{"StringT":{}},"conceptId":"concept_jGqvVv_entrypoint"}},{"AddField":{"parentId":"shape_vBQPc9BVNN","id":"shape_pEGC4hUWtr","conceptId":"concept_jGqvVv_entrypoint"}},{"SetFieldName":{"id":"shape_pEGC4hUWtr","newName":"name","conceptId":"concept_jGqvVv_entrypoint"}},{"AssignType":{"id":"shape_pEGC4hUWtr","to":{"StringT":{}},"conceptId":"concept_jGqvVv_entrypoint"}},{"AddField":{"parentId":"shape_vBQPc9BVNN","id":"shape_LWyzikpOw1","conceptId":"concept_jGqvVv_entrypoint"}},{"SetFieldName":{"id":"shape_LWyzikpOw1","newName":"url","conceptId":"concept_jGqvVv_entrypoint"}},{"AssignType":{"id":"shape_LWyzikpOw1","to":{"StringT":{}},"conceptId":"concept_jGqvVv_entrypoint"}},{"AddField":{"parentId":"shape_vBQPc9BVNN","id":"shape_nQ4AeOiemz","conceptId":"concept_jGqvVv_entrypoint"}},{"SetFieldName":{"id":"shape_nQ4AeOiemz","newName":"description","conceptId":"concept_jGqvVv_entrypoint"}},{"AssignType":{"id":"shape_nQ4AeOiemz","to":{"StringT":{}},"conceptId":"concept_jGqvVv_entrypoint"}},{"AddField":{"parentId":"shape_vBQPc9BVNN","id":"shape_szbxZzvGiz","conceptId":"concept_jGqvVv_entrypoint"}},{"SetFieldName":{"id":"shape_szbxZzvGiz","newName":"http_method","conceptId":"concept_jGqvVv_entrypoint"}},{"AssignType":{"id":"shape_szbxZzvGiz","to":{"StringT":{}},"conceptId":"concept_jGqvVv_entrypoint"}},{"AddField":{"parentId":"shape_vBQPc9BVNN","id":"shape_nYhI31qaXJ","conceptId":"concept_jGqvVv_entrypoint"}},{"SetFieldName":{"id":"shape_nYhI31qaXJ","newName":"url_template","conceptId":"concept_jGqvVv_entrypoint"}},{"AssignType":{"id":"shape_nYhI31qaXJ","to":{"StringT":{}},"conceptId":"concept_jGqvVv_entrypoint"}},{"AddField":{"parentId":"shape_vBQPc9BVNN","id":"shape_ZiN1XQ4e5a","conceptId":"concept_jGqvVv_entrypoint"}},{"SetFieldName":{"id":"shape_ZiN1XQ4e5a","newName":"encoding_types","conceptId":"concept_jGqvVv_entrypoint"}},{"AssignType":{"id":"shape_ZiN1XQ4e5a","to":{"ListT":{}},"conceptId":"concept_jGqvVv_entrypoint"}},{"AddTypeParameter":{"parentId":"shape_ZiN1XQ4e5a","id":"shape_YkIptO4oiW","conceptId":"concept_jGqvVv_entrypoint"}},{"AssignType":{"id":"shape_YkIptO4oiW","to":{"StringT":{}},"conceptId":"concept_jGqvVv_entrypoint"}},{"AddField":{"parentId":"shape_vBQPc9BVNN","id":"shape_iFTWkBgp49","conceptId":"concept_jGqvVv_entrypoint"}},{"SetFieldName":{"id":"shape_iFTWkBgp49","newName":"parameters","conceptId":"concept_jGqvVv_entrypoint"}},{"AssignType":{"id":"shape_iFTWkBgp49","to":{"ListT":{}},"conceptId":"concept_jGqvVv_entrypoint"}},{"AddTypeParameter":{"parentId":"shape_iFTWkBgp49","id":"shape_L0FxRL1zBy","conceptId":"concept_jGqvVv_entrypoint"}},{"AssignType":{"id":"shape_L0FxRL1zBy","to":{"RefT":{"conceptId":"concept_Zfcfoz_entrypointparameter"}},"conceptId":"concept_jGqvVv_entrypoint"}},{"AssignType":{"id":"shape_ezr7QC95Ha","to":{"ObjectT":{}},"conceptId":"concept_Kr8NsU_describeserviceresponse"}},{"AddField":{"parentId":"shape_ezr7QC95Ha","id":"shape_gDRWqaL4Q4","conceptId":"concept_Kr8NsU_describeserviceresponse"}},{"SetFieldName":{"id":"shape_gDRWqaL4Q4","newName":"api","conceptId":"concept_Kr8NsU_describeserviceresponse"}},{"AssignType":{"id":"shape_gDRWqaL4Q4","to":{"StringT":{}},"conceptId":"concept_Kr8NsU_describeserviceresponse"}},{"AddField":{"parentId":"shape_ezr7QC95Ha","id":"shape_l4KwoDPWVM","conceptId":"concept_Kr8NsU_describeserviceresponse"}},{"SetFieldName":{"id":"shape_l4KwoDPWVM","newName":"method","conceptId":"concept_Kr8NsU_describeserviceresponse"}},{"AssignType":{"id":"shape_l4KwoDPWVM","to":{"StringT":{}},"conceptId":"concept_Kr8NsU_describeserviceresponse"}},{"AddField":{"parentId":"shape_ezr7QC95Ha","id":"shape_CLkykKVdZK","conceptId":"concept_Kr8NsU_describeserviceresponse"}},{"SetFieldName":{"id":"shape_CLkykKVdZK","newName":"response","conceptId":"concept_Kr8NsU_describeserviceresponse"}},{"AssignType":{"id":"shape_CLkykKVdZK","to":{"RefT":{"conceptId":"concept_4qLCFm_servicedescription"}},"conceptId":"concept_Kr8NsU_describeserviceresponse"}},{"AddField":{"parentId":"shape_ezr7QC95Ha","id":"shape_PiHQ2LXpcP","conceptId":"concept_Kr8NsU_describeserviceresponse"}},{"SetFieldName":{"id":"shape_PiHQ2LXpcP","newName":"status","conceptId":"concept_Kr8NsU_describeserviceresponse"}},{"AssignType":{"id":"shape_PiHQ2LXpcP","to":{"StringT":{}},"conceptId":"concept_Kr8NsU_describeserviceresponse"}},{"AssignType":{"id":"shape_CAhgHM3j2Z","to":{"ObjectT":{}},"conceptId":"concept_4XNCZH_errormodel"}},{"AddField":{"parentId":"shape_CAhgHM3j2Z","id":"shape_ZxCFV1tnFi","conceptId":"concept_4XNCZH_errormodel"}},{"SetFieldName":{"id":"shape_ZxCFV1tnFi","newName":"api","conceptId":"concept_4XNCZH_errormodel"}},{"AssignType":{"id":"shape_ZxCFV1tnFi","to":{"StringT":{}},"conceptId":"concept_4XNCZH_errormodel"}},{"AddField":{"parentId":"shape_CAhgHM3j2Z","id":"shape_ktzeH90utz","conceptId":"concept_4XNCZH_errormodel"}},{"SetFieldName":{"id":"shape_ktzeH90utz","newName":"method","conceptId":"concept_4XNCZH_errormodel"}},{"AssignType":{"id":"shape_ktzeH90utz","to":{"StringT":{}},"conceptId":"concept_4XNCZH_errormodel"}},{"AddField":{"parentId":"shape_CAhgHM3j2Z","id":"shape_FBOcZE95jv","conceptId":"concept_4XNCZH_errormodel"}},{"SetFieldName":{"id":"shape_FBOcZE95jv","newName":"response","conceptId":"concept_4XNCZH_errormodel"}},{"AssignType":{"id":"shape_FBOcZE95jv","to":{"StringT":{}},"conceptId":"concept_4XNCZH_errormodel"}},{"AddField":{"parentId":"shape_CAhgHM3j2Z","id":"shape_8CRv7C5Yi7","conceptId":"concept_4XNCZH_errormodel"}},{"SetFieldName":{"id":"shape_8CRv7C5Yi7","newName":"status","conceptId":"concept_4XNCZH_errormodel"}},{"AssignType":{"id":"shape_8CRv7C5Yi7","to":{"StringT":{}},"conceptId":"concept_4XNCZH_errormodel"}},{"AssignType":{"id":"shape_4vKDKmAJ7O","to":{"ObjectT":{}},"conceptId":"concept_OvJaLA_loginresponse"}},{"AddField":{"parentId":"shape_4vKDKmAJ7O","id":"shape_R3Rylc1JyR","conceptId":"concept_OvJaLA_loginresponse"}},{"SetFieldName":{"id":"shape_R3Rylc1JyR","newName":"api","conceptId":"concept_OvJaLA_loginresponse"}},{"AssignType":{"id":"shape_R3Rylc1JyR","to":{"StringT":{}},"conceptId":"concept_OvJaLA_loginresponse"}},{"AddField":{"parentId":"shape_4vKDKmAJ7O","id":"shape_e479s5vsp0","conceptId":"concept_OvJaLA_loginresponse"}},{"SetFieldName":{"id":"shape_e479s5vsp0","newName":"method","conceptId":"concept_OvJaLA_loginresponse"}},{"AssignType":{"id":"shape_e479s5vsp0","to":{"StringT":{}},"conceptId":"concept_OvJaLA_loginresponse"}},{"AddField":{"parentId":"shape_4vKDKmAJ7O","id":"shape_zYXTdukY30","conceptId":"concept_OvJaLA_loginresponse"}},{"SetFieldName":{"id":"shape_zYXTdukY30","newName":"response","conceptId":"concept_OvJaLA_loginresponse"}},{"AssignType":{"id":"shape_zYXTdukY30","to":{"ObjectT":{}},"conceptId":"concept_OvJaLA_loginresponse"}},{"AddField":{"parentId":"shape_zYXTdukY30","id":"shape_Zy1QUiidHV","conceptId":"concept_OvJaLA_loginresponse"}},{"SetFieldName":{"id":"shape_Zy1QUiidHV","newName":"user","conceptId":"concept_OvJaLA_loginresponse"}},{"AssignType":{"id":"shape_Zy1QUiidHV","to":{"StringT":{}},"conceptId":"concept_OvJaLA_loginresponse"}},{"AddField":{"parentId":"shape_4vKDKmAJ7O","id":"shape_OoKkIOaiqs","conceptId":"concept_OvJaLA_loginresponse"}},{"SetFieldName":{"id":"shape_OoKkIOaiqs","newName":"status","conceptId":"concept_OvJaLA_loginresponse"}},{"AssignType":{"id":"shape_OoKkIOaiqs","to":{"StringT":{}},"conceptId":"concept_OvJaLA_loginresponse"}},{"AssignType":{"id":"shape_lZpEohvfNs","to":{"ObjectT":{}},"conceptId":"concept_39nZnM_logoutresponse"}},{"AddField":{"parentId":"shape_lZpEohvfNs","id":"shape_J9Cn9B8LA7","conceptId":"concept_39nZnM_logoutresponse"}},{"SetFieldName":{"id":"shape_J9Cn9B8LA7","newName":"api","conceptId":"concept_39nZnM_logoutresponse"}},{"AssignType":{"id":"shape_J9Cn9B8LA7","to":{"StringT":{}},"conceptId":"concept_39nZnM_logoutresponse"}},{"AddField":{"parentId":"shape_lZpEohvfNs","id":"shape_BZlXBqBXsw","conceptId":"concept_39nZnM_logoutresponse"}},{"SetFieldName":{"id":"shape_BZlXBqBXsw","newName":"method","conceptId":"concept_39nZnM_logoutresponse"}},{"AssignType":{"id":"shape_BZlXBqBXsw","to":{"StringT":{}},"conceptId":"concept_39nZnM_logoutresponse"}},{"AddField":{"parentId":"shape_lZpEohvfNs","id":"shape_Btx7zPRkg5","conceptId":"concept_39nZnM_logoutresponse"}},{"SetFieldName":{"id":"shape_Btx7zPRkg5","newName":"response","conceptId":"concept_39nZnM_logoutresponse"}},{"AssignType":{"id":"shape_Btx7zPRkg5","to":{"ObjectT":{}},"conceptId":"concept_39nZnM_logoutresponse"}},{"AddField":{"parentId":"shape_Btx7zPRkg5","id":"shape_B4e9jOGeW3","conceptId":"concept_39nZnM_logoutresponse"}},{"SetFieldName":{"id":"shape_B4e9jOGeW3","newName":"user","conceptId":"concept_39nZnM_logoutresponse"}},{"AssignType":{"id":"shape_B4e9jOGeW3","to":{"StringT":{}},"conceptId":"concept_39nZnM_logoutresponse"}},{"AddField":{"parentId":"shape_lZpEohvfNs","id":"shape_892GbDwTG2","conceptId":"concept_39nZnM_logoutresponse"}},{"SetFieldName":{"id":"shape_892GbDwTG2","newName":"status","conceptId":"concept_39nZnM_logoutresponse"}},{"AssignType":{"id":"shape_892GbDwTG2","to":{"StringT":{}},"conceptId":"concept_39nZnM_logoutresponse"}},{"AddPathComponent":{"pathId":"Hev5eW_path_0","parentPathId":"root","name":"api"}},{"AddPathComponent":{"pathId":"Hev5eW_path_1","parentPathId":"Hev5eW_path_0","name":"v1"}},{"AddPathComponent":{"pathId":"Hev5eW_path_2","parentPathId":"Hev5eW_path_1","name":"actions"}},{"AddPathParameter":{"pathId":"Hev5eW_path_3","parentPathId":"Hev5eW_path_2","name":"serviceId"}},{"AddPathParameter":{"pathId":"Hev5eW_path_4","parentPathId":"Hev5eW_path_3","name":"actionId"}},{"AddPathComponent":{"pathId":"Hev5eW_path_5","parentPathId":"Hev5eW_path_4","name":"exec"}},{"AddPathComponent":{"pathId":"Hev5eW_path_6","parentPathId":"Hev5eW_path_4","name":"help"}},{"AddPathComponent":{"pathId":"Hev5eW_path_7","parentPathId":"Hev5eW_path_1","name":"login"}},{"AddPathComponent":{"pathId":"Hev5eW_path_8","parentPathId":"Hev5eW_path_1","name":"logout"}},{"AddPathComponent":{"pathId":"Hev5eW_path_9","parentPathId":"Hev5eW_path_1","name":"services"}},{"AddPathParameter":{"pathId":"Hev5eW_path_10","parentPathId":"Hev5eW_path_9","name":"serviceId"}},{"AddRequest":{"requestId":"path_9UZeOdgPAY}_post","pathId":"Hev5eW_path_5","httpMethod":"post"}},{"DefineInlineConcept":{"root":"shape_MRQAQRE6xl","conceptId":"concept_W6bioI6Za73p"}},{"AssignType":{"id":"shape_MRQAQRE6xl","to":{"RefT":{"conceptId":"concept_0jaGSl_execbody"}},"conceptId":"concept_W6bioI6Za73p"}},{"AddRequest":{"requestId":"path_f19x2uXvBV}_get","pathId":"Hev5eW_path_4","httpMethod":"get"}},{"AddResponse":{"responseId":"response_cWKBMAzhOY","requestId":"path_f19x2uXvBV}_get","httpStatusCode":200}},{"DefineInlineConcept":{"root":"shape_ntKP3hjJXp","conceptId":"concept_FfD6Riq521Od"}},{"AssignType":{"id":"shape_ntKP3hjJXp","to":{"RefT":{"conceptId":"concept_mp3hFH_describeactionresponse"}},"conceptId":"concept_FfD6Riq521Od"}},{"AddRequest":{"requestId":"path_avBbl63edy}_delete","pathId":"Hev5eW_path_10","httpMethod":"delete"}},{"AddResponse":{"responseId":"response_7gTHOFnhyK","requestId":"path_avBbl63edy}_delete","httpStatusCode":200}},{"DefineInlineConcept":{"root":"shape_Ls3scGOeaZ","conceptId":"concept_JG3PFWGZsWLm"}},{"AssignType":{"id":"shape_Ls3scGOeaZ","to":{"ObjectT":{}},"conceptId":"concept_JG3PFWGZsWLm"}},{"AddField":{"parentId":"shape_Ls3scGOeaZ","id":"shape_nThD2clYw2","conceptId":"concept_JG3PFWGZsWLm"}},{"SetFieldName":{"id":"shape_nThD2clYw2","newName":"api","conceptId":"concept_JG3PFWGZsWLm"}},{"AssignType":{"id":"shape_nThD2clYw2","to":{"StringT":{}},"conceptId":"concept_JG3PFWGZsWLm"}},{"AddField":{"parentId":"shape_Ls3scGOeaZ","id":"shape_Q4GGs0a0rL","conceptId":"concept_JG3PFWGZsWLm"}},{"SetFieldName":{"id":"shape_Q4GGs0a0rL","newName":"method","conceptId":"concept_JG3PFWGZsWLm"}},{"AssignType":{"id":"shape_Q4GGs0a0rL","to":{"StringT":{}},"conceptId":"concept_JG3PFWGZsWLm"}},{"AddField":{"parentId":"shape_Ls3scGOeaZ","id":"shape_YGHlYQPWQD","conceptId":"concept_JG3PFWGZsWLm"}},{"SetFieldName":{"id":"shape_YGHlYQPWQD","newName":"response","conceptId":"concept_JG3PFWGZsWLm"}},{"AssignType":{"id":"shape_YGHlYQPWQD","to":{"StringT":{}},"conceptId":"concept_JG3PFWGZsWLm"}},{"AddField":{"parentId":"shape_Ls3scGOeaZ","id":"shape_D0uXbps6Np","conceptId":"concept_JG3PFWGZsWLm"}},{"SetFieldName":{"id":"shape_D0uXbps6Np","newName":"status","conceptId":"concept_JG3PFWGZsWLm"}},{"AssignType":{"id":"shape_D0uXbps6Np","to":{"StringT":{}},"conceptId":"concept_JG3PFWGZsWLm"}},{"AddRequest":{"requestId":"path_avBbl63edy}_get","pathId":"Hev5eW_path_10","httpMethod":"get"}},{"AddResponse":{"responseId":"response_yTlZ9PhVzF","requestId":"path_avBbl63edy}_get","httpStatusCode":200}},{"DefineInlineConcept":{"root":"shape_2QUtsGMdVI","conceptId":"concept_GlqJPDqm3QsP"}},{"AssignType":{"id":"shape_2QUtsGMdVI","to":{"RefT":{"conceptId":"concept_Kr8NsU_describeserviceresponse"}},"conceptId":"concept_GlqJPDqm3QsP"}},{"AddRequest":{"requestId":"path_NxWjm5cG0R}_get","pathId":"Hev5eW_path_3","httpMethod":"get"}},{"AddResponse":{"responseId":"response_fJdxAfbXRm","requestId":"path_NxWjm5cG0R}_get","httpStatusCode":200}},{"DefineInlineConcept":{"root":"shape_9wnvxozJ4b","conceptId":"concept_pIxxFzs2kJeV"}},{"AssignType":{"id":"shape_9wnvxozJ4b","to":{"RefT":{"conceptId":"concept_1ayHu6_listactionsresponse"}},"conceptId":"concept_pIxxFzs2kJeV"}},{"AddRequest":{"requestId":"path_tu7jasCRNe}_get","pathId":"Hev5eW_path_6","httpMethod":"get"}},{"AddResponse":{"responseId":"response_dtW5JUmkV5","requestId":"path_tu7jasCRNe}_get","httpStatusCode":200}},{"DefineInlineConcept":{"root":"shape_zoUPhlyVTd","conceptId":"concept_guink5dViAJU"}},{"AssignType":{"id":"shape_zoUPhlyVTd","to":{"RefT":{"conceptId":"concept_sflfbe_actionhelpresponse"}},"conceptId":"concept_guink5dViAJU"}},{"AddRequest":{"requestId":"path_FcJ05K4fmP}_get","pathId":"Hev5eW_path_9","httpMethod":"get"}},{"AddResponse":{"responseId":"response_kSOLsHK2nv","requestId":"path_FcJ05K4fmP}_get","httpStatusCode":200}},{"DefineInlineConcept":{"root":"shape_cXkYeEed5R","conceptId":"concept_VyUaokVqEMAu"}},{"AssignType":{"id":"shape_cXkYeEed5R","to":{"RefT":{"conceptId":"concept_4wGPHM_listservicesresponse"}},"conceptId":"concept_VyUaokVqEMAu"}},{"AddRequest":{"requestId":"path_FcJ05K4fmP}_post","pathId":"Hev5eW_path_9","httpMethod":"post"}},{"DefineInlineConcept":{"root":"shape_Xpj81giIA1","conceptId":"concept_z9t4h7826jPh"}},{"AssignType":{"id":"shape_Xpj81giIA1","to":{"ObjectT":{}},"conceptId":"concept_z9t4h7826jPh"}},{"AddField":{"parentId":"shape_Xpj81giIA1","id":"shape_GTKQ8qQyTZ","conceptId":"concept_z9t4h7826jPh"}},{"SetFieldName":{"id":"shape_GTKQ8qQyTZ","newName":"service_description_url","conceptId":"concept_z9t4h7826jPh"}},{"AssignType":{"id":"shape_GTKQ8qQyTZ","to":{"StringT":{}},"conceptId":"concept_z9t4h7826jPh"}},{"AddField":{"parentId":"shape_Xpj81giIA1","id":"shape_ArAatL1SqE","conceptId":"concept_z9t4h7826jPh"}},{"SetFieldName":{"id":"shape_ArAatL1SqE","newName":"service_moniker","conceptId":"concept_z9t4h7826jPh"}},{"AssignType":{"id":"shape_ArAatL1SqE","to":{"StringT":{}},"conceptId":"concept_z9t4h7826jPh"}},{"AddResponse":{"responseId":"response_Yy5gir9yBW","requestId":"path_FcJ05K4fmP}_post","httpStatusCode":200}},{"DefineInlineConcept":{"root":"shape_bfOrl782hA","conceptId":"concept_f9OTq7BUIbYv"}},{"AssignType":{"id":"shape_bfOrl782hA","to":{"ObjectT":{}},"conceptId":"concept_f9OTq7BUIbYv"}},{"AddField":{"parentId":"shape_bfOrl782hA","id":"shape_XiXNMbTgcI","conceptId":"concept_f9OTq7BUIbYv"}},{"SetFieldName":{"id":"shape_XiXNMbTgcI","newName":"api","conceptId":"concept_f9OTq7BUIbYv"}},{"AssignType":{"id":"shape_XiXNMbTgcI","to":{"StringT":{}},"conceptId":"concept_f9OTq7BUIbYv"}},{"AddField":{"parentId":"shape_bfOrl782hA","id":"shape_7pIDIjoh8d","conceptId":"concept_f9OTq7BUIbYv"}},{"SetFieldName":{"id":"shape_7pIDIjoh8d","newName":"method","conceptId":"concept_f9OTq7BUIbYv"}},{"AssignType":{"id":"shape_7pIDIjoh8d","to":{"StringT":{}},"conceptId":"concept_f9OTq7BUIbYv"}},{"AddField":{"parentId":"shape_bfOrl782hA","id":"shape_IxUuGv7lGA","conceptId":"concept_f9OTq7BUIbYv"}},{"SetFieldName":{"id":"shape_IxUuGv7lGA","newName":"response","conceptId":"concept_f9OTq7BUIbYv"}},{"AssignType":{"id":"shape_IxUuGv7lGA","to":{"StringT":{}},"conceptId":"concept_f9OTq7BUIbYv"}},{"AddField":{"parentId":"shape_bfOrl782hA","id":"shape_FksBNX9v9a","conceptId":"concept_f9OTq7BUIbYv"}},{"SetFieldName":{"id":"shape_FksBNX9v9a","newName":"status","conceptId":"concept_f9OTq7BUIbYv"}},{"AssignType":{"id":"shape_FksBNX9v9a","to":{"StringT":{}},"conceptId":"concept_f9OTq7BUIbYv"}},{"AddRequest":{"requestId":"path_w0X9FO6jDN}_get","pathId":"Hev5eW_path_7","httpMethod":"get"}},{"AddResponse":{"responseId":"response_QjTAvAknPJ","requestId":"path_w0X9FO6jDN}_get","httpStatusCode":200}},{"DefineInlineConcept":{"root":"shape_uNU1H4xTeE","conceptId":"concept_gUaBkSHIsZzn"}},{"AssignType":{"id":"shape_uNU1H4xTeE","to":{"RefT":{"conceptId":"concept_OvJaLA_loginresponse"}},"conceptId":"concept_gUaBkSHIsZzn"}},{"AddRequest":{"requestId":"path_E1JYiNcscB}_get","pathId":"Hev5eW_path_8","httpMethod":"get"}},{"AddResponse":{"responseId":"response_Ulj7rXiT1e","requestId":"path_E1JYiNcscB}_get","httpStatusCode":200}},{"DefineInlineConcept":{"root":"shape_m0dehNl2qA","conceptId":"concept_g72UhuMefD1T"}},{"AssignType":{"id":"shape_m0dehNl2qA","to":{"RefT":{"conceptId":"concept_39nZnM_logoutresponse"}},"conceptId":"concept_g72UhuMefD1T"}},{"SetRequestBodyShape":{"requestId":"path_9UZeOdgPAY}_post","bodyDescriptor":{"httpContentType":"application/json","conceptId":"concept_W6bioI6Za73p"}}},{"SetResponseBodyShape":{"responseId":"response_cWKBMAzhOY","bodyDescriptor":{"httpContentType":"application/json","conceptId":"concept_FfD6Riq521Od"}}},{"SetResponseBodyShape":{"responseId":"response_7gTHOFnhyK","bodyDescriptor":{"httpContentType":"application/json","conceptId":"concept_JG3PFWGZsWLm"}}},{"SetResponseBodyShape":{"responseId":"response_yTlZ9PhVzF","bodyDescriptor":{"httpContentType":"application/json","conceptId":"concept_GlqJPDqm3QsP"}}},{"SetResponseBodyShape":{"responseId":"response_fJdxAfbXRm","bodyDescriptor":{"httpContentType":"application/json","conceptId":"concept_pIxxFzs2kJeV"}}},{"SetResponseBodyShape":{"responseId":"response_dtW5JUmkV5","bodyDescriptor":{"httpContentType":"application/json","conceptId":"concept_guink5dViAJU"}}},{"SetResponseBodyShape":{"responseId":"response_kSOLsHK2nv","bodyDescriptor":{"httpContentType":"application/json","conceptId":"concept_VyUaokVqEMAu"}}},{"SetRequestBodyShape":{"requestId":"path_FcJ05K4fmP}_post","bodyDescriptor":{"httpContentType":"application/json","conceptId":"concept_z9t4h7826jPh"}}},{"SetResponseBodyShape":{"responseId":"response_Yy5gir9yBW","bodyDescriptor":{"httpContentType":"application/json","conceptId":"concept_f9OTq7BUIbYv"}}},{"SetResponseBodyShape":{"responseId":"response_QjTAvAknPJ","bodyDescriptor":{"httpContentType":"application/json","conceptId":"concept_gUaBkSHIsZzn"}}},{"SetResponseBodyShape":{"responseId":"response_Ulj7rXiT1e","bodyDescriptor":{"httpContentType":"application/json","conceptId":"concept_g72UhuMefD1T"}}}]