[{"DefineConcept":{"name":"metadata_template","root":"shape_EZI6QRSmut","conceptId":"concept_oxCCDM_metadata_template"}},{"SetConceptName":{"newName":"metadata_template","conceptId":"concept_oxCCDM_metadata_template"}},{"DefineConcept":{"name":"timezone","root":"shape_8UPoqkT3CS","conceptId":"concept_KjCgIr_timezone"}},{"SetConceptName":{"newName":"timezone","conceptId":"concept_KjCgIr_timezone"}},{"DefineConcept":{"name":"page","root":"shape_N7p9Fce5l0","conceptId":"concept_T2CG3T_page"}},{"SetConceptName":{"newName":"page","conceptId":"concept_T2CG3T_page"}},{"DefineConcept":{"name":"datasets","root":"shape_BZtjxwVevN","conceptId":"concept_4z5b6Q_datasets"}},{"SetConceptName":{"newName":"datasets","conceptId":"concept_4z5b6Q_datasets"}},{"DefineConcept":{"name":"links","root":"shape_ZhgjkaKuhB","conceptId":"concept_a3drxp_links"}},{"SetConceptName":{"newName":"links","conceptId":"concept_a3drxp_links"}},{"DefineConcept":{"name":"snapshot","root":"shape_Chjr0PVlg4","conceptId":"concept_GhI5ih_snapshot"}},{"SetConceptName":{"newName":"snapshot","conceptId":"concept_GhI5ih_snapshot"}},{"DefineConcept":{"name":"aggregation","root":"shape_K1vcyYjZ1X","conceptId":"concept_8UDf2Q_aggregation"}},{"SetConceptName":{"newName":"aggregation","conceptId":"concept_8UDf2Q_aggregation"}},{"DefineConcept":{"name":"link","root":"shape_9uLwZlxcJ3","conceptId":"concept_dLUb7i_link"}},{"SetConceptName":{"newName":"link","conceptId":"concept_dLUb7i_link"}},{"DefineConcept":{"name":"reuse","root":"shape_7TUOnpqtmn","conceptId":"concept_droxDd_reuse"}},{"SetConceptName":{"newName":"reuse","conceptId":"concept_droxDd_reuse"}},{"DefineConcept":{"name":"query_string","root":"shape_wFN8N8vu2q","conceptId":"concept_bU2Bc4_query_string"}},{"SetConceptName":{"newName":"query_string","conceptId":"concept_bU2Bc4_query_string"}},{"DefineConcept":{"name":"dataset","root":"shape_SNUO1b5yHW","conceptId":"concept_i3dB0Z_dataset"}},{"SetConceptName":{"newName":"dataset","conceptId":"concept_i3dB0Z_dataset"}},{"DefineConcept":{"name":"attachment","root":"shape_XeKwXpws1E","conceptId":"concept_lw9MDs_attachment"}},{"SetConceptName":{"newName":"attachment","conceptId":"concept_lw9MDs_attachment"}},{"DefineConcept":{"name":"records","root":"shape_eOQfo05wos","conceptId":"concept_nJRwSB_records"}},{"SetConceptName":{"newName":"records","conceptId":"concept_nJRwSB_records"}},{"DefineConcept":{"name":"record","root":"shape_mgKdNXG6YF","conceptId":"concept_gYf7Y8_record"}},{"SetConceptName":{"newName":"record","conceptId":"concept_gYf7Y8_record"}},{"AssignType":{"id":"shape_EZI6QRSmut","to":{"ObjectT":{}},"conceptId":"concept_oxCCDM_metadata_template"}},{"AddField":{"parentId":"shape_EZI6QRSmut","id":"shape_2u4O2d17Ps","conceptId":"concept_oxCCDM_metadata_template"}},{"SetFieldName":{"id":"shape_2u4O2d17Ps","newName":"name","conceptId":"concept_oxCCDM_metadata_template"}},{"AssignType":{"id":"shape_2u4O2d17Ps","to":{"StringT":{}},"conceptId":"concept_oxCCDM_metadata_template"}},{"AddField":{"parentId":"shape_EZI6QRSmut","id":"shape_LkyMVFiRvh","conceptId":"concept_oxCCDM_metadata_template"}},{"SetFieldName":{"id":"shape_LkyMVFiRvh","newName":"schema","conceptId":"concept_oxCCDM_metadata_template"}},{"AssignType":{"id":"shape_LkyMVFiRvh","to":{"ListT":{}},"conceptId":"concept_oxCCDM_metadata_template"}},{"AddTypeParameter":{"parentId":"shape_LkyMVFiRvh","id":"shape_FoJqROlC3j","conceptId":"concept_oxCCDM_metadata_template"}},{"AssignType":{"id":"shape_FoJqROlC3j","to":{"ObjectT":{}},"conceptId":"concept_oxCCDM_metadata_template"}},{"AddField":{"parentId":"shape_EZI6QRSmut","id":"shape_ZNYgsd3qK2","conceptId":"concept_oxCCDM_metadata_template"}},{"SetFieldName":{"id":"shape_ZNYgsd3qK2","newName":"type","conceptId":"concept_oxCCDM_metadata_template"}},{"AssignType":{"id":"shape_ZNYgsd3qK2","to":{"StringT":{}},"conceptId":"concept_oxCCDM_metadata_template"}},{"AssignType":{"id":"shape_8UPoqkT3CS","to":{"StringT":{}},"conceptId":"concept_KjCgIr_timezone"}},{"AssignType":{"id":"shape_N7p9Fce5l0","to":{"ObjectT":{}},"conceptId":"concept_T2CG3T_page"}},{"AddField":{"parentId":"shape_N7p9Fce5l0","id":"shape_CufrBwGJRU","conceptId":"concept_T2CG3T_page"}},{"SetFieldName":{"id":"shape_CufrBwGJRU","newName":"description","conceptId":"concept_T2CG3T_page"}},{"AssignType":{"id":"shape_CufrBwGJRU","to":{"StringT":{}},"conceptId":"concept_T2CG3T_page"}},{"AddField":{"parentId":"shape_N7p9Fce5l0","id":"shape_m1SXGxdycc","conceptId":"concept_T2CG3T_page"}},{"SetFieldName":{"id":"shape_m1SXGxdycc","newName":"slug","conceptId":"concept_T2CG3T_page"}},{"AssignType":{"id":"shape_m1SXGxdycc","to":{"StringT":{}},"conceptId":"concept_T2CG3T_page"}},{"AddField":{"parentId":"shape_N7p9Fce5l0","id":"shape_BfIY559Dn4","conceptId":"concept_T2CG3T_page"}},{"SetFieldName":{"id":"shape_BfIY559Dn4","newName":"title","conceptId":"concept_T2CG3T_page"}},{"AssignType":{"id":"shape_BfIY559Dn4","to":{"ObjectT":{}},"conceptId":"concept_T2CG3T_page"}},{"AddField":{"parentId":"shape_BfIY559Dn4","id":"shape_71f4laotcJ","conceptId":"concept_T2CG3T_page"}},{"SetFieldName":{"id":"shape_71f4laotcJ","newName":"en","conceptId":"concept_T2CG3T_page"}},{"AssignType":{"id":"shape_71f4laotcJ","to":{"StringT":{}},"conceptId":"concept_T2CG3T_page"}},{"AddField":{"parentId":"shape_BfIY559Dn4","id":"shape_gJvlWzeOzj","conceptId":"concept_T2CG3T_page"}},{"SetFieldName":{"id":"shape_gJvlWzeOzj","newName":"fr","conceptId":"concept_T2CG3T_page"}},{"AssignType":{"id":"shape_gJvlWzeOzj","to":{"StringT":{}},"conceptId":"concept_T2CG3T_page"}},{"AssignType":{"id":"shape_BZtjxwVevN","to":{"ListT":{}},"conceptId":"concept_4z5b6Q_datasets"}},{"AddTypeParameter":{"parentId":"shape_BZtjxwVevN","id":"shape_1TSH4qj8pT","conceptId":"concept_4z5b6Q_datasets"}},{"AssignType":{"id":"shape_1TSH4qj8pT","to":{"RefT":{"conceptId":"concept_i3dB0Z_dataset"}},"conceptId":"concept_4z5b6Q_datasets"}},{"AssignType":{"id":"shape_ZhgjkaKuhB","to":{"ListT":{}},"conceptId":"concept_a3drxp_links"}},{"AddTypeParameter":{"parentId":"shape_ZhgjkaKuhB","id":"shape_GHwJmrhqJy","conceptId":"concept_a3drxp_links"}},{"AssignType":{"id":"shape_GHwJmrhqJy","to":{"RefT":{"conceptId":"concept_dLUb7i_link"}},"conceptId":"concept_a3drxp_links"}},{"AssignType":{"id":"shape_Chjr0PVlg4","to":{"ObjectT":{}},"conceptId":"concept_GhI5ih_snapshot"}},{"AddField":{"parentId":"shape_Chjr0PVlg4","id":"shape_3nZb7XPyx4","conceptId":"concept_GhI5ih_snapshot"}},{"SetFieldName":{"id":"shape_3nZb7XPyx4","newName":"created_at","conceptId":"concept_GhI5ih_snapshot"}},{"AssignType":{"id":"shape_3nZb7XPyx4","to":{"StringT":{}},"conceptId":"concept_GhI5ih_snapshot"}},{"AddField":{"parentId":"shape_Chjr0PVlg4","id":"shape_HjKc6Tp7aJ","conceptId":"concept_GhI5ih_snapshot"}},{"SetFieldName":{"id":"shape_HjKc6Tp7aJ","newName":"description","conceptId":"concept_GhI5ih_snapshot"}},{"AssignType":{"id":"shape_HjKc6Tp7aJ","to":{"StringT":{}},"conceptId":"concept_GhI5ih_snapshot"}},{"AddField":{"parentId":"shape_Chjr0PVlg4","id":"shape_VUn9HcCqu5","conceptId":"concept_GhI5ih_snapshot"}},{"SetFieldName":{"id":"shape_VUn9HcCqu5","newName":"href","conceptId":"concept_GhI5ih_snapshot"}},{"AssignType":{"id":"shape_VUn9HcCqu5","to":{"StringT":{}},"conceptId":"concept_GhI5ih_snapshot"}},{"AddField":{"parentId":"shape_Chjr0PVlg4","id":"shape_dqbLoBVW4P","conceptId":"concept_GhI5ih_snapshot"}},{"SetFieldName":{"id":"shape_dqbLoBVW4P","newName":"snapshot_id","conceptId":"concept_GhI5ih_snapshot"}},{"AssignType":{"id":"shape_dqbLoBVW4P","to":{"StringT":{}},"conceptId":"concept_GhI5ih_snapshot"}},{"AssignType":{"id":"shape_K1vcyYjZ1X","to":{"ObjectT":{}},"conceptId":"concept_8UDf2Q_aggregation"}},{"AssignType":{"id":"shape_9uLwZlxcJ3","to":{"ObjectT":{}},"conceptId":"concept_dLUb7i_link"}},{"AddField":{"parentId":"shape_9uLwZlxcJ3","id":"shape_jqtmzWQPih","conceptId":"concept_dLUb7i_link"}},{"SetFieldName":{"id":"shape_jqtmzWQPih","newName":"href","conceptId":"concept_dLUb7i_link"}},{"AssignType":{"id":"shape_jqtmzWQPih","to":{"StringT":{}},"conceptId":"concept_dLUb7i_link"}},{"AddField":{"parentId":"shape_9uLwZlxcJ3","id":"shape_up0AJeR6xT","conceptId":"concept_dLUb7i_link"}},{"SetFieldName":{"id":"shape_up0AJeR6xT","newName":"rel","conceptId":"concept_dLUb7i_link"}},{"AssignType":{"id":"shape_up0AJeR6xT","to":{"StringT":{}},"conceptId":"concept_dLUb7i_link"}},{"AssignType":{"id":"shape_7TUOnpqtmn","to":{"ObjectT":{}},"conceptId":"concept_droxDd_reuse"}},{"AddField":{"parentId":"shape_7TUOnpqtmn","id":"shape_sQ0fXJ2Hhp","conceptId":"concept_droxDd_reuse"}},{"SetFieldName":{"id":"shape_sQ0fXJ2Hhp","newName":"url","conceptId":"concept_droxDd_reuse"}},{"AssignType":{"id":"shape_sQ0fXJ2Hhp","to":{"StringT":{}},"conceptId":"concept_droxDd_reuse"}},{"AddField":{"parentId":"shape_7TUOnpqtmn","id":"shape_3W2W2hdwDW","conceptId":"concept_droxDd_reuse"}},{"SetFieldName":{"id":"shape_3W2W2hdwDW","newName":"description","conceptId":"concept_droxDd_reuse"}},{"AssignType":{"id":"shape_3W2W2hdwDW","to":{"AnyT":{}},"conceptId":"concept_droxDd_reuse"}},{"AddField":{"parentId":"shape_7TUOnpqtmn","id":"shape_kFyNjoJfuZ","conceptId":"concept_droxDd_reuse"}},{"SetFieldName":{"id":"shape_kFyNjoJfuZ","newName":"thumbnail","conceptId":"concept_droxDd_reuse"}},{"AssignType":{"id":"shape_kFyNjoJfuZ","to":{"StringT":{}},"conceptId":"concept_droxDd_reuse"}},{"AddField":{"parentId":"shape_7TUOnpqtmn","id":"shape_fUncdoGw8J","conceptId":"concept_droxDd_reuse"}},{"SetFieldName":{"id":"shape_fUncdoGw8J","newName":"id","conceptId":"concept_droxDd_reuse"}},{"AssignType":{"id":"shape_fUncdoGw8J","to":{"StringT":{}},"conceptId":"concept_droxDd_reuse"}},{"AddField":{"parentId":"shape_7TUOnpqtmn","id":"shape_u62fkr43uM","conceptId":"concept_droxDd_reuse"}},{"SetFieldName":{"id":"shape_u62fkr43uM","newName":"created_at","conceptId":"concept_droxDd_reuse"}},{"AssignType":{"id":"shape_u62fkr43uM","to":{"StringT":{}},"conceptId":"concept_droxDd_reuse"}},{"AddField":{"parentId":"shape_7TUOnpqtmn","id":"shape_nJcxsSADr0","conceptId":"concept_droxDd_reuse"}},{"SetFieldName":{"id":"shape_nJcxsSADr0","newName":"title","conceptId":"concept_droxDd_reuse"}},{"AssignType":{"id":"shape_nJcxsSADr0","to":{"StringT":{}},"conceptId":"concept_droxDd_reuse"}},{"AddField":{"parentId":"shape_7TUOnpqtmn","id":"shape_A8LapSWrgM","conceptId":"concept_droxDd_reuse"}},{"SetFieldName":{"id":"shape_A8LapSWrgM","newName":"user","conceptId":"concept_droxDd_reuse"}},{"AssignType":{"id":"shape_A8LapSWrgM","to":{"ObjectT":{}},"conceptId":"concept_droxDd_reuse"}},{"AddField":{"parentId":"shape_A8LapSWrgM","id":"shape_CabPFGuSef","conceptId":"concept_droxDd_reuse"}},{"SetFieldName":{"id":"shape_CabPFGuSef","newName":"first_name","conceptId":"concept_droxDd_reuse"}},{"AssignType":{"id":"shape_CabPFGuSef","to":{"StringT":{}},"conceptId":"concept_droxDd_reuse"}},{"AddField":{"parentId":"shape_A8LapSWrgM","id":"shape_Tf79n5sdE8","conceptId":"concept_droxDd_reuse"}},{"SetFieldName":{"id":"shape_Tf79n5sdE8","newName":"last_name","conceptId":"concept_droxDd_reuse"}},{"AssignType":{"id":"shape_Tf79n5sdE8","to":{"StringT":{}},"conceptId":"concept_droxDd_reuse"}},{"AddField":{"parentId":"shape_A8LapSWrgM","id":"shape_T8fdB74RlG","conceptId":"concept_droxDd_reuse"}},{"SetFieldName":{"id":"shape_T8fdB74RlG","newName":"username","conceptId":"concept_droxDd_reuse"}},{"AssignType":{"id":"shape_T8fdB74RlG","to":{"StringT":{}},"conceptId":"concept_droxDd_reuse"}},{"AssignType":{"id":"shape_wFN8N8vu2q","to":{"StringT":{}},"conceptId":"concept_bU2Bc4_query_string"}},{"AssignType":{"id":"shape_SNUO1b5yHW","to":{"ObjectT":{}},"conceptId":"concept_i3dB0Z_dataset"}},{"AddField":{"parentId":"shape_SNUO1b5yHW","id":"shape_YfFNyNuwmi","conceptId":"concept_i3dB0Z_dataset"}},{"SetFieldName":{"id":"shape_YfFNyNuwmi","newName":"dataset_id","conceptId":"concept_i3dB0Z_dataset"}},{"AssignType":{"id":"shape_YfFNyNuwmi","to":{"StringT":{}},"conceptId":"concept_i3dB0Z_dataset"}},{"AddField":{"parentId":"shape_SNUO1b5yHW","id":"shape_qIsvKtX70e","conceptId":"concept_i3dB0Z_dataset"}},{"SetFieldName":{"id":"shape_qIsvKtX70e","newName":"features","conceptId":"concept_i3dB0Z_dataset"}},{"AssignType":{"id":"shape_qIsvKtX70e","to":{"ListT":{}},"conceptId":"concept_i3dB0Z_dataset"}},{"AddTypeParameter":{"parentId":"shape_qIsvKtX70e","id":"shape_oYuo2ptnC3","conceptId":"concept_i3dB0Z_dataset"}},{"AssignType":{"id":"shape_oYuo2ptnC3","to":{"StringT":{}},"conceptId":"concept_i3dB0Z_dataset"}},{"AddField":{"parentId":"shape_SNUO1b5yHW","id":"shape_Rxt0euiuOc","conceptId":"concept_i3dB0Z_dataset"}},{"SetFieldName":{"id":"shape_Rxt0euiuOc","newName":"metas","conceptId":"concept_i3dB0Z_dataset"}},{"AssignType":{"id":"shape_Rxt0euiuOc","to":{"ObjectT":{}},"conceptId":"concept_i3dB0Z_dataset"}},{"AddField":{"parentId":"shape_SNUO1b5yHW","id":"shape_fFXTIqYozW","conceptId":"concept_i3dB0Z_dataset"}},{"SetFieldName":{"id":"shape_fFXTIqYozW","newName":"has_records","conceptId":"concept_i3dB0Z_dataset"}},{"AssignType":{"id":"shape_fFXTIqYozW","to":{"BooleanT":{}},"conceptId":"concept_i3dB0Z_dataset"}},{"AddField":{"parentId":"shape_SNUO1b5yHW","id":"shape_wUohvoBtDv","conceptId":"concept_i3dB0Z_dataset"}},{"SetFieldName":{"id":"shape_wUohvoBtDv","newName":"fields","conceptId":"concept_i3dB0Z_dataset"}},{"AssignType":{"id":"shape_wUohvoBtDv","to":{"ListT":{}},"conceptId":"concept_i3dB0Z_dataset"}},{"AddTypeParameter":{"parentId":"shape_wUohvoBtDv","id":"shape_DlHSB7hQFS","conceptId":"concept_i3dB0Z_dataset"}},{"AssignType":{"id":"shape_DlHSB7hQFS","to":{"ObjectT":{}},"conceptId":"concept_i3dB0Z_dataset"}},{"AddField":{"parentId":"shape_SNUO1b5yHW","id":"shape_PVP19Lyv03","conceptId":"concept_i3dB0Z_dataset"}},{"SetFieldName":{"id":"shape_PVP19Lyv03","newName":"attachments","conceptId":"concept_i3dB0Z_dataset"}},{"AssignType":{"id":"shape_PVP19Lyv03","to":{"ListT":{}},"conceptId":"concept_i3dB0Z_dataset"}},{"AddTypeParameter":{"parentId":"shape_PVP19Lyv03","id":"shape_Hoqq1RUH12","conceptId":"concept_i3dB0Z_dataset"}},{"AssignType":{"id":"shape_Hoqq1RUH12","to":{"ObjectT":{}},"conceptId":"concept_i3dB0Z_dataset"}},{"AddField":{"parentId":"shape_SNUO1b5yHW","id":"shape_ReBqESMpgc","conceptId":"concept_i3dB0Z_dataset"}},{"SetFieldName":{"id":"shape_ReBqESMpgc","newName":"data_visible","conceptId":"concept_i3dB0Z_dataset"}},{"AssignType":{"id":"shape_ReBqESMpgc","to":{"BooleanT":{}},"conceptId":"concept_i3dB0Z_dataset"}},{"AssignType":{"id":"shape_XeKwXpws1E","to":{"ObjectT":{}},"conceptId":"concept_lw9MDs_attachment"}},{"AddField":{"parentId":"shape_XeKwXpws1E","id":"shape_soJiudNJ1O","conceptId":"concept_lw9MDs_attachment"}},{"SetFieldName":{"id":"shape_soJiudNJ1O","newName":"href","conceptId":"concept_lw9MDs_attachment"}},{"AssignType":{"id":"shape_soJiudNJ1O","to":{"StringT":{}},"conceptId":"concept_lw9MDs_attachment"}},{"AddField":{"parentId":"shape_XeKwXpws1E","id":"shape_KRFw0TpcVG","conceptId":"concept_lw9MDs_attachment"}},{"SetFieldName":{"id":"shape_KRFw0TpcVG","newName":"metas","conceptId":"concept_lw9MDs_attachment"}},{"AssignType":{"id":"shape_KRFw0TpcVG","to":{"ObjectT":{}},"conceptId":"concept_lw9MDs_attachment"}},{"AssignType":{"id":"shape_eOQfo05wos","to":{"ListT":{}},"conceptId":"concept_nJRwSB_records"}},{"AddTypeParameter":{"parentId":"shape_eOQfo05wos","id":"shape_3OHyVtCD1P","conceptId":"concept_nJRwSB_records"}},{"AssignType":{"id":"shape_3OHyVtCD1P","to":{"RefT":{"conceptId":"concept_gYf7Y8_record"}},"conceptId":"concept_nJRwSB_records"}},{"AssignType":{"id":"shape_mgKdNXG6YF","to":{"ObjectT":{}},"conceptId":"concept_gYf7Y8_record"}},{"AddField":{"parentId":"shape_mgKdNXG6YF","id":"shape_WlEFQMXkS8","conceptId":"concept_gYf7Y8_record"}},{"SetFieldName":{"id":"shape_WlEFQMXkS8","newName":"fields","conceptId":"concept_gYf7Y8_record"}},{"AssignType":{"id":"shape_WlEFQMXkS8","to":{"ObjectT":{}},"conceptId":"concept_gYf7Y8_record"}},{"AddField":{"parentId":"shape_mgKdNXG6YF","id":"shape_TR8LPlLmxq","conceptId":"concept_gYf7Y8_record"}},{"SetFieldName":{"id":"shape_TR8LPlLmxq","newName":"id","conceptId":"concept_gYf7Y8_record"}},{"AssignType":{"id":"shape_TR8LPlLmxq","to":{"StringT":{}},"conceptId":"concept_gYf7Y8_record"}},{"AddField":{"parentId":"shape_mgKdNXG6YF","id":"shape_cPn4JSOxr1","conceptId":"concept_gYf7Y8_record"}},{"SetFieldName":{"id":"shape_cPn4JSOxr1","newName":"size","conceptId":"concept_gYf7Y8_record"}},{"AssignType":{"id":"shape_cPn4JSOxr1","to":{"IntegerT":{}},"conceptId":"concept_gYf7Y8_record"}},{"AddField":{"parentId":"shape_mgKdNXG6YF","id":"shape_Si7LtrzB3s","conceptId":"concept_gYf7Y8_record"}},{"SetFieldName":{"id":"shape_Si7LtrzB3s","newName":"timestamp","conceptId":"concept_gYf7Y8_record"}},{"AssignType":{"id":"shape_Si7LtrzB3s","to":{"StringT":{}},"conceptId":"concept_gYf7Y8_record"}},{"AddPathComponent":{"pathId":"ydq0jG_path_0","parentPathId":"root","name":"pages"}},{"AddPathParameter":{"pathId":"ydq0jG_path_1","parentPathId":"ydq0jG_path_0","name":"slug"}},{"AddPathParameter":{"pathId":"ydq0jG_path_2","parentPathId":"root","name":"source"}},{"AddPathComponent":{"pathId":"ydq0jG_path_3","parentPathId":"ydq0jG_path_2","name":"aggregates"}},{"AddPathComponent":{"pathId":"ydq0jG_path_4","parentPathId":"ydq0jG_path_2","name":"datasets"}},{"AddPathParameter":{"pathId":"ydq0jG_path_5","parentPathId":"ydq0jG_path_4","name":"dataset_id"}},{"AddPathComponent":{"pathId":"ydq0jG_path_6","parentPathId":"ydq0jG_path_5","name":"aggregates"}},{"AddPathComponent":{"pathId":"ydq0jG_path_7","parentPathId":"ydq0jG_path_5","name":"attachments"}},{"AddPathParameter":{"pathId":"ydq0jG_path_8","parentPathId":"ydq0jG_path_7","name":"attachment_id"}},{"AddPathComponent":{"pathId":"ydq0jG_path_9","parentPathId":"ydq0jG_path_5","name":"exports"}},{"AddPathComponent":{"pathId":"ydq0jG_path_10","parentPathId":"ydq0jG_path_9","name":"csv"}},{"AddPathComponent":{"pathId":"ydq0jG_path_11","parentPathId":"ydq0jG_path_9","name":"geojson"}},{"AddPathComponent":{"pathId":"ydq0jG_path_12","parentPathId":"ydq0jG_path_9","name":"ical"}},{"AddPathComponent":{"pathId":"ydq0jG_path_13","parentPathId":"ydq0jG_path_9","name":"json"}},{"AddPathComponent":{"pathId":"ydq0jG_path_14","parentPathId":"ydq0jG_path_9","name":"ov2"}},{"AddPathComponent":{"pathId":"ydq0jG_path_15","parentPathId":"ydq0jG_path_9","name":"shp"}},{"AddPathComponent":{"pathId":"ydq0jG_path_16","parentPathId":"ydq0jG_path_9","name":"xls"}},{"AddPathComponent":{"pathId":"ydq0jG_path_17","parentPathId":"ydq0jG_path_5","name":"feedback"}},{"AddPathComponent":{"pathId":"ydq0jG_path_18","parentPathId":"ydq0jG_path_5","name":"files"}},{"AddPathParameter":{"pathId":"ydq0jG_path_19","parentPathId":"ydq0jG_path_18","name":"file_id"}},{"AddPathComponent":{"pathId":"ydq0jG_path_20","parentPathId":"ydq0jG_path_5","name":"records"}},{"AddPathParameter":{"pathId":"ydq0jG_path_21","parentPathId":"ydq0jG_path_20","name":"record_id"}},{"AddPathComponent":{"pathId":"ydq0jG_path_22","parentPathId":"ydq0jG_path_5","name":"reuses"}},{"AddPathParameter":{"pathId":"ydq0jG_path_23","parentPathId":"ydq0jG_path_22","name":"reuse_id"}},{"AddPathComponent":{"pathId":"ydq0jG_path_24","parentPathId":"ydq0jG_path_5","name":"snapshots"}},{"AddPathParameter":{"pathId":"ydq0jG_path_25","parentPathId":"ydq0jG_path_24","name":"snapshot_id"}},{"AddPathComponent":{"pathId":"ydq0jG_path_26","parentPathId":"ydq0jG_path_2","name":"exports"}},{"AddPathComponent":{"pathId":"ydq0jG_path_27","parentPathId":"ydq0jG_path_26","name":"csv"}},{"AddPathComponent":{"pathId":"ydq0jG_path_28","parentPathId":"ydq0jG_path_26","name":"json"}},{"AddPathComponent":{"pathId":"ydq0jG_path_29","parentPathId":"ydq0jG_path_26","name":"rdf"}},{"AddPathComponent":{"pathId":"ydq0jG_path_30","parentPathId":"ydq0jG_path_26","name":"rss"}},{"AddPathComponent":{"pathId":"ydq0jG_path_31","parentPathId":"ydq0jG_path_26","name":"ttl"}},{"AddPathComponent":{"pathId":"ydq0jG_path_32","parentPathId":"ydq0jG_path_26","name":"xls"}},{"AddPathComponent":{"pathId":"ydq0jG_path_33","parentPathId":"ydq0jG_path_2","name":"metadata_templates"}},{"AddPathParameter":{"pathId":"ydq0jG_path_34","parentPathId":"ydq0jG_path_33","name":"metadata_template_type"}},{"AddPathParameter":{"pathId":"ydq0jG_path_35","parentPathId":"ydq0jG_path_34","name":"metadata_template_name"}},{"AddRequest":{"requestId":"path_gGaEhGUAvd}_get","pathId":"ydq0jG_path_30","httpMethod":"get"}},{"AddResponse":{"responseId":"response_ZAH1UwDDX9","requestId":"path_gGaEhGUAvd}_get","httpStatusCode":200}},{"DefineInlineConcept":{"root":"shape_OYCpTmbfrG","conceptId":"concept_1Ha45KH28Ahg"}},{"AssignType":{"id":"shape_OYCpTmbfrG","to":{"AnyT":{}},"conceptId":"concept_1Ha45KH28Ahg"}},{"AddRequest":{"requestId":"path_cN7CSSsWYM}_get","pathId":"ydq0jG_path_23","httpMethod":"get"}},{"AddResponse":{"responseId":"response_u8kFKnLxH1","requestId":"path_cN7CSSsWYM}_get","httpStatusCode":200}},{"DefineInlineConcept":{"root":"shape_o1fBPQf9Jt","conceptId":"concept_bCaxXwoTYKJk"}},{"AssignType":{"id":"shape_o1fBPQf9Jt","to":{"AnyT":{}},"conceptId":"concept_bCaxXwoTYKJk"}},{"AddRequest":{"requestId":"path_OFTzCz4lkw}_get","pathId":"ydq0jG_path_28","httpMethod":"get"}},{"AddResponse":{"responseId":"response_SQFtylCCHv","requestId":"path_OFTzCz4lkw}_get","httpStatusCode":200}},{"DefineInlineConcept":{"root":"shape_4hMfJCoh6y","conceptId":"concept_PRWjkr4gNCwA"}},{"AssignType":{"id":"shape_4hMfJCoh6y","to":{"AnyT":{}},"conceptId":"concept_PRWjkr4gNCwA"}},{"AddRequest":{"requestId":"path_acEsFKJ8VV}_get","pathId":"ydq0jG_path_32","httpMethod":"get"}},{"AddResponse":{"responseId":"response_ZNMVCSj4rc","requestId":"path_acEsFKJ8VV}_get","httpStatusCode":200}},{"DefineInlineConcept":{"root":"shape_lXZOOwMYTP","conceptId":"concept_VuZ6eGhH95Zh"}},{"AssignType":{"id":"shape_lXZOOwMYTP","to":{"AnyT":{}},"conceptId":"concept_VuZ6eGhH95Zh"}},{"AddRequest":{"requestId":"path_qeQ3U8W5PE}_get","pathId":"ydq0jG_path_24","httpMethod":"get"}},{"AddResponse":{"responseId":"response_rRAhb1qVS2","requestId":"path_qeQ3U8W5PE}_get","httpStatusCode":200}},{"DefineInlineConcept":{"root":"shape_TZzOkwKYKV","conceptId":"concept_Lbu2KGaBzJb1"}},{"AssignType":{"id":"shape_TZzOkwKYKV","to":{"AnyT":{}},"conceptId":"concept_Lbu2KGaBzJb1"}},{"AddRequest":{"requestId":"path_9w9av6QXQQ}_get","pathId":"ydq0jG_path_35","httpMethod":"get"}},{"AddResponse":{"responseId":"response_pxsuJRAw7u","requestId":"path_9w9av6QXQQ}_get","httpStatusCode":200}},{"DefineInlineConcept":{"root":"shape_wB68HvX5Dq","conceptId":"concept_nJSyHAVopRbB"}},{"AssignType":{"id":"shape_wB68HvX5Dq","to":{"AnyT":{}},"conceptId":"concept_nJSyHAVopRbB"}},{"AddRequest":{"requestId":"path_NKbL9spnFF}_get","pathId":"ydq0jG_path_10","httpMethod":"get"}},{"AddResponse":{"responseId":"response_wwwe7w6cPG","requestId":"path_NKbL9spnFF}_get","httpStatusCode":200}},{"DefineInlineConcept":{"root":"shape_t94I1Grm2I","conceptId":"concept_vc8FV7hU5HHw"}},{"AssignType":{"id":"shape_t94I1Grm2I","to":{"AnyT":{}},"conceptId":"concept_vc8FV7hU5HHw"}},{"AddRequest":{"requestId":"path_zILC3Mn5cv}_get","pathId":"ydq0jG_path_0","httpMethod":"get"}},{"AddResponse":{"responseId":"response_nTwGJXzk4N","requestId":"path_zILC3Mn5cv}_get","httpStatusCode":200}},{"DefineInlineConcept":{"root":"shape_IYqrghPINc","conceptId":"concept_yLXPPS6U5ESO"}},{"AssignType":{"id":"shape_IYqrghPINc","to":{"AnyT":{}},"conceptId":"concept_yLXPPS6U5ESO"}},{"AddRequest":{"requestId":"path_ZvZ3oUUyeI}_get","pathId":"ydq0jG_path_3","httpMethod":"get"}},{"AddResponse":{"responseId":"response_rahb7mWskx","requestId":"path_ZvZ3oUUyeI}_get","httpStatusCode":200}},{"DefineInlineConcept":{"root":"shape_qBKrJ9y9ND","conceptId":"concept_9mtHDmVXcovS"}},{"AssignType":{"id":"shape_qBKrJ9y9ND","to":{"ObjectT":{}},"conceptId":"concept_9mtHDmVXcovS"}},{"AddField":{"parentId":"shape_qBKrJ9y9ND","id":"shape_u8j3A65ZI9","conceptId":"concept_9mtHDmVXcovS"}},{"SetFieldName":{"id":"shape_u8j3A65ZI9","newName":"aggregations","conceptId":"concept_9mtHDmVXcovS"}},{"AssignType":{"id":"shape_u8j3A65ZI9","to":{"ListT":{}},"conceptId":"concept_9mtHDmVXcovS"}},{"AddTypeParameter":{"parentId":"shape_u8j3A65ZI9","id":"shape_nQQCxxu87k","conceptId":"concept_9mtHDmVXcovS"}},{"AssignType":{"id":"shape_nQQCxxu87k","to":{"RefT":{"conceptId":"concept_8UDf2Q_aggregation"}},"conceptId":"concept_9mtHDmVXcovS"}},{"AddField":{"parentId":"shape_qBKrJ9y9ND","id":"shape_RjRqGCmlSJ","conceptId":"concept_9mtHDmVXcovS"}},{"SetFieldName":{"id":"shape_RjRqGCmlSJ","newName":"links","conceptId":"concept_9mtHDmVXcovS"}},{"AssignType":{"id":"shape_RjRqGCmlSJ","to":{"ListT":{}},"conceptId":"concept_9mtHDmVXcovS"}},{"AddTypeParameter":{"parentId":"shape_RjRqGCmlSJ","id":"shape_IPrXiPZBGO","conceptId":"concept_9mtHDmVXcovS"}},{"AssignType":{"id":"shape_IPrXiPZBGO","to":{"RefT":{"conceptId":"concept_dLUb7i_link"}},"conceptId":"concept_9mtHDmVXcovS"}},{"AddRequest":{"requestId":"path_tnzohRyPHV}_get","pathId":"ydq0jG_path_6","httpMethod":"get"}},{"AddResponse":{"responseId":"response_WLZHswyPKj","requestId":"path_tnzohRyPHV}_get","httpStatusCode":200}},{"DefineInlineConcept":{"root":"shape_Wutgy7IuWP","conceptId":"concept_ZdHWqW0ou5lk"}},{"AssignType":{"id":"shape_Wutgy7IuWP","to":{"AnyT":{}},"conceptId":"concept_ZdHWqW0ou5lk"}},{"AddRequest":{"requestId":"path_knmfR47iA7}_get","pathId":"ydq0jG_path_25","httpMethod":"get"}},{"AddResponse":{"responseId":"response_e0AfG1Gyfy","requestId":"path_knmfR47iA7}_get","httpStatusCode":200}},{"AddRequest":{"requestId":"path_MXnst51zUr}_get","pathId":"ydq0jG_path_34","httpMethod":"get"}},{"AddResponse":{"responseId":"response_bdYwy58eky","requestId":"path_MXnst51zUr}_get","httpStatusCode":200}},{"DefineInlineConcept":{"root":"shape_lsnyVRZe1j","conceptId":"concept_tsfdol9DaRR0"}},{"AssignType":{"id":"shape_lsnyVRZe1j","to":{"AnyT":{}},"conceptId":"concept_tsfdol9DaRR0"}},{"AddRequest":{"requestId":"path_rt2jM4YTyV}_get","pathId":"ydq0jG_path_11","httpMethod":"get"}},{"AddResponse":{"responseId":"response_74JndzunkH","requestId":"path_rt2jM4YTyV}_get","httpStatusCode":200}},{"DefineInlineConcept":{"root":"shape_IHQYQGReu8","conceptId":"concept_I2usDnC1FgRl"}},{"AssignType":{"id":"shape_IHQYQGReu8","to":{"AnyT":{}},"conceptId":"concept_I2usDnC1FgRl"}},{"AddRequest":{"requestId":"path_8ozI2u0BGJ}_get","pathId":"ydq0jG_path_14","httpMethod":"get"}},{"AddResponse":{"responseId":"response_ElY02vD8jh","requestId":"path_8ozI2u0BGJ}_get","httpStatusCode":200}},{"DefineInlineConcept":{"root":"shape_gVYJSp6jdz","conceptId":"concept_Zviycr02qbl2"}},{"AssignType":{"id":"shape_gVYJSp6jdz","to":{"AnyT":{}},"conceptId":"concept_Zviycr02qbl2"}},{"AddRequest":{"requestId":"path_buQtfp4w0N}_get","pathId":"ydq0jG_path_21","httpMethod":"get"}},{"AddResponse":{"responseId":"response_nFZAQpjnXP","requestId":"path_buQtfp4w0N}_get","httpStatusCode":200}},{"DefineInlineConcept":{"root":"shape_vgKZhJb0p2","conceptId":"concept_NliHCZJ090Qq"}},{"AssignType":{"id":"shape_vgKZhJb0p2","to":{"AnyT":{}},"conceptId":"concept_NliHCZJ090Qq"}},{"AddRequest":{"requestId":"path_zyEnj7nhEF}_get","pathId":"ydq0jG_path_1","httpMethod":"get"}},{"AddResponse":{"responseId":"response_uHZni7dbYl","requestId":"path_zyEnj7nhEF}_get","httpStatusCode":200}},{"DefineInlineConcept":{"root":"shape_VAoz4JUOEh","conceptId":"concept_yTkCazzTnotD"}},{"AssignType":{"id":"shape_VAoz4JUOEh","to":{"AnyT":{}},"conceptId":"concept_yTkCazzTnotD"}},{"AddRequest":{"requestId":"path_wUOzDcQQFN}_get","pathId":"ydq0jG_path_19","httpMethod":"get"}},{"AddResponse":{"responseId":"response_BoV0dCIvZI","requestId":"path_wUOzDcQQFN}_get","httpStatusCode":200}},{"AddRequest":{"requestId":"path_SIhLUQq997}_get","pathId":"ydq0jG_path_15","httpMethod":"get"}},{"AddResponse":{"responseId":"response_9oUnF5t7sM","requestId":"path_SIhLUQq997}_get","httpStatusCode":200}},{"DefineInlineConcept":{"root":"shape_OMVOMbbK95","conceptId":"concept_QzbBdO40TEqE"}},{"AssignType":{"id":"shape_OMVOMbbK95","to":{"AnyT":{}},"conceptId":"concept_QzbBdO40TEqE"}},{"AddRequest":{"requestId":"path_ZXiKq9TmHl}_get","pathId":"ydq0jG_path_5","httpMethod":"get"}},{"AddResponse":{"responseId":"response_lWHXCKErL7","requestId":"path_ZXiKq9TmHl}_get","httpStatusCode":200}},{"DefineInlineConcept":{"root":"shape_1gWCHAQOnn","conceptId":"concept_yJfVBFmbUXUC"}},{"AssignType":{"id":"shape_1gWCHAQOnn","to":{"AnyT":{}},"conceptId":"concept_yJfVBFmbUXUC"}},{"AddRequest":{"requestId":"path_IeZ8Yx70wp}_get","pathId":"ydq0jG_path_7","httpMethod":"get"}},{"AddResponse":{"responseId":"response_eXXbhR1x7t","requestId":"path_IeZ8Yx70wp}_get","httpStatusCode":200}},{"DefineInlineConcept":{"root":"shape_BS5BHxSt8l","conceptId":"concept_7hpLcsgITTL8"}},{"AssignType":{"id":"shape_BS5BHxSt8l","to":{"AnyT":{}},"conceptId":"concept_7hpLcsgITTL8"}},{"AddRequest":{"requestId":"path_TVdKmvpKbz}_get","pathId":"ydq0jG_path_27","httpMethod":"get"}},{"AddResponse":{"responseId":"response_7VPWNm7cBd","requestId":"path_TVdKmvpKbz}_get","httpStatusCode":200}},{"DefineInlineConcept":{"root":"shape_5sx1Dz3ZKn","conceptId":"concept_JYl5MazxulyE"}},{"AssignType":{"id":"shape_5sx1Dz3ZKn","to":{"AnyT":{}},"conceptId":"concept_JYl5MazxulyE"}},{"AddRequest":{"requestId":"path_baWLn7v138}_get","pathId":"ydq0jG_path_13","httpMethod":"get"}},{"AddResponse":{"responseId":"response_ycc75Wb2CR","requestId":"path_baWLn7v138}_get","httpStatusCode":200}},{"DefineInlineConcept":{"root":"shape_VF8nMJpit5","conceptId":"concept_OXwuhLke3ngM"}},{"AssignType":{"id":"shape_VF8nMJpit5","to":{"AnyT":{}},"conceptId":"concept_OXwuhLke3ngM"}},{"AddRequest":{"requestId":"path_eyg80Flf1t}_get","pathId":"ydq0jG_path_22","httpMethod":"get"}},{"AddResponse":{"responseId":"response_CSI4ZzakQh","requestId":"path_eyg80Flf1t}_get","httpStatusCode":200}},{"DefineInlineConcept":{"root":"shape_IEeFhIZyD4","conceptId":"concept_7z8bW9b0D3tF"}},{"AssignType":{"id":"shape_IEeFhIZyD4","to":{"AnyT":{}},"conceptId":"concept_7z8bW9b0D3tF"}},{"AddRequest":{"requestId":"path_005F4Jl8M8}_get","pathId":"ydq0jG_path_8","httpMethod":"get"}},{"AddResponse":{"responseId":"response_RaeytjM2pC","requestId":"path_005F4Jl8M8}_get","httpStatusCode":200}},{"AddRequest":{"requestId":"path_pnEFnhxUeh}_put","pathId":"ydq0jG_path_17","httpMethod":"put"}},{"DefineInlineConcept":{"root":"shape_kHijBBNtUM","conceptId":"concept_sourcedatasetsdataset_idfeedback_put_body"}},{"AssignType":{"id":"shape_kHijBBNtUM","to":{"AnyT":{}},"conceptId":"concept_sourcedatasetsdataset_idfeedback_put_body"}},{"AddResponse":{"responseId":"response_PVltA3B2lD","requestId":"path_pnEFnhxUeh}_put","httpStatusCode":201}},{"AddRequest":{"requestId":"path_p5AHNfDA0Z}_get","pathId":"ydq0jG_path_2","httpMethod":"get"}},{"AddResponse":{"responseId":"response_cxupxVrdbe","requestId":"path_p5AHNfDA0Z}_get","httpStatusCode":200}},{"DefineInlineConcept":{"root":"shape_H30oasG0zu","conceptId":"concept_Qmh7u3miL0yS"}},{"AssignType":{"id":"shape_H30oasG0zu","to":{"AnyT":{}},"conceptId":"concept_Qmh7u3miL0yS"}},{"AddRequest":{"requestId":"path_TMYmdcaJfY}_get","pathId":"ydq0jG_path_31","httpMethod":"get"}},{"AddResponse":{"responseId":"response_ew4A0xeHOB","requestId":"path_TMYmdcaJfY}_get","httpStatusCode":200}},{"DefineInlineConcept":{"root":"shape_X6W89nSaiB","conceptId":"concept_26X2fzmesay1"}},{"AssignType":{"id":"shape_X6W89nSaiB","to":{"AnyT":{}},"conceptId":"concept_26X2fzmesay1"}},{"AddRequest":{"requestId":"path_Ov658n3VFW}_get","pathId":"ydq0jG_path_16","httpMethod":"get"}},{"AddResponse":{"responseId":"response_Kne29Hd5Hg","requestId":"path_Ov658n3VFW}_get","httpStatusCode":200}},{"DefineInlineConcept":{"root":"shape_D0haVnCPAY","conceptId":"concept_BxfmWrCd4GR6"}},{"AssignType":{"id":"shape_D0haVnCPAY","to":{"AnyT":{}},"conceptId":"concept_BxfmWrCd4GR6"}},{"AddRequest":{"requestId":"path_a8dhTDcl1f}_get","pathId":"ydq0jG_path_33","httpMethod":"get"}},{"AddResponse":{"responseId":"response_3b6tiImVzA","requestId":"path_a8dhTDcl1f}_get","httpStatusCode":200}},{"DefineInlineConcept":{"root":"shape_Df0N1U6uok","conceptId":"concept_DPAm2uq1vyzq"}},{"AssignType":{"id":"shape_Df0N1U6uok","to":{"AnyT":{}},"conceptId":"concept_DPAm2uq1vyzq"}},{"AddRequest":{"requestId":"path_BGGdIRBrHI}_get","pathId":"ydq0jG_path_29","httpMethod":"get"}},{"AddResponse":{"responseId":"response_QFSW4cmYXM","requestId":"path_BGGdIRBrHI}_get","httpStatusCode":200}},{"DefineInlineConcept":{"root":"shape_7VNFIexYyc","conceptId":"concept_6ir8hNMTLRb9"}},{"AssignType":{"id":"shape_7VNFIexYyc","to":{"AnyT":{}},"conceptId":"concept_6ir8hNMTLRb9"}},{"AddRequest":{"requestId":"path_apZY4c3K3E}_get","pathId":"ydq0jG_path_12","httpMethod":"get"}},{"AddResponse":{"responseId":"response_h7S9Uma5Mp","requestId":"path_apZY4c3K3E}_get","httpStatusCode":200}},{"DefineInlineConcept":{"root":"shape_s8t52HppQT","conceptId":"concept_HuXgBV73OXVs"}},{"AssignType":{"id":"shape_s8t52HppQT","to":{"AnyT":{}},"conceptId":"concept_HuXgBV73OXVs"}},{"AddRequest":{"requestId":"path_AtBqam5pgn}_get","pathId":"root","httpMethod":"get"}},{"AddResponse":{"responseId":"response_5QH0xYFUeu","requestId":"path_AtBqam5pgn}_get","httpStatusCode":200}},{"DefineInlineConcept":{"root":"shape_tQXnkz3Aw6","conceptId":"concept_a1IUFlCfZIk2"}},{"AssignType":{"id":"shape_tQXnkz3Aw6","to":{"AnyT":{}},"conceptId":"concept_a1IUFlCfZIk2"}},{"AddRequest":{"requestId":"path_Tm2Qqm8dC0}_get","pathId":"ydq0jG_path_20","httpMethod":"get"}},{"AddResponse":{"responseId":"response_YVklWXQkZc","requestId":"path_Tm2Qqm8dC0}_get","httpStatusCode":200}},{"DefineInlineConcept":{"root":"shape_7JXvdtPYS5","conceptId":"concept_XU4cUm0RluKK"}},{"AssignType":{"id":"shape_7JXvdtPYS5","to":{"AnyT":{}},"conceptId":"concept_XU4cUm0RluKK"}},{"AddRequest":{"requestId":"path_MrzNxS526q}_get","pathId":"ydq0jG_path_4","httpMethod":"get"}},{"AddResponse":{"responseId":"response_IngeVR3daQ","requestId":"path_MrzNxS526q}_get","httpStatusCode":200}},{"DefineInlineConcept":{"root":"shape_Ewp8GIId2v","conceptId":"concept_aasp52EIwYPK"}},{"AssignType":{"id":"shape_Ewp8GIId2v","to":{"AnyT":{}},"conceptId":"concept_aasp52EIwYPK"}},{"SetResponseBodyShape":{"responseId":"response_ZAH1UwDDX9","bodyDescriptor":{"httpContentType":"text/xml","conceptId":"concept_1Ha45KH28Ahg"}}},{"SetResponseBodyShape":{"responseId":"response_u8kFKnLxH1","bodyDescriptor":{"httpContentType":"application/json","conceptId":"concept_bCaxXwoTYKJk"}}},{"SetResponseBodyShape":{"responseId":"response_SQFtylCCHv","bodyDescriptor":{"httpContentType":"application/json","conceptId":"concept_PRWjkr4gNCwA"}}},{"SetResponseBodyShape":{"responseId":"response_ZNMVCSj4rc","bodyDescriptor":{"httpContentType":"application/vnd.ms-excel","conceptId":"concept_VuZ6eGhH95Zh"}}},{"SetResponseBodyShape":{"responseId":"response_rRAhb1qVS2","bodyDescriptor":{"httpContentType":"application/json","conceptId":"concept_Lbu2KGaBzJb1"}}},{"SetResponseBodyShape":{"responseId":"response_pxsuJRAw7u","bodyDescriptor":{"httpContentType":"application/json","conceptId":"concept_nJSyHAVopRbB"}}},{"SetResponseBodyShape":{"responseId":"response_wwwe7w6cPG","bodyDescriptor":{"httpContentType":"text/csv","conceptId":"concept_vc8FV7hU5HHw"}}},{"SetResponseBodyShape":{"responseId":"response_nTwGJXzk4N","bodyDescriptor":{"httpContentType":"application/json","conceptId":"concept_yLXPPS6U5ESO"}}},{"SetResponseBodyShape":{"responseId":"response_rahb7mWskx","bodyDescriptor":{"httpContentType":"application/json","conceptId":"concept_9mtHDmVXcovS"}}},{"SetResponseBodyShape":{"responseId":"response_WLZHswyPKj","bodyDescriptor":{"httpContentType":"application/json","conceptId":"concept_ZdHWqW0ou5lk"}}},{"SetResponseBodyShape":{"responseId":"response_bdYwy58eky","bodyDescriptor":{"httpContentType":"application/json","conceptId":"concept_tsfdol9DaRR0"}}},{"SetResponseBodyShape":{"responseId":"response_74JndzunkH","bodyDescriptor":{"httpContentType":"application/json","conceptId":"concept_I2usDnC1FgRl"}}},{"SetResponseBodyShape":{"responseId":"response_ElY02vD8jh","bodyDescriptor":{"httpContentType":"text/plain","conceptId":"concept_Zviycr02qbl2"}}},{"SetResponseBodyShape":{"responseId":"response_nFZAQpjnXP","bodyDescriptor":{"httpContentType":"application/json","conceptId":"concept_NliHCZJ090Qq"}}},{"SetResponseBodyShape":{"responseId":"response_uHZni7dbYl","bodyDescriptor":{"httpContentType":"application/json","conceptId":"concept_yTkCazzTnotD"}}},{"SetResponseBodyShape":{"responseId":"response_9oUnF5t7sM","bodyDescriptor":{"httpContentType":"application/zip","conceptId":"concept_QzbBdO40TEqE"}}},{"SetResponseBodyShape":{"responseId":"response_lWHXCKErL7","bodyDescriptor":{"httpContentType":"application/json","conceptId":"concept_yJfVBFmbUXUC"}}},{"SetResponseBodyShape":{"responseId":"response_eXXbhR1x7t","bodyDescriptor":{"httpContentType":"application/json","conceptId":"concept_7hpLcsgITTL8"}}},{"SetResponseBodyShape":{"responseId":"response_7VPWNm7cBd","bodyDescriptor":{"httpContentType":"text/csv","conceptId":"concept_JYl5MazxulyE"}}},{"SetResponseBodyShape":{"responseId":"response_ycc75Wb2CR","bodyDescriptor":{"httpContentType":"application/json","conceptId":"concept_OXwuhLke3ngM"}}},{"SetResponseBodyShape":{"responseId":"response_CSI4ZzakQh","bodyDescriptor":{"httpContentType":"application/json","conceptId":"concept_7z8bW9b0D3tF"}}},{"SetRequestBodyShape":{"requestId":"path_pnEFnhxUeh}_put","bodyDescriptor":{"httpContentType":"application/json","conceptId":"concept_sourcedatasetsdataset_idfeedback_put_body"}}},{"SetResponseBodyShape":{"responseId":"response_cxupxVrdbe","bodyDescriptor":{"httpContentType":"application/json","conceptId":"concept_Qmh7u3miL0yS"}}},{"SetResponseBodyShape":{"responseId":"response_ew4A0xeHOB","bodyDescriptor":{"httpContentType":"text/turtle","conceptId":"concept_26X2fzmesay1"}}},{"SetResponseBodyShape":{"responseId":"response_Kne29Hd5Hg","bodyDescriptor":{"httpContentType":"application/vnd.ms-excel","conceptId":"concept_BxfmWrCd4GR6"}}},{"SetResponseBodyShape":{"responseId":"response_3b6tiImVzA","bodyDescriptor":{"httpContentType":"application/json","conceptId":"concept_DPAm2uq1vyzq"}}},{"SetResponseBodyShape":{"responseId":"response_QFSW4cmYXM","bodyDescriptor":{"httpContentType":"application/rdf+xml","conceptId":"concept_6ir8hNMTLRb9"}}},{"SetResponseBodyShape":{"responseId":"response_h7S9Uma5Mp","bodyDescriptor":{"httpContentType":"application/json","conceptId":"concept_HuXgBV73OXVs"}}},{"SetResponseBodyShape":{"responseId":"response_5QH0xYFUeu","bodyDescriptor":{"httpContentType":"application/json","conceptId":"concept_a1IUFlCfZIk2"}}},{"SetResponseBodyShape":{"responseId":"response_YVklWXQkZc","bodyDescriptor":{"httpContentType":"application/json","conceptId":"concept_XU4cUm0RluKK"}}},{"SetResponseBodyShape":{"responseId":"response_IngeVR3daQ","bodyDescriptor":{"httpContentType":"application/json","conceptId":"concept_aasp52EIwYPK"}}}]