[{"DefineConcept":{"name":"CompanyBasicVO","root":"shape_tm5rNwZho6","conceptId":"concept_6CKzdt_companybasicvo"}},{"SetConceptName":{"newName":"CompanyBasicVO","conceptId":"concept_6CKzdt_companybasicvo"}},{"DefineConcept":{"name":"CompanyCompetitorVO","root":"shape_c28QZ20cE3","conceptId":"concept_Wc0ty6_companycompetitorvo"}},{"SetConceptName":{"newName":"CompanyCompetitorVO","conceptId":"concept_Wc0ty6_companycompetitorvo"}},{"DefineConcept":{"name":"competitors","root":"shape_W4M8vSrUcj","conceptId":"concept_MzL4sO_competitors"}},{"SetConceptName":{"newName":"competitors","conceptId":"concept_MzL4sO_competitors"}},{"DefineConcept":{"name":"CompanyBasicSearchVO","root":"shape_AIg6phNmRU","conceptId":"concept_YOjlUd_companybasicsearchvo"}},{"SetConceptName":{"newName":"CompanyBasicSearchVO","conceptId":"concept_YOjlUd_companybasicsearchvo"}},{"DefineConcept":{"name":"Address","root":"shape_O1tsl7W9mX","conceptId":"concept_acO9kj_address"}},{"SetConceptName":{"newName":"Address","conceptId":"concept_acO9kj_address"}},{"DefineConcept":{"name":"fuzzy_results","root":"shape_MBIfxA8fd2","conceptId":"concept_gYYqjy_fuzzy_results"}},{"SetConceptName":{"newName":"fuzzy_results","conceptId":"concept_gYYqjy_fuzzy_results"}},{"DefineConcept":{"name":"Acquisition","root":"shape_WUZ6aWpm16","conceptId":"concept_Xf9U0e_acquisition"}},{"SetConceptName":{"newName":"Acquisition","conceptId":"concept_Xf9U0e_acquisition"}},{"DefineConcept":{"name":"Funding","root":"shape_9Pq1S7Hl2c","conceptId":"concept_ikDnwL_funding"}},{"SetConceptName":{"newName":"Funding","conceptId":"concept_ikDnwL_funding"}},{"DefineConcept":{"name":"CompetitorBasicVO","root":"shape_URprpDoYwy","conceptId":"concept_zZ6ekV_competitorbasicvo"}},{"SetConceptName":{"newName":"CompetitorBasicVO","conceptId":"concept_zZ6ekV_competitorbasicvo"}},{"DefineConcept":{"name":"company","root":"shape_t1IA4CXj9r","conceptId":"concept_F1N0n2_company"}},{"SetConceptName":{"newName":"company","conceptId":"concept_F1N0n2_company"}},{"DefineConcept":{"name":"Ceo","root":"shape_acXpNuTJUv","conceptId":"concept_kBfHXt_ceo"}},{"SetConceptName":{"newName":"Ceo","conceptId":"concept_kBfHXt_ceo"}},{"DefineConcept":{"name":"results","root":"shape_0Y0UVOvBF1","conceptId":"concept_TOsrQ0_results"}},{"SetConceptName":{"newName":"results","conceptId":"concept_TOsrQ0_results"}},{"DefineConcept":{"name":"basic_results","root":"shape_5BrMTxCidp","conceptId":"concept_ajVmgR_basic_results"}},{"SetConceptName":{"newName":"basic_results","conceptId":"concept_ajVmgR_basic_results"}},{"DefineConcept":{"name":"Investor","root":"shape_qyZh86E3Rh","conceptId":"concept_EU5OaE_investor"}},{"SetConceptName":{"newName":"Investor","conceptId":"concept_EU5OaE_investor"}},{"DefineConcept":{"name":"CompanySearchResultVO","root":"shape_ZznXC9vQaF","conceptId":"concept_UC2pFX_companysearchresultvo"}},{"SetConceptName":{"newName":"CompanySearchResultVO","conceptId":"concept_UC2pFX_companysearchresultvo"}},{"DefineConcept":{"name":"SectorVO","root":"shape_u5aEmRFOvS","conceptId":"concept_r9cOCw_sectorvo"}},{"SetConceptName":{"newName":"SectorVO","conceptId":"concept_r9cOCw_sectorvo"}},{"DefineConcept":{"name":"FeedsVO","root":"shape_Q3Mi2I2hbL","conceptId":"concept_hRpfTC_feedsvo"}},{"SetConceptName":{"newName":"FeedsVO","conceptId":"concept_hRpfTC_feedsvo"}},{"DefineConcept":{"name":"Stock","root":"shape_ucZZXwy1FC","conceptId":"concept_HnjQ14_stock"}},{"SetConceptName":{"newName":"Stock","conceptId":"concept_HnjQ14_stock"}},{"AssignType":{"id":"shape_tm5rNwZho6","to":{"AnyT":{}},"conceptId":"concept_6CKzdt_companybasicvo"}},{"AssignType":{"id":"shape_c28QZ20cE3","to":{"AnyT":{}},"conceptId":"concept_Wc0ty6_companycompetitorvo"}},{"AssignType":{"id":"shape_W4M8vSrUcj","to":{"AnyT":{}},"conceptId":"concept_MzL4sO_competitors"}},{"AssignType":{"id":"shape_AIg6phNmRU","to":{"AnyT":{}},"conceptId":"concept_YOjlUd_companybasicsearchvo"}},{"AssignType":{"id":"shape_O1tsl7W9mX","to":{"AnyT":{}},"conceptId":"concept_acO9kj_address"}},{"AssignType":{"id":"shape_MBIfxA8fd2","to":{"AnyT":{}},"conceptId":"concept_gYYqjy_fuzzy_results"}},{"AssignType":{"id":"shape_WUZ6aWpm16","to":{"AnyT":{}},"conceptId":"concept_Xf9U0e_acquisition"}},{"AssignType":{"id":"shape_9Pq1S7Hl2c","to":{"AnyT":{}},"conceptId":"concept_ikDnwL_funding"}},{"AssignType":{"id":"shape_URprpDoYwy","to":{"AnyT":{}},"conceptId":"concept_zZ6ekV_competitorbasicvo"}},{"AssignType":{"id":"shape_t1IA4CXj9r","to":{"AnyT":{}},"conceptId":"concept_F1N0n2_company"}},{"AssignType":{"id":"shape_acXpNuTJUv","to":{"AnyT":{}},"conceptId":"concept_kBfHXt_ceo"}},{"AssignType":{"id":"shape_0Y0UVOvBF1","to":{"AnyT":{}},"conceptId":"concept_TOsrQ0_results"}},{"AssignType":{"id":"shape_5BrMTxCidp","to":{"AnyT":{}},"conceptId":"concept_ajVmgR_basic_results"}},{"AssignType":{"id":"shape_qyZh86E3Rh","to":{"AnyT":{}},"conceptId":"concept_EU5OaE_investor"}},{"AssignType":{"id":"shape_ZznXC9vQaF","to":{"AnyT":{}},"conceptId":"concept_UC2pFX_companysearchresultvo"}},{"AssignType":{"id":"shape_u5aEmRFOvS","to":{"AnyT":{}},"conceptId":"concept_r9cOCw_sectorvo"}},{"AssignType":{"id":"shape_Q3Mi2I2hbL","to":{"AnyT":{}},"conceptId":"concept_hRpfTC_feedsvo"}},{"AssignType":{"id":"shape_ucZZXwy1FC","to":{"AnyT":{}},"conceptId":"concept_HnjQ14_stock"}},{"AddPathComponent":{"pathId":"jBfv2G_path_0","parentPathId":"root","name":"v1"}},{"AddPathComponent":{"pathId":"jBfv2G_path_1","parentPathId":"jBfv2G_path_0","name":"company"}},{"AddPathComponent":{"pathId":"jBfv2G_path_2","parentPathId":"jBfv2G_path_1","name":"basicsearch"}},{"AddPathComponent":{"pathId":"jBfv2G_path_3","parentPathId":"jBfv2G_path_1","name":"competitor"}},{"AddPathComponent":{"pathId":"jBfv2G_path_4","parentPathId":"jBfv2G_path_3","name":"id"}},{"AddPathParameter":{"pathId":"jBfv2G_path_5","parentPathId":"jBfv2G_path_4","name":"companyId"}},{"AddPathComponent":{"pathId":"jBfv2G_path_6","parentPathId":"jBfv2G_path_3","name":"url"}},{"AddPathParameter":{"pathId":"jBfv2G_path_7","parentPathId":"jBfv2G_path_6","name":"website"}},{"AddPathComponent":{"pathId":"jBfv2G_path_8","parentPathId":"jBfv2G_path_1","name":"competitorpremium"}},{"AddPathComponent":{"pathId":"jBfv2G_path_9","parentPathId":"jBfv2G_path_8","name":"id"}},{"AddPathParameter":{"pathId":"jBfv2G_path_10","parentPathId":"jBfv2G_path_9","name":"companyId"}},{"AddPathComponent":{"pathId":"jBfv2G_path_11","parentPathId":"jBfv2G_path_8","name":"url"}},{"AddPathParameter":{"pathId":"jBfv2G_path_12","parentPathId":"jBfv2G_path_11","name":"website"}},{"AddPathComponent":{"pathId":"jBfv2G_path_13","parentPathId":"jBfv2G_path_1","name":"fuzzysearch"}},{"AddPathComponent":{"pathId":"jBfv2G_path_14","parentPathId":"jBfv2G_path_1","name":"id"}},{"AddPathParameter":{"pathId":"jBfv2G_path_15","parentPathId":"jBfv2G_path_14","name":"companyId"}},{"AddPathComponent":{"pathId":"jBfv2G_path_16","parentPathId":"jBfv2G_path_1","name":"search"}},{"AddPathComponent":{"pathId":"jBfv2G_path_17","parentPathId":"jBfv2G_path_1","name":"url"}},{"AddPathParameter":{"pathId":"jBfv2G_path_18","parentPathId":"jBfv2G_path_17","name":"website"}},{"AddPathComponent":{"pathId":"jBfv2G_path_19","parentPathId":"jBfv2G_path_0","name":"companypremium"}},{"AddPathComponent":{"pathId":"jBfv2G_path_20","parentPathId":"jBfv2G_path_19","name":"id"}},{"AddPathParameter":{"pathId":"jBfv2G_path_21","parentPathId":"jBfv2G_path_20","name":"companyId"}},{"AddPathComponent":{"pathId":"jBfv2G_path_22","parentPathId":"jBfv2G_path_19","name":"url"}},{"AddPathParameter":{"pathId":"jBfv2G_path_23","parentPathId":"jBfv2G_path_22","name":"website"}},{"AddPathComponent":{"pathId":"jBfv2G_path_24","parentPathId":"jBfv2G_path_0","name":"feed"}},{"AddPathComponent":{"pathId":"jBfv2G_path_25","parentPathId":"jBfv2G_path_24","name":"url"}},{"AddRequest":{"requestId":"path_S5oiYaSxYG}_get","pathId":"jBfv2G_path_23","httpMethod":"get"}},{"AddResponse":{"responseId":"response_gUPCJPNNE4","requestId":"path_S5oiYaSxYG}_get","httpStatusCode":400}},{"AddResponse":{"responseId":"response_Rvc5uwoXth","requestId":"path_S5oiYaSxYG}_get","httpStatusCode":404}},{"AddResponse":{"responseId":"response_DBG1eRGc79","requestId":"path_S5oiYaSxYG}_get","httpStatusCode":429}},{"AddResponse":{"responseId":"response_uWGwng5CWb","requestId":"path_S5oiYaSxYG}_get","httpStatusCode":500}},{"AddResponse":{"responseId":"response_CWG0qSY6H3","requestId":"path_S5oiYaSxYG}_get","httpStatusCode":403}},{"AddResponse":{"responseId":"response_sZtjsOJ2Qp","requestId":"path_S5oiYaSxYG}_get","httpStatusCode":200}},{"DefineInlineConcept":{"root":"shape_6MefzjlgNl","conceptId":"concept_TanYM0V5T07u"}},{"AssignType":{"id":"shape_6MefzjlgNl","to":{"RefT":{"conceptId":"concept_F1N0n2_company"}},"conceptId":"concept_TanYM0V5T07u"}},{"AddRequest":{"requestId":"path_C3ce6UipsA}_get","pathId":"jBfv2G_path_10","httpMethod":"get"}},{"AddResponse":{"responseId":"response_5lSlqkowFB","requestId":"path_C3ce6UipsA}_get","httpStatusCode":400}},{"AddResponse":{"responseId":"response_KNwjLC9IvE","requestId":"path_C3ce6UipsA}_get","httpStatusCode":404}},{"AddResponse":{"responseId":"response_6gCkH5irAG","requestId":"path_C3ce6UipsA}_get","httpStatusCode":429}},{"AddResponse":{"responseId":"response_PcEPAwZKCL","requestId":"path_C3ce6UipsA}_get","httpStatusCode":500}},{"AddResponse":{"responseId":"response_8jdGi8Z8DY","requestId":"path_C3ce6UipsA}_get","httpStatusCode":403}},{"AddResponse":{"responseId":"response_yJUPPL8UGL","requestId":"path_C3ce6UipsA}_get","httpStatusCode":200}},{"DefineInlineConcept":{"root":"shape_5mOUa1YOhd","conceptId":"concept_YjZpSjrmSBu2"}},{"AssignType":{"id":"shape_5mOUa1YOhd","to":{"RefT":{"conceptId":"concept_MzL4sO_competitors"}},"conceptId":"concept_YjZpSjrmSBu2"}},{"AddRequest":{"requestId":"path_7WZNw2ZR6N}_get","pathId":"jBfv2G_path_18","httpMethod":"get"}},{"AddResponse":{"responseId":"response_toCV2FFixj","requestId":"path_7WZNw2ZR6N}_get","httpStatusCode":400}},{"AddResponse":{"responseId":"response_PEA4QpsmYx","requestId":"path_7WZNw2ZR6N}_get","httpStatusCode":404}},{"AddResponse":{"responseId":"response_JDOdcktZvD","requestId":"path_7WZNw2ZR6N}_get","httpStatusCode":429}},{"AddResponse":{"responseId":"response_OGSZID2oyx","requestId":"path_7WZNw2ZR6N}_get","httpStatusCode":500}},{"AddResponse":{"responseId":"response_2hgY9wvKV2","requestId":"path_7WZNw2ZR6N}_get","httpStatusCode":403}},{"AddResponse":{"responseId":"response_P8yGJSBvFp","requestId":"path_7WZNw2ZR6N}_get","httpStatusCode":200}},{"DefineInlineConcept":{"root":"shape_T9GEB3qeCK","conceptId":"concept_I6bztaUJ6iby"}},{"AssignType":{"id":"shape_T9GEB3qeCK","to":{"RefT":{"conceptId":"concept_F1N0n2_company"}},"conceptId":"concept_I6bztaUJ6iby"}},{"AddRequest":{"requestId":"path_Q1Uv329QIi}_get","pathId":"jBfv2G_path_12","httpMethod":"get"}},{"AddResponse":{"responseId":"response_5mmo70DsdO","requestId":"path_Q1Uv329QIi}_get","httpStatusCode":400}},{"AddResponse":{"responseId":"response_AeijQg593w","requestId":"path_Q1Uv329QIi}_get","httpStatusCode":404}},{"AddResponse":{"responseId":"response_z8BO6V4tY1","requestId":"path_Q1Uv329QIi}_get","httpStatusCode":429}},{"AddResponse":{"responseId":"response_idRJSp24Xe","requestId":"path_Q1Uv329QIi}_get","httpStatusCode":500}},{"AddResponse":{"responseId":"response_tqrWNaRUoR","requestId":"path_Q1Uv329QIi}_get","httpStatusCode":403}},{"AddResponse":{"responseId":"response_ftakpf5fdo","requestId":"path_Q1Uv329QIi}_get","httpStatusCode":200}},{"DefineInlineConcept":{"root":"shape_Id5238I803","conceptId":"concept_InSCijDhD5vM"}},{"AssignType":{"id":"shape_Id5238I803","to":{"RefT":{"conceptId":"concept_MzL4sO_competitors"}},"conceptId":"concept_InSCijDhD5vM"}},{"AddRequest":{"requestId":"path_KstUQZdbGN}_get","pathId":"jBfv2G_path_16","httpMethod":"get"}},{"AddResponse":{"responseId":"response_u0YVLZWWlB","requestId":"path_KstUQZdbGN}_get","httpStatusCode":400}},{"AddResponse":{"responseId":"response_Y9WKCr7nbq","requestId":"path_KstUQZdbGN}_get","httpStatusCode":429}},{"AddResponse":{"responseId":"response_lKHcoM8kgd","requestId":"path_KstUQZdbGN}_get","httpStatusCode":500}},{"AddResponse":{"responseId":"response_RfH2HKP4jo","requestId":"path_KstUQZdbGN}_get","httpStatusCode":403}},{"AddResponse":{"responseId":"response_lsSFXCPmdY","requestId":"path_KstUQZdbGN}_get","httpStatusCode":200}},{"DefineInlineConcept":{"root":"shape_gySuL1Io0K","conceptId":"concept_Zc4xutpQXxfw"}},{"AssignType":{"id":"shape_gySuL1Io0K","to":{"RefT":{"conceptId":"concept_TOsrQ0_results"}},"conceptId":"concept_Zc4xutpQXxfw"}},{"AddRequest":{"requestId":"path_Ks07tkpjGg}_get","pathId":"jBfv2G_path_2","httpMethod":"get"}},{"AddResponse":{"responseId":"response_o0UhBLd5LY","requestId":"path_Ks07tkpjGg}_get","httpStatusCode":400}},{"AddResponse":{"responseId":"response_lGmEIggneW","requestId":"path_Ks07tkpjGg}_get","httpStatusCode":429}},{"AddResponse":{"responseId":"response_AN4groRwpI","requestId":"path_Ks07tkpjGg}_get","httpStatusCode":500}},{"AddResponse":{"responseId":"response_O4Jyzt4AuV","requestId":"path_Ks07tkpjGg}_get","httpStatusCode":403}},{"AddResponse":{"responseId":"response_GAvujdMBwS","requestId":"path_Ks07tkpjGg}_get","httpStatusCode":200}},{"DefineInlineConcept":{"root":"shape_U0vKG6wRAH","conceptId":"concept_Lj456moNKNxb"}},{"AssignType":{"id":"shape_U0vKG6wRAH","to":{"RefT":{"conceptId":"concept_ajVmgR_basic_results"}},"conceptId":"concept_Lj456moNKNxb"}},{"AddRequest":{"requestId":"path_AROX0scQ5x}_get","pathId":"jBfv2G_path_5","httpMethod":"get"}},{"AddResponse":{"responseId":"response_TLDsUejqRe","requestId":"path_AROX0scQ5x}_get","httpStatusCode":400}},{"AddResponse":{"responseId":"response_06EP6oUJoA","requestId":"path_AROX0scQ5x}_get","httpStatusCode":404}},{"AddResponse":{"responseId":"response_gmIhmfsD8w","requestId":"path_AROX0scQ5x}_get","httpStatusCode":429}},{"AddResponse":{"responseId":"response_nXwKm4agrz","requestId":"path_AROX0scQ5x}_get","httpStatusCode":500}},{"AddResponse":{"responseId":"response_OIqdfQCwSk","requestId":"path_AROX0scQ5x}_get","httpStatusCode":403}},{"AddResponse":{"responseId":"response_YiIx18civp","requestId":"path_AROX0scQ5x}_get","httpStatusCode":200}},{"DefineInlineConcept":{"root":"shape_SZAJgCKIAx","conceptId":"concept_J9Ue6MSHz02C"}},{"AssignType":{"id":"shape_SZAJgCKIAx","to":{"RefT":{"conceptId":"concept_Wc0ty6_companycompetitorvo"}},"conceptId":"concept_J9Ue6MSHz02C"}},{"AddRequest":{"requestId":"path_jypqR14toD}_get","pathId":"jBfv2G_path_15","httpMethod":"get"}},{"AddResponse":{"responseId":"response_W8JxqNAJIh","requestId":"path_jypqR14toD}_get","httpStatusCode":400}},{"AddResponse":{"responseId":"response_pbwxwIdvSI","requestId":"path_jypqR14toD}_get","httpStatusCode":404}},{"AddResponse":{"responseId":"response_SO9UlkWTqp","requestId":"path_jypqR14toD}_get","httpStatusCode":429}},{"AddResponse":{"responseId":"response_554cogN3JD","requestId":"path_jypqR14toD}_get","httpStatusCode":500}},{"AddResponse":{"responseId":"response_1lc9Q32hqT","requestId":"path_jypqR14toD}_get","httpStatusCode":403}},{"AddResponse":{"responseId":"response_ZZ6CdvgNo1","requestId":"path_jypqR14toD}_get","httpStatusCode":200}},{"DefineInlineConcept":{"root":"shape_XPDiguEkK2","conceptId":"concept_uanttedU02wX"}},{"AssignType":{"id":"shape_XPDiguEkK2","to":{"RefT":{"conceptId":"concept_F1N0n2_company"}},"conceptId":"concept_uanttedU02wX"}},{"AddRequest":{"requestId":"path_sUBBLim1S9}_get","pathId":"jBfv2G_path_21","httpMethod":"get"}},{"AddResponse":{"responseId":"response_LZA3ij1nP9","requestId":"path_sUBBLim1S9}_get","httpStatusCode":400}},{"AddResponse":{"responseId":"response_e0M6Rk0poN","requestId":"path_sUBBLim1S9}_get","httpStatusCode":404}},{"AddResponse":{"responseId":"response_V71H140nsl","requestId":"path_sUBBLim1S9}_get","httpStatusCode":429}},{"AddResponse":{"responseId":"response_llXaeHDG9z","requestId":"path_sUBBLim1S9}_get","httpStatusCode":500}},{"AddResponse":{"responseId":"response_QPi1t6g81p","requestId":"path_sUBBLim1S9}_get","httpStatusCode":403}},{"AddResponse":{"responseId":"response_ZnvMAs5sWx","requestId":"path_sUBBLim1S9}_get","httpStatusCode":200}},{"DefineInlineConcept":{"root":"shape_gyEhFPgXOH","conceptId":"concept_eEq6VgZoo1dQ"}},{"AssignType":{"id":"shape_gyEhFPgXOH","to":{"RefT":{"conceptId":"concept_F1N0n2_company"}},"conceptId":"concept_eEq6VgZoo1dQ"}},{"AddRequest":{"requestId":"path_e614SF4yC1}_get","pathId":"jBfv2G_path_7","httpMethod":"get"}},{"AddResponse":{"responseId":"response_8wqKwbTUxs","requestId":"path_e614SF4yC1}_get","httpStatusCode":400}},{"AddResponse":{"responseId":"response_xdE17KtBPK","requestId":"path_e614SF4yC1}_get","httpStatusCode":404}},{"AddResponse":{"responseId":"response_WWgFkpefD7","requestId":"path_e614SF4yC1}_get","httpStatusCode":429}},{"AddResponse":{"responseId":"response_EJ7qlMSRX5","requestId":"path_e614SF4yC1}_get","httpStatusCode":500}},{"AddResponse":{"responseId":"response_R3cg9BDZsK","requestId":"path_e614SF4yC1}_get","httpStatusCode":403}},{"AddResponse":{"responseId":"response_LObkHjrKnU","requestId":"path_e614SF4yC1}_get","httpStatusCode":200}},{"DefineInlineConcept":{"root":"shape_CkR161nGXl","conceptId":"concept_IM8vqiahLUx9"}},{"AssignType":{"id":"shape_CkR161nGXl","to":{"RefT":{"conceptId":"concept_Wc0ty6_companycompetitorvo"}},"conceptId":"concept_IM8vqiahLUx9"}},{"AddRequest":{"requestId":"path_YzNoakxsYK}_get","pathId":"jBfv2G_path_24","httpMethod":"get"}},{"AddResponse":{"responseId":"response_ercHldrzMI","requestId":"path_YzNoakxsYK}_get","httpStatusCode":400}},{"AddResponse":{"responseId":"response_22AACZIdQr","requestId":"path_YzNoakxsYK}_get","httpStatusCode":429}},{"AddResponse":{"responseId":"response_C2MzYs1dkH","requestId":"path_YzNoakxsYK}_get","httpStatusCode":500}},{"AddResponse":{"responseId":"response_llG58ISdGr","requestId":"path_YzNoakxsYK}_get","httpStatusCode":403}},{"AddResponse":{"responseId":"response_6wZQnu7bIo","requestId":"path_YzNoakxsYK}_get","httpStatusCode":200}},{"DefineInlineConcept":{"root":"shape_m3unwVwznm","conceptId":"concept_TJEGAG9Gzioz"}},{"AssignType":{"id":"shape_m3unwVwznm","to":{"RefT":{"conceptId":"concept_TOsrQ0_results"}},"conceptId":"concept_TJEGAG9Gzioz"}},{"AddRequest":{"requestId":"path_TlqHcW5WuU}_get","pathId":"jBfv2G_path_25","httpMethod":"get"}},{"AddResponse":{"responseId":"response_y8jncZh4B9","requestId":"path_TlqHcW5WuU}_get","httpStatusCode":400}},{"AddResponse":{"responseId":"response_T3jWEKVtQi","requestId":"path_TlqHcW5WuU}_get","httpStatusCode":429}},{"AddResponse":{"responseId":"response_fkM4QulPWW","requestId":"path_TlqHcW5WuU}_get","httpStatusCode":500}},{"AddResponse":{"responseId":"response_zRmbo1WD6R","requestId":"path_TlqHcW5WuU}_get","httpStatusCode":403}},{"AddResponse":{"responseId":"response_4b1HtQ0pYk","requestId":"path_TlqHcW5WuU}_get","httpStatusCode":200}},{"DefineInlineConcept":{"root":"shape_0fQYOr6vta","conceptId":"concept_sIW2R4LIfXNI"}},{"AssignType":{"id":"shape_0fQYOr6vta","to":{"RefT":{"conceptId":"concept_TOsrQ0_results"}},"conceptId":"concept_sIW2R4LIfXNI"}},{"AddRequest":{"requestId":"path_Om51gZcmEd}_get","pathId":"jBfv2G_path_13","httpMethod":"get"}},{"AddResponse":{"responseId":"response_efpRdv2mFV","requestId":"path_Om51gZcmEd}_get","httpStatusCode":400}},{"AddResponse":{"responseId":"response_UCHXbt5JfM","requestId":"path_Om51gZcmEd}_get","httpStatusCode":429}},{"AddResponse":{"responseId":"response_6gwSBuLacw","requestId":"path_Om51gZcmEd}_get","httpStatusCode":500}},{"AddResponse":{"responseId":"response_EQqGFFTxSB","requestId":"path_Om51gZcmEd}_get","httpStatusCode":403}},{"AddResponse":{"responseId":"response_C6A9rV1LhU","requestId":"path_Om51gZcmEd}_get","httpStatusCode":200}},{"DefineInlineConcept":{"root":"shape_M06Mwd2O0C","conceptId":"concept_2Dgt8sd8uu2m"}},{"AssignType":{"id":"shape_M06Mwd2O0C","to":{"RefT":{"conceptId":"concept_gYYqjy_fuzzy_results"}},"conceptId":"concept_2Dgt8sd8uu2m"}},{"SetResponseBodyShape":{"responseId":"response_sZtjsOJ2Qp","bodyDescriptor":{"httpContentType":"application/json","conceptId":"concept_TanYM0V5T07u"}}},{"SetResponseBodyShape":{"responseId":"response_yJUPPL8UGL","bodyDescriptor":{"httpContentType":"application/json","conceptId":"concept_YjZpSjrmSBu2"}}},{"SetResponseBodyShape":{"responseId":"response_P8yGJSBvFp","bodyDescriptor":{"httpContentType":"application/json","conceptId":"concept_I6bztaUJ6iby"}}},{"SetResponseBodyShape":{"responseId":"response_ftakpf5fdo","bodyDescriptor":{"httpContentType":"application/json","conceptId":"concept_InSCijDhD5vM"}}},{"SetResponseBodyShape":{"responseId":"response_lsSFXCPmdY","bodyDescriptor":{"httpContentType":"application/json","conceptId":"concept_Zc4xutpQXxfw"}}},{"SetResponseBodyShape":{"responseId":"response_GAvujdMBwS","bodyDescriptor":{"httpContentType":"application/json","conceptId":"concept_Lj456moNKNxb"}}},{"SetResponseBodyShape":{"responseId":"response_YiIx18civp","bodyDescriptor":{"httpContentType":"application/json","conceptId":"concept_J9Ue6MSHz02C"}}},{"SetResponseBodyShape":{"responseId":"response_ZZ6CdvgNo1","bodyDescriptor":{"httpContentType":"application/json","conceptId":"concept_uanttedU02wX"}}},{"SetResponseBodyShape":{"responseId":"response_ZnvMAs5sWx","bodyDescriptor":{"httpContentType":"application/json","conceptId":"concept_eEq6VgZoo1dQ"}}},{"SetResponseBodyShape":{"responseId":"response_LObkHjrKnU","bodyDescriptor":{"httpContentType":"application/json","conceptId":"concept_IM8vqiahLUx9"}}},{"SetResponseBodyShape":{"responseId":"response_6wZQnu7bIo","bodyDescriptor":{"httpContentType":"application/json","conceptId":"concept_TJEGAG9Gzioz"}}},{"SetResponseBodyShape":{"responseId":"response_4b1HtQ0pYk","bodyDescriptor":{"httpContentType":"application/json","conceptId":"concept_sIW2R4LIfXNI"}}},{"SetResponseBodyShape":{"responseId":"response_C6A9rV1LhU","bodyDescriptor":{"httpContentType":"application/json","conceptId":"concept_2Dgt8sd8uu2m"}}}]