[{"DefineConcept":{"name":"ApiResponse","root":"shape_pBpIZPd7Qx","conceptId":"concept_mNRoNO_apiresponse"}},{"SetConceptName":{"newName":"ApiResponse","conceptId":"concept_mNRoNO_apiresponse"}},{"DefineConcept":{"name":"Findings","root":"shape_EZY9VtjY5h","conceptId":"concept_ttJ9zT_findings"}},{"SetConceptName":{"newName":"Findings","conceptId":"concept_ttJ9zT_findings"}},{"DefineConcept":{"name":"ScanDefinition","root":"shape_etKLMiFDhF","conceptId":"concept_HKpmeu_scandefinition"}},{"SetConceptName":{"newName":"ScanDefinition","conceptId":"concept_HKpmeu_scandefinition"}},{"AssignType":{"id":"shape_pBpIZPd7Qx","to":{"AnyT":{}},"conceptId":"concept_mNRoNO_apiresponse"}},{"AssignType":{"id":"shape_EZY9VtjY5h","to":{"ListT":{}},"conceptId":"concept_ttJ9zT_findings"}},{"AddTypeParameter":{"parentId":"shape_EZY9VtjY5h","id":"shape_CwfrRcpehA","conceptId":"concept_ttJ9zT_findings"}},{"AssignType":{"id":"shape_CwfrRcpehA","to":{"ObjectT":{}},"conceptId":"concept_ttJ9zT_findings"}},{"AssignType":{"id":"shape_etKLMiFDhF","to":{"AnyT":{}},"conceptId":"concept_HKpmeu_scandefinition"}},{"AddPathComponent":{"pathId":"CczWox_path_0","parentPathId":"root","name":"clean"}},{"AddPathParameter":{"pathId":"CczWox_path_1","parentPathId":"CczWox_path_0","name":"scanId"}},{"AddPathComponent":{"pathId":"CczWox_path_2","parentPathId":"root","name":"getfindings"}},{"AddPathParameter":{"pathId":"CczWox_path_3","parentPathId":"CczWox_path_2","name":"scanId"}},{"AddPathComponent":{"pathId":"CczWox_path_4","parentPathId":"root","name":"info"}},{"AddPathComponent":{"pathId":"CczWox_path_5","parentPathId":"root","name":"liveness"}},{"AddPathComponent":{"pathId":"CczWox_path_6","parentPathId":"root","name":"readiness"}},{"AddPathComponent":{"pathId":"CczWox_path_7","parentPathId":"root","name":"reloadconfig"}},{"AddPathComponent":{"pathId":"CczWox_path_8","parentPathId":"root","name":"startscan"}},{"AddPathComponent":{"pathId":"CczWox_path_9","parentPathId":"root","name":"status"}},{"AddPathParameter":{"pathId":"CczWox_path_10","parentPathId":"CczWox_path_9","name":"scanId"}},{"AddPathComponent":{"pathId":"CczWox_path_11","parentPathId":"root","name":"stop"}},{"AddPathParameter":{"pathId":"CczWox_path_12","parentPathId":"CczWox_path_11","name":"scanId"}},{"AddPathComponent":{"pathId":"CczWox_path_13","parentPathId":"root","name":"stopscans"}},{"AddPathComponent":{"pathId":"CczWox_path_14","parentPathId":"root","name":"test"}},{"AddRequest":{"requestId":"path_NsE0HwDWfp}_get","pathId":"CczWox_path_6","httpMethod":"get"}},{"AddResponse":{"responseId":"response_CDP9Ge6HQI","requestId":"path_NsE0HwDWfp}_get","httpStatusCode":200}},{"AddRequest":{"requestId":"path_rJgHy5uf74}_get","pathId":"CczWox_path_5","httpMethod":"get"}},{"AddResponse":{"responseId":"response_MmgzaCYJ04","requestId":"path_rJgHy5uf74}_get","httpStatusCode":200}},{"AddRequest":{"requestId":"path_Op8Io6xUKa}_post","pathId":"CczWox_path_8","httpMethod":"post"}},{"DefineInlineConcept":{"root":"shape_4tJWwK4Aip","conceptId":"concept_Dfd6XfllJ7W9"}},{"AssignType":{"id":"shape_4tJWwK4Aip","to":{"RefT":{"conceptId":"concept_HKpmeu_scandefinition"}},"conceptId":"concept_Dfd6XfllJ7W9"}},{"AddResponse":{"responseId":"response_CNjuSiBOnB","requestId":"path_Op8Io6xUKa}_post","httpStatusCode":200}},{"DefineInlineConcept":{"root":"shape_MMUp9YPvS8","conceptId":"concept_lMm9KfLA6GLG"}},{"AssignType":{"id":"shape_MMUp9YPvS8","to":{"RefT":{"conceptId":"concept_mNRoNO_apiresponse"}},"conceptId":"concept_lMm9KfLA6GLG"}},{"AddRequest":{"requestId":"path_MsgrSsOaYV}_get","pathId":"CczWox_path_13","httpMethod":"get"}},{"AddResponse":{"responseId":"response_jXMJIgXM2w","requestId":"path_MsgrSsOaYV}_get","httpStatusCode":200}},{"DefineInlineConcept":{"root":"shape_TbORF4neIP","conceptId":"concept_9aCKNzfCgpVh"}},{"AssignType":{"id":"shape_TbORF4neIP","to":{"RefT":{"conceptId":"concept_mNRoNO_apiresponse"}},"conceptId":"concept_9aCKNzfCgpVh"}},{"AddRequest":{"requestId":"path_5xZu5n16Rk}_get","pathId":"CczWox_path_12","httpMethod":"get"}},{"AddResponse":{"responseId":"response_k3Qea4ScL6","requestId":"path_5xZu5n16Rk}_get","httpStatusCode":200}},{"DefineInlineConcept":{"root":"shape_QLcAIzfrUV","conceptId":"concept_xpyLMqtI864y"}},{"AssignType":{"id":"shape_QLcAIzfrUV","to":{"RefT":{"conceptId":"concept_mNRoNO_apiresponse"}},"conceptId":"concept_xpyLMqtI864y"}},{"AddRequest":{"requestId":"path_mz6SBWdbeN}_get","pathId":"CczWox_path_1","httpMethod":"get"}},{"AddResponse":{"responseId":"response_tmzTCXgBuf","requestId":"path_mz6SBWdbeN}_get","httpStatusCode":200}},{"DefineInlineConcept":{"root":"shape_jbOydZ62AD","conceptId":"concept_gOdeW3RjJGq9"}},{"AssignType":{"id":"shape_jbOydZ62AD","to":{"RefT":{"conceptId":"concept_mNRoNO_apiresponse"}},"conceptId":"concept_gOdeW3RjJGq9"}},{"AddRequest":{"requestId":"path_yf97vuc9wt}_get","pathId":"CczWox_path_14","httpMethod":"get"}},{"AddResponse":{"responseId":"response_A5PuUxbcT4","requestId":"path_yf97vuc9wt}_get","httpStatusCode":200}},{"AddRequest":{"requestId":"path_3YRegXOUYx}_get","pathId":"CczWox_path_10","httpMethod":"get"}},{"AddResponse":{"responseId":"response_RiNr2Mo6VO","requestId":"path_3YRegXOUYx}_get","httpStatusCode":200}},{"DefineInlineConcept":{"root":"shape_xeLP1SzXEy","conceptId":"concept_uGNcqbQ6mfqY"}},{"AssignType":{"id":"shape_xeLP1SzXEy","to":{"RefT":{"conceptId":"concept_mNRoNO_apiresponse"}},"conceptId":"concept_uGNcqbQ6mfqY"}},{"AddRequest":{"requestId":"path_svZm3IaSD3}_get","pathId":"CczWox_path_3","httpMethod":"get"}},{"AddResponse":{"responseId":"response_zDtUBgugen","requestId":"path_svZm3IaSD3}_get","httpStatusCode":200}},{"DefineInlineConcept":{"root":"shape_21oseEbie4","conceptId":"concept_hUrzKfG285o5"}},{"AssignType":{"id":"shape_21oseEbie4","to":{"RefT":{"conceptId":"concept_ttJ9zT_findings"}},"conceptId":"concept_hUrzKfG285o5"}},{"AddRequest":{"requestId":"path_ZtwkoQWnKi}_get","pathId":"CczWox_path_9","httpMethod":"get"}},{"AddResponse":{"responseId":"response_JpCaPwQfQV","requestId":"path_ZtwkoQWnKi}_get","httpStatusCode":200}},{"DefineInlineConcept":{"root":"shape_chZBVMR87Z","conceptId":"concept_OV6WrYqYsJFy"}},{"AssignType":{"id":"shape_chZBVMR87Z","to":{"RefT":{"conceptId":"concept_mNRoNO_apiresponse"}},"conceptId":"concept_OV6WrYqYsJFy"}},{"AddRequest":{"requestId":"path_0jWmRGrD1v}_get","pathId":"CczWox_path_7","httpMethod":"get"}},{"AddResponse":{"responseId":"response_k9jDG0F9Uv","requestId":"path_0jWmRGrD1v}_get","httpStatusCode":200}},{"DefineInlineConcept":{"root":"shape_74IhBrRp3l","conceptId":"concept_9E1kQYN4XgaG"}},{"AssignType":{"id":"shape_74IhBrRp3l","to":{"RefT":{"conceptId":"concept_mNRoNO_apiresponse"}},"conceptId":"concept_9E1kQYN4XgaG"}},{"AddRequest":{"requestId":"path_G0wTYjFc2l}_get","pathId":"CczWox_path_0","httpMethod":"get"}},{"AddResponse":{"responseId":"response_Vac3sVTwQA","requestId":"path_G0wTYjFc2l}_get","httpStatusCode":200}},{"DefineInlineConcept":{"root":"shape_gWp1VWrYPZ","conceptId":"concept_ojvJ6WrLNT2w"}},{"AssignType":{"id":"shape_gWp1VWrYPZ","to":{"RefT":{"conceptId":"concept_mNRoNO_apiresponse"}},"conceptId":"concept_ojvJ6WrLNT2w"}},{"AddRequest":{"requestId":"path_m2XLFkkWRG}_get","pathId":"CczWox_path_4","httpMethod":"get"}},{"AddResponse":{"responseId":"response_YzO9KP09VJ","requestId":"path_m2XLFkkWRG}_get","httpStatusCode":200}},{"DefineInlineConcept":{"root":"shape_bjeXYFpOH3","conceptId":"concept_PPetWkuFcuPZ"}},{"AssignType":{"id":"shape_bjeXYFpOH3","to":{"RefT":{"conceptId":"concept_mNRoNO_apiresponse"}},"conceptId":"concept_PPetWkuFcuPZ"}},{"AddRequest":{"requestId":"path_LKyL3AFTCG}_get","pathId":"root","httpMethod":"get"}},{"AddResponse":{"responseId":"response_MLO6q5tW6z","requestId":"path_LKyL3AFTCG}_get","httpStatusCode":200}},{"DefineInlineConcept":{"root":"shape_CvAfX0Fv7r","conceptId":"concept_7ILjEcOMNbWF"}},{"AssignType":{"id":"shape_CvAfX0Fv7r","to":{"RefT":{"conceptId":"concept_mNRoNO_apiresponse"}},"conceptId":"concept_7ILjEcOMNbWF"}},{"SetRequestBodyShape":{"requestId":"path_Op8Io6xUKa}_post","bodyDescriptor":{"httpContentType":"application/json","conceptId":"concept_Dfd6XfllJ7W9"}}},{"SetResponseBodyShape":{"responseId":"response_CNjuSiBOnB","bodyDescriptor":{"httpContentType":"application/json","conceptId":"concept_lMm9KfLA6GLG"}}},{"SetResponseBodyShape":{"responseId":"response_jXMJIgXM2w","bodyDescriptor":{"httpContentType":"application/json","conceptId":"concept_9aCKNzfCgpVh"}}},{"SetResponseBodyShape":{"responseId":"response_k3Qea4ScL6","bodyDescriptor":{"httpContentType":"application/json","conceptId":"concept_xpyLMqtI864y"}}},{"SetResponseBodyShape":{"responseId":"response_tmzTCXgBuf","bodyDescriptor":{"httpContentType":"application/json","conceptId":"concept_gOdeW3RjJGq9"}}},{"SetResponseBodyShape":{"responseId":"response_RiNr2Mo6VO","bodyDescriptor":{"httpContentType":"application/json","conceptId":"concept_uGNcqbQ6mfqY"}}},{"SetResponseBodyShape":{"responseId":"response_zDtUBgugen","bodyDescriptor":{"httpContentType":"application/json","conceptId":"concept_hUrzKfG285o5"}}},{"SetResponseBodyShape":{"responseId":"response_JpCaPwQfQV","bodyDescriptor":{"httpContentType":"application/json","conceptId":"concept_OV6WrYqYsJFy"}}},{"SetResponseBodyShape":{"responseId":"response_k9jDG0F9Uv","bodyDescriptor":{"httpContentType":"application/json","conceptId":"concept_9E1kQYN4XgaG"}}},{"SetResponseBodyShape":{"responseId":"response_Vac3sVTwQA","bodyDescriptor":{"httpContentType":"application/json","conceptId":"concept_ojvJ6WrLNT2w"}}},{"SetResponseBodyShape":{"responseId":"response_YzO9KP09VJ","bodyDescriptor":{"httpContentType":"application/json","conceptId":"concept_PPetWkuFcuPZ"}}},{"SetResponseBodyShape":{"responseId":"response_MLO6q5tW6z","bodyDescriptor":{"httpContentType":"application/json","conceptId":"concept_7ILjEcOMNbWF"}}}]