[{"DefineConcept":{"name":"EndUserPing","root":"shape_ua6KKfo3GA","conceptId":"concept_4DUfRB_enduserping"}},{"SetConceptName":{"newName":"EndUserPing","conceptId":"concept_4DUfRB_enduserping"}},{"DefineConcept":{"name":"AccountWithTags","root":"shape_ZRKxSQdAF8","conceptId":"concept_0vwSDf_accountwithtags"}},{"SetConceptName":{"newName":"AccountWithTags","conceptId":"concept_0vwSDf_accountwithtags"}},{"DefineConcept":{"name":"FeatureVote","root":"shape_CYHgAsE948","conceptId":"concept_gwEmjG_featurevote"}},{"SetConceptName":{"newName":"FeatureVote","conceptId":"concept_gwEmjG_featurevote"}},{"DefineConcept":{"name":"UserAccount","root":"shape_U0NxIQOSvc","conceptId":"concept_bccZAp_useraccount"}},{"SetConceptName":{"newName":"UserAccount","conceptId":"concept_bccZAp_useraccount"}},{"DefineConcept":{"name":"Vote","root":"shape_96sRo1zpBe","conceptId":"concept_9DwYWA_vote"}},{"SetConceptName":{"newName":"Vote","conceptId":"concept_9DwYWA_vote"}},{"DefineConcept":{"name":"Tags","root":"shape_aF9O5Wtc2S","conceptId":"concept_7Z7tvR_tags"}},{"SetConceptName":{"newName":"Tags","conceptId":"concept_7Z7tvR_tags"}},{"DefineConcept":{"name":"User","root":"shape_0W8f12D3SG","conceptId":"concept_el2BGR_user"}},{"SetConceptName":{"newName":"User","conceptId":"concept_el2BGR_user"}},{"DefineConcept":{"name":"Feature","root":"shape_sFrohM5eBD","conceptId":"concept_wDnNEq_feature"}},{"SetConceptName":{"newName":"Feature","conceptId":"concept_wDnNEq_feature"}},{"DefineConcept":{"name":"Products","root":"shape_duL6T68H4v","conceptId":"concept_3nqvI1_products"}},{"SetConceptName":{"newName":"Products","conceptId":"concept_3nqvI1_products"}},{"DefineConcept":{"name":"Account","root":"shape_CET6v2MgP5","conceptId":"concept_ZXLaOG_account"}},{"SetConceptName":{"newName":"Account","conceptId":"concept_ZXLaOG_account"}},{"AssignType":{"id":"shape_ua6KKfo3GA","to":{"ObjectT":{}},"conceptId":"concept_4DUfRB_enduserping"}},{"AddField":{"parentId":"shape_ua6KKfo3GA","id":"shape_JsDjrXKXuI","conceptId":"concept_4DUfRB_enduserping"}},{"SetFieldName":{"id":"shape_JsDjrXKXuI","newName":"account","conceptId":"concept_4DUfRB_enduserping"}},{"AssignType":{"id":"shape_JsDjrXKXuI","to":{"RefT":{"conceptId":"concept_0vwSDf_accountwithtags"}},"conceptId":"concept_4DUfRB_enduserping"}},{"AddField":{"parentId":"shape_ua6KKfo3GA","id":"shape_T6VhzTVCAA","conceptId":"concept_4DUfRB_enduserping"}},{"SetFieldName":{"id":"shape_T6VhzTVCAA","newName":"return_url","conceptId":"concept_4DUfRB_enduserping"}},{"AssignType":{"id":"shape_T6VhzTVCAA","to":{"StringT":{}},"conceptId":"concept_4DUfRB_enduserping"}},{"AddField":{"parentId":"shape_ua6KKfo3GA","id":"shape_46KYRGvtGS","conceptId":"concept_4DUfRB_enduserping"}},{"SetFieldName":{"id":"shape_46KYRGvtGS","newName":"user","conceptId":"concept_4DUfRB_enduserping"}},{"AssignType":{"id":"shape_46KYRGvtGS","to":{"ObjectT":{}},"conceptId":"concept_4DUfRB_enduserping"}},{"AddField":{"parentId":"shape_46KYRGvtGS","id":"shape_ifaurYpcwR","conceptId":"concept_4DUfRB_enduserping"}},{"SetFieldName":{"id":"shape_ifaurYpcwR","newName":"email","conceptId":"concept_4DUfRB_enduserping"}},{"AssignType":{"id":"shape_ifaurYpcwR","to":{"StringT":{}},"conceptId":"concept_4DUfRB_enduserping"}},{"AddField":{"parentId":"shape_46KYRGvtGS","id":"shape_1GKaaXBmBy","conceptId":"concept_4DUfRB_enduserping"}},{"SetFieldName":{"id":"shape_1GKaaXBmBy","newName":"full_name","conceptId":"concept_4DUfRB_enduserping"}},{"AssignType":{"id":"shape_1GKaaXBmBy","to":{"StringT":{}},"conceptId":"concept_4DUfRB_enduserping"}},{"AddField":{"parentId":"shape_46KYRGvtGS","id":"shape_SYPoSBA6qe","conceptId":"concept_4DUfRB_enduserping"}},{"SetFieldName":{"id":"shape_SYPoSBA6qe","newName":"tags","conceptId":"concept_4DUfRB_enduserping"}},{"AssignType":{"id":"shape_SYPoSBA6qe","to":{"RefT":{"conceptId":"concept_7Z7tvR_tags"}},"conceptId":"concept_4DUfRB_enduserping"}},{"AddField":{"parentId":"shape_46KYRGvtGS","id":"shape_uogiHlp5Av","conceptId":"concept_4DUfRB_enduserping"}},{"SetFieldName":{"id":"shape_uogiHlp5Av","newName":"allowed_products","conceptId":"concept_4DUfRB_enduserping"}},{"AssignType":{"id":"shape_uogiHlp5Av","to":{"RefT":{"conceptId":"concept_3nqvI1_products"}},"conceptId":"concept_4DUfRB_enduserping"}},{"AddField":{"parentId":"shape_46KYRGvtGS","id":"shape_O8lnaOECxr","conceptId":"concept_4DUfRB_enduserping"}},{"SetFieldName":{"id":"shape_O8lnaOECxr","newName":"id","conceptId":"concept_4DUfRB_enduserping"}},{"AssignType":{"id":"shape_O8lnaOECxr","to":{"StringT":{}},"conceptId":"concept_4DUfRB_enduserping"}},{"AddField":{"parentId":"shape_46KYRGvtGS","id":"shape_LYHOOCKKF2","conceptId":"concept_4DUfRB_enduserping"}},{"SetFieldName":{"id":"shape_LYHOOCKKF2","newName":"roles","conceptId":"concept_4DUfRB_enduserping"}},{"AssignType":{"id":"shape_LYHOOCKKF2","to":{"StringT":{}},"conceptId":"concept_4DUfRB_enduserping"}},{"AddField":{"parentId":"shape_46KYRGvtGS","id":"shape_hp6D08CKTI","conceptId":"concept_4DUfRB_enduserping"}},{"SetFieldName":{"id":"shape_hp6D08CKTI","newName":"created_at","conceptId":"concept_4DUfRB_enduserping"}},{"AssignType":{"id":"shape_hp6D08CKTI","to":{"StringT":{}},"conceptId":"concept_4DUfRB_enduserping"}},{"AssignType":{"id":"shape_ZRKxSQdAF8","to":{"ObjectT":{}},"conceptId":"concept_0vwSDf_accountwithtags"}},{"AddField":{"parentId":"shape_ZRKxSQdAF8","id":"shape_n9IquCpyRm","conceptId":"concept_0vwSDf_accountwithtags"}},{"SetFieldName":{"id":"shape_n9IquCpyRm","newName":"is_paying","conceptId":"concept_0vwSDf_accountwithtags"}},{"AssignType":{"id":"shape_n9IquCpyRm","to":{"BooleanT":{}},"conceptId":"concept_0vwSDf_accountwithtags"}},{"AddField":{"parentId":"shape_ZRKxSQdAF8","id":"shape_VENOGOJS9V","conceptId":"concept_0vwSDf_accountwithtags"}},{"SetFieldName":{"id":"shape_VENOGOJS9V","newName":"name","conceptId":"concept_0vwSDf_accountwithtags"}},{"AssignType":{"id":"shape_VENOGOJS9V","to":{"StringT":{}},"conceptId":"concept_0vwSDf_accountwithtags"}},{"AddField":{"parentId":"shape_ZRKxSQdAF8","id":"shape_H0VAUjlueh","conceptId":"concept_0vwSDf_accountwithtags"}},{"SetFieldName":{"id":"shape_H0VAUjlueh","newName":"tags","conceptId":"concept_0vwSDf_accountwithtags"}},{"AssignType":{"id":"shape_H0VAUjlueh","to":{"RefT":{"conceptId":"concept_7Z7tvR_tags"}},"conceptId":"concept_0vwSDf_accountwithtags"}},{"AddField":{"parentId":"shape_ZRKxSQdAF8","id":"shape_ITZFvmF2pI","conceptId":"concept_0vwSDf_accountwithtags"}},{"SetFieldName":{"id":"shape_ITZFvmF2pI","newName":"monthly_value","conceptId":"concept_0vwSDf_accountwithtags"}},{"AssignType":{"id":"shape_ITZFvmF2pI","to":{"NumberT":{}},"conceptId":"concept_0vwSDf_accountwithtags"}},{"AddField":{"parentId":"shape_ZRKxSQdAF8","id":"shape_G8kgvDTmSN","conceptId":"concept_0vwSDf_accountwithtags"}},{"SetFieldName":{"id":"shape_G8kgvDTmSN","newName":"id","conceptId":"concept_0vwSDf_accountwithtags"}},{"AssignType":{"id":"shape_G8kgvDTmSN","to":{"StringT":{}},"conceptId":"concept_0vwSDf_accountwithtags"}},{"AddField":{"parentId":"shape_ZRKxSQdAF8","id":"shape_UcmRVq6mhA","conceptId":"concept_0vwSDf_accountwithtags"}},{"SetFieldName":{"id":"shape_UcmRVq6mhA","newName":"status","conceptId":"concept_0vwSDf_accountwithtags"}},{"AssignType":{"id":"shape_UcmRVq6mhA","to":{"StringT":{}},"conceptId":"concept_0vwSDf_accountwithtags"}},{"AddField":{"parentId":"shape_ZRKxSQdAF8","id":"shape_kZIbvzwDn5","conceptId":"concept_0vwSDf_accountwithtags"}},{"SetFieldName":{"id":"shape_kZIbvzwDn5","newName":"created_at","conceptId":"concept_0vwSDf_accountwithtags"}},{"AssignType":{"id":"shape_kZIbvzwDn5","to":{"StringT":{}},"conceptId":"concept_0vwSDf_accountwithtags"}},{"AssignType":{"id":"shape_CYHgAsE948","to":{"ObjectT":{}},"conceptId":"concept_gwEmjG_featurevote"}},{"AddField":{"parentId":"shape_CYHgAsE948","id":"shape_I9n1CHOmqH","conceptId":"concept_gwEmjG_featurevote"}},{"SetFieldName":{"id":"shape_I9n1CHOmqH","newName":"feature_id","conceptId":"concept_gwEmjG_featurevote"}},{"AssignType":{"id":"shape_I9n1CHOmqH","to":{"StringT":{}},"conceptId":"concept_gwEmjG_featurevote"}},{"AddField":{"parentId":"shape_CYHgAsE948","id":"shape_JwIG2DS4Yg","conceptId":"concept_gwEmjG_featurevote"}},{"SetFieldName":{"id":"shape_JwIG2DS4Yg","newName":"quantity","conceptId":"concept_gwEmjG_featurevote"}},{"AssignType":{"id":"shape_JwIG2DS4Yg","to":{"IntegerT":{}},"conceptId":"concept_gwEmjG_featurevote"}},{"AssignType":{"id":"shape_U0NxIQOSvc","to":{"ObjectT":{}},"conceptId":"concept_bccZAp_useraccount"}},{"AddField":{"parentId":"shape_U0NxIQOSvc","id":"shape_VAYP7I5zM5","conceptId":"concept_bccZAp_useraccount"}},{"SetFieldName":{"id":"shape_VAYP7I5zM5","newName":"id","conceptId":"concept_bccZAp_useraccount"}},{"AssignType":{"id":"shape_VAYP7I5zM5","to":{"StringT":{}},"conceptId":"concept_bccZAp_useraccount"}},{"AddField":{"parentId":"shape_U0NxIQOSvc","id":"shape_QtJptDIuhY","conceptId":"concept_bccZAp_useraccount"}},{"SetFieldName":{"id":"shape_QtJptDIuhY","newName":"monthly_value","conceptId":"concept_bccZAp_useraccount"}},{"AssignType":{"id":"shape_QtJptDIuhY","to":{"NumberT":{}},"conceptId":"concept_bccZAp_useraccount"}},{"AddField":{"parentId":"shape_U0NxIQOSvc","id":"shape_u2mWyLIMMQ","conceptId":"concept_bccZAp_useraccount"}},{"SetFieldName":{"id":"shape_u2mWyLIMMQ","newName":"name","conceptId":"concept_bccZAp_useraccount"}},{"AssignType":{"id":"shape_u2mWyLIMMQ","to":{"StringT":{}},"conceptId":"concept_bccZAp_useraccount"}},{"AddField":{"parentId":"shape_U0NxIQOSvc","id":"shape_T6KfsHj7hH","conceptId":"concept_bccZAp_useraccount"}},{"SetFieldName":{"id":"shape_T6KfsHj7hH","newName":"status","conceptId":"concept_bccZAp_useraccount"}},{"AssignType":{"id":"shape_T6KfsHj7hH","to":{"StringT":{}},"conceptId":"concept_bccZAp_useraccount"}},{"AssignType":{"id":"shape_96sRo1zpBe","to":{"ObjectT":{}},"conceptId":"concept_9DwYWA_vote"}},{"AddField":{"parentId":"shape_96sRo1zpBe","id":"shape_27ToP1yDOL","conceptId":"concept_9DwYWA_vote"}},{"SetFieldName":{"id":"shape_27ToP1yDOL","newName":"quantity","conceptId":"concept_9DwYWA_vote"}},{"AssignType":{"id":"shape_27ToP1yDOL","to":{"IntegerT":{}},"conceptId":"concept_9DwYWA_vote"}},{"AddField":{"parentId":"shape_96sRo1zpBe","id":"shape_hYCILHJBZs","conceptId":"concept_9DwYWA_vote"}},{"SetFieldName":{"id":"shape_hYCILHJBZs","newName":"feature_id","conceptId":"concept_9DwYWA_vote"}},{"AssignType":{"id":"shape_hYCILHJBZs","to":{"IntegerT":{}},"conceptId":"concept_9DwYWA_vote"}},{"AddField":{"parentId":"shape_96sRo1zpBe","id":"shape_6cR2U7GAQx","conceptId":"concept_9DwYWA_vote"}},{"SetFieldName":{"id":"shape_6cR2U7GAQx","newName":"user_id","conceptId":"concept_9DwYWA_vote"}},{"AssignType":{"id":"shape_6cR2U7GAQx","to":{"IntegerT":{}},"conceptId":"concept_9DwYWA_vote"}},{"AddField":{"parentId":"shape_96sRo1zpBe","id":"shape_Bbyz03L7RS","conceptId":"concept_9DwYWA_vote"}},{"SetFieldName":{"id":"shape_Bbyz03L7RS","newName":"created_at","conceptId":"concept_9DwYWA_vote"}},{"AssignType":{"id":"shape_Bbyz03L7RS","to":{"StringT":{}},"conceptId":"concept_9DwYWA_vote"}},{"AddField":{"parentId":"shape_96sRo1zpBe","id":"shape_UccXNZemuZ","conceptId":"concept_9DwYWA_vote"}},{"SetFieldName":{"id":"shape_UccXNZemuZ","newName":"updated_at","conceptId":"concept_9DwYWA_vote"}},{"AssignType":{"id":"shape_UccXNZemuZ","to":{"StringT":{}},"conceptId":"concept_9DwYWA_vote"}},{"AssignType":{"id":"shape_aF9O5Wtc2S","to":{"ListT":{}},"conceptId":"concept_7Z7tvR_tags"}},{"AddTypeParameter":{"parentId":"shape_aF9O5Wtc2S","id":"shape_9sphomIW0h","conceptId":"concept_7Z7tvR_tags"}},{"AssignType":{"id":"shape_9sphomIW0h","to":{"StringT":{}},"conceptId":"concept_7Z7tvR_tags"}},{"AssignType":{"id":"shape_0W8f12D3SG","to":{"ObjectT":{}},"conceptId":"concept_el2BGR_user"}},{"AddField":{"parentId":"shape_0W8f12D3SG","id":"shape_YJL6hfxqYy","conceptId":"concept_el2BGR_user"}},{"SetFieldName":{"id":"shape_YJL6hfxqYy","newName":"name","conceptId":"concept_el2BGR_user"}},{"AssignType":{"id":"shape_YJL6hfxqYy","to":{"StringT":{}},"conceptId":"concept_el2BGR_user"}},{"AddField":{"parentId":"shape_0W8f12D3SG","id":"shape_0FabYd9Von","conceptId":"concept_el2BGR_user"}},{"SetFieldName":{"id":"shape_0FabYd9Von","newName":"email","conceptId":"concept_el2BGR_user"}},{"AssignType":{"id":"shape_0FabYd9Von","to":{"StringT":{}},"conceptId":"concept_el2BGR_user"}},{"AddField":{"parentId":"shape_0W8f12D3SG","id":"shape_h2Fqorl1lZ","conceptId":"concept_el2BGR_user"}},{"SetFieldName":{"id":"shape_h2Fqorl1lZ","newName":"id","conceptId":"concept_el2BGR_user"}},{"AssignType":{"id":"shape_h2Fqorl1lZ","to":{"StringT":{}},"conceptId":"concept_el2BGR_user"}},{"AddField":{"parentId":"shape_0W8f12D3SG","id":"shape_mm1jtXmu9a","conceptId":"concept_el2BGR_user"}},{"SetFieldName":{"id":"shape_mm1jtXmu9a","newName":"roles","conceptId":"concept_el2BGR_user"}},{"AssignType":{"id":"shape_mm1jtXmu9a","to":{"StringT":{}},"conceptId":"concept_el2BGR_user"}},{"AddField":{"parentId":"shape_0W8f12D3SG","id":"shape_BQVDB8Bu8o","conceptId":"concept_el2BGR_user"}},{"SetFieldName":{"id":"shape_BQVDB8Bu8o","newName":"external_id","conceptId":"concept_el2BGR_user"}},{"AssignType":{"id":"shape_BQVDB8Bu8o","to":{"StringT":{}},"conceptId":"concept_el2BGR_user"}},{"AddField":{"parentId":"shape_0W8f12D3SG","id":"shape_Tn0bLOXRkG","conceptId":"concept_el2BGR_user"}},{"SetFieldName":{"id":"shape_Tn0bLOXRkG","newName":"created_at","conceptId":"concept_el2BGR_user"}},{"AssignType":{"id":"shape_Tn0bLOXRkG","to":{"StringT":{}},"conceptId":"concept_el2BGR_user"}},{"AddField":{"parentId":"shape_0W8f12D3SG","id":"shape_zRrQc9541a","conceptId":"concept_el2BGR_user"}},{"SetFieldName":{"id":"shape_zRrQc9541a","newName":"account","conceptId":"concept_el2BGR_user"}},{"AssignType":{"id":"shape_zRrQc9541a","to":{"RefT":{"conceptId":"concept_bccZAp_useraccount"}},"conceptId":"concept_el2BGR_user"}},{"AssignType":{"id":"shape_sFrohM5eBD","to":{"ObjectT":{}},"conceptId":"concept_wDnNEq_feature"}},{"AddField":{"parentId":"shape_sFrohM5eBD","id":"shape_sG8ZmtqGjc","conceptId":"concept_wDnNEq_feature"}},{"SetFieldName":{"id":"shape_sG8ZmtqGjc","newName":"created_by_user_id","conceptId":"concept_wDnNEq_feature"}},{"AssignType":{"id":"shape_sG8ZmtqGjc","to":{"IntegerT":{}},"conceptId":"concept_wDnNEq_feature"}},{"AddField":{"parentId":"shape_sFrohM5eBD","id":"shape_DYbVq7BYZp","conceptId":"concept_wDnNEq_feature"}},{"SetFieldName":{"id":"shape_DYbVq7BYZp","newName":"uploads","conceptId":"concept_wDnNEq_feature"}},{"AssignType":{"id":"shape_DYbVq7BYZp","to":{"ListT":{}},"conceptId":"concept_wDnNEq_feature"}},{"AddTypeParameter":{"parentId":"shape_DYbVq7BYZp","id":"shape_lW7Ix9U7qZ","conceptId":"concept_wDnNEq_feature"}},{"AssignType":{"id":"shape_lW7Ix9U7qZ","to":{"StringT":{}},"conceptId":"concept_wDnNEq_feature"}},{"AddField":{"parentId":"shape_sFrohM5eBD","id":"shape_q5BRCpfXJf","conceptId":"concept_wDnNEq_feature"}},{"SetFieldName":{"id":"shape_q5BRCpfXJf","newName":"effort","conceptId":"concept_wDnNEq_feature"}},{"AssignType":{"id":"shape_q5BRCpfXJf","to":{"IntegerT":{}},"conceptId":"concept_wDnNEq_feature"}},{"AddField":{"parentId":"shape_sFrohM5eBD","id":"shape_AYbXz6YdsQ","conceptId":"concept_wDnNEq_feature"}},{"SetFieldName":{"id":"shape_AYbXz6YdsQ","newName":"developing_at","conceptId":"concept_wDnNEq_feature"}},{"AssignType":{"id":"shape_AYbXz6YdsQ","to":{"StringT":{}},"conceptId":"concept_wDnNEq_feature"}},{"AddField":{"parentId":"shape_sFrohM5eBD","id":"shape_PL1fOI2a5d","conceptId":"concept_wDnNEq_feature"}},{"SetFieldName":{"id":"shape_PL1fOI2a5d","newName":"vendor_id","conceptId":"concept_wDnNEq_feature"}},{"AssignType":{"id":"shape_PL1fOI2a5d","to":{"IntegerT":{}},"conceptId":"concept_wDnNEq_feature"}},{"AddField":{"parentId":"shape_sFrohM5eBD","id":"shape_MGm7R1oeWp","conceptId":"concept_wDnNEq_feature"}},{"SetFieldName":{"id":"shape_MGm7R1oeWp","newName":"view_count","conceptId":"concept_wDnNEq_feature"}},{"AssignType":{"id":"shape_MGm7R1oeWp","to":{"IntegerT":{}},"conceptId":"concept_wDnNEq_feature"}},{"AddField":{"parentId":"shape_sFrohM5eBD","id":"shape_iIKtlodK3C","conceptId":"concept_wDnNEq_feature"}},{"SetFieldName":{"id":"shape_iIKtlodK3C","newName":"planned_at","conceptId":"concept_wDnNEq_feature"}},{"AssignType":{"id":"shape_iIKtlodK3C","to":{"StringT":{}},"conceptId":"concept_wDnNEq_feature"}},{"AddField":{"parentId":"shape_sFrohM5eBD","id":"shape_Ng59I5kicb","conceptId":"concept_wDnNEq_feature"}},{"SetFieldName":{"id":"shape_Ng59I5kicb","newName":"description","conceptId":"concept_wDnNEq_feature"}},{"AssignType":{"id":"shape_Ng59I5kicb","to":{"StringT":{}},"conceptId":"concept_wDnNEq_feature"}},{"AddField":{"parentId":"shape_sFrohM5eBD","id":"shape_PzJ8syZMlC","conceptId":"concept_wDnNEq_feature"}},{"SetFieldName":{"id":"shape_PzJ8syZMlC","newName":"tags","conceptId":"concept_wDnNEq_feature"}},{"AssignType":{"id":"shape_PzJ8syZMlC","to":{"RefT":{"conceptId":"concept_7Z7tvR_tags"}},"conceptId":"concept_wDnNEq_feature"}},{"AddField":{"parentId":"shape_sFrohM5eBD","id":"shape_zmEmNV1ssg","conceptId":"concept_wDnNEq_feature"}},{"SetFieldName":{"id":"shape_zmEmNV1ssg","newName":"is_private","conceptId":"concept_wDnNEq_feature"}},{"AssignType":{"id":"shape_zmEmNV1ssg","to":{"BooleanT":{}},"conceptId":"concept_wDnNEq_feature"}},{"AddField":{"parentId":"shape_sFrohM5eBD","id":"shape_6h3wwgECkU","conceptId":"concept_wDnNEq_feature"}},{"SetFieldName":{"id":"shape_6h3wwgECkU","newName":"products","conceptId":"concept_wDnNEq_feature"}},{"AssignType":{"id":"shape_6h3wwgECkU","to":{"ListT":{}},"conceptId":"concept_wDnNEq_feature"}},{"AddTypeParameter":{"parentId":"shape_6h3wwgECkU","id":"shape_aZCINPW8pu","conceptId":"concept_wDnNEq_feature"}},{"AssignType":{"id":"shape_aZCINPW8pu","to":{"StringT":{}},"conceptId":"concept_wDnNEq_feature"}},{"AddField":{"parentId":"shape_sFrohM5eBD","id":"shape_p8n24vbUp8","conceptId":"concept_wDnNEq_feature"}},{"SetFieldName":{"id":"shape_p8n24vbUp8","newName":"updated_by_user_id","conceptId":"concept_wDnNEq_feature"}},{"AssignType":{"id":"shape_p8n24vbUp8","to":{"IntegerT":{}},"conceptId":"concept_wDnNEq_feature"}},{"AddField":{"parentId":"shape_sFrohM5eBD","id":"shape_gN9K6s1rhE","conceptId":"concept_wDnNEq_feature"}},{"SetFieldName":{"id":"shape_gN9K6s1rhE","newName":"id","conceptId":"concept_wDnNEq_feature"}},{"AssignType":{"id":"shape_gN9K6s1rhE","to":{"NumberT":{}},"conceptId":"concept_wDnNEq_feature"}},{"AddField":{"parentId":"shape_sFrohM5eBD","id":"shape_oNTLhG3PJ0","conceptId":"concept_wDnNEq_feature"}},{"SetFieldName":{"id":"shape_oNTLhG3PJ0","newName":"released_at","conceptId":"concept_wDnNEq_feature"}},{"AssignType":{"id":"shape_oNTLhG3PJ0","to":{"StringT":{}},"conceptId":"concept_wDnNEq_feature"}},{"AddField":{"parentId":"shape_sFrohM5eBD","id":"shape_8huO9OQBGF","conceptId":"concept_wDnNEq_feature"}},{"SetFieldName":{"id":"shape_8huO9OQBGF","newName":"resolution","conceptId":"concept_wDnNEq_feature"}},{"AssignType":{"id":"shape_8huO9OQBGF","to":{"StringT":{}},"conceptId":"concept_wDnNEq_feature"}},{"AddField":{"parentId":"shape_sFrohM5eBD","id":"shape_JvnfH2vNF3","conceptId":"concept_wDnNEq_feature"}},{"SetFieldName":{"id":"shape_JvnfH2vNF3","newName":"waiting_at","conceptId":"concept_wDnNEq_feature"}},{"AssignType":{"id":"shape_JvnfH2vNF3","to":{"StringT":{}},"conceptId":"concept_wDnNEq_feature"}},{"AddField":{"parentId":"shape_sFrohM5eBD","id":"shape_3T8zmboXTo","conceptId":"concept_wDnNEq_feature"}},{"SetFieldName":{"id":"shape_3T8zmboXTo","newName":"status","conceptId":"concept_wDnNEq_feature"}},{"AssignType":{"id":"shape_3T8zmboXTo","to":{"StringT":{}},"conceptId":"concept_wDnNEq_feature"}},{"AddField":{"parentId":"shape_sFrohM5eBD","id":"shape_nFrIrR1SVw","conceptId":"concept_wDnNEq_feature"}},{"SetFieldName":{"id":"shape_nFrIrR1SVw","newName":"merged_to_feature_id","conceptId":"concept_wDnNEq_feature"}},{"AssignType":{"id":"shape_nFrIrR1SVw","to":{"IntegerT":{}},"conceptId":"concept_wDnNEq_feature"}},{"AddField":{"parentId":"shape_sFrohM5eBD","id":"shape_fRevdI4r9I","conceptId":"concept_wDnNEq_feature"}},{"SetFieldName":{"id":"shape_fRevdI4r9I","newName":"created_at","conceptId":"concept_wDnNEq_feature"}},{"AssignType":{"id":"shape_fRevdI4r9I","to":{"StringT":{}},"conceptId":"concept_wDnNEq_feature"}},{"AddField":{"parentId":"shape_sFrohM5eBD","id":"shape_s0bZJ0yXBE","conceptId":"concept_wDnNEq_feature"}},{"SetFieldName":{"id":"shape_s0bZJ0yXBE","newName":"resolved_by_user_id","conceptId":"concept_wDnNEq_feature"}},{"AssignType":{"id":"shape_s0bZJ0yXBE","to":{"IntegerT":{}},"conceptId":"concept_wDnNEq_feature"}},{"AddField":{"parentId":"shape_sFrohM5eBD","id":"shape_Ob4MmGeOLy","conceptId":"concept_wDnNEq_feature"}},{"SetFieldName":{"id":"shape_Ob4MmGeOLy","newName":"form_entry","conceptId":"concept_wDnNEq_feature"}},{"AssignType":{"id":"shape_Ob4MmGeOLy","to":{"StringT":{}},"conceptId":"concept_wDnNEq_feature"}},{"AddField":{"parentId":"shape_sFrohM5eBD","id":"shape_t5BT4ErmaR","conceptId":"concept_wDnNEq_feature"}},{"SetFieldName":{"id":"shape_t5BT4ErmaR","newName":"declined_at","conceptId":"concept_wDnNEq_feature"}},{"AssignType":{"id":"shape_t5BT4ErmaR","to":{"StringT":{}},"conceptId":"concept_wDnNEq_feature"}},{"AddField":{"parentId":"shape_sFrohM5eBD","id":"shape_eZ5Y6KhLwc","conceptId":"concept_wDnNEq_feature"}},{"SetFieldName":{"id":"shape_eZ5Y6KhLwc","newName":"title","conceptId":"concept_wDnNEq_feature"}},{"AssignType":{"id":"shape_eZ5Y6KhLwc","to":{"StringT":{}},"conceptId":"concept_wDnNEq_feature"}},{"AddField":{"parentId":"shape_sFrohM5eBD","id":"shape_8xBoG9VWtH","conceptId":"concept_wDnNEq_feature"}},{"SetFieldName":{"id":"shape_8xBoG9VWtH","newName":"updated_at","conceptId":"concept_wDnNEq_feature"}},{"AssignType":{"id":"shape_8xBoG9VWtH","to":{"StringT":{}},"conceptId":"concept_wDnNEq_feature"}},{"AddField":{"parentId":"shape_sFrohM5eBD","id":"shape_tATBseLUyb","conceptId":"concept_wDnNEq_feature"}},{"SetFieldName":{"id":"shape_tATBseLUyb","newName":"app_url","conceptId":"concept_wDnNEq_feature"}},{"AssignType":{"id":"shape_tATBseLUyb","to":{"StringT":{}},"conceptId":"concept_wDnNEq_feature"}},{"AddField":{"parentId":"shape_sFrohM5eBD","id":"shape_YIrDiYmij3","conceptId":"concept_wDnNEq_feature"}},{"SetFieldName":{"id":"shape_YIrDiYmij3","newName":"status_changed_at","conceptId":"concept_wDnNEq_feature"}},{"AssignType":{"id":"shape_YIrDiYmij3","to":{"StringT":{}},"conceptId":"concept_wDnNEq_feature"}},{"AssignType":{"id":"shape_duL6T68H4v","to":{"ListT":{}},"conceptId":"concept_3nqvI1_products"}},{"AddTypeParameter":{"parentId":"shape_duL6T68H4v","id":"shape_FLySLeNrkc","conceptId":"concept_3nqvI1_products"}},{"AssignType":{"id":"shape_FLySLeNrkc","to":{"StringT":{}},"conceptId":"concept_3nqvI1_products"}},{"AssignType":{"id":"shape_CET6v2MgP5","to":{"ObjectT":{}},"conceptId":"concept_ZXLaOG_account"}},{"AddField":{"parentId":"shape_CET6v2MgP5","id":"shape_PUdtVvjWXV","conceptId":"concept_ZXLaOG_account"}},{"SetFieldName":{"id":"shape_PUdtVvjWXV","newName":"is_paying","conceptId":"concept_ZXLaOG_account"}},{"AssignType":{"id":"shape_PUdtVvjWXV","to":{"BooleanT":{}},"conceptId":"concept_ZXLaOG_account"}},{"AddField":{"parentId":"shape_CET6v2MgP5","id":"shape_FBFFBzsVkn","conceptId":"concept_ZXLaOG_account"}},{"SetFieldName":{"id":"shape_FBFFBzsVkn","newName":"name","conceptId":"concept_ZXLaOG_account"}},{"AssignType":{"id":"shape_FBFFBzsVkn","to":{"StringT":{}},"conceptId":"concept_ZXLaOG_account"}},{"AddField":{"parentId":"shape_CET6v2MgP5","id":"shape_ByY4zbke2U","conceptId":"concept_ZXLaOG_account"}},{"SetFieldName":{"id":"shape_ByY4zbke2U","newName":"monthly_value","conceptId":"concept_ZXLaOG_account"}},{"AssignType":{"id":"shape_ByY4zbke2U","to":{"NumberT":{}},"conceptId":"concept_ZXLaOG_account"}},{"AddField":{"parentId":"shape_CET6v2MgP5","id":"shape_qLoOkP8O4K","conceptId":"concept_ZXLaOG_account"}},{"SetFieldName":{"id":"shape_qLoOkP8O4K","newName":"id","conceptId":"concept_ZXLaOG_account"}},{"AssignType":{"id":"shape_qLoOkP8O4K","to":{"StringT":{}},"conceptId":"concept_ZXLaOG_account"}},{"AddField":{"parentId":"shape_CET6v2MgP5","id":"shape_M87EWPwEpB","conceptId":"concept_ZXLaOG_account"}},{"SetFieldName":{"id":"shape_M87EWPwEpB","newName":"status","conceptId":"concept_ZXLaOG_account"}},{"AssignType":{"id":"shape_M87EWPwEpB","to":{"StringT":{}},"conceptId":"concept_ZXLaOG_account"}},{"AddField":{"parentId":"shape_CET6v2MgP5","id":"shape_hZ6VfCCvag","conceptId":"concept_ZXLaOG_account"}},{"SetFieldName":{"id":"shape_hZ6VfCCvag","newName":"external_id","conceptId":"concept_ZXLaOG_account"}},{"AssignType":{"id":"shape_hZ6VfCCvag","to":{"StringT":{}},"conceptId":"concept_ZXLaOG_account"}},{"AddField":{"parentId":"shape_CET6v2MgP5","id":"shape_inRwBazOJ6","conceptId":"concept_ZXLaOG_account"}},{"SetFieldName":{"id":"shape_inRwBazOJ6","newName":"created_at","conceptId":"concept_ZXLaOG_account"}},{"AssignType":{"id":"shape_inRwBazOJ6","to":{"StringT":{}},"conceptId":"concept_ZXLaOG_account"}},{"AddPathComponent":{"pathId":"G8yYNp_path_0","parentPathId":"root","name":"accounts"}},{"AddPathParameter":{"pathId":"G8yYNp_path_1","parentPathId":"G8yYNp_path_0","name":"id"}},{"AddPathComponent":{"pathId":"G8yYNp_path_2","parentPathId":"G8yYNp_path_1","name":"tags"}},{"AddPathComponent":{"pathId":"G8yYNp_path_3","parentPathId":"root","name":"features"}},{"AddPathParameter":{"pathId":"G8yYNp_path_4","parentPathId":"G8yYNp_path_3","name":"id"}},{"AddPathComponent":{"pathId":"G8yYNp_path_5","parentPathId":"G8yYNp_path_4","name":"tags"}},{"AddPathComponent":{"pathId":"G8yYNp_path_6","parentPathId":"root","name":"health-check"}},{"AddPathComponent":{"pathId":"G8yYNp_path_7","parentPathId":"G8yYNp_path_6","name":"ping"}},{"AddPathComponent":{"pathId":"G8yYNp_path_8","parentPathId":"root","name":"users"}},{"AddPathComponent":{"pathId":"G8yYNp_path_9","parentPathId":"G8yYNp_path_8","name":"invite_end_user"}},{"AddPathComponent":{"pathId":"G8yYNp_path_10","parentPathId":"G8yYNp_path_8","name":"invite_vendor_user"}},{"AddPathComponent":{"pathId":"G8yYNp_path_11","parentPathId":"G8yYNp_path_8","name":"search"}},{"AddPathParameter":{"pathId":"G8yYNp_path_12","parentPathId":"G8yYNp_path_8","name":"id"}},{"AddPathComponent":{"pathId":"G8yYNp_path_13","parentPathId":"G8yYNp_path_12","name":"tags"}},{"AddPathComponent":{"pathId":"G8yYNp_path_14","parentPathId":"root","name":"vendor_users"}},{"AddPathComponent":{"pathId":"G8yYNp_path_15","parentPathId":"root","name":"votes"}},{"AddRequest":{"requestId":"path_k5tL4pikg4}_delete","pathId":"G8yYNp_path_2","httpMethod":"delete"}},{"AddResponse":{"responseId":"response_5i4nxBxRuJ","requestId":"path_k5tL4pikg4}_delete","httpStatusCode":200}},{"AddRequest":{"requestId":"path_k5tL4pikg4}_get","pathId":"G8yYNp_path_2","httpMethod":"get"}},{"AddResponse":{"responseId":"response_puOTAGohVa","requestId":"path_k5tL4pikg4}_get","httpStatusCode":200}},{"AddResponse":{"responseId":"response_4BspWwD6dI","requestId":"path_k5tL4pikg4}_get","httpStatusCode":404}},{"AddRequest":{"requestId":"path_k5tL4pikg4}_post","pathId":"G8yYNp_path_2","httpMethod":"post"}},{"DefineInlineConcept":{"root":"shape_oLmhWZtp5x","conceptId":"concept_accountsidtags_post_body"}},{"AssignType":{"id":"shape_oLmhWZtp5x","to":{"RefT":{"conceptId":"concept_7Z7tvR_tags"}},"conceptId":"concept_accountsidtags_post_body"}},{"AddResponse":{"responseId":"response_68PuwhGeAO","requestId":"path_k5tL4pikg4}_post","httpStatusCode":200}},{"AddResponse":{"responseId":"response_saS3mXgDKe","requestId":"path_k5tL4pikg4}_post","httpStatusCode":404}},{"AddRequest":{"requestId":"path_xSPSXRKhoV}_get","pathId":"G8yYNp_path_8","httpMethod":"get"}},{"AddResponse":{"responseId":"response_DcxHgjI2O5","requestId":"path_xSPSXRKhoV}_get","httpStatusCode":200}},{"DefineInlineConcept":{"root":"shape_kJwgFgZ2xH","conceptId":"concept_u1kkxjIDityx"}},{"AssignType":{"id":"shape_kJwgFgZ2xH","to":{"ListT":{}},"conceptId":"concept_u1kkxjIDityx"}},{"AddTypeParameter":{"parentId":"shape_kJwgFgZ2xH","id":"shape_sIeK2P0t2l","conceptId":"concept_u1kkxjIDityx"}},{"AssignType":{"id":"shape_sIeK2P0t2l","to":{"RefT":{"conceptId":"concept_el2BGR_user"}},"conceptId":"concept_u1kkxjIDityx"}},{"AddRequest":{"requestId":"path_xSPSXRKhoV}_post","pathId":"G8yYNp_path_8","httpMethod":"post"}},{"DefineInlineConcept":{"root":"shape_IlU5WBJYpg","conceptId":"concept_users_post_body"}},{"AssignType":{"id":"shape_IlU5WBJYpg","to":{"RefT":{"conceptId":"concept_4DUfRB_enduserping"}},"conceptId":"concept_users_post_body"}},{"AddResponse":{"responseId":"response_HQHAOJ48mb","requestId":"path_xSPSXRKhoV}_post","httpStatusCode":200}},{"AddRequest":{"requestId":"path_rkPMA68Of4}_delete","pathId":"G8yYNp_path_12","httpMethod":"delete"}},{"AddResponse":{"responseId":"response_MIbcy7RSNM","requestId":"path_rkPMA68Of4}_delete","httpStatusCode":200}},{"DefineInlineConcept":{"root":"shape_eorWoFVTqq","conceptId":"concept_rQovyObR1Uo5"}},{"AssignType":{"id":"shape_eorWoFVTqq","to":{"RefT":{"conceptId":"concept_el2BGR_user"}},"conceptId":"concept_rQovyObR1Uo5"}},{"AddRequest":{"requestId":"path_rkPMA68Of4}_get","pathId":"G8yYNp_path_12","httpMethod":"get"}},{"AddResponse":{"responseId":"response_AWrApupw3E","requestId":"path_rkPMA68Of4}_get","httpStatusCode":200}},{"DefineInlineConcept":{"root":"shape_KKEFmWQ2Zo","conceptId":"concept_HHz3Zwjvw1AG"}},{"AssignType":{"id":"shape_KKEFmWQ2Zo","to":{"RefT":{"conceptId":"concept_el2BGR_user"}},"conceptId":"concept_HHz3Zwjvw1AG"}},{"AddResponse":{"responseId":"response_V6hoHSuD5F","requestId":"path_rkPMA68Of4}_get","httpStatusCode":410}},{"AddRequest":{"requestId":"path_rkPMA68Of4}_put","pathId":"G8yYNp_path_12","httpMethod":"put"}},{"DefineInlineConcept":{"root":"shape_WQvUZsSiNo","conceptId":"concept_usersid_put_body"}},{"AssignType":{"id":"shape_WQvUZsSiNo","to":{"ObjectT":{}},"conceptId":"concept_usersid_put_body"}},{"AddField":{"parentId":"shape_WQvUZsSiNo","id":"shape_Eif1LVtWXR","conceptId":"concept_usersid_put_body"}},{"SetFieldName":{"id":"shape_Eif1LVtWXR","newName":"email","conceptId":"concept_usersid_put_body"}},{"AssignType":{"id":"shape_Eif1LVtWXR","to":{"StringT":{}},"conceptId":"concept_usersid_put_body"}},{"AddField":{"parentId":"shape_WQvUZsSiNo","id":"shape_Sxgc89ENez","conceptId":"concept_usersid_put_body"}},{"SetFieldName":{"id":"shape_Sxgc89ENez","newName":"external_id","conceptId":"concept_usersid_put_body"}},{"AssignType":{"id":"shape_Sxgc89ENez","to":{"StringT":{}},"conceptId":"concept_usersid_put_body"}},{"AddField":{"parentId":"shape_WQvUZsSiNo","id":"shape_NGFGaPCOXY","conceptId":"concept_usersid_put_body"}},{"SetFieldName":{"id":"shape_NGFGaPCOXY","newName":"name","conceptId":"concept_usersid_put_body"}},{"AssignType":{"id":"shape_NGFGaPCOXY","to":{"StringT":{}},"conceptId":"concept_usersid_put_body"}},{"AddField":{"parentId":"shape_WQvUZsSiNo","id":"shape_MOXu9yt5xe","conceptId":"concept_usersid_put_body"}},{"SetFieldName":{"id":"shape_MOXu9yt5xe","newName":"permission_group_id","conceptId":"concept_usersid_put_body"}},{"AssignType":{"id":"shape_MOXu9yt5xe","to":{"NumberT":{}},"conceptId":"concept_usersid_put_body"}},{"AddResponse":{"responseId":"response_ZLUQig8fe5","requestId":"path_rkPMA68Of4}_put","httpStatusCode":200}},{"DefineInlineConcept":{"root":"shape_PbDUgjuiWn","conceptId":"concept_in6AGWv5hbBa"}},{"AssignType":{"id":"shape_PbDUgjuiWn","to":{"RefT":{"conceptId":"concept_el2BGR_user"}},"conceptId":"concept_in6AGWv5hbBa"}},{"AddRequest":{"requestId":"path_dyOj6ui8Lf}_delete","pathId":"G8yYNp_path_1","httpMethod":"delete"}},{"AddResponse":{"responseId":"response_0aX4nDnjFc","requestId":"path_dyOj6ui8Lf}_delete","httpStatusCode":200}},{"DefineInlineConcept":{"root":"shape_dBwzCWDKEF","conceptId":"concept_RGQ7JudFGmDw"}},{"AssignType":{"id":"shape_dBwzCWDKEF","to":{"RefT":{"conceptId":"concept_ZXLaOG_account"}},"conceptId":"concept_RGQ7JudFGmDw"}},{"AddRequest":{"requestId":"path_dyOj6ui8Lf}_get","pathId":"G8yYNp_path_1","httpMethod":"get"}},{"AddResponse":{"responseId":"response_JDAqJX66f9","requestId":"path_dyOj6ui8Lf}_get","httpStatusCode":200}},{"DefineInlineConcept":{"root":"shape_IzEHddwRnB","conceptId":"concept_YVxOcIaY0uk1"}},{"AssignType":{"id":"shape_IzEHddwRnB","to":{"RefT":{"conceptId":"concept_ZXLaOG_account"}},"conceptId":"concept_YVxOcIaY0uk1"}},{"AddResponse":{"responseId":"response_QbH9jxN3Mk","requestId":"path_dyOj6ui8Lf}_get","httpStatusCode":410}},{"AddRequest":{"requestId":"path_dyOj6ui8Lf}_put","pathId":"G8yYNp_path_1","httpMethod":"put"}},{"DefineInlineConcept":{"root":"shape_zy1OSKcvtV","conceptId":"concept_accountsid_put_body"}},{"AssignType":{"id":"shape_zy1OSKcvtV","to":{"ObjectT":{}},"conceptId":"concept_accountsid_put_body"}},{"AddField":{"parentId":"shape_zy1OSKcvtV","id":"shape_gEdjmVBi5S","conceptId":"concept_accountsid_put_body"}},{"SetFieldName":{"id":"shape_gEdjmVBi5S","newName":"monthly_value","conceptId":"concept_accountsid_put_body"}},{"AssignType":{"id":"shape_gEdjmVBi5S","to":{"NumberT":{}},"conceptId":"concept_accountsid_put_body"}},{"AddField":{"parentId":"shape_zy1OSKcvtV","id":"shape_nxkIahSmP9","conceptId":"concept_accountsid_put_body"}},{"SetFieldName":{"id":"shape_nxkIahSmP9","newName":"name","conceptId":"concept_accountsid_put_body"}},{"AssignType":{"id":"shape_nxkIahSmP9","to":{"StringT":{}},"conceptId":"concept_accountsid_put_body"}},{"AddField":{"parentId":"shape_zy1OSKcvtV","id":"shape_5UonPeLhWt","conceptId":"concept_accountsid_put_body"}},{"SetFieldName":{"id":"shape_5UonPeLhWt","newName":"status","conceptId":"concept_accountsid_put_body"}},{"AssignType":{"id":"shape_5UonPeLhWt","to":{"StringT":{}},"conceptId":"concept_accountsid_put_body"}},{"AddResponse":{"responseId":"response_9zxoHiCnmi","requestId":"path_dyOj6ui8Lf}_put","httpStatusCode":200}},{"AddRequest":{"requestId":"path_HUGlsLBeJS}_get","pathId":"G8yYNp_path_0","httpMethod":"get"}},{"AddResponse":{"responseId":"response_Y36N6RY5Rn","requestId":"path_HUGlsLBeJS}_get","httpStatusCode":200}},{"DefineInlineConcept":{"root":"shape_msnjcMM8sT","conceptId":"concept_a9jvxp4qqRbZ"}},{"AssignType":{"id":"shape_msnjcMM8sT","to":{"ListT":{}},"conceptId":"concept_a9jvxp4qqRbZ"}},{"AddTypeParameter":{"parentId":"shape_msnjcMM8sT","id":"shape_fIwiXBsMAL","conceptId":"concept_a9jvxp4qqRbZ"}},{"AssignType":{"id":"shape_fIwiXBsMAL","to":{"RefT":{"conceptId":"concept_ZXLaOG_account"}},"conceptId":"concept_a9jvxp4qqRbZ"}},{"AddRequest":{"requestId":"path_H67XHeZ1i8}_get","pathId":"G8yYNp_path_11","httpMethod":"get"}},{"AddResponse":{"responseId":"response_MQdWuoOlqm","requestId":"path_H67XHeZ1i8}_get","httpStatusCode":200}},{"DefineInlineConcept":{"root":"shape_AUm3KzQBJP","conceptId":"concept_C95Gx4zJvSEn"}},{"AssignType":{"id":"shape_AUm3KzQBJP","to":{"RefT":{"conceptId":"concept_el2BGR_user"}},"conceptId":"concept_C95Gx4zJvSEn"}},{"AddResponse":{"responseId":"response_hUoJsv3IFR","requestId":"path_H67XHeZ1i8}_get","httpStatusCode":410}},{"AddRequest":{"requestId":"path_DNAHOvT1ax}_get","pathId":"G8yYNp_path_7","httpMethod":"get"}},{"AddResponse":{"responseId":"response_E82ZYZitEc","requestId":"path_DNAHOvT1ax}_get","httpStatusCode":200}},{"AddResponse":{"responseId":"response_4X6IzDdzzY","requestId":"path_DNAHOvT1ax}_get","httpStatusCode":503}},{"AddRequest":{"requestId":"path_lP8jUfjAEm}_delete","pathId":"G8yYNp_path_5","httpMethod":"delete"}},{"AddResponse":{"responseId":"response_SyvyDUTEWR","requestId":"path_lP8jUfjAEm}_delete","httpStatusCode":200}},{"AddRequest":{"requestId":"path_lP8jUfjAEm}_get","pathId":"G8yYNp_path_5","httpMethod":"get"}},{"AddResponse":{"responseId":"response_BAVXeGdlPu","requestId":"path_lP8jUfjAEm}_get","httpStatusCode":200}},{"AddResponse":{"responseId":"response_sp452pMrZk","requestId":"path_lP8jUfjAEm}_get","httpStatusCode":404}},{"AddRequest":{"requestId":"path_lP8jUfjAEm}_post","pathId":"G8yYNp_path_5","httpMethod":"post"}},{"DefineInlineConcept":{"root":"shape_SKcQr0X3r4","conceptId":"concept_featuresidtags_post_body"}},{"AssignType":{"id":"shape_SKcQr0X3r4","to":{"RefT":{"conceptId":"concept_7Z7tvR_tags"}},"conceptId":"concept_featuresidtags_post_body"}},{"AddResponse":{"responseId":"response_lvGTM3yDsc","requestId":"path_lP8jUfjAEm}_post","httpStatusCode":200}},{"AddResponse":{"responseId":"response_6Z724ORozl","requestId":"path_lP8jUfjAEm}_post","httpStatusCode":404}},{"AddRequest":{"requestId":"path_1peWpvfj16}_delete","pathId":"G8yYNp_path_13","httpMethod":"delete"}},{"AddResponse":{"responseId":"response_oMsopmN33M","requestId":"path_1peWpvfj16}_delete","httpStatusCode":200}},{"AddRequest":{"requestId":"path_1peWpvfj16}_get","pathId":"G8yYNp_path_13","httpMethod":"get"}},{"AddResponse":{"responseId":"response_hFzrpc9KD5","requestId":"path_1peWpvfj16}_get","httpStatusCode":200}},{"AddResponse":{"responseId":"response_OasbyaXOZo","requestId":"path_1peWpvfj16}_get","httpStatusCode":404}},{"AddRequest":{"requestId":"path_1peWpvfj16}_post","pathId":"G8yYNp_path_13","httpMethod":"post"}},{"DefineInlineConcept":{"root":"shape_1ZAW3uveoD","conceptId":"concept_usersidtags_post_body"}},{"AssignType":{"id":"shape_1ZAW3uveoD","to":{"RefT":{"conceptId":"concept_7Z7tvR_tags"}},"conceptId":"concept_usersidtags_post_body"}},{"AddResponse":{"responseId":"response_70UKjqioLg","requestId":"path_1peWpvfj16}_post","httpStatusCode":200}},{"AddResponse":{"responseId":"response_qOCe2uQsHc","requestId":"path_1peWpvfj16}_post","httpStatusCode":404}},{"AddRequest":{"requestId":"path_kzJPEsftRq}_post","pathId":"G8yYNp_path_9","httpMethod":"post"}},{"DefineInlineConcept":{"root":"shape_8zSeSAq0rN","conceptId":"concept_usersinvite_end_user_post_body"}},{"AssignType":{"id":"shape_8zSeSAq0rN","to":{"ObjectT":{}},"conceptId":"concept_usersinvite_end_user_post_body"}},{"AddField":{"parentId":"shape_8zSeSAq0rN","id":"shape_alDBQZZUtL","conceptId":"concept_usersinvite_end_user_post_body"}},{"SetFieldName":{"id":"shape_alDBQZZUtL","newName":"send_invite","conceptId":"concept_usersinvite_end_user_post_body"}},{"AssignType":{"id":"shape_alDBQZZUtL","to":{"BooleanT":{}},"conceptId":"concept_usersinvite_end_user_post_body"}},{"AddField":{"parentId":"shape_8zSeSAq0rN","id":"shape_ZNb2ayf69E","conceptId":"concept_usersinvite_end_user_post_body"}},{"SetFieldName":{"id":"shape_ZNb2ayf69E","newName":"email","conceptId":"concept_usersinvite_end_user_post_body"}},{"AssignType":{"id":"shape_ZNb2ayf69E","to":{"StringT":{}},"conceptId":"concept_usersinvite_end_user_post_body"}},{"AddField":{"parentId":"shape_8zSeSAq0rN","id":"shape_pgkocO7HMp","conceptId":"concept_usersinvite_end_user_post_body"}},{"SetFieldName":{"id":"shape_pgkocO7HMp","newName":"full_name","conceptId":"concept_usersinvite_end_user_post_body"}},{"AssignType":{"id":"shape_pgkocO7HMp","to":{"StringT":{}},"conceptId":"concept_usersinvite_end_user_post_body"}},{"AddField":{"parentId":"shape_8zSeSAq0rN","id":"shape_rHWPnCEU2F","conceptId":"concept_usersinvite_end_user_post_body"}},{"SetFieldName":{"id":"shape_rHWPnCEU2F","newName":"user_external_id","conceptId":"concept_usersinvite_end_user_post_body"}},{"AssignType":{"id":"shape_rHWPnCEU2F","to":{"StringT":{}},"conceptId":"concept_usersinvite_end_user_post_body"}},{"AddField":{"parentId":"shape_8zSeSAq0rN","id":"shape_lC3g4SPaQJ","conceptId":"concept_usersinvite_end_user_post_body"}},{"SetFieldName":{"id":"shape_lC3g4SPaQJ","newName":"monthly_value","conceptId":"concept_usersinvite_end_user_post_body"}},{"AssignType":{"id":"shape_lC3g4SPaQJ","to":{"NumberT":{}},"conceptId":"concept_usersinvite_end_user_post_body"}},{"AddField":{"parentId":"shape_8zSeSAq0rN","id":"shape_jbykTP5s8B","conceptId":"concept_usersinvite_end_user_post_body"}},{"SetFieldName":{"id":"shape_jbykTP5s8B","newName":"account_external_id","conceptId":"concept_usersinvite_end_user_post_body"}},{"AssignType":{"id":"shape_jbykTP5s8B","to":{"StringT":{}},"conceptId":"concept_usersinvite_end_user_post_body"}},{"AddField":{"parentId":"shape_8zSeSAq0rN","id":"shape_0apD8ZfL4h","conceptId":"concept_usersinvite_end_user_post_body"}},{"SetFieldName":{"id":"shape_0apD8ZfL4h","newName":"account_status","conceptId":"concept_usersinvite_end_user_post_body"}},{"AssignType":{"id":"shape_0apD8ZfL4h","to":{"StringT":{}},"conceptId":"concept_usersinvite_end_user_post_body"}},{"AddField":{"parentId":"shape_8zSeSAq0rN","id":"shape_r8MFTuwcM5","conceptId":"concept_usersinvite_end_user_post_body"}},{"SetFieldName":{"id":"shape_r8MFTuwcM5","newName":"account_name","conceptId":"concept_usersinvite_end_user_post_body"}},{"AssignType":{"id":"shape_r8MFTuwcM5","to":{"StringT":{}},"conceptId":"concept_usersinvite_end_user_post_body"}},{"AddResponse":{"responseId":"response_s9sZFzct76","requestId":"path_kzJPEsftRq}_post","httpStatusCode":200}},{"AddRequest":{"requestId":"path_ET1D1tuHv9}_post","pathId":"G8yYNp_path_10","httpMethod":"post"}},{"DefineInlineConcept":{"root":"shape_wc5OgoGl7R","conceptId":"concept_usersinvite_vendor_user_post_body"}},{"AssignType":{"id":"shape_wc5OgoGl7R","to":{"ObjectT":{}},"conceptId":"concept_usersinvite_vendor_user_post_body"}},{"AddField":{"parentId":"shape_wc5OgoGl7R","id":"shape_lpzgjTLMt2","conceptId":"concept_usersinvite_vendor_user_post_body"}},{"SetFieldName":{"id":"shape_lpzgjTLMt2","newName":"email","conceptId":"concept_usersinvite_vendor_user_post_body"}},{"AssignType":{"id":"shape_lpzgjTLMt2","to":{"StringT":{}},"conceptId":"concept_usersinvite_vendor_user_post_body"}},{"AddField":{"parentId":"shape_wc5OgoGl7R","id":"shape_MfH6egYSk8","conceptId":"concept_usersinvite_vendor_user_post_body"}},{"SetFieldName":{"id":"shape_MfH6egYSk8","newName":"full_name","conceptId":"concept_usersinvite_vendor_user_post_body"}},{"AssignType":{"id":"shape_MfH6egYSk8","to":{"StringT":{}},"conceptId":"concept_usersinvite_vendor_user_post_body"}},{"AddField":{"parentId":"shape_wc5OgoGl7R","id":"shape_2NDLfC121V","conceptId":"concept_usersinvite_vendor_user_post_body"}},{"SetFieldName":{"id":"shape_2NDLfC121V","newName":"permission_group_id","conceptId":"concept_usersinvite_vendor_user_post_body"}},{"AssignType":{"id":"shape_2NDLfC121V","to":{"NumberT":{}},"conceptId":"concept_usersinvite_vendor_user_post_body"}},{"AddField":{"parentId":"shape_wc5OgoGl7R","id":"shape_xXIPacrW8q","conceptId":"concept_usersinvite_vendor_user_post_body"}},{"SetFieldName":{"id":"shape_xXIPacrW8q","newName":"team","conceptId":"concept_usersinvite_vendor_user_post_body"}},{"AssignType":{"id":"shape_xXIPacrW8q","to":{"StringT":{}},"conceptId":"concept_usersinvite_vendor_user_post_body"}},{"AddField":{"parentId":"shape_wc5OgoGl7R","id":"shape_2S0BCY5L8m","conceptId":"concept_usersinvite_vendor_user_post_body"}},{"SetFieldName":{"id":"shape_2S0BCY5L8m","newName":"external_id","conceptId":"concept_usersinvite_vendor_user_post_body"}},{"AssignType":{"id":"shape_2S0BCY5L8m","to":{"StringT":{}},"conceptId":"concept_usersinvite_vendor_user_post_body"}},{"AddResponse":{"responseId":"response_1jctRkfHBM","requestId":"path_ET1D1tuHv9}_post","httpStatusCode":200}},{"AddRequest":{"requestId":"path_pHK2kYAuye}_get","pathId":"G8yYNp_path_3","httpMethod":"get"}},{"AddResponse":{"responseId":"response_uEQch0F8Ir","requestId":"path_pHK2kYAuye}_get","httpStatusCode":200}},{"DefineInlineConcept":{"root":"shape_SMUDumlMX8","conceptId":"concept_BPqH8vSVe26v"}},{"AssignType":{"id":"shape_SMUDumlMX8","to":{"ListT":{}},"conceptId":"concept_BPqH8vSVe26v"}},{"AddTypeParameter":{"parentId":"shape_SMUDumlMX8","id":"shape_tGstBNW2P0","conceptId":"concept_BPqH8vSVe26v"}},{"AssignType":{"id":"shape_tGstBNW2P0","to":{"RefT":{"conceptId":"concept_wDnNEq_feature"}},"conceptId":"concept_BPqH8vSVe26v"}},{"AddRequest":{"requestId":"path_JLWCnoShF4}_get","pathId":"G8yYNp_path_15","httpMethod":"get"}},{"AddResponse":{"responseId":"response_ICKLm3oedH","requestId":"path_JLWCnoShF4}_get","httpStatusCode":200}},{"DefineInlineConcept":{"root":"shape_kpjre4NgMf","conceptId":"concept_styWnkUqEP74"}},{"AssignType":{"id":"shape_kpjre4NgMf","to":{"ListT":{}},"conceptId":"concept_styWnkUqEP74"}},{"AddTypeParameter":{"parentId":"shape_kpjre4NgMf","id":"shape_k5feaYbRbq","conceptId":"concept_styWnkUqEP74"}},{"AssignType":{"id":"shape_k5feaYbRbq","to":{"RefT":{"conceptId":"concept_9DwYWA_vote"}},"conceptId":"concept_styWnkUqEP74"}},{"AddRequest":{"requestId":"path_JLWCnoShF4}_post","pathId":"G8yYNp_path_15","httpMethod":"post"}},{"DefineInlineConcept":{"root":"shape_zvZkq1MS8p","conceptId":"concept_votes_post_body"}},{"AssignType":{"id":"shape_zvZkq1MS8p","to":{"ObjectT":{}},"conceptId":"concept_votes_post_body"}},{"AddField":{"parentId":"shape_zvZkq1MS8p","id":"shape_GHnQg1GP6k","conceptId":"concept_votes_post_body"}},{"SetFieldName":{"id":"shape_GHnQg1GP6k","newName":"user_id","conceptId":"concept_votes_post_body"}},{"AssignType":{"id":"shape_GHnQg1GP6k","to":{"StringT":{}},"conceptId":"concept_votes_post_body"}},{"AddField":{"parentId":"shape_zvZkq1MS8p","id":"shape_3nGnX5FO25","conceptId":"concept_votes_post_body"}},{"SetFieldName":{"id":"shape_3nGnX5FO25","newName":"votes","conceptId":"concept_votes_post_body"}},{"AssignType":{"id":"shape_3nGnX5FO25","to":{"ListT":{}},"conceptId":"concept_votes_post_body"}},{"AddTypeParameter":{"parentId":"shape_3nGnX5FO25","id":"shape_HJbHCbsEHk","conceptId":"concept_votes_post_body"}},{"AssignType":{"id":"shape_HJbHCbsEHk","to":{"RefT":{"conceptId":"concept_gwEmjG_featurevote"}},"conceptId":"concept_votes_post_body"}},{"AddResponse":{"responseId":"response_MpXPcrFt7U","requestId":"path_JLWCnoShF4}_post","httpStatusCode":200}},{"AddRequest":{"requestId":"path_MsgyP9L8HM}_get","pathId":"G8yYNp_path_4","httpMethod":"get"}},{"AddResponse":{"responseId":"response_rkjBSdwnPR","requestId":"path_MsgyP9L8HM}_get","httpStatusCode":200}},{"DefineInlineConcept":{"root":"shape_vyya4kpPTT","conceptId":"concept_uw4wJXBW3J2k"}},{"AssignType":{"id":"shape_vyya4kpPTT","to":{"RefT":{"conceptId":"concept_wDnNEq_feature"}},"conceptId":"concept_uw4wJXBW3J2k"}},{"AddRequest":{"requestId":"path_QAWVC8jPUL}_post","pathId":"G8yYNp_path_14","httpMethod":"post"}},{"DefineInlineConcept":{"root":"shape_vNtkL9KrFG","conceptId":"concept_vendor_users_post_body"}},{"AssignType":{"id":"shape_vNtkL9KrFG","to":{"ObjectT":{}},"conceptId":"concept_vendor_users_post_body"}},{"AddField":{"parentId":"shape_vNtkL9KrFG","id":"shape_5xj3x3O89o","conceptId":"concept_vendor_users_post_body"}},{"SetFieldName":{"id":"shape_5xj3x3O89o","newName":"email","conceptId":"concept_vendor_users_post_body"}},{"AssignType":{"id":"shape_5xj3x3O89o","to":{"StringT":{}},"conceptId":"concept_vendor_users_post_body"}},{"AddField":{"parentId":"shape_vNtkL9KrFG","id":"shape_y7J1K3LoiJ","conceptId":"concept_vendor_users_post_body"}},{"SetFieldName":{"id":"shape_y7J1K3LoiJ","newName":"full_name","conceptId":"concept_vendor_users_post_body"}},{"AssignType":{"id":"shape_y7J1K3LoiJ","to":{"StringT":{}},"conceptId":"concept_vendor_users_post_body"}},{"AddField":{"parentId":"shape_vNtkL9KrFG","id":"shape_rhIvjiOzZu","conceptId":"concept_vendor_users_post_body"}},{"SetFieldName":{"id":"shape_rhIvjiOzZu","newName":"permission_group_id","conceptId":"concept_vendor_users_post_body"}},{"AssignType":{"id":"shape_rhIvjiOzZu","to":{"NumberT":{}},"conceptId":"concept_vendor_users_post_body"}},{"AddField":{"parentId":"shape_vNtkL9KrFG","id":"shape_BmbnNQldGJ","conceptId":"concept_vendor_users_post_body"}},{"SetFieldName":{"id":"shape_BmbnNQldGJ","newName":"team","conceptId":"concept_vendor_users_post_body"}},{"AssignType":{"id":"shape_BmbnNQldGJ","to":{"StringT":{}},"conceptId":"concept_vendor_users_post_body"}},{"AddField":{"parentId":"shape_vNtkL9KrFG","id":"shape_VVwq5jkzxc","conceptId":"concept_vendor_users_post_body"}},{"SetFieldName":{"id":"shape_VVwq5jkzxc","newName":"external_id","conceptId":"concept_vendor_users_post_body"}},{"AssignType":{"id":"shape_VVwq5jkzxc","to":{"StringT":{}},"conceptId":"concept_vendor_users_post_body"}},{"AddResponse":{"responseId":"response_aFnV2DYF4v","requestId":"path_QAWVC8jPUL}_post","httpStatusCode":200}},{"SetRequestBodyShape":{"requestId":"path_k5tL4pikg4}_post","bodyDescriptor":{"httpContentType":"application/json","conceptId":"concept_accountsidtags_post_body"}}},{"SetResponseBodyShape":{"responseId":"response_DcxHgjI2O5","bodyDescriptor":{"httpContentType":"application/json","conceptId":"concept_u1kkxjIDityx"}}},{"SetRequestBodyShape":{"requestId":"path_xSPSXRKhoV}_post","bodyDescriptor":{"httpContentType":"application/json","conceptId":"concept_users_post_body"}}},{"SetResponseBodyShape":{"responseId":"response_MIbcy7RSNM","bodyDescriptor":{"httpContentType":"application/json","conceptId":"concept_rQovyObR1Uo5"}}},{"SetResponseBodyShape":{"responseId":"response_AWrApupw3E","bodyDescriptor":{"httpContentType":"application/json","conceptId":"concept_HHz3Zwjvw1AG"}}},{"SetRequestBodyShape":{"requestId":"path_rkPMA68Of4}_put","bodyDescriptor":{"httpContentType":"application/json","conceptId":"concept_usersid_put_body"}}},{"SetResponseBodyShape":{"responseId":"response_ZLUQig8fe5","bodyDescriptor":{"httpContentType":"application/json","conceptId":"concept_in6AGWv5hbBa"}}},{"SetResponseBodyShape":{"responseId":"response_0aX4nDnjFc","bodyDescriptor":{"httpContentType":"application/json","conceptId":"concept_RGQ7JudFGmDw"}}},{"SetResponseBodyShape":{"responseId":"response_JDAqJX66f9","bodyDescriptor":{"httpContentType":"application/json","conceptId":"concept_YVxOcIaY0uk1"}}},{"SetRequestBodyShape":{"requestId":"path_dyOj6ui8Lf}_put","bodyDescriptor":{"httpContentType":"application/json","conceptId":"concept_accountsid_put_body"}}},{"SetResponseBodyShape":{"responseId":"response_Y36N6RY5Rn","bodyDescriptor":{"httpContentType":"application/json","conceptId":"concept_a9jvxp4qqRbZ"}}},{"SetResponseBodyShape":{"responseId":"response_MQdWuoOlqm","bodyDescriptor":{"httpContentType":"application/json","conceptId":"concept_C95Gx4zJvSEn"}}},{"SetRequestBodyShape":{"requestId":"path_lP8jUfjAEm}_post","bodyDescriptor":{"httpContentType":"application/json","conceptId":"concept_featuresidtags_post_body"}}},{"SetRequestBodyShape":{"requestId":"path_1peWpvfj16}_post","bodyDescriptor":{"httpContentType":"application/json","conceptId":"concept_usersidtags_post_body"}}},{"SetRequestBodyShape":{"requestId":"path_kzJPEsftRq}_post","bodyDescriptor":{"httpContentType":"application/json","conceptId":"concept_usersinvite_end_user_post_body"}}},{"SetRequestBodyShape":{"requestId":"path_ET1D1tuHv9}_post","bodyDescriptor":{"httpContentType":"application/json","conceptId":"concept_usersinvite_vendor_user_post_body"}}},{"SetResponseBodyShape":{"responseId":"response_uEQch0F8Ir","bodyDescriptor":{"httpContentType":"application/json","conceptId":"concept_BPqH8vSVe26v"}}},{"SetResponseBodyShape":{"responseId":"response_ICKLm3oedH","bodyDescriptor":{"httpContentType":"application/json","conceptId":"concept_styWnkUqEP74"}}},{"SetRequestBodyShape":{"requestId":"path_JLWCnoShF4}_post","bodyDescriptor":{"httpContentType":"application/json","conceptId":"concept_votes_post_body"}}},{"SetResponseBodyShape":{"responseId":"response_rkjBSdwnPR","bodyDescriptor":{"httpContentType":"application/json","conceptId":"concept_uw4wJXBW3J2k"}}},{"SetRequestBodyShape":{"requestId":"path_QAWVC8jPUL}_post","bodyDescriptor":{"httpContentType":"application/json","conceptId":"concept_vendor_users_post_body"}}}]