[{"DefineConcept":{"name":"Promotions_Collection","root":"shape_tE7Hu57z0p","conceptId":"concept_tl7NBy_promotions_collection"}},{"SetConceptName":{"newName":"Promotions_Collection","conceptId":"concept_tl7NBy_promotions_collection"}},{"DefineConcept":{"name":"Country_Collection","root":"shape_nffriggKPE","conceptId":"concept_DetaFv_country_collection"}},{"SetConceptName":{"newName":"Country_Collection","conceptId":"concept_DetaFv_country_collection"}},{"DefineConcept":{"name":"Commissions_Collection","root":"shape_xF6bU4Q0nZ","conceptId":"concept_VCI7Y0_commissions_collection"}},{"SetConceptName":{"newName":"Commissions_Collection","conceptId":"concept_VCI7Y0_commissions_collection"}},{"DefineConcept":{"name":"Account_Balance","root":"shape_ZpkWxDSfOc","conceptId":"concept_XJ544V_account_balance"}},{"SetConceptName":{"newName":"Account_Balance","conceptId":"concept_XJ544V_account_balance"}},{"DefineConcept":{"name":"Topup_a_phone","root":"shape_wJl7R3Xwvo","conceptId":"concept_gLlyIB_topup_a_phone"}},{"SetConceptName":{"newName":"Topup_a_phone","conceptId":"concept_gLlyIB_topup_a_phone"}},{"DefineConcept":{"name":"Operators_Collection","root":"shape_MJInEtsxyU","conceptId":"concept_mvgywx_operators_collection"}},{"SetConceptName":{"newName":"Operators_Collection","conceptId":"concept_mvgywx_operators_collection"}},{"DefineConcept":{"name":"Transaction_History","root":"shape_eGDtPzgVca","conceptId":"concept_Vbo8zS_transaction_history"}},{"SetConceptName":{"newName":"Transaction_History","conceptId":"concept_Vbo8zS_transaction_history"}},{"AssignType":{"id":"shape_tE7Hu57z0p","to":{"AnyT":{}},"conceptId":"concept_tl7NBy_promotions_collection"}},{"AssignType":{"id":"shape_nffriggKPE","to":{"AnyT":{}},"conceptId":"concept_DetaFv_country_collection"}},{"AssignType":{"id":"shape_xF6bU4Q0nZ","to":{"AnyT":{}},"conceptId":"concept_VCI7Y0_commissions_collection"}},{"AssignType":{"id":"shape_ZpkWxDSfOc","to":{"AnyT":{}},"conceptId":"concept_XJ544V_account_balance"}},{"AssignType":{"id":"shape_wJl7R3Xwvo","to":{"AnyT":{}},"conceptId":"concept_gLlyIB_topup_a_phone"}},{"AssignType":{"id":"shape_MJInEtsxyU","to":{"AnyT":{}},"conceptId":"concept_mvgywx_operators_collection"}},{"AssignType":{"id":"shape_eGDtPzgVca","to":{"AnyT":{}},"conceptId":"concept_Vbo8zS_transaction_history"}},{"AddPathComponent":{"pathId":"zFSm2N_path_0","parentPathId":"root","name":"accounts"}},{"AddPathComponent":{"pathId":"zFSm2N_path_1","parentPathId":"zFSm2N_path_0","name":"balance"}},{"AddPathComponent":{"pathId":"zFSm2N_path_2","parentPathId":"root","name":"countries"}},{"AddPathComponent":{"pathId":"zFSm2N_path_3","parentPathId":"zFSm2N_path_2","name":"HT"}},{"AddPathComponent":{"pathId":"zFSm2N_path_4","parentPathId":"root","name":"operators"}},{"AddPathComponent":{"pathId":"zFSm2N_path_5","parentPathId":"zFSm2N_path_4","name":"173"}},{"AddPathComponent":{"pathId":"zFSm2N_path_6","parentPathId":"zFSm2N_path_5","name":"commissions"}},{"AddPathComponent":{"pathId":"zFSm2N_path_7","parentPathId":"zFSm2N_path_4","name":"auto-detect"}},{"AddPathComponent":{"pathId":"zFSm2N_path_8","parentPathId":"zFSm2N_path_7","name":"phone"}},{"AddPathComponent":{"pathId":"zFSm2N_path_9","parentPathId":"zFSm2N_path_8","name":"+50936377111"}},{"AddPathComponent":{"pathId":"zFSm2N_path_10","parentPathId":"zFSm2N_path_9","name":"country-code"}},{"AddPathComponent":{"pathId":"zFSm2N_path_11","parentPathId":"zFSm2N_path_10","name":"HT?&includeBundles=true"}},{"AddPathComponent":{"pathId":"zFSm2N_path_12","parentPathId":"zFSm2N_path_4","name":"commissions?page=1&size=3"}},{"AddPathComponent":{"pathId":"zFSm2N_path_13","parentPathId":"zFSm2N_path_4","name":"countries"}},{"AddPathComponent":{"pathId":"zFSm2N_path_14","parentPathId":"zFSm2N_path_13","name":"HT"}},{"AddPathComponent":{"pathId":"zFSm2N_path_15","parentPathId":"root","name":"operators?page=1&size=3&suggestedAmounts=true&suggestedAmountsMap=true&includeBundles=true"}},{"AddPathComponent":{"pathId":"zFSm2N_path_16","parentPathId":"root","name":"promotions"}},{"AddPathComponent":{"pathId":"zFSm2N_path_17","parentPathId":"zFSm2N_path_16","name":"5"}},{"AddPathComponent":{"pathId":"zFSm2N_path_18","parentPathId":"zFSm2N_path_16","name":"operators"}},{"AddPathComponent":{"pathId":"zFSm2N_path_19","parentPathId":"zFSm2N_path_18","name":"129"}},{"AddPathComponent":{"pathId":"zFSm2N_path_20","parentPathId":"root","name":"promotions?page=1&size=3"}},{"AddPathComponent":{"pathId":"zFSm2N_path_21","parentPathId":"root","name":"topups"}},{"AddPathComponent":{"pathId":"zFSm2N_path_22","parentPathId":"zFSm2N_path_21","name":"reports"}},{"AddPathComponent":{"pathId":"zFSm2N_path_23","parentPathId":"zFSm2N_path_22","name":"transactions?page=1&size=1&startTime=2018-06-01 00:00:00&endTime=2018-06-26 23:59:59"}},{"AddRequest":{"requestId":"path_7Lnupi1COR}_get","pathId":"zFSm2N_path_2","httpMethod":"get"}},{"AddResponse":{"responseId":"response_LMCesXjN6y","requestId":"path_7Lnupi1COR}_get","httpStatusCode":200}},{"AddRequest":{"requestId":"path_6Kb1tLTcxy}_get","pathId":"zFSm2N_path_20","httpMethod":"get"}},{"AddResponse":{"responseId":"response_BAf5fIJ0eK","requestId":"path_6Kb1tLTcxy}_get","httpStatusCode":200}},{"AddRequest":{"requestId":"path_IrKghA15md}_get","pathId":"zFSm2N_path_17","httpMethod":"get"}},{"AddResponse":{"responseId":"response_jWKFimFfQy","requestId":"path_IrKghA15md}_get","httpStatusCode":200}},{"AddRequest":{"requestId":"path_SByMIpokLq}_get","pathId":"zFSm2N_path_15","httpMethod":"get"}},{"AddResponse":{"responseId":"response_01GXJzHeJZ","requestId":"path_SByMIpokLq}_get","httpStatusCode":200}},{"AddRequest":{"requestId":"path_5YMRwbgo3y}_get","pathId":"zFSm2N_path_12","httpMethod":"get"}},{"AddResponse":{"responseId":"response_QyLrmKlK1p","requestId":"path_5YMRwbgo3y}_get","httpStatusCode":200}},{"AddRequest":{"requestId":"path_yynrrkQXmj}_get","pathId":"zFSm2N_path_19","httpMethod":"get"}},{"AddResponse":{"responseId":"response_bis9u0JrKT","requestId":"path_yynrrkQXmj}_get","httpStatusCode":200}},{"AddRequest":{"requestId":"path_ha9UKl9Ugt}_get","pathId":"zFSm2N_path_6","httpMethod":"get"}},{"AddResponse":{"responseId":"response_w3qc29tFGw","requestId":"path_ha9UKl9Ugt}_get","httpStatusCode":200}},{"AddRequest":{"requestId":"path_BJVxFoZmCi}_get","pathId":"zFSm2N_path_23","httpMethod":"get"}},{"AddResponse":{"responseId":"response_7mi2OxLehc","requestId":"path_BJVxFoZmCi}_get","httpStatusCode":200}},{"AddRequest":{"requestId":"path_fTK50uMwi5}_post","pathId":"zFSm2N_path_21","httpMethod":"post"}},{"AddResponse":{"responseId":"response_mSY6ABT9qy","requestId":"path_fTK50uMwi5}_post","httpStatusCode":200}},{"AddRequest":{"requestId":"path_SqEN0BdrCN}_get","pathId":"zFSm2N_path_11","httpMethod":"get"}},{"AddResponse":{"responseId":"response_JtTblFPEYP","requestId":"path_SqEN0BdrCN}_get","httpStatusCode":200}},{"AddRequest":{"requestId":"path_a0Ukp2cmQV}_get","pathId":"zFSm2N_path_14","httpMethod":"get"}},{"AddResponse":{"responseId":"response_uQ5hKU6VfG","requestId":"path_a0Ukp2cmQV}_get","httpStatusCode":200}},{"AddRequest":{"requestId":"path_2MEEz9mNbj}_get","pathId":"zFSm2N_path_3","httpMethod":"get"}},{"AddResponse":{"responseId":"response_815EwVGJ3A","requestId":"path_2MEEz9mNbj}_get","httpStatusCode":200}},{"AddRequest":{"requestId":"path_SHEKoyoK5H}_get","pathId":"zFSm2N_path_1","httpMethod":"get"}},{"AddResponse":{"responseId":"response_qSfyXNQK4q","requestId":"path_SHEKoyoK5H}_get","httpStatusCode":200}},{"AddRequest":{"requestId":"path_X9y5w9vi5d}_get","pathId":"zFSm2N_path_5","httpMethod":"get"}},{"AddResponse":{"responseId":"response_oZkNBg8cwj","requestId":"path_X9y5w9vi5d}_get","httpStatusCode":200}}]