[{"DefineConcept":{"name":"Action","root":"shape_EWMz34tDVM","conceptId":"concept_M5HTEe_action"}},{"SetConceptName":{"newName":"Action","conceptId":"concept_M5HTEe_action"}},{"DefineConcept":{"name":"AttributesName","root":"shape_DW5iGlbciv","conceptId":"concept_SLFpb4_attributesname"}},{"SetConceptName":{"newName":"AttributesName","conceptId":"concept_SLFpb4_attributesname"}},{"DefineConcept":{"name":"Item","root":"shape_IdcceZq9Ja","conceptId":"concept_S1mVtN_item"}},{"SetConceptName":{"newName":"Item","conceptId":"concept_S1mVtN_item"}},{"DefineConcept":{"name":"User","root":"shape_hN6tFX7w7y","conceptId":"concept_GRRo1E_user"}},{"SetConceptName":{"newName":"User","conceptId":"concept_GRRo1E_user"}},{"AssignType":{"id":"shape_EWMz34tDVM","to":{"AnyT":{}},"conceptId":"concept_M5HTEe_action"}},{"AssignType":{"id":"shape_DW5iGlbciv","to":{"AnyT":{}},"conceptId":"concept_SLFpb4_attributesname"}},{"AssignType":{"id":"shape_IdcceZq9Ja","to":{"AnyT":{}},"conceptId":"concept_S1mVtN_item"}},{"AssignType":{"id":"shape_hN6tFX7w7y","to":{"AnyT":{}},"conceptId":"concept_GRRo1E_user"}},{"AddPathComponent":{"pathId":"FrFy7h_path_0","parentPathId":"root","name":"actions"}},{"AddPathComponent":{"pathId":"FrFy7h_path_1","parentPathId":"root","name":"items"}},{"AddPathComponent":{"pathId":"FrFy7h_path_2","parentPathId":"FrFy7h_path_1","name":"type"}},{"AddPathParameter":{"pathId":"FrFy7h_path_3","parentPathId":"FrFy7h_path_1","name":"itemId"}},{"AddPathComponent":{"pathId":"FrFy7h_path_4","parentPathId":"root","name":"js"}},{"AddPathComponent":{"pathId":"FrFy7h_path_5","parentPathId":"FrFy7h_path_4","name":"action"}},{"AddPathComponent":{"pathId":"FrFy7h_path_6","parentPathId":"FrFy7h_path_5","name":"new"}},{"AddPathComponent":{"pathId":"FrFy7h_path_7","parentPathId":"FrFy7h_path_4","name":"recommendations"}},{"AddPathComponent":{"pathId":"FrFy7h_path_8","parentPathId":"root","name":"token"}},{"AddPathComponent":{"pathId":"FrFy7h_path_9","parentPathId":"root","name":"users"}},{"AddPathParameter":{"pathId":"FrFy7h_path_10","parentPathId":"FrFy7h_path_9","name":"userId"}},{"AddPathComponent":{"pathId":"FrFy7h_path_11","parentPathId":"FrFy7h_path_10","name":"actions"}},{"AddPathComponent":{"pathId":"FrFy7h_path_12","parentPathId":"FrFy7h_path_10","name":"recommendations"}},{"AddRequest":{"requestId":"path_YfdNjSvLw5}_get","pathId":"FrFy7h_path_11","httpMethod":"get"}},{"AddResponse":{"responseId":"response_GKA187c7Pc","requestId":"path_YfdNjSvLw5}_get","httpStatusCode":400}},{"AddRequest":{"requestId":"path_Fx1UYblpSk}_get","pathId":"FrFy7h_path_2","httpMethod":"get"}},{"AddResponse":{"responseId":"response_ZpeqoUk1NI","requestId":"path_Fx1UYblpSk}_get","httpStatusCode":400}},{"AddRequest":{"requestId":"path_Z4LEs4rUhd}_get","pathId":"FrFy7h_path_3","httpMethod":"get"}},{"AddResponse":{"responseId":"response_NMayHhvUTP","requestId":"path_Z4LEs4rUhd}_get","httpStatusCode":400}},{"AddRequest":{"requestId":"path_aSSpeFNdUq}_get","pathId":"FrFy7h_path_9","httpMethod":"get"}},{"AddResponse":{"responseId":"response_6k5gmbSAmH","requestId":"path_aSSpeFNdUq}_get","httpStatusCode":400}},{"AddRequest":{"requestId":"path_aSSpeFNdUq}_post","pathId":"FrFy7h_path_9","httpMethod":"post"}},{"DefineInlineConcept":{"root":"shape_gS0VS7U5qd","conceptId":"concept_users_post_body"}},{"AssignType":{"id":"shape_gS0VS7U5qd","to":{"RefT":{"conceptId":"concept_GRRo1E_user"}},"conceptId":"concept_users_post_body"}},{"AddResponse":{"responseId":"response_Cb0UCAE6sF","requestId":"path_aSSpeFNdUq}_post","httpStatusCode":400}},{"AddRequest":{"requestId":"path_aSSpeFNdUq}_put","pathId":"FrFy7h_path_9","httpMethod":"put"}},{"DefineInlineConcept":{"root":"shape_4SNPOKxlgE","conceptId":"concept_users_put_body"}},{"AssignType":{"id":"shape_4SNPOKxlgE","to":{"RefT":{"conceptId":"concept_GRRo1E_user"}},"conceptId":"concept_users_put_body"}},{"AddResponse":{"responseId":"response_ihI034xbYr","requestId":"path_aSSpeFNdUq}_put","httpStatusCode":400}},{"AddRequest":{"requestId":"path_Ztwhf6hJid}_get","pathId":"FrFy7h_path_12","httpMethod":"get"}},{"AddResponse":{"responseId":"response_M8RYwQYX3q","requestId":"path_Ztwhf6hJid}_get","httpStatusCode":400}},{"AddRequest":{"requestId":"path_8OfY97BdVL}_post","pathId":"FrFy7h_path_0","httpMethod":"post"}},{"DefineInlineConcept":{"root":"shape_e93jkGOptu","conceptId":"concept_actions_post_body"}},{"AssignType":{"id":"shape_e93jkGOptu","to":{"RefT":{"conceptId":"concept_M5HTEe_action"}},"conceptId":"concept_actions_post_body"}},{"AddResponse":{"responseId":"response_XByT002zSh","requestId":"path_8OfY97BdVL}_post","httpStatusCode":400}},{"AddRequest":{"requestId":"path_SyDgVNDh02}_get","pathId":"FrFy7h_path_8","httpMethod":"get"}},{"AddResponse":{"responseId":"response_A3zMVs8Aw0","requestId":"path_SyDgVNDh02}_get","httpStatusCode":400}},{"AddRequest":{"requestId":"path_rTEePkEiLq}_get","pathId":"FrFy7h_path_6","httpMethod":"get"}},{"AddResponse":{"responseId":"response_FMECy6jpnN","requestId":"path_rTEePkEiLq}_get","httpStatusCode":400}},{"AddRequest":{"requestId":"path_QX4n713XpU}_get","pathId":"FrFy7h_path_1","httpMethod":"get"}},{"AddResponse":{"responseId":"response_rorbLFaC1b","requestId":"path_QX4n713XpU}_get","httpStatusCode":400}},{"AddRequest":{"requestId":"path_QX4n713XpU}_post","pathId":"FrFy7h_path_1","httpMethod":"post"}},{"DefineInlineConcept":{"root":"shape_UgyGONrpJ8","conceptId":"concept_items_post_body"}},{"AssignType":{"id":"shape_UgyGONrpJ8","to":{"RefT":{"conceptId":"concept_S1mVtN_item"}},"conceptId":"concept_items_post_body"}},{"AddResponse":{"responseId":"response_UCjgYAdP7z","requestId":"path_QX4n713XpU}_post","httpStatusCode":400}},{"AddRequest":{"requestId":"path_QX4n713XpU}_put","pathId":"FrFy7h_path_1","httpMethod":"put"}},{"DefineInlineConcept":{"root":"shape_KcSC5rkzdV","conceptId":"concept_items_put_body"}},{"AssignType":{"id":"shape_KcSC5rkzdV","to":{"RefT":{"conceptId":"concept_S1mVtN_item"}},"conceptId":"concept_items_put_body"}},{"AddResponse":{"responseId":"response_uUEvdeIJpt","requestId":"path_QX4n713XpU}_put","httpStatusCode":400}},{"AddRequest":{"requestId":"path_saY4rKJy0W}_get","pathId":"FrFy7h_path_7","httpMethod":"get"}},{"AddResponse":{"responseId":"response_TcW4cnpozS","requestId":"path_saY4rKJy0W}_get","httpStatusCode":400}},{"AddRequest":{"requestId":"path_ZPWQLayMVc}_get","pathId":"FrFy7h_path_10","httpMethod":"get"}},{"AddResponse":{"responseId":"response_8CIzZsQ3xN","requestId":"path_ZPWQLayMVc}_get","httpStatusCode":400}},{"SetRequestBodyShape":{"requestId":"path_aSSpeFNdUq}_post","bodyDescriptor":{"httpContentType":"application/json","conceptId":"concept_users_post_body"}}},{"SetRequestBodyShape":{"requestId":"path_aSSpeFNdUq}_put","bodyDescriptor":{"httpContentType":"application/json","conceptId":"concept_users_put_body"}}},{"SetRequestBodyShape":{"requestId":"path_8OfY97BdVL}_post","bodyDescriptor":{"httpContentType":"application/json","conceptId":"concept_actions_post_body"}}},{"SetRequestBodyShape":{"requestId":"path_QX4n713XpU}_post","bodyDescriptor":{"httpContentType":"application/json","conceptId":"concept_items_post_body"}}},{"SetRequestBodyShape":{"requestId":"path_QX4n713XpU}_put","bodyDescriptor":{"httpContentType":"application/json","conceptId":"concept_items_put_body"}}}]