[{"DefineConcept":{"name":"ConversionParameters","root":"shape_wiYNQsx7tf","conceptId":"concept_gcG4Wi_conversionparameters"}},{"SetConceptName":{"newName":"ConversionParameters","conceptId":"concept_gcG4Wi_conversionparameters"}},{"AssignType":{"id":"shape_wiYNQsx7tf","to":{"ObjectT":{}},"conceptId":"concept_gcG4Wi_conversionparameters"}},{"AddField":{"parentId":"shape_wiYNQsx7tf","id":"shape_YbhdIjAUCI","conceptId":"concept_gcG4Wi_conversionparameters"}},{"SetFieldName":{"id":"shape_YbhdIjAUCI","newName":"margin_right","conceptId":"concept_gcG4Wi_conversionparameters"}},{"AssignType":{"id":"shape_YbhdIjAUCI","to":{"IntegerT":{}},"conceptId":"concept_gcG4Wi_conversionparameters"}},{"AddField":{"parentId":"shape_wiYNQsx7tf","id":"shape_2OIMzcyOJj","conceptId":"concept_gcG4Wi_conversionparameters"}},{"SetFieldName":{"id":"shape_2OIMzcyOJj","newName":"url","conceptId":"concept_gcG4Wi_conversionparameters"}},{"AssignType":{"id":"shape_2OIMzcyOJj","to":{"StringT":{}},"conceptId":"concept_gcG4Wi_conversionparameters"}},{"AddField":{"parentId":"shape_wiYNQsx7tf","id":"shape_tb2Os7uAXb","conceptId":"concept_gcG4Wi_conversionparameters"}},{"SetFieldName":{"id":"shape_tb2Os7uAXb","newName":"margin_left","conceptId":"concept_gcG4Wi_conversionparameters"}},{"AssignType":{"id":"shape_tb2Os7uAXb","to":{"IntegerT":{}},"conceptId":"concept_gcG4Wi_conversionparameters"}},{"AddField":{"parentId":"shape_wiYNQsx7tf","id":"shape_bQvEvAIbLW","conceptId":"concept_gcG4Wi_conversionparameters"}},{"SetFieldName":{"id":"shape_bQvEvAIbLW","newName":"page_orientation","conceptId":"concept_gcG4Wi_conversionparameters"}},{"AssignType":{"id":"shape_bQvEvAIbLW","to":{"StringT":{}},"conceptId":"concept_gcG4Wi_conversionparameters"}},{"AddField":{"parentId":"shape_wiYNQsx7tf","id":"shape_hKjq8k9CNV","conceptId":"concept_gcG4Wi_conversionparameters"}},{"SetFieldName":{"id":"shape_hKjq8k9CNV","newName":"page_size","conceptId":"concept_gcG4Wi_conversionparameters"}},{"AssignType":{"id":"shape_hKjq8k9CNV","to":{"StringT":{}},"conceptId":"concept_gcG4Wi_conversionparameters"}},{"AddField":{"parentId":"shape_wiYNQsx7tf","id":"shape_POcGRFs21n","conceptId":"concept_gcG4Wi_conversionparameters"}},{"SetFieldName":{"id":"shape_POcGRFs21n","newName":"base_url","conceptId":"concept_gcG4Wi_conversionparameters"}},{"AssignType":{"id":"shape_POcGRFs21n","to":{"StringT":{}},"conceptId":"concept_gcG4Wi_conversionparameters"}},{"AddField":{"parentId":"shape_wiYNQsx7tf","id":"shape_2yp4qSzrhr","conceptId":"concept_gcG4Wi_conversionparameters"}},{"SetFieldName":{"id":"shape_2yp4qSzrhr","newName":"margin_bottom","conceptId":"concept_gcG4Wi_conversionparameters"}},{"AssignType":{"id":"shape_2yp4qSzrhr","to":{"IntegerT":{}},"conceptId":"concept_gcG4Wi_conversionparameters"}},{"AddField":{"parentId":"shape_wiYNQsx7tf","id":"shape_HjCwLdeCT9","conceptId":"concept_gcG4Wi_conversionparameters"}},{"SetFieldName":{"id":"shape_HjCwLdeCT9","newName":"key","conceptId":"concept_gcG4Wi_conversionparameters"}},{"AssignType":{"id":"shape_HjCwLdeCT9","to":{"StringT":{}},"conceptId":"concept_gcG4Wi_conversionparameters"}},{"AddField":{"parentId":"shape_wiYNQsx7tf","id":"shape_yjEVz2RIdB","conceptId":"concept_gcG4Wi_conversionparameters"}},{"SetFieldName":{"id":"shape_yjEVz2RIdB","newName":"margin_top","conceptId":"concept_gcG4Wi_conversionparameters"}},{"AssignType":{"id":"shape_yjEVz2RIdB","to":{"IntegerT":{}},"conceptId":"concept_gcG4Wi_conversionparameters"}},{"AddField":{"parentId":"shape_wiYNQsx7tf","id":"shape_Str7MXTzkM","conceptId":"concept_gcG4Wi_conversionparameters"}},{"SetFieldName":{"id":"shape_Str7MXTzkM","newName":"html","conceptId":"concept_gcG4Wi_conversionparameters"}},{"AssignType":{"id":"shape_Str7MXTzkM","to":{"StringT":{}},"conceptId":"concept_gcG4Wi_conversionparameters"}},{"AddPathComponent":{"pathId":"lgzJAa_path_0","parentPathId":"root","name":"api2"}},{"AddPathComponent":{"pathId":"lgzJAa_path_1","parentPathId":"lgzJAa_path_0","name":"convert"}},{"AddRequest":{"requestId":"path_1UGtuLPv42}_post","pathId":"lgzJAa_path_1","httpMethod":"post"}},{"DefineInlineConcept":{"root":"shape_z8pIt56PYW","conceptId":"concept_api2convert_post_body"}},{"AssignType":{"id":"shape_z8pIt56PYW","to":{"RefT":{"conceptId":"concept_gcG4Wi_conversionparameters"}},"conceptId":"concept_api2convert_post_body"}},{"AddResponse":{"responseId":"response_LFPvcKLPze","requestId":"path_1UGtuLPv42}_post","httpStatusCode":200}},{"AddResponse":{"responseId":"response_1hG186DA7W","requestId":"path_1UGtuLPv42}_post","httpStatusCode":400}},{"AddResponse":{"responseId":"response_8AslBx2f46","requestId":"path_1UGtuLPv42}_post","httpStatusCode":401}},{"AddResponse":{"responseId":"response_9QWeQ2ORH0","requestId":"path_1UGtuLPv42}_post","httpStatusCode":499}},{"SetRequestBodyShape":{"requestId":"path_1UGtuLPv42}_post","bodyDescriptor":{"httpContentType":"application/json","conceptId":"concept_api2convert_post_body"}}}]