[{"AddPathComponent":{"pathId":"SfNjUh_path_0","parentPathId":"root","name":"check"}},{"AddPathComponent":{"pathId":"SfNjUh_path_1","parentPathId":"root","name":"news"}},{"AddPathComponent":{"pathId":"SfNjUh_path_2","parentPathId":"root","name":"oauth"}},{"AddPathComponent":{"pathId":"SfNjUh_path_3","parentPathId":"SfNjUh_path_2","name":"token"}},{"AddPathComponent":{"pathId":"SfNjUh_path_4","parentPathId":"root","name":"pve"}},{"AddPathComponent":{"pathId":"SfNjUh_path_5","parentPathId":"SfNjUh_path_4","name":"info"}},{"AddPathComponent":{"pathId":"SfNjUh_path_6","parentPathId":"SfNjUh_path_4","name":"user"}},{"AddPathParameter":{"pathId":"SfNjUh_path_7","parentPathId":"SfNjUh_path_6","name":"username"}},{"AddPathComponent":{"pathId":"SfNjUh_path_8","parentPathId":"root","name":"stats"}},{"AddPathComponent":{"pathId":"SfNjUh_path_9","parentPathId":"SfNjUh_path_8","name":"id"}},{"AddPathParameter":{"pathId":"SfNjUh_path_10","parentPathId":"SfNjUh_path_9","name":""}},{"AddPathParameter":{"pathId":"SfNjUh_path_11","parentPathId":"SfNjUh_path_10","name":"id"}},{"AddPathParameter":{"pathId":"SfNjUh_path_12","parentPathId":"SfNjUh_path_8","name":""}},{"AddPathParameter":{"pathId":"SfNjUh_path_13","parentPathId":"SfNjUh_path_12","name":"username"}},{"AddPathComponent":{"pathId":"SfNjUh_path_14","parentPathId":"root","name":"store"}},{"AddPathComponent":{"pathId":"SfNjUh_path_15","parentPathId":"root","name":"user"}},{"AddPathParameter":{"pathId":"SfNjUh_path_16","parentPathId":"SfNjUh_path_15","name":""}},{"AddPathParameter":{"pathId":"SfNjUh_path_17","parentPathId":"SfNjUh_path_16","name":"username"}},{"AddRequest":{"requestId":"path_FZyFHIjXmP}_get","pathId":"SfNjUh_path_1","httpMethod":"get"}},{"AddResponse":{"responseId":"response_LeZ1yGhaBa","requestId":"path_FZyFHIjXmP}_get","httpStatusCode":200}},{"DefineInlineConcept":{"root":"shape_GKBHvxsALo","conceptId":"concept_nKUo5ZTxzxn9"}},{"AssignType":{"id":"shape_GKBHvxsALo","to":{"ObjectT":{}},"conceptId":"concept_nKUo5ZTxzxn9"}},{"AddField":{"parentId":"shape_GKBHvxsALo","id":"shape_RMBucGyZr3","conceptId":"concept_nKUo5ZTxzxn9"}},{"SetFieldName":{"id":"shape_RMBucGyZr3","newName":"br","conceptId":"concept_nKUo5ZTxzxn9"}},{"AssignType":{"id":"shape_RMBucGyZr3","to":{"ObjectT":{}},"conceptId":"concept_nKUo5ZTxzxn9"}},{"AddField":{"parentId":"shape_RMBucGyZr3","id":"shape_qf6JHP150u","conceptId":"concept_nKUo5ZTxzxn9"}},{"SetFieldName":{"id":"shape_qf6JHP150u","newName":"_type","conceptId":"concept_nKUo5ZTxzxn9"}},{"AssignType":{"id":"shape_qf6JHP150u","to":{"StringT":{}},"conceptId":"concept_nKUo5ZTxzxn9"}},{"AddField":{"parentId":"shape_RMBucGyZr3","id":"shape_FS9C7iGESU","conceptId":"concept_nKUo5ZTxzxn9"}},{"SetFieldName":{"id":"shape_FS9C7iGESU","newName":"body","conceptId":"concept_nKUo5ZTxzxn9"}},{"AssignType":{"id":"shape_FS9C7iGESU","to":{"StringT":{}},"conceptId":"concept_nKUo5ZTxzxn9"}},{"AddField":{"parentId":"shape_RMBucGyZr3","id":"shape_BzQQeVyp20","conceptId":"concept_nKUo5ZTxzxn9"}},{"SetFieldName":{"id":"shape_BzQQeVyp20","newName":"image","conceptId":"concept_nKUo5ZTxzxn9"}},{"AssignType":{"id":"shape_BzQQeVyp20","to":{"StringT":{}},"conceptId":"concept_nKUo5ZTxzxn9"}},{"AddField":{"parentId":"shape_RMBucGyZr3","id":"shape_tm94hKHJuA","conceptId":"concept_nKUo5ZTxzxn9"}},{"SetFieldName":{"id":"shape_tm94hKHJuA","newName":"title","conceptId":"concept_nKUo5ZTxzxn9"}},{"AssignType":{"id":"shape_tm94hKHJuA","to":{"StringT":{}},"conceptId":"concept_nKUo5ZTxzxn9"}},{"AddField":{"parentId":"shape_GKBHvxsALo","id":"shape_LSHniRrcsP","conceptId":"concept_nKUo5ZTxzxn9"}},{"SetFieldName":{"id":"shape_LSHniRrcsP","newName":"common","conceptId":"concept_nKUo5ZTxzxn9"}},{"AssignType":{"id":"shape_LSHniRrcsP","to":{"ObjectT":{}},"conceptId":"concept_nKUo5ZTxzxn9"}},{"AddField":{"parentId":"shape_LSHniRrcsP","id":"shape_tU7NDkSKCD","conceptId":"concept_nKUo5ZTxzxn9"}},{"SetFieldName":{"id":"shape_tU7NDkSKCD","newName":"_type","conceptId":"concept_nKUo5ZTxzxn9"}},{"AssignType":{"id":"shape_tU7NDkSKCD","to":{"StringT":{}},"conceptId":"concept_nKUo5ZTxzxn9"}},{"AddField":{"parentId":"shape_LSHniRrcsP","id":"shape_BLTIqjA7Dy","conceptId":"concept_nKUo5ZTxzxn9"}},{"SetFieldName":{"id":"shape_BLTIqjA7Dy","newName":"body","conceptId":"concept_nKUo5ZTxzxn9"}},{"AssignType":{"id":"shape_BLTIqjA7Dy","to":{"StringT":{}},"conceptId":"concept_nKUo5ZTxzxn9"}},{"AddField":{"parentId":"shape_LSHniRrcsP","id":"shape_yFMnDYujH3","conceptId":"concept_nKUo5ZTxzxn9"}},{"SetFieldName":{"id":"shape_yFMnDYujH3","newName":"title","conceptId":"concept_nKUo5ZTxzxn9"}},{"AssignType":{"id":"shape_yFMnDYujH3","to":{"StringT":{}},"conceptId":"concept_nKUo5ZTxzxn9"}},{"AddField":{"parentId":"shape_GKBHvxsALo","id":"shape_x3x1v5BP2U","conceptId":"concept_nKUo5ZTxzxn9"}},{"SetFieldName":{"id":"shape_x3x1v5BP2U","newName":"loginmessage","conceptId":"concept_nKUo5ZTxzxn9"}},{"AssignType":{"id":"shape_x3x1v5BP2U","to":{"ObjectT":{}},"conceptId":"concept_nKUo5ZTxzxn9"}},{"AddField":{"parentId":"shape_x3x1v5BP2U","id":"shape_HLvSRzJ2ob","conceptId":"concept_nKUo5ZTxzxn9"}},{"SetFieldName":{"id":"shape_HLvSRzJ2ob","newName":"_type","conceptId":"concept_nKUo5ZTxzxn9"}},{"AssignType":{"id":"shape_HLvSRzJ2ob","to":{"StringT":{}},"conceptId":"concept_nKUo5ZTxzxn9"}},{"AddField":{"parentId":"shape_x3x1v5BP2U","id":"shape_ukhlstHIZE","conceptId":"concept_nKUo5ZTxzxn9"}},{"SetFieldName":{"id":"shape_ukhlstHIZE","newName":"body","conceptId":"concept_nKUo5ZTxzxn9"}},{"AssignType":{"id":"shape_ukhlstHIZE","to":{"StringT":{}},"conceptId":"concept_nKUo5ZTxzxn9"}},{"AddField":{"parentId":"shape_x3x1v5BP2U","id":"shape_4OmGur2OSp","conceptId":"concept_nKUo5ZTxzxn9"}},{"SetFieldName":{"id":"shape_4OmGur2OSp","newName":"title","conceptId":"concept_nKUo5ZTxzxn9"}},{"AssignType":{"id":"shape_4OmGur2OSp","to":{"StringT":{}},"conceptId":"concept_nKUo5ZTxzxn9"}},{"AddField":{"parentId":"shape_GKBHvxsALo","id":"shape_4WeZDgOX2q","conceptId":"concept_nKUo5ZTxzxn9"}},{"SetFieldName":{"id":"shape_4WeZDgOX2q","newName":"survivalmessage","conceptId":"concept_nKUo5ZTxzxn9"}},{"AssignType":{"id":"shape_4WeZDgOX2q","to":{"ObjectT":{}},"conceptId":"concept_nKUo5ZTxzxn9"}},{"AddField":{"parentId":"shape_4WeZDgOX2q","id":"shape_z7yIaBuxL8","conceptId":"concept_nKUo5ZTxzxn9"}},{"SetFieldName":{"id":"shape_z7yIaBuxL8","newName":"_type","conceptId":"concept_nKUo5ZTxzxn9"}},{"AssignType":{"id":"shape_z7yIaBuxL8","to":{"StringT":{}},"conceptId":"concept_nKUo5ZTxzxn9"}},{"AddField":{"parentId":"shape_4WeZDgOX2q","id":"shape_s6lO8cURAg","conceptId":"concept_nKUo5ZTxzxn9"}},{"SetFieldName":{"id":"shape_s6lO8cURAg","newName":"body","conceptId":"concept_nKUo5ZTxzxn9"}},{"AssignType":{"id":"shape_s6lO8cURAg","to":{"StringT":{}},"conceptId":"concept_nKUo5ZTxzxn9"}},{"AddField":{"parentId":"shape_4WeZDgOX2q","id":"shape_bLHPGhR14P","conceptId":"concept_nKUo5ZTxzxn9"}},{"SetFieldName":{"id":"shape_bLHPGhR14P","newName":"title","conceptId":"concept_nKUo5ZTxzxn9"}},{"AssignType":{"id":"shape_bLHPGhR14P","to":{"StringT":{}},"conceptId":"concept_nKUo5ZTxzxn9"}},{"AddRequest":{"requestId":"path_UtYDIRGhZJ}_get","pathId":"SfNjUh_path_7","httpMethod":"get"}},{"AddResponse":{"responseId":"response_GhFRsHq1O3","requestId":"path_UtYDIRGhZJ}_get","httpStatusCode":200}},{"DefineInlineConcept":{"root":"shape_fz24LQXxau","conceptId":"concept_e8Rrt2MmpWVB"}},{"AssignType":{"id":"shape_fz24LQXxau","to":{"ObjectT":{}},"conceptId":"concept_e8Rrt2MmpWVB"}},{"AddResponse":{"responseId":"response_eRvR09fd6j","requestId":"path_UtYDIRGhZJ}_get","httpStatusCode":404}},{"DefineInlineConcept":{"root":"shape_TQebkGibtA","conceptId":"concept_k3l3IYBYYKyG"}},{"AssignType":{"id":"shape_TQebkGibtA","to":{"ObjectT":{}},"conceptId":"concept_k3l3IYBYYKyG"}},{"AddField":{"parentId":"shape_TQebkGibtA","id":"shape_niJOx00nNF","conceptId":"concept_k3l3IYBYYKyG"}},{"SetFieldName":{"id":"shape_niJOx00nNF","newName":"code","conceptId":"concept_k3l3IYBYYKyG"}},{"AssignType":{"id":"shape_niJOx00nNF","to":{"IntegerT":{}},"conceptId":"concept_k3l3IYBYYKyG"}},{"AddField":{"parentId":"shape_TQebkGibtA","id":"shape_qzoqJsEO5H","conceptId":"concept_k3l3IYBYYKyG"}},{"SetFieldName":{"id":"shape_qzoqJsEO5H","newName":"message","conceptId":"concept_k3l3IYBYYKyG"}},{"AssignType":{"id":"shape_qzoqJsEO5H","to":{"StringT":{}},"conceptId":"concept_k3l3IYBYYKyG"}},{"AddRequest":{"requestId":"path_XTUvQGINKx}_get","pathId":"SfNjUh_path_0","httpMethod":"get"}},{"AddResponse":{"responseId":"response_zqyqYMaGAz","requestId":"path_XTUvQGINKx}_get","httpStatusCode":200}},{"DefineInlineConcept":{"root":"shape_57SqIMMlrB","conceptId":"concept_eHsAXL1vZXwP"}},{"AssignType":{"id":"shape_57SqIMMlrB","to":{"ObjectT":{}},"conceptId":"concept_eHsAXL1vZXwP"}},{"AddField":{"parentId":"shape_57SqIMMlrB","id":"shape_rCFOqQiGf6","conceptId":"concept_eHsAXL1vZXwP"}},{"SetFieldName":{"id":"shape_rCFOqQiGf6","newName":"status","conceptId":"concept_eHsAXL1vZXwP"}},{"AssignType":{"id":"shape_rCFOqQiGf6","to":{"BooleanT":{}},"conceptId":"concept_eHsAXL1vZXwP"}},{"AddRequest":{"requestId":"path_LmdqIugpwF}_get","pathId":"SfNjUh_path_11","httpMethod":"get"}},{"AddResponse":{"responseId":"response_77YKFeYZgK","requestId":"path_LmdqIugpwF}_get","httpStatusCode":200}},{"DefineInlineConcept":{"root":"shape_2jvdzenkOE","conceptId":"concept_NCbXgfWCB4VU"}},{"AssignType":{"id":"shape_2jvdzenkOE","to":{"ObjectT":{}},"conceptId":"concept_NCbXgfWCB4VU"}},{"AddField":{"parentId":"shape_2jvdzenkOE","id":"shape_ULVnodgnbd","conceptId":"concept_NCbXgfWCB4VU"}},{"SetFieldName":{"id":"shape_ULVnodgnbd","newName":"group","conceptId":"concept_NCbXgfWCB4VU"}},{"AssignType":{"id":"shape_ULVnodgnbd","to":{"ObjectT":{}},"conceptId":"concept_NCbXgfWCB4VU"}},{"AddField":{"parentId":"shape_ULVnodgnbd","id":"shape_psANtspsiK","conceptId":"concept_NCbXgfWCB4VU"}},{"SetFieldName":{"id":"shape_psANtspsiK","newName":"duo","conceptId":"concept_NCbXgfWCB4VU"}},{"AssignType":{"id":"shape_psANtspsiK","to":{"ObjectT":{}},"conceptId":"concept_NCbXgfWCB4VU"}},{"AddField":{"parentId":"shape_psANtspsiK","id":"shape_MIeLIiycUG","conceptId":"concept_NCbXgfWCB4VU"}},{"SetFieldName":{"id":"shape_MIeLIiycUG","newName":"kills","conceptId":"concept_NCbXgfWCB4VU"}},{"AssignType":{"id":"shape_MIeLIiycUG","to":{"IntegerT":{}},"conceptId":"concept_NCbXgfWCB4VU"}},{"AddField":{"parentId":"shape_psANtspsiK","id":"shape_5s7STKX7bs","conceptId":"concept_NCbXgfWCB4VU"}},{"SetFieldName":{"id":"shape_5s7STKX7bs","newName":"killsPerMin","conceptId":"concept_NCbXgfWCB4VU"}},{"AssignType":{"id":"shape_5s7STKX7bs","to":{"StringT":{}},"conceptId":"concept_NCbXgfWCB4VU"}},{"AddField":{"parentId":"shape_psANtspsiK","id":"shape_4XNpadUHTV","conceptId":"concept_NCbXgfWCB4VU"}},{"SetFieldName":{"id":"shape_4XNpadUHTV","newName":"top25","conceptId":"concept_NCbXgfWCB4VU"}},{"AssignType":{"id":"shape_4XNpadUHTV","to":{"IntegerT":{}},"conceptId":"concept_NCbXgfWCB4VU"}},{"AddField":{"parentId":"shape_psANtspsiK","id":"shape_62xw3xPQTc","conceptId":"concept_NCbXgfWCB4VU"}},{"SetFieldName":{"id":"shape_62xw3xPQTc","newName":"score","conceptId":"concept_NCbXgfWCB4VU"}},{"AssignType":{"id":"shape_62xw3xPQTc","to":{"IntegerT":{}},"conceptId":"concept_NCbXgfWCB4VU"}},{"AddField":{"parentId":"shape_psANtspsiK","id":"shape_YSJwMkMaUG","conceptId":"concept_NCbXgfWCB4VU"}},{"SetFieldName":{"id":"shape_YSJwMkMaUG","newName":"k/d","conceptId":"concept_NCbXgfWCB4VU"}},{"AssignType":{"id":"shape_YSJwMkMaUG","to":{"NumberT":{}},"conceptId":"concept_NCbXgfWCB4VU"}},{"AddField":{"parentId":"shape_psANtspsiK","id":"shape_A1Z2z859CS","conceptId":"concept_NCbXgfWCB4VU"}},{"SetFieldName":{"id":"shape_A1Z2z859CS","newName":"top10","conceptId":"concept_NCbXgfWCB4VU"}},{"AssignType":{"id":"shape_A1Z2z859CS","to":{"IntegerT":{}},"conceptId":"concept_NCbXgfWCB4VU"}},{"AddField":{"parentId":"shape_psANtspsiK","id":"shape_2U2qFTjsBx","conceptId":"concept_NCbXgfWCB4VU"}},{"SetFieldName":{"id":"shape_2U2qFTjsBx","newName":"top5","conceptId":"concept_NCbXgfWCB4VU"}},{"AssignType":{"id":"shape_2U2qFTjsBx","to":{"IntegerT":{}},"conceptId":"concept_NCbXgfWCB4VU"}},{"AddField":{"parentId":"shape_psANtspsiK","id":"shape_uh7slfmsgo","conceptId":"concept_NCbXgfWCB4VU"}},{"SetFieldName":{"id":"shape_uh7slfmsgo","newName":"top6","conceptId":"concept_NCbXgfWCB4VU"}},{"AssignType":{"id":"shape_uh7slfmsgo","to":{"IntegerT":{}},"conceptId":"concept_NCbXgfWCB4VU"}},{"AddField":{"parentId":"shape_psANtspsiK","id":"shape_5lRCrmmCdC","conceptId":"concept_NCbXgfWCB4VU"}},{"SetFieldName":{"id":"shape_5lRCrmmCdC","newName":"killsPerMatch","conceptId":"concept_NCbXgfWCB4VU"}},{"AssignType":{"id":"shape_5lRCrmmCdC","to":{"StringT":{}},"conceptId":"concept_NCbXgfWCB4VU"}},{"AddField":{"parentId":"shape_psANtspsiK","id":"shape_j22OKDBNPH","conceptId":"concept_NCbXgfWCB4VU"}},{"SetFieldName":{"id":"shape_j22OKDBNPH","newName":"win%","conceptId":"concept_NCbXgfWCB4VU"}},{"AssignType":{"id":"shape_j22OKDBNPH","to":{"NumberT":{}},"conceptId":"concept_NCbXgfWCB4VU"}},{"AddField":{"parentId":"shape_psANtspsiK","id":"shape_ogdT9grXuP","conceptId":"concept_NCbXgfWCB4VU"}},{"SetFieldName":{"id":"shape_ogdT9grXuP","newName":"top12","conceptId":"concept_NCbXgfWCB4VU"}},{"AssignType":{"id":"shape_ogdT9grXuP","to":{"IntegerT":{}},"conceptId":"concept_NCbXgfWCB4VU"}},{"AddField":{"parentId":"shape_psANtspsiK","id":"shape_2stuDuZ9YK","conceptId":"concept_NCbXgfWCB4VU"}},{"SetFieldName":{"id":"shape_2stuDuZ9YK","newName":"timePlayed","conceptId":"concept_NCbXgfWCB4VU"}},{"AssignType":{"id":"shape_2stuDuZ9YK","to":{"StringT":{}},"conceptId":"concept_NCbXgfWCB4VU"}},{"AddField":{"parentId":"shape_psANtspsiK","id":"shape_4qxPUbTaBM","conceptId":"concept_NCbXgfWCB4VU"}},{"SetFieldName":{"id":"shape_4qxPUbTaBM","newName":"top3","conceptId":"concept_NCbXgfWCB4VU"}},{"AssignType":{"id":"shape_4qxPUbTaBM","to":{"IntegerT":{}},"conceptId":"concept_NCbXgfWCB4VU"}},{"AddField":{"parentId":"shape_psANtspsiK","id":"shape_ZCayCxGWJd","conceptId":"concept_NCbXgfWCB4VU"}},{"SetFieldName":{"id":"shape_ZCayCxGWJd","newName":"wins","conceptId":"concept_NCbXgfWCB4VU"}},{"AssignType":{"id":"shape_ZCayCxGWJd","to":{"IntegerT":{}},"conceptId":"concept_NCbXgfWCB4VU"}},{"AddField":{"parentId":"shape_ULVnodgnbd","id":"shape_FZVPSgSKoY","conceptId":"concept_NCbXgfWCB4VU"}},{"SetFieldName":{"id":"shape_FZVPSgSKoY","newName":"solo","conceptId":"concept_NCbXgfWCB4VU"}},{"AssignType":{"id":"shape_FZVPSgSKoY","to":{"ObjectT":{}},"conceptId":"concept_NCbXgfWCB4VU"}},{"AddField":{"parentId":"shape_FZVPSgSKoY","id":"shape_xNfpiWVj0U","conceptId":"concept_NCbXgfWCB4VU"}},{"SetFieldName":{"id":"shape_xNfpiWVj0U","newName":"kills","conceptId":"concept_NCbXgfWCB4VU"}},{"AssignType":{"id":"shape_xNfpiWVj0U","to":{"IntegerT":{}},"conceptId":"concept_NCbXgfWCB4VU"}},{"AddField":{"parentId":"shape_FZVPSgSKoY","id":"shape_ZB3w6oprRc","conceptId":"concept_NCbXgfWCB4VU"}},{"SetFieldName":{"id":"shape_ZB3w6oprRc","newName":"killsPerMin","conceptId":"concept_NCbXgfWCB4VU"}},{"AssignType":{"id":"shape_ZB3w6oprRc","to":{"StringT":{}},"conceptId":"concept_NCbXgfWCB4VU"}},{"AddField":{"parentId":"shape_FZVPSgSKoY","id":"shape_nbtxGrGzko","conceptId":"concept_NCbXgfWCB4VU"}},{"SetFieldName":{"id":"shape_nbtxGrGzko","newName":"top25","conceptId":"concept_NCbXgfWCB4VU"}},{"AssignType":{"id":"shape_nbtxGrGzko","to":{"IntegerT":{}},"conceptId":"concept_NCbXgfWCB4VU"}},{"AddField":{"parentId":"shape_FZVPSgSKoY","id":"shape_OP8kq425uk","conceptId":"concept_NCbXgfWCB4VU"}},{"SetFieldName":{"id":"shape_OP8kq425uk","newName":"score","conceptId":"concept_NCbXgfWCB4VU"}},{"AssignType":{"id":"shape_OP8kq425uk","to":{"IntegerT":{}},"conceptId":"concept_NCbXgfWCB4VU"}},{"AddField":{"parentId":"shape_FZVPSgSKoY","id":"shape_EI9YHGzkro","conceptId":"concept_NCbXgfWCB4VU"}},{"SetFieldName":{"id":"shape_EI9YHGzkro","newName":"k/d","conceptId":"concept_NCbXgfWCB4VU"}},{"AssignType":{"id":"shape_EI9YHGzkro","to":{"NumberT":{}},"conceptId":"concept_NCbXgfWCB4VU"}},{"AddField":{"parentId":"shape_FZVPSgSKoY","id":"shape_gkEaHV7BLh","conceptId":"concept_NCbXgfWCB4VU"}},{"SetFieldName":{"id":"shape_gkEaHV7BLh","newName":"top10","conceptId":"concept_NCbXgfWCB4VU"}},{"AssignType":{"id":"shape_gkEaHV7BLh","to":{"IntegerT":{}},"conceptId":"concept_NCbXgfWCB4VU"}},{"AddField":{"parentId":"shape_FZVPSgSKoY","id":"shape_E82Dm0tJmT","conceptId":"concept_NCbXgfWCB4VU"}},{"SetFieldName":{"id":"shape_E82Dm0tJmT","newName":"top5","conceptId":"concept_NCbXgfWCB4VU"}},{"AssignType":{"id":"shape_E82Dm0tJmT","to":{"IntegerT":{}},"conceptId":"concept_NCbXgfWCB4VU"}},{"AddField":{"parentId":"shape_FZVPSgSKoY","id":"shape_qvqXFwz6Na","conceptId":"concept_NCbXgfWCB4VU"}},{"SetFieldName":{"id":"shape_qvqXFwz6Na","newName":"top6","conceptId":"concept_NCbXgfWCB4VU"}},{"AssignType":{"id":"shape_qvqXFwz6Na","to":{"IntegerT":{}},"conceptId":"concept_NCbXgfWCB4VU"}},{"AddField":{"parentId":"shape_FZVPSgSKoY","id":"shape_93JZVagX1e","conceptId":"concept_NCbXgfWCB4VU"}},{"SetFieldName":{"id":"shape_93JZVagX1e","newName":"killsPerMatch","conceptId":"concept_NCbXgfWCB4VU"}},{"AssignType":{"id":"shape_93JZVagX1e","to":{"StringT":{}},"conceptId":"concept_NCbXgfWCB4VU"}},{"AddField":{"parentId":"shape_FZVPSgSKoY","id":"shape_dnUiFxAt48","conceptId":"concept_NCbXgfWCB4VU"}},{"SetFieldName":{"id":"shape_dnUiFxAt48","newName":"win%","conceptId":"concept_NCbXgfWCB4VU"}},{"AssignType":{"id":"shape_dnUiFxAt48","to":{"NumberT":{}},"conceptId":"concept_NCbXgfWCB4VU"}},{"AddField":{"parentId":"shape_FZVPSgSKoY","id":"shape_QgH3AgpJi4","conceptId":"concept_NCbXgfWCB4VU"}},{"SetFieldName":{"id":"shape_QgH3AgpJi4","newName":"top12","conceptId":"concept_NCbXgfWCB4VU"}},{"AssignType":{"id":"shape_QgH3AgpJi4","to":{"IntegerT":{}},"conceptId":"concept_NCbXgfWCB4VU"}},{"AddField":{"parentId":"shape_FZVPSgSKoY","id":"shape_hPB9Tn13b5","conceptId":"concept_NCbXgfWCB4VU"}},{"SetFieldName":{"id":"shape_hPB9Tn13b5","newName":"timePlayed","conceptId":"concept_NCbXgfWCB4VU"}},{"AssignType":{"id":"shape_hPB9Tn13b5","to":{"StringT":{}},"conceptId":"concept_NCbXgfWCB4VU"}},{"AddField":{"parentId":"shape_FZVPSgSKoY","id":"shape_U5BlGSElJZ","conceptId":"concept_NCbXgfWCB4VU"}},{"SetFieldName":{"id":"shape_U5BlGSElJZ","newName":"top3","conceptId":"concept_NCbXgfWCB4VU"}},{"AssignType":{"id":"shape_U5BlGSElJZ","to":{"IntegerT":{}},"conceptId":"concept_NCbXgfWCB4VU"}},{"AddField":{"parentId":"shape_FZVPSgSKoY","id":"shape_TViRC9BWy1","conceptId":"concept_NCbXgfWCB4VU"}},{"SetFieldName":{"id":"shape_TViRC9BWy1","newName":"wins","conceptId":"concept_NCbXgfWCB4VU"}},{"AssignType":{"id":"shape_TViRC9BWy1","to":{"IntegerT":{}},"conceptId":"concept_NCbXgfWCB4VU"}},{"AddField":{"parentId":"shape_ULVnodgnbd","id":"shape_LIIB615ouh","conceptId":"concept_NCbXgfWCB4VU"}},{"SetFieldName":{"id":"shape_LIIB615ouh","newName":"squad","conceptId":"concept_NCbXgfWCB4VU"}},{"AssignType":{"id":"shape_LIIB615ouh","to":{"ObjectT":{}},"conceptId":"concept_NCbXgfWCB4VU"}},{"AddField":{"parentId":"shape_LIIB615ouh","id":"shape_XFtNfqcu6y","conceptId":"concept_NCbXgfWCB4VU"}},{"SetFieldName":{"id":"shape_XFtNfqcu6y","newName":"kills","conceptId":"concept_NCbXgfWCB4VU"}},{"AssignType":{"id":"shape_XFtNfqcu6y","to":{"IntegerT":{}},"conceptId":"concept_NCbXgfWCB4VU"}},{"AddField":{"parentId":"shape_LIIB615ouh","id":"shape_BjPWF8COAL","conceptId":"concept_NCbXgfWCB4VU"}},{"SetFieldName":{"id":"shape_BjPWF8COAL","newName":"killsPerMin","conceptId":"concept_NCbXgfWCB4VU"}},{"AssignType":{"id":"shape_BjPWF8COAL","to":{"StringT":{}},"conceptId":"concept_NCbXgfWCB4VU"}},{"AddField":{"parentId":"shape_LIIB615ouh","id":"shape_ONaIB3Uuzs","conceptId":"concept_NCbXgfWCB4VU"}},{"SetFieldName":{"id":"shape_ONaIB3Uuzs","newName":"top25","conceptId":"concept_NCbXgfWCB4VU"}},{"AssignType":{"id":"shape_ONaIB3Uuzs","to":{"IntegerT":{}},"conceptId":"concept_NCbXgfWCB4VU"}},{"AddField":{"parentId":"shape_LIIB615ouh","id":"shape_eVilzJbPLk","conceptId":"concept_NCbXgfWCB4VU"}},{"SetFieldName":{"id":"shape_eVilzJbPLk","newName":"score","conceptId":"concept_NCbXgfWCB4VU"}},{"AssignType":{"id":"shape_eVilzJbPLk","to":{"IntegerT":{}},"conceptId":"concept_NCbXgfWCB4VU"}},{"AddField":{"parentId":"shape_LIIB615ouh","id":"shape_fDtdSLjvSe","conceptId":"concept_NCbXgfWCB4VU"}},{"SetFieldName":{"id":"shape_fDtdSLjvSe","newName":"k/d","conceptId":"concept_NCbXgfWCB4VU"}},{"AssignType":{"id":"shape_fDtdSLjvSe","to":{"NumberT":{}},"conceptId":"concept_NCbXgfWCB4VU"}},{"AddField":{"parentId":"shape_LIIB615ouh","id":"shape_7CRSp5puwr","conceptId":"concept_NCbXgfWCB4VU"}},{"SetFieldName":{"id":"shape_7CRSp5puwr","newName":"top10","conceptId":"concept_NCbXgfWCB4VU"}},{"AssignType":{"id":"shape_7CRSp5puwr","to":{"IntegerT":{}},"conceptId":"concept_NCbXgfWCB4VU"}},{"AddField":{"parentId":"shape_LIIB615ouh","id":"shape_qyhCHo6gbI","conceptId":"concept_NCbXgfWCB4VU"}},{"SetFieldName":{"id":"shape_qyhCHo6gbI","newName":"top5","conceptId":"concept_NCbXgfWCB4VU"}},{"AssignType":{"id":"shape_qyhCHo6gbI","to":{"IntegerT":{}},"conceptId":"concept_NCbXgfWCB4VU"}},{"AddField":{"parentId":"shape_LIIB615ouh","id":"shape_al6CG22rRa","conceptId":"concept_NCbXgfWCB4VU"}},{"SetFieldName":{"id":"shape_al6CG22rRa","newName":"top6","conceptId":"concept_NCbXgfWCB4VU"}},{"AssignType":{"id":"shape_al6CG22rRa","to":{"IntegerT":{}},"conceptId":"concept_NCbXgfWCB4VU"}},{"AddField":{"parentId":"shape_LIIB615ouh","id":"shape_BTpJ7sQABo","conceptId":"concept_NCbXgfWCB4VU"}},{"SetFieldName":{"id":"shape_BTpJ7sQABo","newName":"killsPerMatch","conceptId":"concept_NCbXgfWCB4VU"}},{"AssignType":{"id":"shape_BTpJ7sQABo","to":{"StringT":{}},"conceptId":"concept_NCbXgfWCB4VU"}},{"AddField":{"parentId":"shape_LIIB615ouh","id":"shape_nDqJPcFsQl","conceptId":"concept_NCbXgfWCB4VU"}},{"SetFieldName":{"id":"shape_nDqJPcFsQl","newName":"win%","conceptId":"concept_NCbXgfWCB4VU"}},{"AssignType":{"id":"shape_nDqJPcFsQl","to":{"NumberT":{}},"conceptId":"concept_NCbXgfWCB4VU"}},{"AddField":{"parentId":"shape_LIIB615ouh","id":"shape_rbmwKFAIfM","conceptId":"concept_NCbXgfWCB4VU"}},{"SetFieldName":{"id":"shape_rbmwKFAIfM","newName":"top12","conceptId":"concept_NCbXgfWCB4VU"}},{"AssignType":{"id":"shape_rbmwKFAIfM","to":{"IntegerT":{}},"conceptId":"concept_NCbXgfWCB4VU"}},{"AddField":{"parentId":"shape_LIIB615ouh","id":"shape_NlR9jXWFb1","conceptId":"concept_NCbXgfWCB4VU"}},{"SetFieldName":{"id":"shape_NlR9jXWFb1","newName":"timePlayed","conceptId":"concept_NCbXgfWCB4VU"}},{"AssignType":{"id":"shape_NlR9jXWFb1","to":{"StringT":{}},"conceptId":"concept_NCbXgfWCB4VU"}},{"AddField":{"parentId":"shape_LIIB615ouh","id":"shape_Ec7JNJnp7k","conceptId":"concept_NCbXgfWCB4VU"}},{"SetFieldName":{"id":"shape_Ec7JNJnp7k","newName":"top3","conceptId":"concept_NCbXgfWCB4VU"}},{"AssignType":{"id":"shape_Ec7JNJnp7k","to":{"IntegerT":{}},"conceptId":"concept_NCbXgfWCB4VU"}},{"AddField":{"parentId":"shape_LIIB615ouh","id":"shape_L7FgzVOlx2","conceptId":"concept_NCbXgfWCB4VU"}},{"SetFieldName":{"id":"shape_L7FgzVOlx2","newName":"wins","conceptId":"concept_NCbXgfWCB4VU"}},{"AssignType":{"id":"shape_L7FgzVOlx2","to":{"IntegerT":{}},"conceptId":"concept_NCbXgfWCB4VU"}},{"AddField":{"parentId":"shape_2jvdzenkOE","id":"shape_xoLkNfNkNw","conceptId":"concept_NCbXgfWCB4VU"}},{"SetFieldName":{"id":"shape_xoLkNfNkNw","newName":"info","conceptId":"concept_NCbXgfWCB4VU"}},{"AssignType":{"id":"shape_xoLkNfNkNw","to":{"ObjectT":{}},"conceptId":"concept_NCbXgfWCB4VU"}},{"AddField":{"parentId":"shape_xoLkNfNkNw","id":"shape_zLMI5KRHss","conceptId":"concept_NCbXgfWCB4VU"}},{"SetFieldName":{"id":"shape_zLMI5KRHss","newName":"accountId","conceptId":"concept_NCbXgfWCB4VU"}},{"AssignType":{"id":"shape_zLMI5KRHss","to":{"IntegerT":{}},"conceptId":"concept_NCbXgfWCB4VU"}},{"AddField":{"parentId":"shape_xoLkNfNkNw","id":"shape_GpNfkKCXHB","conceptId":"concept_NCbXgfWCB4VU"}},{"SetFieldName":{"id":"shape_GpNfkKCXHB","newName":"plateform","conceptId":"concept_NCbXgfWCB4VU"}},{"AssignType":{"id":"shape_GpNfkKCXHB","to":{"StringT":{}},"conceptId":"concept_NCbXgfWCB4VU"}},{"AddField":{"parentId":"shape_xoLkNfNkNw","id":"shape_O6uB0l2aiZ","conceptId":"concept_NCbXgfWCB4VU"}},{"SetFieldName":{"id":"shape_O6uB0l2aiZ","newName":"username","conceptId":"concept_NCbXgfWCB4VU"}},{"AssignType":{"id":"shape_O6uB0l2aiZ","to":{"StringT":{}},"conceptId":"concept_NCbXgfWCB4VU"}},{"AddField":{"parentId":"shape_2jvdzenkOE","id":"shape_uhHj4xqX5d","conceptId":"concept_NCbXgfWCB4VU"}},{"SetFieldName":{"id":"shape_uhHj4xqX5d","newName":"lifetimeStats","conceptId":"concept_NCbXgfWCB4VU"}},{"AssignType":{"id":"shape_uhHj4xqX5d","to":{"ObjectT":{}},"conceptId":"concept_NCbXgfWCB4VU"}},{"AddField":{"parentId":"shape_uhHj4xqX5d","id":"shape_nUlPa8c5Ah","conceptId":"concept_NCbXgfWCB4VU"}},{"SetFieldName":{"id":"shape_nUlPa8c5Ah","newName":"kills","conceptId":"concept_NCbXgfWCB4VU"}},{"AssignType":{"id":"shape_nUlPa8c5Ah","to":{"IntegerT":{}},"conceptId":"concept_NCbXgfWCB4VU"}},{"AddField":{"parentId":"shape_uhHj4xqX5d","id":"shape_47zF3UhlPh","conceptId":"concept_NCbXgfWCB4VU"}},{"SetFieldName":{"id":"shape_47zF3UhlPh","newName":"killsPerMin","conceptId":"concept_NCbXgfWCB4VU"}},{"AssignType":{"id":"shape_47zF3UhlPh","to":{"StringT":{}},"conceptId":"concept_NCbXgfWCB4VU"}},{"AddField":{"parentId":"shape_uhHj4xqX5d","id":"shape_rlr4uJDzTP","conceptId":"concept_NCbXgfWCB4VU"}},{"SetFieldName":{"id":"shape_rlr4uJDzTP","newName":"top25","conceptId":"concept_NCbXgfWCB4VU"}},{"AssignType":{"id":"shape_rlr4uJDzTP","to":{"IntegerT":{}},"conceptId":"concept_NCbXgfWCB4VU"}},{"AddField":{"parentId":"shape_uhHj4xqX5d","id":"shape_ZhGN8PUkdu","conceptId":"concept_NCbXgfWCB4VU"}},{"SetFieldName":{"id":"shape_ZhGN8PUkdu","newName":"score","conceptId":"concept_NCbXgfWCB4VU"}},{"AssignType":{"id":"shape_ZhGN8PUkdu","to":{"IntegerT":{}},"conceptId":"concept_NCbXgfWCB4VU"}},{"AddField":{"parentId":"shape_uhHj4xqX5d","id":"shape_PvFzEuIkJe","conceptId":"concept_NCbXgfWCB4VU"}},{"SetFieldName":{"id":"shape_PvFzEuIkJe","newName":"k/d","conceptId":"concept_NCbXgfWCB4VU"}},{"AssignType":{"id":"shape_PvFzEuIkJe","to":{"NumberT":{}},"conceptId":"concept_NCbXgfWCB4VU"}},{"AddField":{"parentId":"shape_uhHj4xqX5d","id":"shape_xu0FyAyYtH","conceptId":"concept_NCbXgfWCB4VU"}},{"SetFieldName":{"id":"shape_xu0FyAyYtH","newName":"top10","conceptId":"concept_NCbXgfWCB4VU"}},{"AssignType":{"id":"shape_xu0FyAyYtH","to":{"IntegerT":{}},"conceptId":"concept_NCbXgfWCB4VU"}},{"AddField":{"parentId":"shape_uhHj4xqX5d","id":"shape_JFPA5GkiBB","conceptId":"concept_NCbXgfWCB4VU"}},{"SetFieldName":{"id":"shape_JFPA5GkiBB","newName":"top5","conceptId":"concept_NCbXgfWCB4VU"}},{"AssignType":{"id":"shape_JFPA5GkiBB","to":{"IntegerT":{}},"conceptId":"concept_NCbXgfWCB4VU"}},{"AddField":{"parentId":"shape_uhHj4xqX5d","id":"shape_PAVaVUvi4p","conceptId":"concept_NCbXgfWCB4VU"}},{"SetFieldName":{"id":"shape_PAVaVUvi4p","newName":"top6","conceptId":"concept_NCbXgfWCB4VU"}},{"AssignType":{"id":"shape_PAVaVUvi4p","to":{"IntegerT":{}},"conceptId":"concept_NCbXgfWCB4VU"}},{"AddField":{"parentId":"shape_uhHj4xqX5d","id":"shape_vDddUaD0d4","conceptId":"concept_NCbXgfWCB4VU"}},{"SetFieldName":{"id":"shape_vDddUaD0d4","newName":"killsPerMatch","conceptId":"concept_NCbXgfWCB4VU"}},{"AssignType":{"id":"shape_vDddUaD0d4","to":{"StringT":{}},"conceptId":"concept_NCbXgfWCB4VU"}},{"AddField":{"parentId":"shape_uhHj4xqX5d","id":"shape_uKqlLDsuUS","conceptId":"concept_NCbXgfWCB4VU"}},{"SetFieldName":{"id":"shape_uKqlLDsuUS","newName":"win%","conceptId":"concept_NCbXgfWCB4VU"}},{"AssignType":{"id":"shape_uKqlLDsuUS","to":{"NumberT":{}},"conceptId":"concept_NCbXgfWCB4VU"}},{"AddField":{"parentId":"shape_uhHj4xqX5d","id":"shape_JAeQc8ZrYC","conceptId":"concept_NCbXgfWCB4VU"}},{"SetFieldName":{"id":"shape_JAeQc8ZrYC","newName":"top12","conceptId":"concept_NCbXgfWCB4VU"}},{"AssignType":{"id":"shape_JAeQc8ZrYC","to":{"IntegerT":{}},"conceptId":"concept_NCbXgfWCB4VU"}},{"AddField":{"parentId":"shape_uhHj4xqX5d","id":"shape_G2GCJU2zu4","conceptId":"concept_NCbXgfWCB4VU"}},{"SetFieldName":{"id":"shape_G2GCJU2zu4","newName":"timePlayed","conceptId":"concept_NCbXgfWCB4VU"}},{"AssignType":{"id":"shape_G2GCJU2zu4","to":{"StringT":{}},"conceptId":"concept_NCbXgfWCB4VU"}},{"AddField":{"parentId":"shape_uhHj4xqX5d","id":"shape_7xhYe27uqb","conceptId":"concept_NCbXgfWCB4VU"}},{"SetFieldName":{"id":"shape_7xhYe27uqb","newName":"top3","conceptId":"concept_NCbXgfWCB4VU"}},{"AssignType":{"id":"shape_7xhYe27uqb","to":{"IntegerT":{}},"conceptId":"concept_NCbXgfWCB4VU"}},{"AddField":{"parentId":"shape_uhHj4xqX5d","id":"shape_yhAx9xOvj8","conceptId":"concept_NCbXgfWCB4VU"}},{"SetFieldName":{"id":"shape_yhAx9xOvj8","newName":"wins","conceptId":"concept_NCbXgfWCB4VU"}},{"AssignType":{"id":"shape_yhAx9xOvj8","to":{"IntegerT":{}},"conceptId":"concept_NCbXgfWCB4VU"}},{"AddResponse":{"responseId":"response_FFvdRLUPO3","requestId":"path_LmdqIugpwF}_get","httpStatusCode":400}},{"AddResponse":{"responseId":"response_WqLhqaiMCh","requestId":"path_LmdqIugpwF}_get","httpStatusCode":404}},{"DefineInlineConcept":{"root":"shape_sUOmJLMAud","conceptId":"concept_YJyxz8L9XuaU"}},{"AssignType":{"id":"shape_sUOmJLMAud","to":{"ObjectT":{}},"conceptId":"concept_YJyxz8L9XuaU"}},{"AddField":{"parentId":"shape_sUOmJLMAud","id":"shape_EogcF60ZhK","conceptId":"concept_YJyxz8L9XuaU"}},{"SetFieldName":{"id":"shape_EogcF60ZhK","newName":"code","conceptId":"concept_YJyxz8L9XuaU"}},{"AssignType":{"id":"shape_EogcF60ZhK","to":{"IntegerT":{}},"conceptId":"concept_YJyxz8L9XuaU"}},{"AddField":{"parentId":"shape_sUOmJLMAud","id":"shape_tz53sh4WPq","conceptId":"concept_YJyxz8L9XuaU"}},{"SetFieldName":{"id":"shape_tz53sh4WPq","newName":"message","conceptId":"concept_YJyxz8L9XuaU"}},{"AssignType":{"id":"shape_tz53sh4WPq","to":{"StringT":{}},"conceptId":"concept_YJyxz8L9XuaU"}},{"AddRequest":{"requestId":"path_7bB5zi4kcU}_get","pathId":"SfNjUh_path_14","httpMethod":"get"}},{"AddResponse":{"responseId":"response_MUVEOQVi98","requestId":"path_7bB5zi4kcU}_get","httpStatusCode":200}},{"DefineInlineConcept":{"root":"shape_UGVIXZ0MCQ","conceptId":"concept_E1Zlnat7BPFu"}},{"AssignType":{"id":"shape_UGVIXZ0MCQ","to":{"ObjectT":{}},"conceptId":"concept_E1Zlnat7BPFu"}},{"AddRequest":{"requestId":"path_t1kiTX9J2E}_get","pathId":"SfNjUh_path_5","httpMethod":"get"}},{"AddResponse":{"responseId":"response_P4jNiSXa18","requestId":"path_t1kiTX9J2E}_get","httpStatusCode":200}},{"DefineInlineConcept":{"root":"shape_RS2mwFGjcM","conceptId":"concept_BWnNUs6MroDp"}},{"AssignType":{"id":"shape_RS2mwFGjcM","to":{"ObjectT":{}},"conceptId":"concept_BWnNUs6MroDp"}},{"AddRequest":{"requestId":"path_iwY3A1LOF6}_post","pathId":"SfNjUh_path_3","httpMethod":"post"}},{"AddResponse":{"responseId":"response_2SwEGAglFw","requestId":"path_iwY3A1LOF6}_post","httpStatusCode":200}},{"DefineInlineConcept":{"root":"shape_kxVqBldoit","conceptId":"concept_YuQoQP7GLqK6"}},{"AssignType":{"id":"shape_kxVqBldoit","to":{"ObjectT":{}},"conceptId":"concept_YuQoQP7GLqK6"}},{"AddField":{"parentId":"shape_kxVqBldoit","id":"shape_6BmZeH0PLM","conceptId":"concept_YuQoQP7GLqK6"}},{"SetFieldName":{"id":"shape_6BmZeH0PLM","newName":"access_toekn","conceptId":"concept_YuQoQP7GLqK6"}},{"AssignType":{"id":"shape_6BmZeH0PLM","to":{"StringT":{}},"conceptId":"concept_YuQoQP7GLqK6"}},{"AddField":{"parentId":"shape_kxVqBldoit","id":"shape_2hVI5i91Yk","conceptId":"concept_YuQoQP7GLqK6"}},{"SetFieldName":{"id":"shape_2hVI5i91Yk","newName":"expiresIn","conceptId":"concept_YuQoQP7GLqK6"}},{"AssignType":{"id":"shape_2hVI5i91Yk","to":{"StringT":{}},"conceptId":"concept_YuQoQP7GLqK6"}},{"AddResponse":{"responseId":"response_79VINpj4t9","requestId":"path_iwY3A1LOF6}_post","httpStatusCode":401}},{"DefineInlineConcept":{"root":"shape_iTuqD2y3Qq","conceptId":"concept_jjA9zEMAT0iS"}},{"AssignType":{"id":"shape_iTuqD2y3Qq","to":{"ObjectT":{}},"conceptId":"concept_jjA9zEMAT0iS"}},{"AddField":{"parentId":"shape_iTuqD2y3Qq","id":"shape_Z6ywsKvC2d","conceptId":"concept_jjA9zEMAT0iS"}},{"SetFieldName":{"id":"shape_Z6ywsKvC2d","newName":"message","conceptId":"concept_jjA9zEMAT0iS"}},{"AssignType":{"id":"shape_Z6ywsKvC2d","to":{"StringT":{}},"conceptId":"concept_jjA9zEMAT0iS"}},{"AddField":{"parentId":"shape_iTuqD2y3Qq","id":"shape_B3KwN5pkhV","conceptId":"concept_jjA9zEMAT0iS"}},{"SetFieldName":{"id":"shape_B3KwN5pkhV","newName":"success","conceptId":"concept_jjA9zEMAT0iS"}},{"AssignType":{"id":"shape_B3KwN5pkhV","to":{"BooleanT":{}},"conceptId":"concept_jjA9zEMAT0iS"}},{"AddResponse":{"responseId":"response_LgEdSjS0WD","requestId":"path_iwY3A1LOF6}_post","httpStatusCode":404}},{"DefineInlineConcept":{"root":"shape_Uytmon67mF","conceptId":"concept_lm3HxQWIQm1X"}},{"AssignType":{"id":"shape_Uytmon67mF","to":{"ObjectT":{}},"conceptId":"concept_lm3HxQWIQm1X"}},{"AddField":{"parentId":"shape_Uytmon67mF","id":"shape_dHOnFAYomn","conceptId":"concept_lm3HxQWIQm1X"}},{"SetFieldName":{"id":"shape_dHOnFAYomn","newName":"message","conceptId":"concept_lm3HxQWIQm1X"}},{"AssignType":{"id":"shape_dHOnFAYomn","to":{"StringT":{}},"conceptId":"concept_lm3HxQWIQm1X"}},{"AddField":{"parentId":"shape_Uytmon67mF","id":"shape_hPtdhJK5Tv","conceptId":"concept_lm3HxQWIQm1X"}},{"SetFieldName":{"id":"shape_hPtdhJK5Tv","newName":"success","conceptId":"concept_lm3HxQWIQm1X"}},{"AssignType":{"id":"shape_hPtdhJK5Tv","to":{"BooleanT":{}},"conceptId":"concept_lm3HxQWIQm1X"}},{"AddRequest":{"requestId":"path_fOhztOHDms}_get","pathId":"SfNjUh_path_17","httpMethod":"get"}},{"AddResponse":{"responseId":"response_BL7dkExm0O","requestId":"path_fOhztOHDms}_get","httpStatusCode":200}},{"DefineInlineConcept":{"root":"shape_X5HGTAQORu","conceptId":"concept_VVuJN5sykiu2"}},{"AssignType":{"id":"shape_X5HGTAQORu","to":{"ObjectT":{}},"conceptId":"concept_VVuJN5sykiu2"}},{"AddField":{"parentId":"shape_X5HGTAQORu","id":"shape_aynOHH3bdD","conceptId":"concept_VVuJN5sykiu2"}},{"SetFieldName":{"id":"shape_aynOHH3bdD","newName":"displayName","conceptId":"concept_VVuJN5sykiu2"}},{"AssignType":{"id":"shape_aynOHH3bdD","to":{"StringT":{}},"conceptId":"concept_VVuJN5sykiu2"}},{"AddField":{"parentId":"shape_X5HGTAQORu","id":"shape_kv1Ol0XRjb","conceptId":"concept_VVuJN5sykiu2"}},{"SetFieldName":{"id":"shape_kv1Ol0XRjb","newName":"id","conceptId":"concept_VVuJN5sykiu2"}},{"AssignType":{"id":"shape_kv1Ol0XRjb","to":{"StringT":{}},"conceptId":"concept_VVuJN5sykiu2"}},{"AddResponse":{"responseId":"response_HkR8610it4","requestId":"path_fOhztOHDms}_get","httpStatusCode":404}},{"DefineInlineConcept":{"root":"shape_X3XYqWhWKb","conceptId":"concept_UAud2ilRezUz"}},{"AssignType":{"id":"shape_X3XYqWhWKb","to":{"ObjectT":{}},"conceptId":"concept_UAud2ilRezUz"}},{"AddField":{"parentId":"shape_X3XYqWhWKb","id":"shape_WLLR3bX0RE","conceptId":"concept_UAud2ilRezUz"}},{"SetFieldName":{"id":"shape_WLLR3bX0RE","newName":"code","conceptId":"concept_UAud2ilRezUz"}},{"AssignType":{"id":"shape_WLLR3bX0RE","to":{"IntegerT":{}},"conceptId":"concept_UAud2ilRezUz"}},{"AddField":{"parentId":"shape_X3XYqWhWKb","id":"shape_1Rw0nuy1Py","conceptId":"concept_UAud2ilRezUz"}},{"SetFieldName":{"id":"shape_1Rw0nuy1Py","newName":"message","conceptId":"concept_UAud2ilRezUz"}},{"AssignType":{"id":"shape_1Rw0nuy1Py","to":{"StringT":{}},"conceptId":"concept_UAud2ilRezUz"}},{"AddRequest":{"requestId":"path_B8hyygwrvH}_get","pathId":"SfNjUh_path_13","httpMethod":"get"}},{"AddResponse":{"responseId":"response_8JQKBgbQqE","requestId":"path_B8hyygwrvH}_get","httpStatusCode":200}},{"DefineInlineConcept":{"root":"shape_fwwK5tvHv1","conceptId":"concept_e5hlnFsJK0jP"}},{"AssignType":{"id":"shape_fwwK5tvHv1","to":{"ObjectT":{}},"conceptId":"concept_e5hlnFsJK0jP"}},{"AddField":{"parentId":"shape_fwwK5tvHv1","id":"shape_46XAVIp1L6","conceptId":"concept_e5hlnFsJK0jP"}},{"SetFieldName":{"id":"shape_46XAVIp1L6","newName":"group","conceptId":"concept_e5hlnFsJK0jP"}},{"AssignType":{"id":"shape_46XAVIp1L6","to":{"ObjectT":{}},"conceptId":"concept_e5hlnFsJK0jP"}},{"AddField":{"parentId":"shape_46XAVIp1L6","id":"shape_uMvA2pFk0p","conceptId":"concept_e5hlnFsJK0jP"}},{"SetFieldName":{"id":"shape_uMvA2pFk0p","newName":"duo","conceptId":"concept_e5hlnFsJK0jP"}},{"AssignType":{"id":"shape_uMvA2pFk0p","to":{"ObjectT":{}},"conceptId":"concept_e5hlnFsJK0jP"}},{"AddField":{"parentId":"shape_uMvA2pFk0p","id":"shape_TZfU9kEdIC","conceptId":"concept_e5hlnFsJK0jP"}},{"SetFieldName":{"id":"shape_TZfU9kEdIC","newName":"kills","conceptId":"concept_e5hlnFsJK0jP"}},{"AssignType":{"id":"shape_TZfU9kEdIC","to":{"IntegerT":{}},"conceptId":"concept_e5hlnFsJK0jP"}},{"AddField":{"parentId":"shape_uMvA2pFk0p","id":"shape_azxN7iPNR9","conceptId":"concept_e5hlnFsJK0jP"}},{"SetFieldName":{"id":"shape_azxN7iPNR9","newName":"killsPerMin","conceptId":"concept_e5hlnFsJK0jP"}},{"AssignType":{"id":"shape_azxN7iPNR9","to":{"StringT":{}},"conceptId":"concept_e5hlnFsJK0jP"}},{"AddField":{"parentId":"shape_uMvA2pFk0p","id":"shape_JX61IJfSeK","conceptId":"concept_e5hlnFsJK0jP"}},{"SetFieldName":{"id":"shape_JX61IJfSeK","newName":"top25","conceptId":"concept_e5hlnFsJK0jP"}},{"AssignType":{"id":"shape_JX61IJfSeK","to":{"IntegerT":{}},"conceptId":"concept_e5hlnFsJK0jP"}},{"AddField":{"parentId":"shape_uMvA2pFk0p","id":"shape_Q6ROzlqy52","conceptId":"concept_e5hlnFsJK0jP"}},{"SetFieldName":{"id":"shape_Q6ROzlqy52","newName":"score","conceptId":"concept_e5hlnFsJK0jP"}},{"AssignType":{"id":"shape_Q6ROzlqy52","to":{"IntegerT":{}},"conceptId":"concept_e5hlnFsJK0jP"}},{"AddField":{"parentId":"shape_uMvA2pFk0p","id":"shape_PTRrJXkJ0X","conceptId":"concept_e5hlnFsJK0jP"}},{"SetFieldName":{"id":"shape_PTRrJXkJ0X","newName":"k/d","conceptId":"concept_e5hlnFsJK0jP"}},{"AssignType":{"id":"shape_PTRrJXkJ0X","to":{"NumberT":{}},"conceptId":"concept_e5hlnFsJK0jP"}},{"AddField":{"parentId":"shape_uMvA2pFk0p","id":"shape_hFwRkjMwTJ","conceptId":"concept_e5hlnFsJK0jP"}},{"SetFieldName":{"id":"shape_hFwRkjMwTJ","newName":"top10","conceptId":"concept_e5hlnFsJK0jP"}},{"AssignType":{"id":"shape_hFwRkjMwTJ","to":{"IntegerT":{}},"conceptId":"concept_e5hlnFsJK0jP"}},{"AddField":{"parentId":"shape_uMvA2pFk0p","id":"shape_Rons5zCBPe","conceptId":"concept_e5hlnFsJK0jP"}},{"SetFieldName":{"id":"shape_Rons5zCBPe","newName":"top5","conceptId":"concept_e5hlnFsJK0jP"}},{"AssignType":{"id":"shape_Rons5zCBPe","to":{"IntegerT":{}},"conceptId":"concept_e5hlnFsJK0jP"}},{"AddField":{"parentId":"shape_uMvA2pFk0p","id":"shape_GrwhvhSnvV","conceptId":"concept_e5hlnFsJK0jP"}},{"SetFieldName":{"id":"shape_GrwhvhSnvV","newName":"top6","conceptId":"concept_e5hlnFsJK0jP"}},{"AssignType":{"id":"shape_GrwhvhSnvV","to":{"IntegerT":{}},"conceptId":"concept_e5hlnFsJK0jP"}},{"AddField":{"parentId":"shape_uMvA2pFk0p","id":"shape_h3TkIG5uzI","conceptId":"concept_e5hlnFsJK0jP"}},{"SetFieldName":{"id":"shape_h3TkIG5uzI","newName":"killsPerMatch","conceptId":"concept_e5hlnFsJK0jP"}},{"AssignType":{"id":"shape_h3TkIG5uzI","to":{"StringT":{}},"conceptId":"concept_e5hlnFsJK0jP"}},{"AddField":{"parentId":"shape_uMvA2pFk0p","id":"shape_mvjxhT3T16","conceptId":"concept_e5hlnFsJK0jP"}},{"SetFieldName":{"id":"shape_mvjxhT3T16","newName":"win%","conceptId":"concept_e5hlnFsJK0jP"}},{"AssignType":{"id":"shape_mvjxhT3T16","to":{"NumberT":{}},"conceptId":"concept_e5hlnFsJK0jP"}},{"AddField":{"parentId":"shape_uMvA2pFk0p","id":"shape_FpyKDrNgBN","conceptId":"concept_e5hlnFsJK0jP"}},{"SetFieldName":{"id":"shape_FpyKDrNgBN","newName":"top12","conceptId":"concept_e5hlnFsJK0jP"}},{"AssignType":{"id":"shape_FpyKDrNgBN","to":{"IntegerT":{}},"conceptId":"concept_e5hlnFsJK0jP"}},{"AddField":{"parentId":"shape_uMvA2pFk0p","id":"shape_vBXxQBKPai","conceptId":"concept_e5hlnFsJK0jP"}},{"SetFieldName":{"id":"shape_vBXxQBKPai","newName":"timePlayed","conceptId":"concept_e5hlnFsJK0jP"}},{"AssignType":{"id":"shape_vBXxQBKPai","to":{"StringT":{}},"conceptId":"concept_e5hlnFsJK0jP"}},{"AddField":{"parentId":"shape_uMvA2pFk0p","id":"shape_Gzm7BYS5ad","conceptId":"concept_e5hlnFsJK0jP"}},{"SetFieldName":{"id":"shape_Gzm7BYS5ad","newName":"top3","conceptId":"concept_e5hlnFsJK0jP"}},{"AssignType":{"id":"shape_Gzm7BYS5ad","to":{"IntegerT":{}},"conceptId":"concept_e5hlnFsJK0jP"}},{"AddField":{"parentId":"shape_uMvA2pFk0p","id":"shape_cCm1ihmiXY","conceptId":"concept_e5hlnFsJK0jP"}},{"SetFieldName":{"id":"shape_cCm1ihmiXY","newName":"wins","conceptId":"concept_e5hlnFsJK0jP"}},{"AssignType":{"id":"shape_cCm1ihmiXY","to":{"IntegerT":{}},"conceptId":"concept_e5hlnFsJK0jP"}},{"AddField":{"parentId":"shape_46XAVIp1L6","id":"shape_kf6ZtEAL13","conceptId":"concept_e5hlnFsJK0jP"}},{"SetFieldName":{"id":"shape_kf6ZtEAL13","newName":"solo","conceptId":"concept_e5hlnFsJK0jP"}},{"AssignType":{"id":"shape_kf6ZtEAL13","to":{"ObjectT":{}},"conceptId":"concept_e5hlnFsJK0jP"}},{"AddField":{"parentId":"shape_kf6ZtEAL13","id":"shape_7ewSCYhLuw","conceptId":"concept_e5hlnFsJK0jP"}},{"SetFieldName":{"id":"shape_7ewSCYhLuw","newName":"kills","conceptId":"concept_e5hlnFsJK0jP"}},{"AssignType":{"id":"shape_7ewSCYhLuw","to":{"IntegerT":{}},"conceptId":"concept_e5hlnFsJK0jP"}},{"AddField":{"parentId":"shape_kf6ZtEAL13","id":"shape_2TYCm9LwAO","conceptId":"concept_e5hlnFsJK0jP"}},{"SetFieldName":{"id":"shape_2TYCm9LwAO","newName":"killsPerMin","conceptId":"concept_e5hlnFsJK0jP"}},{"AssignType":{"id":"shape_2TYCm9LwAO","to":{"StringT":{}},"conceptId":"concept_e5hlnFsJK0jP"}},{"AddField":{"parentId":"shape_kf6ZtEAL13","id":"shape_XRopB2LBEf","conceptId":"concept_e5hlnFsJK0jP"}},{"SetFieldName":{"id":"shape_XRopB2LBEf","newName":"top25","conceptId":"concept_e5hlnFsJK0jP"}},{"AssignType":{"id":"shape_XRopB2LBEf","to":{"IntegerT":{}},"conceptId":"concept_e5hlnFsJK0jP"}},{"AddField":{"parentId":"shape_kf6ZtEAL13","id":"shape_QMyfqvJYpi","conceptId":"concept_e5hlnFsJK0jP"}},{"SetFieldName":{"id":"shape_QMyfqvJYpi","newName":"score","conceptId":"concept_e5hlnFsJK0jP"}},{"AssignType":{"id":"shape_QMyfqvJYpi","to":{"IntegerT":{}},"conceptId":"concept_e5hlnFsJK0jP"}},{"AddField":{"parentId":"shape_kf6ZtEAL13","id":"shape_z2M4igXpGx","conceptId":"concept_e5hlnFsJK0jP"}},{"SetFieldName":{"id":"shape_z2M4igXpGx","newName":"k/d","conceptId":"concept_e5hlnFsJK0jP"}},{"AssignType":{"id":"shape_z2M4igXpGx","to":{"NumberT":{}},"conceptId":"concept_e5hlnFsJK0jP"}},{"AddField":{"parentId":"shape_kf6ZtEAL13","id":"shape_DGqemzmgXI","conceptId":"concept_e5hlnFsJK0jP"}},{"SetFieldName":{"id":"shape_DGqemzmgXI","newName":"top10","conceptId":"concept_e5hlnFsJK0jP"}},{"AssignType":{"id":"shape_DGqemzmgXI","to":{"IntegerT":{}},"conceptId":"concept_e5hlnFsJK0jP"}},{"AddField":{"parentId":"shape_kf6ZtEAL13","id":"shape_IuLMlPp6e4","conceptId":"concept_e5hlnFsJK0jP"}},{"SetFieldName":{"id":"shape_IuLMlPp6e4","newName":"top5","conceptId":"concept_e5hlnFsJK0jP"}},{"AssignType":{"id":"shape_IuLMlPp6e4","to":{"IntegerT":{}},"conceptId":"concept_e5hlnFsJK0jP"}},{"AddField":{"parentId":"shape_kf6ZtEAL13","id":"shape_QErkQX7xwK","conceptId":"concept_e5hlnFsJK0jP"}},{"SetFieldName":{"id":"shape_QErkQX7xwK","newName":"top6","conceptId":"concept_e5hlnFsJK0jP"}},{"AssignType":{"id":"shape_QErkQX7xwK","to":{"IntegerT":{}},"conceptId":"concept_e5hlnFsJK0jP"}},{"AddField":{"parentId":"shape_kf6ZtEAL13","id":"shape_HjxQ9AD0ak","conceptId":"concept_e5hlnFsJK0jP"}},{"SetFieldName":{"id":"shape_HjxQ9AD0ak","newName":"killsPerMatch","conceptId":"concept_e5hlnFsJK0jP"}},{"AssignType":{"id":"shape_HjxQ9AD0ak","to":{"StringT":{}},"conceptId":"concept_e5hlnFsJK0jP"}},{"AddField":{"parentId":"shape_kf6ZtEAL13","id":"shape_YrMf6JBnVn","conceptId":"concept_e5hlnFsJK0jP"}},{"SetFieldName":{"id":"shape_YrMf6JBnVn","newName":"win%","conceptId":"concept_e5hlnFsJK0jP"}},{"AssignType":{"id":"shape_YrMf6JBnVn","to":{"NumberT":{}},"conceptId":"concept_e5hlnFsJK0jP"}},{"AddField":{"parentId":"shape_kf6ZtEAL13","id":"shape_iDdlNvkC9t","conceptId":"concept_e5hlnFsJK0jP"}},{"SetFieldName":{"id":"shape_iDdlNvkC9t","newName":"top12","conceptId":"concept_e5hlnFsJK0jP"}},{"AssignType":{"id":"shape_iDdlNvkC9t","to":{"IntegerT":{}},"conceptId":"concept_e5hlnFsJK0jP"}},{"AddField":{"parentId":"shape_kf6ZtEAL13","id":"shape_oxiDaYs4jw","conceptId":"concept_e5hlnFsJK0jP"}},{"SetFieldName":{"id":"shape_oxiDaYs4jw","newName":"timePlayed","conceptId":"concept_e5hlnFsJK0jP"}},{"AssignType":{"id":"shape_oxiDaYs4jw","to":{"StringT":{}},"conceptId":"concept_e5hlnFsJK0jP"}},{"AddField":{"parentId":"shape_kf6ZtEAL13","id":"shape_WEZ8RqHr94","conceptId":"concept_e5hlnFsJK0jP"}},{"SetFieldName":{"id":"shape_WEZ8RqHr94","newName":"top3","conceptId":"concept_e5hlnFsJK0jP"}},{"AssignType":{"id":"shape_WEZ8RqHr94","to":{"IntegerT":{}},"conceptId":"concept_e5hlnFsJK0jP"}},{"AddField":{"parentId":"shape_kf6ZtEAL13","id":"shape_2B00ah2Exy","conceptId":"concept_e5hlnFsJK0jP"}},{"SetFieldName":{"id":"shape_2B00ah2Exy","newName":"wins","conceptId":"concept_e5hlnFsJK0jP"}},{"AssignType":{"id":"shape_2B00ah2Exy","to":{"IntegerT":{}},"conceptId":"concept_e5hlnFsJK0jP"}},{"AddField":{"parentId":"shape_46XAVIp1L6","id":"shape_veXJmp9NiY","conceptId":"concept_e5hlnFsJK0jP"}},{"SetFieldName":{"id":"shape_veXJmp9NiY","newName":"squad","conceptId":"concept_e5hlnFsJK0jP"}},{"AssignType":{"id":"shape_veXJmp9NiY","to":{"ObjectT":{}},"conceptId":"concept_e5hlnFsJK0jP"}},{"AddField":{"parentId":"shape_veXJmp9NiY","id":"shape_VUWyIXXh9D","conceptId":"concept_e5hlnFsJK0jP"}},{"SetFieldName":{"id":"shape_VUWyIXXh9D","newName":"kills","conceptId":"concept_e5hlnFsJK0jP"}},{"AssignType":{"id":"shape_VUWyIXXh9D","to":{"IntegerT":{}},"conceptId":"concept_e5hlnFsJK0jP"}},{"AddField":{"parentId":"shape_veXJmp9NiY","id":"shape_vDhYWdh3Ef","conceptId":"concept_e5hlnFsJK0jP"}},{"SetFieldName":{"id":"shape_vDhYWdh3Ef","newName":"killsPerMin","conceptId":"concept_e5hlnFsJK0jP"}},{"AssignType":{"id":"shape_vDhYWdh3Ef","to":{"StringT":{}},"conceptId":"concept_e5hlnFsJK0jP"}},{"AddField":{"parentId":"shape_veXJmp9NiY","id":"shape_y7NGIOaabC","conceptId":"concept_e5hlnFsJK0jP"}},{"SetFieldName":{"id":"shape_y7NGIOaabC","newName":"top25","conceptId":"concept_e5hlnFsJK0jP"}},{"AssignType":{"id":"shape_y7NGIOaabC","to":{"IntegerT":{}},"conceptId":"concept_e5hlnFsJK0jP"}},{"AddField":{"parentId":"shape_veXJmp9NiY","id":"shape_LOEGMoGqGT","conceptId":"concept_e5hlnFsJK0jP"}},{"SetFieldName":{"id":"shape_LOEGMoGqGT","newName":"score","conceptId":"concept_e5hlnFsJK0jP"}},{"AssignType":{"id":"shape_LOEGMoGqGT","to":{"IntegerT":{}},"conceptId":"concept_e5hlnFsJK0jP"}},{"AddField":{"parentId":"shape_veXJmp9NiY","id":"shape_8tqGTrF4Kf","conceptId":"concept_e5hlnFsJK0jP"}},{"SetFieldName":{"id":"shape_8tqGTrF4Kf","newName":"k/d","conceptId":"concept_e5hlnFsJK0jP"}},{"AssignType":{"id":"shape_8tqGTrF4Kf","to":{"NumberT":{}},"conceptId":"concept_e5hlnFsJK0jP"}},{"AddField":{"parentId":"shape_veXJmp9NiY","id":"shape_uMWo528gyn","conceptId":"concept_e5hlnFsJK0jP"}},{"SetFieldName":{"id":"shape_uMWo528gyn","newName":"top10","conceptId":"concept_e5hlnFsJK0jP"}},{"AssignType":{"id":"shape_uMWo528gyn","to":{"IntegerT":{}},"conceptId":"concept_e5hlnFsJK0jP"}},{"AddField":{"parentId":"shape_veXJmp9NiY","id":"shape_Ig0B8p6FOM","conceptId":"concept_e5hlnFsJK0jP"}},{"SetFieldName":{"id":"shape_Ig0B8p6FOM","newName":"top5","conceptId":"concept_e5hlnFsJK0jP"}},{"AssignType":{"id":"shape_Ig0B8p6FOM","to":{"IntegerT":{}},"conceptId":"concept_e5hlnFsJK0jP"}},{"AddField":{"parentId":"shape_veXJmp9NiY","id":"shape_AwK0TsN4zp","conceptId":"concept_e5hlnFsJK0jP"}},{"SetFieldName":{"id":"shape_AwK0TsN4zp","newName":"top6","conceptId":"concept_e5hlnFsJK0jP"}},{"AssignType":{"id":"shape_AwK0TsN4zp","to":{"IntegerT":{}},"conceptId":"concept_e5hlnFsJK0jP"}},{"AddField":{"parentId":"shape_veXJmp9NiY","id":"shape_pLnthsJF37","conceptId":"concept_e5hlnFsJK0jP"}},{"SetFieldName":{"id":"shape_pLnthsJF37","newName":"killsPerMatch","conceptId":"concept_e5hlnFsJK0jP"}},{"AssignType":{"id":"shape_pLnthsJF37","to":{"StringT":{}},"conceptId":"concept_e5hlnFsJK0jP"}},{"AddField":{"parentId":"shape_veXJmp9NiY","id":"shape_5e59FgZ1cL","conceptId":"concept_e5hlnFsJK0jP"}},{"SetFieldName":{"id":"shape_5e59FgZ1cL","newName":"win%","conceptId":"concept_e5hlnFsJK0jP"}},{"AssignType":{"id":"shape_5e59FgZ1cL","to":{"NumberT":{}},"conceptId":"concept_e5hlnFsJK0jP"}},{"AddField":{"parentId":"shape_veXJmp9NiY","id":"shape_fEvko8Ohq2","conceptId":"concept_e5hlnFsJK0jP"}},{"SetFieldName":{"id":"shape_fEvko8Ohq2","newName":"top12","conceptId":"concept_e5hlnFsJK0jP"}},{"AssignType":{"id":"shape_fEvko8Ohq2","to":{"IntegerT":{}},"conceptId":"concept_e5hlnFsJK0jP"}},{"AddField":{"parentId":"shape_veXJmp9NiY","id":"shape_K4QOaCDoPf","conceptId":"concept_e5hlnFsJK0jP"}},{"SetFieldName":{"id":"shape_K4QOaCDoPf","newName":"timePlayed","conceptId":"concept_e5hlnFsJK0jP"}},{"AssignType":{"id":"shape_K4QOaCDoPf","to":{"StringT":{}},"conceptId":"concept_e5hlnFsJK0jP"}},{"AddField":{"parentId":"shape_veXJmp9NiY","id":"shape_nLHR85C7c6","conceptId":"concept_e5hlnFsJK0jP"}},{"SetFieldName":{"id":"shape_nLHR85C7c6","newName":"top3","conceptId":"concept_e5hlnFsJK0jP"}},{"AssignType":{"id":"shape_nLHR85C7c6","to":{"IntegerT":{}},"conceptId":"concept_e5hlnFsJK0jP"}},{"AddField":{"parentId":"shape_veXJmp9NiY","id":"shape_iSGFXKUbu6","conceptId":"concept_e5hlnFsJK0jP"}},{"SetFieldName":{"id":"shape_iSGFXKUbu6","newName":"wins","conceptId":"concept_e5hlnFsJK0jP"}},{"AssignType":{"id":"shape_iSGFXKUbu6","to":{"IntegerT":{}},"conceptId":"concept_e5hlnFsJK0jP"}},{"AddField":{"parentId":"shape_fwwK5tvHv1","id":"shape_wqLOWV27Fz","conceptId":"concept_e5hlnFsJK0jP"}},{"SetFieldName":{"id":"shape_wqLOWV27Fz","newName":"info","conceptId":"concept_e5hlnFsJK0jP"}},{"AssignType":{"id":"shape_wqLOWV27Fz","to":{"ObjectT":{}},"conceptId":"concept_e5hlnFsJK0jP"}},{"AddField":{"parentId":"shape_wqLOWV27Fz","id":"shape_QWCzzYz0ch","conceptId":"concept_e5hlnFsJK0jP"}},{"SetFieldName":{"id":"shape_QWCzzYz0ch","newName":"accountId","conceptId":"concept_e5hlnFsJK0jP"}},{"AssignType":{"id":"shape_QWCzzYz0ch","to":{"IntegerT":{}},"conceptId":"concept_e5hlnFsJK0jP"}},{"AddField":{"parentId":"shape_wqLOWV27Fz","id":"shape_38SXSwKxvt","conceptId":"concept_e5hlnFsJK0jP"}},{"SetFieldName":{"id":"shape_38SXSwKxvt","newName":"plateform","conceptId":"concept_e5hlnFsJK0jP"}},{"AssignType":{"id":"shape_38SXSwKxvt","to":{"StringT":{}},"conceptId":"concept_e5hlnFsJK0jP"}},{"AddField":{"parentId":"shape_wqLOWV27Fz","id":"shape_nQjEN6SkZE","conceptId":"concept_e5hlnFsJK0jP"}},{"SetFieldName":{"id":"shape_nQjEN6SkZE","newName":"username","conceptId":"concept_e5hlnFsJK0jP"}},{"AssignType":{"id":"shape_nQjEN6SkZE","to":{"StringT":{}},"conceptId":"concept_e5hlnFsJK0jP"}},{"AddField":{"parentId":"shape_fwwK5tvHv1","id":"shape_30rPgW8nXi","conceptId":"concept_e5hlnFsJK0jP"}},{"SetFieldName":{"id":"shape_30rPgW8nXi","newName":"lifetimeStats","conceptId":"concept_e5hlnFsJK0jP"}},{"AssignType":{"id":"shape_30rPgW8nXi","to":{"ObjectT":{}},"conceptId":"concept_e5hlnFsJK0jP"}},{"AddField":{"parentId":"shape_30rPgW8nXi","id":"shape_zucxsWMpmN","conceptId":"concept_e5hlnFsJK0jP"}},{"SetFieldName":{"id":"shape_zucxsWMpmN","newName":"kills","conceptId":"concept_e5hlnFsJK0jP"}},{"AssignType":{"id":"shape_zucxsWMpmN","to":{"IntegerT":{}},"conceptId":"concept_e5hlnFsJK0jP"}},{"AddField":{"parentId":"shape_30rPgW8nXi","id":"shape_DGEzwjM4Kh","conceptId":"concept_e5hlnFsJK0jP"}},{"SetFieldName":{"id":"shape_DGEzwjM4Kh","newName":"killsPerMin","conceptId":"concept_e5hlnFsJK0jP"}},{"AssignType":{"id":"shape_DGEzwjM4Kh","to":{"StringT":{}},"conceptId":"concept_e5hlnFsJK0jP"}},{"AddField":{"parentId":"shape_30rPgW8nXi","id":"shape_okz5aT9oNs","conceptId":"concept_e5hlnFsJK0jP"}},{"SetFieldName":{"id":"shape_okz5aT9oNs","newName":"top25","conceptId":"concept_e5hlnFsJK0jP"}},{"AssignType":{"id":"shape_okz5aT9oNs","to":{"IntegerT":{}},"conceptId":"concept_e5hlnFsJK0jP"}},{"AddField":{"parentId":"shape_30rPgW8nXi","id":"shape_RmJZVuboqR","conceptId":"concept_e5hlnFsJK0jP"}},{"SetFieldName":{"id":"shape_RmJZVuboqR","newName":"score","conceptId":"concept_e5hlnFsJK0jP"}},{"AssignType":{"id":"shape_RmJZVuboqR","to":{"IntegerT":{}},"conceptId":"concept_e5hlnFsJK0jP"}},{"AddField":{"parentId":"shape_30rPgW8nXi","id":"shape_r2bUFtrjTy","conceptId":"concept_e5hlnFsJK0jP"}},{"SetFieldName":{"id":"shape_r2bUFtrjTy","newName":"k/d","conceptId":"concept_e5hlnFsJK0jP"}},{"AssignType":{"id":"shape_r2bUFtrjTy","to":{"NumberT":{}},"conceptId":"concept_e5hlnFsJK0jP"}},{"AddField":{"parentId":"shape_30rPgW8nXi","id":"shape_KgMtwuejm2","conceptId":"concept_e5hlnFsJK0jP"}},{"SetFieldName":{"id":"shape_KgMtwuejm2","newName":"top10","conceptId":"concept_e5hlnFsJK0jP"}},{"AssignType":{"id":"shape_KgMtwuejm2","to":{"IntegerT":{}},"conceptId":"concept_e5hlnFsJK0jP"}},{"AddField":{"parentId":"shape_30rPgW8nXi","id":"shape_IBPOLrpqEh","conceptId":"concept_e5hlnFsJK0jP"}},{"SetFieldName":{"id":"shape_IBPOLrpqEh","newName":"top5","conceptId":"concept_e5hlnFsJK0jP"}},{"AssignType":{"id":"shape_IBPOLrpqEh","to":{"IntegerT":{}},"conceptId":"concept_e5hlnFsJK0jP"}},{"AddField":{"parentId":"shape_30rPgW8nXi","id":"shape_wWCxBsmnZS","conceptId":"concept_e5hlnFsJK0jP"}},{"SetFieldName":{"id":"shape_wWCxBsmnZS","newName":"top6","conceptId":"concept_e5hlnFsJK0jP"}},{"AssignType":{"id":"shape_wWCxBsmnZS","to":{"IntegerT":{}},"conceptId":"concept_e5hlnFsJK0jP"}},{"AddField":{"parentId":"shape_30rPgW8nXi","id":"shape_GwgeNV1WMw","conceptId":"concept_e5hlnFsJK0jP"}},{"SetFieldName":{"id":"shape_GwgeNV1WMw","newName":"killsPerMatch","conceptId":"concept_e5hlnFsJK0jP"}},{"AssignType":{"id":"shape_GwgeNV1WMw","to":{"StringT":{}},"conceptId":"concept_e5hlnFsJK0jP"}},{"AddField":{"parentId":"shape_30rPgW8nXi","id":"shape_9tnuCWsGxe","conceptId":"concept_e5hlnFsJK0jP"}},{"SetFieldName":{"id":"shape_9tnuCWsGxe","newName":"win%","conceptId":"concept_e5hlnFsJK0jP"}},{"AssignType":{"id":"shape_9tnuCWsGxe","to":{"NumberT":{}},"conceptId":"concept_e5hlnFsJK0jP"}},{"AddField":{"parentId":"shape_30rPgW8nXi","id":"shape_8PDLE2w0FC","conceptId":"concept_e5hlnFsJK0jP"}},{"SetFieldName":{"id":"shape_8PDLE2w0FC","newName":"top12","conceptId":"concept_e5hlnFsJK0jP"}},{"AssignType":{"id":"shape_8PDLE2w0FC","to":{"IntegerT":{}},"conceptId":"concept_e5hlnFsJK0jP"}},{"AddField":{"parentId":"shape_30rPgW8nXi","id":"shape_ygAUpaMC6t","conceptId":"concept_e5hlnFsJK0jP"}},{"SetFieldName":{"id":"shape_ygAUpaMC6t","newName":"timePlayed","conceptId":"concept_e5hlnFsJK0jP"}},{"AssignType":{"id":"shape_ygAUpaMC6t","to":{"StringT":{}},"conceptId":"concept_e5hlnFsJK0jP"}},{"AddField":{"parentId":"shape_30rPgW8nXi","id":"shape_0cEWeitEZa","conceptId":"concept_e5hlnFsJK0jP"}},{"SetFieldName":{"id":"shape_0cEWeitEZa","newName":"top3","conceptId":"concept_e5hlnFsJK0jP"}},{"AssignType":{"id":"shape_0cEWeitEZa","to":{"IntegerT":{}},"conceptId":"concept_e5hlnFsJK0jP"}},{"AddField":{"parentId":"shape_30rPgW8nXi","id":"shape_k0Fvvu8bfv","conceptId":"concept_e5hlnFsJK0jP"}},{"SetFieldName":{"id":"shape_k0Fvvu8bfv","newName":"wins","conceptId":"concept_e5hlnFsJK0jP"}},{"AssignType":{"id":"shape_k0Fvvu8bfv","to":{"IntegerT":{}},"conceptId":"concept_e5hlnFsJK0jP"}},{"AddResponse":{"responseId":"response_pMW5fMmQZc","requestId":"path_B8hyygwrvH}_get","httpStatusCode":400}},{"AddResponse":{"responseId":"response_Xj9YPteX0I","requestId":"path_B8hyygwrvH}_get","httpStatusCode":404}},{"DefineInlineConcept":{"root":"shape_G6bKg8yiWL","conceptId":"concept_9JjEJONTmBF4"}},{"AssignType":{"id":"shape_G6bKg8yiWL","to":{"ObjectT":{}},"conceptId":"concept_9JjEJONTmBF4"}},{"AddField":{"parentId":"shape_G6bKg8yiWL","id":"shape_IwiBGOvuon","conceptId":"concept_9JjEJONTmBF4"}},{"SetFieldName":{"id":"shape_IwiBGOvuon","newName":"code","conceptId":"concept_9JjEJONTmBF4"}},{"AssignType":{"id":"shape_IwiBGOvuon","to":{"IntegerT":{}},"conceptId":"concept_9JjEJONTmBF4"}},{"AddField":{"parentId":"shape_G6bKg8yiWL","id":"shape_RkbHGsEAx3","conceptId":"concept_9JjEJONTmBF4"}},{"SetFieldName":{"id":"shape_RkbHGsEAx3","newName":"message","conceptId":"concept_9JjEJONTmBF4"}},{"AssignType":{"id":"shape_RkbHGsEAx3","to":{"StringT":{}},"conceptId":"concept_9JjEJONTmBF4"}},{"SetResponseBodyShape":{"responseId":"response_LeZ1yGhaBa","bodyDescriptor":{"httpContentType":"application/json","conceptId":"concept_nKUo5ZTxzxn9"}}},{"SetResponseBodyShape":{"responseId":"response_GhFRsHq1O3","bodyDescriptor":{"httpContentType":"application/json","conceptId":"concept_e8Rrt2MmpWVB"}}},{"SetResponseBodyShape":{"responseId":"response_eRvR09fd6j","bodyDescriptor":{"httpContentType":"application/json","conceptId":"concept_k3l3IYBYYKyG"}}},{"SetResponseBodyShape":{"responseId":"response_zqyqYMaGAz","bodyDescriptor":{"httpContentType":"application/json","conceptId":"concept_eHsAXL1vZXwP"}}},{"SetResponseBodyShape":{"responseId":"response_77YKFeYZgK","bodyDescriptor":{"httpContentType":"application/json","conceptId":"concept_NCbXgfWCB4VU"}}},{"SetResponseBodyShape":{"responseId":"response_WqLhqaiMCh","bodyDescriptor":{"httpContentType":"application/json","conceptId":"concept_YJyxz8L9XuaU"}}},{"SetResponseBodyShape":{"responseId":"response_MUVEOQVi98","bodyDescriptor":{"httpContentType":"application/json","conceptId":"concept_E1Zlnat7BPFu"}}},{"SetResponseBodyShape":{"responseId":"response_P4jNiSXa18","bodyDescriptor":{"httpContentType":"application/json","conceptId":"concept_BWnNUs6MroDp"}}},{"SetResponseBodyShape":{"responseId":"response_2SwEGAglFw","bodyDescriptor":{"httpContentType":"application/json","conceptId":"concept_YuQoQP7GLqK6"}}},{"SetResponseBodyShape":{"responseId":"response_79VINpj4t9","bodyDescriptor":{"httpContentType":"application/json","conceptId":"concept_jjA9zEMAT0iS"}}},{"SetResponseBodyShape":{"responseId":"response_LgEdSjS0WD","bodyDescriptor":{"httpContentType":"application/json","conceptId":"concept_lm3HxQWIQm1X"}}},{"SetResponseBodyShape":{"responseId":"response_BL7dkExm0O","bodyDescriptor":{"httpContentType":"application/json","conceptId":"concept_VVuJN5sykiu2"}}},{"SetResponseBodyShape":{"responseId":"response_HkR8610it4","bodyDescriptor":{"httpContentType":"application/json","conceptId":"concept_UAud2ilRezUz"}}},{"SetResponseBodyShape":{"responseId":"response_8JQKBgbQqE","bodyDescriptor":{"httpContentType":"application/json","conceptId":"concept_e5hlnFsJK0jP"}}},{"SetResponseBodyShape":{"responseId":"response_Xj9YPteX0I","bodyDescriptor":{"httpContentType":"application/json","conceptId":"concept_9JjEJONTmBF4"}}}]