[{"DefineConcept":{"name":"ExportResultV2","root":"shape_gCrO9pdtTF","conceptId":"concept_2dc7VT_exportresultv2"}},{"SetConceptName":{"newName":"ExportResultV2","conceptId":"concept_2dc7VT_exportresultv2"}},{"DefineConcept":{"name":"RequestApplicationExportResultV2","root":"shape_Hf3LjRTJLZ","conceptId":"concept_qEacEV_requestapplicationexportresultv2"}},{"SetConceptName":{"newName":"RequestApplicationExportResultV2","conceptId":"concept_qEacEV_requestapplicationexportresultv2"}},{"DefineConcept":{"name":"WebhookResultV2","root":"shape_JvAQOEtWex","conceptId":"concept_AOu67d_webhookresultv2"}},{"SetConceptName":{"newName":"WebhookResultV2","conceptId":"concept_AOu67d_webhookresultv2"}},{"AssignType":{"id":"shape_gCrO9pdtTF","to":{"ObjectT":{}},"conceptId":"concept_2dc7VT_exportresultv2"}},{"AddField":{"parentId":"shape_gCrO9pdtTF","id":"shape_TfyHkws9zw","conceptId":"concept_2dc7VT_exportresultv2"}},{"SetFieldName":{"id":"shape_TfyHkws9zw","newName":"completed_files","conceptId":"concept_2dc7VT_exportresultv2"}},{"AssignType":{"id":"shape_TfyHkws9zw","to":{"IntegerT":{}},"conceptId":"concept_2dc7VT_exportresultv2"}},{"AddField":{"parentId":"shape_gCrO9pdtTF","id":"shape_BZoZvAX3b8","conceptId":"concept_2dc7VT_exportresultv2"}},{"SetFieldName":{"id":"shape_BZoZvAX3b8","newName":"file_urls","conceptId":"concept_2dc7VT_exportresultv2"}},{"AssignType":{"id":"shape_BZoZvAX3b8","to":{"ListT":{}},"conceptId":"concept_2dc7VT_exportresultv2"}},{"AddTypeParameter":{"parentId":"shape_BZoZvAX3b8","id":"shape_Ot986p8XQQ","conceptId":"concept_2dc7VT_exportresultv2"}},{"AssignType":{"id":"shape_Ot986p8XQQ","to":{"StringT":{}},"conceptId":"concept_2dc7VT_exportresultv2"}},{"AddField":{"parentId":"shape_gCrO9pdtTF","id":"shape_4xJAZl0ynq","conceptId":"concept_2dc7VT_exportresultv2"}},{"SetFieldName":{"id":"shape_4xJAZl0ynq","newName":"status","conceptId":"concept_2dc7VT_exportresultv2"}},{"AssignType":{"id":"shape_4xJAZl0ynq","to":{"StringT":{}},"conceptId":"concept_2dc7VT_exportresultv2"}},{"AddField":{"parentId":"shape_gCrO9pdtTF","id":"shape_MH30tHTL4z","conceptId":"concept_2dc7VT_exportresultv2"}},{"SetFieldName":{"id":"shape_MH30tHTL4z","newName":"total_files","conceptId":"concept_2dc7VT_exportresultv2"}},{"AssignType":{"id":"shape_MH30tHTL4z","to":{"IntegerT":{}},"conceptId":"concept_2dc7VT_exportresultv2"}},{"AssignType":{"id":"shape_Hf3LjRTJLZ","to":{"ObjectT":{}},"conceptId":"concept_qEacEV_requestapplicationexportresultv2"}},{"AddField":{"parentId":"shape_Hf3LjRTJLZ","id":"shape_OYqU1lbNh4","conceptId":"concept_qEacEV_requestapplicationexportresultv2"}},{"SetFieldName":{"id":"shape_OYqU1lbNh4","newName":"message","conceptId":"concept_qEacEV_requestapplicationexportresultv2"}},{"AssignType":{"id":"shape_OYqU1lbNh4","to":{"StringT":{}},"conceptId":"concept_qEacEV_requestapplicationexportresultv2"}},{"AddField":{"parentId":"shape_Hf3LjRTJLZ","id":"shape_vN78VF21a7","conceptId":"concept_qEacEV_requestapplicationexportresultv2"}},{"SetFieldName":{"id":"shape_vN78VF21a7","newName":"submissions","conceptId":"concept_qEacEV_requestapplicationexportresultv2"}},{"AssignType":{"id":"shape_vN78VF21a7","to":{"IntegerT":{}},"conceptId":"concept_qEacEV_requestapplicationexportresultv2"}},{"AddField":{"parentId":"shape_Hf3LjRTJLZ","id":"shape_X7izk0sE6B","conceptId":"concept_qEacEV_requestapplicationexportresultv2"}},{"SetFieldName":{"id":"shape_X7izk0sE6B","newName":"token","conceptId":"concept_qEacEV_requestapplicationexportresultv2"}},{"AssignType":{"id":"shape_X7izk0sE6B","to":{"IntegerT":{}},"conceptId":"concept_qEacEV_requestapplicationexportresultv2"}},{"AssignType":{"id":"shape_JvAQOEtWex","to":{"AnyT":{}},"conceptId":"concept_AOu67d_webhookresultv2"}},{"AddPathComponent":{"pathId":"mXgxVx_path_0","parentPathId":"root","name":"api"}},{"AddPathComponent":{"pathId":"mXgxVx_path_1","parentPathId":"mXgxVx_path_0","name":"v2"}},{"AddPathComponent":{"pathId":"mXgxVx_path_2","parentPathId":"mXgxVx_path_1","name":"applicant"}},{"AddPathComponent":{"pathId":"mXgxVx_path_3","parentPathId":"mXgxVx_path_2","name":"attributes"}},{"AddPathComponent":{"pathId":"mXgxVx_path_4","parentPathId":"mXgxVx_path_3","name":"names"}},{"AddPathComponent":{"pathId":"mXgxVx_path_5","parentPathId":"mXgxVx_path_1","name":"application"}},{"AddPathComponent":{"pathId":"mXgxVx_path_6","parentPathId":"mXgxVx_path_5","name":"attributes"}},{"AddPathComponent":{"pathId":"mXgxVx_path_7","parentPathId":"mXgxVx_path_6","name":"names"}},{"AddPathComponent":{"pathId":"mXgxVx_path_8","parentPathId":"mXgxVx_path_5","name":"request-export"}},{"AddPathParameter":{"pathId":"mXgxVx_path_9","parentPathId":"mXgxVx_path_5","name":""}},{"AddPathComponent":{"pathId":"mXgxVx_path_10","parentPathId":"mXgxVx_path_9","name":"attributes"}},{"AddPathComponent":{"pathId":"mXgxVx_path_11","parentPathId":"mXgxVx_path_9","name":"request-export"}},{"AddPathComponent":{"pathId":"mXgxVx_path_12","parentPathId":"mXgxVx_path_1","name":"export"}},{"AddPathParameter":{"pathId":"mXgxVx_path_13","parentPathId":"mXgxVx_path_12","name":"token"}},{"AddRequest":{"requestId":"path_bcGn1BTORP}_get","pathId":"mXgxVx_path_13","httpMethod":"get"}},{"AddResponse":{"responseId":"response_OKPGWdC6SK","requestId":"path_bcGn1BTORP}_get","httpStatusCode":200}},{"DefineInlineConcept":{"root":"shape_c7392Zow1T","conceptId":"concept_vdckp9n1mcgW"}},{"AssignType":{"id":"shape_c7392Zow1T","to":{"RefT":{"conceptId":"concept_2dc7VT_exportresultv2"}},"conceptId":"concept_vdckp9n1mcgW"}},{"AddRequest":{"requestId":"path_bO5Ed95n0Z}_post","pathId":"mXgxVx_path_11","httpMethod":"post"}},{"AddResponse":{"responseId":"response_LcUh4wTKM4","requestId":"path_bO5Ed95n0Z}_post","httpStatusCode":202}},{"DefineInlineConcept":{"root":"shape_4jMdfp3dcm","conceptId":"concept_HV9C3G0VE2DR"}},{"AssignType":{"id":"shape_4jMdfp3dcm","to":{"RefT":{"conceptId":"concept_qEacEV_requestapplicationexportresultv2"}},"conceptId":"concept_HV9C3G0VE2DR"}},{"AddResponse":{"responseId":"response_OnRF3Nyfsd","requestId":"path_bO5Ed95n0Z}_post","httpStatusCode":400}},{"AddRequest":{"requestId":"path_A68CCbYybj}_get","pathId":"mXgxVx_path_4","httpMethod":"get"}},{"AddResponse":{"responseId":"response_qRNBI00pcq","requestId":"path_A68CCbYybj}_get","httpStatusCode":200}},{"DefineInlineConcept":{"root":"shape_AEXrTV2zkp","conceptId":"concept_447HXBYLgtsd"}},{"AssignType":{"id":"shape_AEXrTV2zkp","to":{"ListT":{}},"conceptId":"concept_447HXBYLgtsd"}},{"AddTypeParameter":{"parentId":"shape_AEXrTV2zkp","id":"shape_E0wiBwwYbw","conceptId":"concept_447HXBYLgtsd"}},{"AssignType":{"id":"shape_E0wiBwwYbw","to":{"StringT":{}},"conceptId":"concept_447HXBYLgtsd"}},{"AddRequest":{"requestId":"path_mSjDxiOF95}_delete","pathId":"mXgxVx_path_3","httpMethod":"delete"}},{"AddResponse":{"responseId":"response_3HzSIxQBbk","requestId":"path_mSjDxiOF95}_delete","httpStatusCode":200}},{"DefineInlineConcept":{"root":"shape_fZmE0gG8v3","conceptId":"concept_gASjY14OEXQQ"}},{"AssignType":{"id":"shape_fZmE0gG8v3","to":{"StringT":{}},"conceptId":"concept_gASjY14OEXQQ"}},{"AddRequest":{"requestId":"path_mSjDxiOF95}_get","pathId":"mXgxVx_path_3","httpMethod":"get"}},{"AddResponse":{"responseId":"response_6qpAZohjFi","requestId":"path_mSjDxiOF95}_get","httpStatusCode":200}},{"DefineInlineConcept":{"root":"shape_QcBtmtvN26","conceptId":"concept_bYrZljY9idAf"}},{"AssignType":{"id":"shape_QcBtmtvN26","to":{"ObjectT":{}},"conceptId":"concept_bYrZljY9idAf"}},{"AddRequest":{"requestId":"path_mSjDxiOF95}_post","pathId":"mXgxVx_path_3","httpMethod":"post"}},{"DefineInlineConcept":{"root":"shape_eoKnLwxiYA","conceptId":"concept_apiv2applicantattributes_post_body"}},{"AssignType":{"id":"shape_eoKnLwxiYA","to":{"ObjectT":{}},"conceptId":"concept_apiv2applicantattributes_post_body"}},{"AddResponse":{"responseId":"response_k5cHeX1IoR","requestId":"path_mSjDxiOF95}_post","httpStatusCode":200}},{"DefineInlineConcept":{"root":"shape_AChf8338pl","conceptId":"concept_dW8u4vqTYK3N"}},{"AssignType":{"id":"shape_AChf8338pl","to":{"StringT":{}},"conceptId":"concept_dW8u4vqTYK3N"}},{"AddRequest":{"requestId":"path_xpEv6xLoVP}_get","pathId":"mXgxVx_path_7","httpMethod":"get"}},{"AddResponse":{"responseId":"response_0t3hsNbYDR","requestId":"path_xpEv6xLoVP}_get","httpStatusCode":200}},{"DefineInlineConcept":{"root":"shape_nvUuuGb2zk","conceptId":"concept_wfd91Tibw8WZ"}},{"AssignType":{"id":"shape_nvUuuGb2zk","to":{"ListT":{}},"conceptId":"concept_wfd91Tibw8WZ"}},{"AddTypeParameter":{"parentId":"shape_nvUuuGb2zk","id":"shape_GpfrBz6Ymj","conceptId":"concept_wfd91Tibw8WZ"}},{"AssignType":{"id":"shape_GpfrBz6Ymj","to":{"StringT":{}},"conceptId":"concept_wfd91Tibw8WZ"}},{"AddRequest":{"requestId":"path_WsR3CQUoIR}_delete","pathId":"mXgxVx_path_10","httpMethod":"delete"}},{"AddResponse":{"responseId":"response_dtAbaOj0dj","requestId":"path_WsR3CQUoIR}_delete","httpStatusCode":200}},{"DefineInlineConcept":{"root":"shape_lPdmkFj4lq","conceptId":"concept_MJuh3fwo7UYy"}},{"AssignType":{"id":"shape_lPdmkFj4lq","to":{"StringT":{}},"conceptId":"concept_MJuh3fwo7UYy"}},{"AddRequest":{"requestId":"path_WsR3CQUoIR}_get","pathId":"mXgxVx_path_10","httpMethod":"get"}},{"AddResponse":{"responseId":"response_HW1rklt5Kq","requestId":"path_WsR3CQUoIR}_get","httpStatusCode":200}},{"DefineInlineConcept":{"root":"shape_4ZigAi8nkB","conceptId":"concept_TeKFPYtNzk1S"}},{"AssignType":{"id":"shape_4ZigAi8nkB","to":{"ObjectT":{}},"conceptId":"concept_TeKFPYtNzk1S"}},{"AddRequest":{"requestId":"path_WsR3CQUoIR}_post","pathId":"mXgxVx_path_10","httpMethod":"post"}},{"DefineInlineConcept":{"root":"shape_NMD9rWf3n6","conceptId":"concept_apiv2applicationapplicationidattributes_post_body"}},{"AssignType":{"id":"shape_NMD9rWf3n6","to":{"ObjectT":{}},"conceptId":"concept_apiv2applicationapplicationidattributes_post_body"}},{"AddResponse":{"responseId":"response_yfVyGi9xdd","requestId":"path_WsR3CQUoIR}_post","httpStatusCode":200}},{"DefineInlineConcept":{"root":"shape_6FfY9BVPrr","conceptId":"concept_rTat60jlG33L"}},{"AssignType":{"id":"shape_6FfY9BVPrr","to":{"StringT":{}},"conceptId":"concept_rTat60jlG33L"}},{"AddRequest":{"requestId":"path_eBZeyxIFjx}_post","pathId":"mXgxVx_path_8","httpMethod":"post"}},{"AddResponse":{"responseId":"response_mOmpFbg0wO","requestId":"path_eBZeyxIFjx}_post","httpStatusCode":200}},{"DefineInlineConcept":{"root":"shape_Rk86YTJHrk","conceptId":"concept_FHkMiQdxpTRQ"}},{"AssignType":{"id":"shape_Rk86YTJHrk","to":{"RefT":{"conceptId":"concept_qEacEV_requestapplicationexportresultv2"}},"conceptId":"concept_FHkMiQdxpTRQ"}},{"SetResponseBodyShape":{"responseId":"response_OKPGWdC6SK","bodyDescriptor":{"httpContentType":"application/json","conceptId":"concept_vdckp9n1mcgW"}}},{"SetResponseBodyShape":{"responseId":"response_LcUh4wTKM4","bodyDescriptor":{"httpContentType":"application/json","conceptId":"concept_HV9C3G0VE2DR"}}},{"SetResponseBodyShape":{"responseId":"response_qRNBI00pcq","bodyDescriptor":{"httpContentType":"application/json","conceptId":"concept_447HXBYLgtsd"}}},{"SetResponseBodyShape":{"responseId":"response_3HzSIxQBbk","bodyDescriptor":{"httpContentType":"application/json","conceptId":"concept_gASjY14OEXQQ"}}},{"SetResponseBodyShape":{"responseId":"response_6qpAZohjFi","bodyDescriptor":{"httpContentType":"application/json","conceptId":"concept_bYrZljY9idAf"}}},{"SetRequestBodyShape":{"requestId":"path_mSjDxiOF95}_post","bodyDescriptor":{"httpContentType":"application/json","conceptId":"concept_apiv2applicantattributes_post_body"}}},{"SetResponseBodyShape":{"responseId":"response_k5cHeX1IoR","bodyDescriptor":{"httpContentType":"application/json","conceptId":"concept_dW8u4vqTYK3N"}}},{"SetResponseBodyShape":{"responseId":"response_0t3hsNbYDR","bodyDescriptor":{"httpContentType":"application/json","conceptId":"concept_wfd91Tibw8WZ"}}},{"SetResponseBodyShape":{"responseId":"response_dtAbaOj0dj","bodyDescriptor":{"httpContentType":"application/json","conceptId":"concept_MJuh3fwo7UYy"}}},{"SetResponseBodyShape":{"responseId":"response_HW1rklt5Kq","bodyDescriptor":{"httpContentType":"application/json","conceptId":"concept_TeKFPYtNzk1S"}}},{"SetRequestBodyShape":{"requestId":"path_WsR3CQUoIR}_post","bodyDescriptor":{"httpContentType":"application/json","conceptId":"concept_apiv2applicationapplicationidattributes_post_body"}}},{"SetResponseBodyShape":{"responseId":"response_yfVyGi9xdd","bodyDescriptor":{"httpContentType":"application/json","conceptId":"concept_rTat60jlG33L"}}},{"SetResponseBodyShape":{"responseId":"response_mOmpFbg0wO","bodyDescriptor":{"httpContentType":"application/json","conceptId":"concept_FHkMiQdxpTRQ"}}}]