[{"AddPathComponent":{"pathId":"g54MBH_path_0","parentPathId":"root","name":"contacts"}},{"AddPathComponent":{"pathId":"g54MBH_path_1","parentPathId":"root","name":"dns"}},{"AddPathParameter":{"pathId":"g54MBH_path_2","parentPathId":"g54MBH_path_1","name":"domain"}},{"AddPathComponent":{"pathId":"g54MBH_path_3","parentPathId":"g54MBH_path_2","name":"add"}},{"AddPathComponent":{"pathId":"g54MBH_path_4","parentPathId":"g54MBH_path_2","name":"delete"}},{"AddPathComponent":{"pathId":"g54MBH_path_5","parentPathId":"g54MBH_path_2","name":"update"}},{"AddPathComponent":{"pathId":"g54MBH_path_6","parentPathId":"root","name":"domains"}},{"AddPathComponent":{"pathId":"g54MBH_path_7","parentPathId":"g54MBH_path_6","name":"add"}},{"AddPathComponent":{"pathId":"g54MBH_path_8","parentPathId":"g54MBH_path_6","name":"delete"}},{"AddPathComponent":{"pathId":"g54MBH_path_9","parentPathId":"root","name":"key"}},{"AddPathComponent":{"pathId":"g54MBH_path_10","parentPathId":"g54MBH_path_9","name":"generate"}},{"AddPathComponent":{"pathId":"g54MBH_path_11","parentPathId":"g54MBH_path_9","name":"get"}},{"AddPathComponent":{"pathId":"g54MBH_path_12","parentPathId":"root","name":"pods"}},{"AddPathParameter":{"pathId":"g54MBH_path_13","parentPathId":"g54MBH_path_12","name":"podId"}},{"AddPathComponent":{"pathId":"g54MBH_path_14","parentPathId":"g54MBH_path_13","name":"ping"}},{"AddPathParameter":{"pathId":"g54MBH_path_15","parentPathId":"g54MBH_path_13","name":"action"}},{"AddPathComponent":{"pathId":"g54MBH_path_16","parentPathId":"root","name":"solarray"}},{"AddPathComponent":{"pathId":"g54MBH_path_17","parentPathId":"g54MBH_path_16","name":"critical"}},{"AddPathComponent":{"pathId":"g54MBH_path_18","parentPathId":"root","name":"tickets"}},{"AddPathParameter":{"pathId":"g54MBH_path_19","parentPathId":"g54MBH_path_18","name":"ticketId"}},{"AddPathComponent":{"pathId":"g54MBH_path_20","parentPathId":"g54MBH_path_19","name":"add"}},{"AddPathComponent":{"pathId":"g54MBH_path_21","parentPathId":"g54MBH_path_19","name":"update"}},{"AddRequest":{"requestId":"path_F6qqwCjJvr}_get","pathId":"g54MBH_path_0","httpMethod":"get"}},{"AddResponse":{"responseId":"response_sWqwPv6K3n","requestId":"path_F6qqwCjJvr}_get","httpStatusCode":200}},{"AddRequest":{"requestId":"path_3f2fepoD2g}_post","pathId":"g54MBH_path_7","httpMethod":"post"}},{"AddResponse":{"responseId":"response_Q8I052lcNR","requestId":"path_3f2fepoD2g}_post","httpStatusCode":200}},{"AddRequest":{"requestId":"path_Ln1kYQv55n}_get","pathId":"g54MBH_path_16","httpMethod":"get"}},{"AddResponse":{"responseId":"response_CE7mTS9Feh","requestId":"path_Ln1kYQv55n}_get","httpStatusCode":200}},{"AddRequest":{"requestId":"path_18l89lP47D}_get","pathId":"g54MBH_path_15","httpMethod":"get"}},{"AddResponse":{"responseId":"response_xU8e7gR5nS","requestId":"path_18l89lP47D}_get","httpStatusCode":200}},{"AddRequest":{"requestId":"path_Jz2imMxYSA}_post","pathId":"g54MBH_path_5","httpMethod":"post"}},{"AddResponse":{"responseId":"response_rHAjMYKCle","requestId":"path_Jz2imMxYSA}_post","httpStatusCode":200}},{"AddRequest":{"requestId":"path_orhBvByjoP}_post","pathId":"g54MBH_path_4","httpMethod":"post"}},{"AddResponse":{"responseId":"response_OvFuZCKaov","requestId":"path_orhBvByjoP}_post","httpStatusCode":200}},{"AddRequest":{"requestId":"path_FpqvB2S5tT}_get","pathId":"g54MBH_path_13","httpMethod":"get"}},{"AddResponse":{"responseId":"response_1YmqAGm0aq","requestId":"path_FpqvB2S5tT}_get","httpStatusCode":200}},{"AddRequest":{"requestId":"path_IQebfCHht1}_get","pathId":"g54MBH_path_11","httpMethod":"get"}},{"AddResponse":{"responseId":"response_nL49K1ivTT","requestId":"path_IQebfCHht1}_get","httpStatusCode":200}},{"AddRequest":{"requestId":"path_Mj2qmMppTs}_get","pathId":"g54MBH_path_2","httpMethod":"get"}},{"AddResponse":{"responseId":"response_3KeNlOT4sg","requestId":"path_Mj2qmMppTs}_get","httpStatusCode":200}},{"AddRequest":{"requestId":"path_oZgFpRo5Zn}_get","pathId":"g54MBH_path_12","httpMethod":"get"}},{"AddResponse":{"responseId":"response_2qbAyxSatM","requestId":"path_oZgFpRo5Zn}_get","httpStatusCode":200}},{"AddRequest":{"requestId":"path_KXR3OaU5Ib}_get","pathId":"g54MBH_path_10","httpMethod":"get"}},{"AddResponse":{"responseId":"response_FaFVTavLjZ","requestId":"path_KXR3OaU5Ib}_get","httpStatusCode":200}},{"AddRequest":{"requestId":"path_JP0dhcBPKk}_post","pathId":"g54MBH_path_3","httpMethod":"post"}},{"AddResponse":{"responseId":"response_ltFa6WnhMi","requestId":"path_JP0dhcBPKk}_post","httpStatusCode":200}},{"AddRequest":{"requestId":"path_CbVket6oEm}_get","pathId":"g54MBH_path_19","httpMethod":"get"}},{"AddResponse":{"responseId":"response_7EGXvoFSoA","requestId":"path_CbVket6oEm}_get","httpStatusCode":200}},{"AddRequest":{"requestId":"path_bhx0qCBb2o}_post","pathId":"g54MBH_path_21","httpMethod":"post"}},{"AddResponse":{"responseId":"response_eDLECfkb6E","requestId":"path_bhx0qCBb2o}_post","httpStatusCode":200}},{"AddRequest":{"requestId":"path_aTXZArLGUF}_post","pathId":"g54MBH_path_20","httpMethod":"post"}},{"AddResponse":{"responseId":"response_OJJrD4yELM","requestId":"path_aTXZArLGUF}_post","httpStatusCode":200}},{"AddRequest":{"requestId":"path_T9XNahvQNV}_post","pathId":"g54MBH_path_8","httpMethod":"post"}},{"AddResponse":{"responseId":"response_5tICHV8thD","requestId":"path_T9XNahvQNV}_post","httpStatusCode":200}},{"AddRequest":{"requestId":"path_riOc0F7iaS}_get","pathId":"g54MBH_path_18","httpMethod":"get"}},{"AddResponse":{"responseId":"response_M9nRkj2iEv","requestId":"path_riOc0F7iaS}_get","httpStatusCode":200}},{"AddRequest":{"requestId":"path_8eUWqP5km1}_get","pathId":"g54MBH_path_6","httpMethod":"get"}},{"AddResponse":{"responseId":"response_NjKoSWn4VJ","requestId":"path_8eUWqP5km1}_get","httpStatusCode":200}},{"AddRequest":{"requestId":"path_JDurpz9MBD}_get","pathId":"g54MBH_path_14","httpMethod":"get"}},{"AddResponse":{"responseId":"response_QV94oT0AQW","requestId":"path_JDurpz9MBD}_get","httpStatusCode":200}},{"AddRequest":{"requestId":"path_oqYOhAz8wp}_get","pathId":"g54MBH_path_17","httpMethod":"get"}},{"AddResponse":{"responseId":"response_tguCHYTeDu","requestId":"path_oqYOhAz8wp}_get","httpStatusCode":200}}]