[{"AddPathComponent":{"pathId":"hRBdqG_path_0","parentPathId":"root","name":"convert"}},{"AddPathComponent":{"pathId":"hRBdqG_path_1","parentPathId":"root","name":"country"}},{"AddPathComponent":{"pathId":"hRBdqG_path_2","parentPathId":"hRBdqG_path_1","name":"currencies"}},{"AddPathComponent":{"pathId":"hRBdqG_path_3","parentPathId":"root","name":"digital"}},{"AddPathComponent":{"pathId":"hRBdqG_path_4","parentPathId":"hRBdqG_path_3","name":"currencies"}},{"AddPathComponent":{"pathId":"hRBdqG_path_5","parentPathId":"root","name":"history"}},{"AddRequest":{"requestId":"path_A81Yytlmgv}_get","pathId":"hRBdqG_path_0","httpMethod":"get"}},{"AddResponse":{"responseId":"response_5mVGngg4Qx","requestId":"path_A81Yytlmgv}_get","httpStatusCode":200}},{"AddResponse":{"responseId":"response_aQSOFKm7hK","requestId":"path_A81Yytlmgv}_get","httpStatusCode":422}},{"AddRequest":{"requestId":"path_ZEsBdcgpBv}_get","pathId":"hRBdqG_path_2","httpMethod":"get"}},{"AddResponse":{"responseId":"response_dABjXyzHlp","requestId":"path_ZEsBdcgpBv}_get","httpStatusCode":200}},{"AddResponse":{"responseId":"response_ehKNYjJJlJ","requestId":"path_ZEsBdcgpBv}_get","httpStatusCode":422}},{"AddRequest":{"requestId":"path_tMgqU37ldK}_get","pathId":"hRBdqG_path_4","httpMethod":"get"}},{"AddResponse":{"responseId":"response_r066VFUerN","requestId":"path_tMgqU37ldK}_get","httpStatusCode":200}},{"AddResponse":{"responseId":"response_SwkjAZaNaN","requestId":"path_tMgqU37ldK}_get","httpStatusCode":422}},{"AddRequest":{"requestId":"path_g5FbrWqjei}_get","pathId":"hRBdqG_path_5","httpMethod":"get"}},{"AddResponse":{"responseId":"response_8lX1MdfHwv","requestId":"path_g5FbrWqjei}_get","httpStatusCode":200}},{"AddResponse":{"responseId":"response_9856VSCHTQ","requestId":"path_g5FbrWqjei}_get","httpStatusCode":422}}]