[{"DefineConcept":{"name":"Order_information_class","root":"shape_4ILh5nxAzV","conceptId":"concept_kgncJH_order_information_class"}},{"SetConceptName":{"newName":"Order_information_class","conceptId":"concept_kgncJH_order_information_class"}},{"DefineConcept":{"name":"Order_request_class_used_to_provide_order_specific_information","root":"shape_FjfiAYZ7Z7","conceptId":"concept_GDMpR1_order_request_class_used_to_provide_order_specific_information"}},{"SetConceptName":{"newName":"Order_request_class_used_to_provide_order_specific_information","conceptId":"concept_GDMpR1_order_request_class_used_to_provide_order_specific_information"}},{"AssignType":{"id":"shape_4ILh5nxAzV","to":{"ObjectT":{}},"conceptId":"concept_kgncJH_order_information_class"}},{"AddField":{"parentId":"shape_4ILh5nxAzV","id":"shape_c7xUgREDJK","conceptId":"concept_kgncJH_order_information_class"}},{"SetFieldName":{"id":"shape_c7xUgREDJK","newName":"redirectUrl","conceptId":"concept_kgncJH_order_information_class"}},{"AssignType":{"id":"shape_c7xUgREDJK","to":{"StringT":{}},"conceptId":"concept_kgncJH_order_information_class"}},{"AddField":{"parentId":"shape_4ILh5nxAzV","id":"shape_OY2peZ72oY","conceptId":"concept_kgncJH_order_information_class"}},{"SetFieldName":{"id":"shape_OY2peZ72oY","newName":"payCurrency","conceptId":"concept_kgncJH_order_information_class"}},{"AssignType":{"id":"shape_OY2peZ72oY","to":{"StringT":{}},"conceptId":"concept_kgncJH_order_information_class"}},{"AddField":{"parentId":"shape_4ILh5nxAzV","id":"shape_eG50M11d0t","conceptId":"concept_kgncJH_order_information_class"}},{"SetFieldName":{"id":"shape_eG50M11d0t","newName":"orderId","conceptId":"concept_kgncJH_order_information_class"}},{"AssignType":{"id":"shape_eG50M11d0t","to":{"StringT":{}},"conceptId":"concept_kgncJH_order_information_class"}},{"AddField":{"parentId":"shape_4ILh5nxAzV","id":"shape_N6ybNLN28g","conceptId":"concept_kgncJH_order_information_class"}},{"SetFieldName":{"id":"shape_N6ybNLN28g","newName":"validUntil","conceptId":"concept_kgncJH_order_information_class"}},{"AssignType":{"id":"shape_N6ybNLN28g","to":{"IntegerT":{}},"conceptId":"concept_kgncJH_order_information_class"}},{"AddField":{"parentId":"shape_4ILh5nxAzV","id":"shape_xTMtngdm7H","conceptId":"concept_kgncJH_order_information_class"}},{"SetFieldName":{"id":"shape_xTMtngdm7H","newName":"orderRequestId","conceptId":"concept_kgncJH_order_information_class"}},{"AssignType":{"id":"shape_xTMtngdm7H","to":{"IntegerT":{}},"conceptId":"concept_kgncJH_order_information_class"}},{"AddField":{"parentId":"shape_4ILh5nxAzV","id":"shape_Z393GC2c5F","conceptId":"concept_kgncJH_order_information_class"}},{"SetFieldName":{"id":"shape_Z393GC2c5F","newName":"receiveCurrency","conceptId":"concept_kgncJH_order_information_class"}},{"AssignType":{"id":"shape_Z393GC2c5F","to":{"StringT":{}},"conceptId":"concept_kgncJH_order_information_class"}},{"AddField":{"parentId":"shape_4ILh5nxAzV","id":"shape_fXG9aVsLwQ","conceptId":"concept_kgncJH_order_information_class"}},{"SetFieldName":{"id":"shape_fXG9aVsLwQ","newName":"depositAddress","conceptId":"concept_kgncJH_order_information_class"}},{"AssignType":{"id":"shape_fXG9aVsLwQ","to":{"StringT":{}},"conceptId":"concept_kgncJH_order_information_class"}},{"AddField":{"parentId":"shape_4ILh5nxAzV","id":"shape_EsD17TKlXn","conceptId":"concept_kgncJH_order_information_class"}},{"SetFieldName":{"id":"shape_EsD17TKlXn","newName":"payAmount","conceptId":"concept_kgncJH_order_information_class"}},{"AssignType":{"id":"shape_EsD17TKlXn","to":{"NumberT":{}},"conceptId":"concept_kgncJH_order_information_class"}},{"AddField":{"parentId":"shape_4ILh5nxAzV","id":"shape_pMiAuO6GtT","conceptId":"concept_kgncJH_order_information_class"}},{"SetFieldName":{"id":"shape_pMiAuO6GtT","newName":"receiveAmount","conceptId":"concept_kgncJH_order_information_class"}},{"AssignType":{"id":"shape_pMiAuO6GtT","to":{"NumberT":{}},"conceptId":"concept_kgncJH_order_information_class"}},{"AssignType":{"id":"shape_FjfiAYZ7Z7","to":{"ObjectT":{}},"conceptId":"concept_GDMpR1_order_request_class_used_to_provide_order_specific_information"}},{"AddField":{"parentId":"shape_FjfiAYZ7Z7","id":"shape_GhRpQ84my4","conceptId":"concept_GDMpR1_order_request_class_used_to_provide_order_specific_information"}},{"SetFieldName":{"id":"shape_GhRpQ84my4","newName":"payCurrency","conceptId":"concept_GDMpR1_order_request_class_used_to_provide_order_specific_information"}},{"AssignType":{"id":"shape_GhRpQ84my4","to":{"StringT":{}},"conceptId":"concept_GDMpR1_order_request_class_used_to_provide_order_specific_information"}},{"AddField":{"parentId":"shape_FjfiAYZ7Z7","id":"shape_hXJxaNMGF7","conceptId":"concept_GDMpR1_order_request_class_used_to_provide_order_specific_information"}},{"SetFieldName":{"id":"shape_hXJxaNMGF7","newName":"payerName","conceptId":"concept_GDMpR1_order_request_class_used_to_provide_order_specific_information"}},{"AssignType":{"id":"shape_hXJxaNMGF7","to":{"StringT":{}},"conceptId":"concept_GDMpR1_order_request_class_used_to_provide_order_specific_information"}},{"AddField":{"parentId":"shape_FjfiAYZ7Z7","id":"shape_sSN8MreBcu","conceptId":"concept_GDMpR1_order_request_class_used_to_provide_order_specific_information"}},{"SetFieldName":{"id":"shape_sSN8MreBcu","newName":"description","conceptId":"concept_GDMpR1_order_request_class_used_to_provide_order_specific_information"}},{"AssignType":{"id":"shape_sSN8MreBcu","to":{"StringT":{}},"conceptId":"concept_GDMpR1_order_request_class_used_to_provide_order_specific_information"}},{"AddField":{"parentId":"shape_FjfiAYZ7Z7","id":"shape_3CpnDn04iD","conceptId":"concept_GDMpR1_order_request_class_used_to_provide_order_specific_information"}},{"SetFieldName":{"id":"shape_3CpnDn04iD","newName":"payerSurname","conceptId":"concept_GDMpR1_order_request_class_used_to_provide_order_specific_information"}},{"AssignType":{"id":"shape_3CpnDn04iD","to":{"StringT":{}},"conceptId":"concept_GDMpR1_order_request_class_used_to_provide_order_specific_information"}},{"AddField":{"parentId":"shape_FjfiAYZ7Z7","id":"shape_6snepTe9jV","conceptId":"concept_GDMpR1_order_request_class_used_to_provide_order_specific_information"}},{"SetFieldName":{"id":"shape_6snepTe9jV","newName":"orderId","conceptId":"concept_GDMpR1_order_request_class_used_to_provide_order_specific_information"}},{"AssignType":{"id":"shape_6snepTe9jV","to":{"StringT":{}},"conceptId":"concept_GDMpR1_order_request_class_used_to_provide_order_specific_information"}},{"AddField":{"parentId":"shape_FjfiAYZ7Z7","id":"shape_8QjLrEO8Qs","conceptId":"concept_GDMpR1_order_request_class_used_to_provide_order_specific_information"}},{"SetFieldName":{"id":"shape_8QjLrEO8Qs","newName":"failureUrl","conceptId":"concept_GDMpR1_order_request_class_used_to_provide_order_specific_information"}},{"AssignType":{"id":"shape_8QjLrEO8Qs","to":{"StringT":{}},"conceptId":"concept_GDMpR1_order_request_class_used_to_provide_order_specific_information"}},{"AddField":{"parentId":"shape_FjfiAYZ7Z7","id":"shape_rmuykxTZte","conceptId":"concept_GDMpR1_order_request_class_used_to_provide_order_specific_information"}},{"SetFieldName":{"id":"shape_rmuykxTZte","newName":"culture","conceptId":"concept_GDMpR1_order_request_class_used_to_provide_order_specific_information"}},{"AssignType":{"id":"shape_rmuykxTZte","to":{"StringT":{}},"conceptId":"concept_GDMpR1_order_request_class_used_to_provide_order_specific_information"}},{"AddField":{"parentId":"shape_FjfiAYZ7Z7","id":"shape_XTlMxbZDmF","conceptId":"concept_GDMpR1_order_request_class_used_to_provide_order_specific_information"}},{"SetFieldName":{"id":"shape_XTlMxbZDmF","newName":"sign","conceptId":"concept_GDMpR1_order_request_class_used_to_provide_order_specific_information"}},{"AssignType":{"id":"shape_XTlMxbZDmF","to":{"StringT":{}},"conceptId":"concept_GDMpR1_order_request_class_used_to_provide_order_specific_information"}},{"AddField":{"parentId":"shape_FjfiAYZ7Z7","id":"shape_JXlKMlHEpz","conceptId":"concept_GDMpR1_order_request_class_used_to_provide_order_specific_information"}},{"SetFieldName":{"id":"shape_JXlKMlHEpz","newName":"merchantId","conceptId":"concept_GDMpR1_order_request_class_used_to_provide_order_specific_information"}},{"AssignType":{"id":"shape_JXlKMlHEpz","to":{"IntegerT":{}},"conceptId":"concept_GDMpR1_order_request_class_used_to_provide_order_specific_information"}},{"AddField":{"parentId":"shape_FjfiAYZ7Z7","id":"shape_kN5BNVB4dl","conceptId":"concept_GDMpR1_order_request_class_used_to_provide_order_specific_information"}},{"SetFieldName":{"id":"shape_kN5BNVB4dl","newName":"callbackUrl","conceptId":"concept_GDMpR1_order_request_class_used_to_provide_order_specific_information"}},{"AssignType":{"id":"shape_kN5BNVB4dl","to":{"StringT":{}},"conceptId":"concept_GDMpR1_order_request_class_used_to_provide_order_specific_information"}},{"AddField":{"parentId":"shape_FjfiAYZ7Z7","id":"shape_s8orFEOamk","conceptId":"concept_GDMpR1_order_request_class_used_to_provide_order_specific_information"}},{"SetFieldName":{"id":"shape_s8orFEOamk","newName":"receiveCurrency","conceptId":"concept_GDMpR1_order_request_class_used_to_provide_order_specific_information"}},{"AssignType":{"id":"shape_s8orFEOamk","to":{"StringT":{}},"conceptId":"concept_GDMpR1_order_request_class_used_to_provide_order_specific_information"}},{"AddField":{"parentId":"shape_FjfiAYZ7Z7","id":"shape_09ZRhRs6J4","conceptId":"concept_GDMpR1_order_request_class_used_to_provide_order_specific_information"}},{"SetFieldName":{"id":"shape_09ZRhRs6J4","newName":"successUrl","conceptId":"concept_GDMpR1_order_request_class_used_to_provide_order_specific_information"}},{"AssignType":{"id":"shape_09ZRhRs6J4","to":{"StringT":{}},"conceptId":"concept_GDMpR1_order_request_class_used_to_provide_order_specific_information"}},{"AddField":{"parentId":"shape_FjfiAYZ7Z7","id":"shape_G8PEUzfHNZ","conceptId":"concept_GDMpR1_order_request_class_used_to_provide_order_specific_information"}},{"SetFieldName":{"id":"shape_G8PEUzfHNZ","newName":"apiId","conceptId":"concept_GDMpR1_order_request_class_used_to_provide_order_specific_information"}},{"AssignType":{"id":"shape_G8PEUzfHNZ","to":{"IntegerT":{}},"conceptId":"concept_GDMpR1_order_request_class_used_to_provide_order_specific_information"}},{"AddField":{"parentId":"shape_FjfiAYZ7Z7","id":"shape_2tJsjhTf8Q","conceptId":"concept_GDMpR1_order_request_class_used_to_provide_order_specific_information"}},{"SetFieldName":{"id":"shape_2tJsjhTf8Q","newName":"payerEmail","conceptId":"concept_GDMpR1_order_request_class_used_to_provide_order_specific_information"}},{"AssignType":{"id":"shape_2tJsjhTf8Q","to":{"StringT":{}},"conceptId":"concept_GDMpR1_order_request_class_used_to_provide_order_specific_information"}},{"AddField":{"parentId":"shape_FjfiAYZ7Z7","id":"shape_wZQsLWw4MA","conceptId":"concept_GDMpR1_order_request_class_used_to_provide_order_specific_information"}},{"SetFieldName":{"id":"shape_wZQsLWw4MA","newName":"payAmount","conceptId":"concept_GDMpR1_order_request_class_used_to_provide_order_specific_information"}},{"AssignType":{"id":"shape_wZQsLWw4MA","to":{"NumberT":{}},"conceptId":"concept_GDMpR1_order_request_class_used_to_provide_order_specific_information"}},{"AddField":{"parentId":"shape_FjfiAYZ7Z7","id":"shape_XYYE08h5Jt","conceptId":"concept_GDMpR1_order_request_class_used_to_provide_order_specific_information"}},{"SetFieldName":{"id":"shape_XYYE08h5Jt","newName":"receiveAmount","conceptId":"concept_GDMpR1_order_request_class_used_to_provide_order_specific_information"}},{"AssignType":{"id":"shape_XYYE08h5Jt","to":{"NumberT":{}},"conceptId":"concept_GDMpR1_order_request_class_used_to_provide_order_specific_information"}},{"AddPathComponent":{"pathId":"Wl5a69_path_0","parentPathId":"root","name":"api"}},{"AddPathComponent":{"pathId":"Wl5a69_path_1","parentPathId":"Wl5a69_path_0","name":"createOrder"}},{"AddRequest":{"requestId":"path_li3B1pYjU3}_post","pathId":"Wl5a69_path_1","httpMethod":"post"}},{"DefineInlineConcept":{"root":"shape_CikIy1uZAN","conceptId":"concept_apicreateorder_post_body"}},{"AssignType":{"id":"shape_CikIy1uZAN","to":{"RefT":{"conceptId":"concept_GDMpR1_order_request_class_used_to_provide_order_specific_information"}},"conceptId":"concept_apicreateorder_post_body"}},{"AddResponse":{"responseId":"response_PPy1vUlRoJ","requestId":"path_li3B1pYjU3}_post","httpStatusCode":200}},{"DefineInlineConcept":{"root":"shape_wD8PcfchMV","conceptId":"concept_bBZ6F3CiUvpe"}},{"AssignType":{"id":"shape_wD8PcfchMV","to":{"RefT":{"conceptId":"concept_kgncJH_order_information_class"}},"conceptId":"concept_bBZ6F3CiUvpe"}},{"SetRequestBodyShape":{"requestId":"path_li3B1pYjU3}_post","bodyDescriptor":{"httpContentType":"application/x-www-form-urlencoded","conceptId":"concept_apicreateorder_post_body"}}},{"SetResponseBodyShape":{"responseId":"response_PPy1vUlRoJ","bodyDescriptor":{"httpContentType":"application/json","conceptId":"concept_bBZ6F3CiUvpe"}}}]