[{"DefineConcept":{"name":"ErrorObject","root":"shape_NqoFACDkAN","conceptId":"concept_fcISym_errorobject"}},{"SetConceptName":{"newName":"ErrorObject","conceptId":"concept_fcISym_errorobject"}},{"DefineConcept":{"name":"StreamConfigurationObject","root":"shape_sQV033ZNEy","conceptId":"concept_gpfLbL_streamconfigurationobject"}},{"SetConceptName":{"newName":"StreamConfigurationObject","conceptId":"concept_gpfLbL_streamconfigurationobject"}},{"DefineConcept":{"name":"UploadParameterObject","root":"shape_OLh3zhUTk3","conceptId":"concept_BF42nn_uploadparameterobject"}},{"SetConceptName":{"newName":"UploadParameterObject","conceptId":"concept_BF42nn_uploadparameterobject"}},{"DefineConcept":{"name":"VideoObject","root":"shape_2sLs0ShQXP","conceptId":"concept_QS06Qf_videoobject"}},{"SetConceptName":{"newName":"VideoObject","conceptId":"concept_QS06Qf_videoobject"}},{"AssignType":{"id":"shape_NqoFACDkAN","to":{"ObjectT":{}},"conceptId":"concept_fcISym_errorobject"}},{"AddField":{"parentId":"shape_NqoFACDkAN","id":"shape_a5ybyeJSBn","conceptId":"concept_fcISym_errorobject"}},{"SetFieldName":{"id":"shape_a5ybyeJSBn","newName":"details","conceptId":"concept_fcISym_errorobject"}},{"AssignType":{"id":"shape_a5ybyeJSBn","to":{"ObjectT":{}},"conceptId":"concept_fcISym_errorobject"}},{"AddField":{"parentId":"shape_NqoFACDkAN","id":"shape_6kGXff4Lt7","conceptId":"concept_fcISym_errorobject"}},{"SetFieldName":{"id":"shape_6kGXff4Lt7","newName":"message","conceptId":"concept_fcISym_errorobject"}},{"AssignType":{"id":"shape_6kGXff4Lt7","to":{"StringT":{}},"conceptId":"concept_fcISym_errorobject"}},{"AddField":{"parentId":"shape_NqoFACDkAN","id":"shape_R6U0D5Xolo","conceptId":"concept_fcISym_errorobject"}},{"SetFieldName":{"id":"shape_R6U0D5Xolo","newName":"name","conceptId":"concept_fcISym_errorobject"}},{"AssignType":{"id":"shape_R6U0D5Xolo","to":{"StringT":{}},"conceptId":"concept_fcISym_errorobject"}},{"AddField":{"parentId":"shape_NqoFACDkAN","id":"shape_sRZI7W1yhy","conceptId":"concept_fcISym_errorobject"}},{"SetFieldName":{"id":"shape_sRZI7W1yhy","newName":"url","conceptId":"concept_fcISym_errorobject"}},{"AssignType":{"id":"shape_sRZI7W1yhy","to":{"StringT":{}},"conceptId":"concept_fcISym_errorobject"}},{"AssignType":{"id":"shape_sQV033ZNEy","to":{"ObjectT":{}},"conceptId":"concept_gpfLbL_streamconfigurationobject"}},{"AddField":{"parentId":"shape_sQV033ZNEy","id":"shape_rvAYpRxR1y","conceptId":"concept_gpfLbL_streamconfigurationobject"}},{"SetFieldName":{"id":"shape_rvAYpRxR1y","newName":"rtmp_host","conceptId":"concept_gpfLbL_streamconfigurationobject"}},{"AssignType":{"id":"shape_rvAYpRxR1y","to":{"StringT":{}},"conceptId":"concept_gpfLbL_streamconfigurationobject"}},{"AddField":{"parentId":"shape_sQV033ZNEy","id":"shape_11ZS0ks79I","conceptId":"concept_gpfLbL_streamconfigurationobject"}},{"SetFieldName":{"id":"shape_11ZS0ks79I","newName":"rtmp_key","conceptId":"concept_gpfLbL_streamconfigurationobject"}},{"AssignType":{"id":"shape_11ZS0ks79I","to":{"StringT":{}},"conceptId":"concept_gpfLbL_streamconfigurationobject"}},{"AddField":{"parentId":"shape_sQV033ZNEy","id":"shape_jiBOLUhaaW","conceptId":"concept_gpfLbL_streamconfigurationobject"}},{"SetFieldName":{"id":"shape_jiBOLUhaaW","newName":"rtmp_port","conceptId":"concept_gpfLbL_streamconfigurationobject"}},{"AssignType":{"id":"shape_jiBOLUhaaW","to":{"StringT":{}},"conceptId":"concept_gpfLbL_streamconfigurationobject"}},{"AddField":{"parentId":"shape_sQV033ZNEy","id":"shape_XGxfmu4kuL","conceptId":"concept_gpfLbL_streamconfigurationobject"}},{"SetFieldName":{"id":"shape_XGxfmu4kuL","newName":"rtmp_url","conceptId":"concept_gpfLbL_streamconfigurationobject"}},{"AssignType":{"id":"shape_XGxfmu4kuL","to":{"StringT":{}},"conceptId":"concept_gpfLbL_streamconfigurationobject"}},{"AssignType":{"id":"shape_OLh3zhUTk3","to":{"ObjectT":{}},"conceptId":"concept_BF42nn_uploadparameterobject"}},{"AddField":{"parentId":"shape_OLh3zhUTk3","id":"shape_NHYMWkxPrW","conceptId":"concept_BF42nn_uploadparameterobject"}},{"SetFieldName":{"id":"shape_NHYMWkxPrW","newName":"AWSAccessKeyId","conceptId":"concept_BF42nn_uploadparameterobject"}},{"AssignType":{"id":"shape_NHYMWkxPrW","to":{"StringT":{}},"conceptId":"concept_BF42nn_uploadparameterobject"}},{"AddField":{"parentId":"shape_OLh3zhUTk3","id":"shape_H6flfmXsth","conceptId":"concept_BF42nn_uploadparameterobject"}},{"SetFieldName":{"id":"shape_H6flfmXsth","newName":"Policy","conceptId":"concept_BF42nn_uploadparameterobject"}},{"AssignType":{"id":"shape_H6flfmXsth","to":{"StringT":{}},"conceptId":"concept_BF42nn_uploadparameterobject"}},{"AddField":{"parentId":"shape_OLh3zhUTk3","id":"shape_mcN8Ks6IXL","conceptId":"concept_BF42nn_uploadparameterobject"}},{"SetFieldName":{"id":"shape_mcN8Ks6IXL","newName":"Signature","conceptId":"concept_BF42nn_uploadparameterobject"}},{"AssignType":{"id":"shape_mcN8Ks6IXL","to":{"StringT":{}},"conceptId":"concept_BF42nn_uploadparameterobject"}},{"AddField":{"parentId":"shape_OLh3zhUTk3","id":"shape_qgGNNT4sNC","conceptId":"concept_BF42nn_uploadparameterobject"}},{"SetFieldName":{"id":"shape_qgGNNT4sNC","newName":"key","conceptId":"concept_BF42nn_uploadparameterobject"}},{"AssignType":{"id":"shape_qgGNNT4sNC","to":{"StringT":{}},"conceptId":"concept_BF42nn_uploadparameterobject"}},{"AddField":{"parentId":"shape_OLh3zhUTk3","id":"shape_9GMSqCMhAq","conceptId":"concept_BF42nn_uploadparameterobject"}},{"SetFieldName":{"id":"shape_9GMSqCMhAq","newName":"acl","conceptId":"concept_BF42nn_uploadparameterobject"}},{"AssignType":{"id":"shape_9GMSqCMhAq","to":{"StringT":{}},"conceptId":"concept_BF42nn_uploadparameterobject"}},{"AddField":{"parentId":"shape_OLh3zhUTk3","id":"shape_EUvtzaJzo2","conceptId":"concept_BF42nn_uploadparameterobject"}},{"SetFieldName":{"id":"shape_EUvtzaJzo2","newName":"Content-Type","conceptId":"concept_BF42nn_uploadparameterobject"}},{"AssignType":{"id":"shape_EUvtzaJzo2","to":{"StringT":{}},"conceptId":"concept_BF42nn_uploadparameterobject"}},{"AddField":{"parentId":"shape_OLh3zhUTk3","id":"shape_sVgXD2NQQT","conceptId":"concept_BF42nn_uploadparameterobject"}},{"SetFieldName":{"id":"shape_sVgXD2NQQT","newName":"action","conceptId":"concept_BF42nn_uploadparameterobject"}},{"AssignType":{"id":"shape_sVgXD2NQQT","to":{"StringT":{}},"conceptId":"concept_BF42nn_uploadparameterobject"}},{"AssignType":{"id":"shape_2sLs0ShQXP","to":{"ObjectT":{}},"conceptId":"concept_QS06Qf_videoobject"}},{"AddField":{"parentId":"shape_2sLs0ShQXP","id":"shape_K4FhmMEfCh","conceptId":"concept_QS06Qf_videoobject"}},{"SetFieldName":{"id":"shape_K4FhmMEfCh","newName":"userdata","conceptId":"concept_QS06Qf_videoobject"}},{"AssignType":{"id":"shape_K4FhmMEfCh","to":{"ObjectT":{}},"conceptId":"concept_QS06Qf_videoobject"}},{"AddField":{"parentId":"shape_2sLs0ShQXP","id":"shape_c7kERXBdyz","conceptId":"concept_QS06Qf_videoobject"}},{"SetFieldName":{"id":"shape_c7kERXBdyz","newName":"video_id","conceptId":"concept_QS06Qf_videoobject"}},{"AssignType":{"id":"shape_c7kERXBdyz","to":{"StringT":{}},"conceptId":"concept_QS06Qf_videoobject"}},{"AddField":{"parentId":"shape_2sLs0ShQXP","id":"shape_JELQ5YMgih","conceptId":"concept_QS06Qf_videoobject"}},{"SetFieldName":{"id":"shape_JELQ5YMgih","newName":"state","conceptId":"concept_QS06Qf_videoobject"}},{"AssignType":{"id":"shape_JELQ5YMgih","to":{"StringT":{}},"conceptId":"concept_QS06Qf_videoobject"}},{"AddField":{"parentId":"shape_2sLs0ShQXP","id":"shape_cKTHboz291","conceptId":"concept_QS06Qf_videoobject"}},{"SetFieldName":{"id":"shape_cKTHboz291","newName":"outputs","conceptId":"concept_QS06Qf_videoobject"}},{"AssignType":{"id":"shape_cKTHboz291","to":{"ObjectT":{}},"conceptId":"concept_QS06Qf_videoobject"}},{"AddField":{"parentId":"shape_2sLs0ShQXP","id":"shape_NYTckg07kL","conceptId":"concept_QS06Qf_videoobject"}},{"SetFieldName":{"id":"shape_NYTckg07kL","newName":"created_at","conceptId":"concept_QS06Qf_videoobject"}},{"AssignType":{"id":"shape_NYTckg07kL","to":{"StringT":{}},"conceptId":"concept_QS06Qf_videoobject"}},{"AddField":{"parentId":"shape_2sLs0ShQXP","id":"shape_GEyPV7XqhS","conceptId":"concept_QS06Qf_videoobject"}},{"SetFieldName":{"id":"shape_GEyPV7XqhS","newName":"updated_at","conceptId":"concept_QS06Qf_videoobject"}},{"AssignType":{"id":"shape_GEyPV7XqhS","to":{"StringT":{}},"conceptId":"concept_QS06Qf_videoobject"}},{"AddField":{"parentId":"shape_2sLs0ShQXP","id":"shape_ohktowXDxO","conceptId":"concept_QS06Qf_videoobject"}},{"SetFieldName":{"id":"shape_ohktowXDxO","newName":"input","conceptId":"concept_QS06Qf_videoobject"}},{"AssignType":{"id":"shape_ohktowXDxO","to":{"ObjectT":{}},"conceptId":"concept_QS06Qf_videoobject"}},{"AddPathComponent":{"pathId":"Bt7yrg_path_0","parentPathId":"root","name":"video"}},{"AddPathComponent":{"pathId":"Bt7yrg_path_1","parentPathId":"Bt7yrg_path_0","name":"create"}},{"AddPathComponent":{"pathId":"Bt7yrg_path_2","parentPathId":"Bt7yrg_path_0","name":"details"}},{"AddPathComponent":{"pathId":"Bt7yrg_path_3","parentPathId":"Bt7yrg_path_0","name":"query"}},{"AddPathComponent":{"pathId":"Bt7yrg_path_4","parentPathId":"Bt7yrg_path_0","name":"stream"}},{"AddPathComponent":{"pathId":"Bt7yrg_path_5","parentPathId":"Bt7yrg_path_0","name":"update"}},{"AddPathComponent":{"pathId":"Bt7yrg_path_6","parentPathId":"Bt7yrg_path_0","name":"upload"}},{"AddPathComponent":{"pathId":"Bt7yrg_path_7","parentPathId":"Bt7yrg_path_0","name":"uploader"}},{"AddRequest":{"requestId":"path_gnYmOKXIZr}_post","pathId":"Bt7yrg_path_1","httpMethod":"post"}},{"AddResponse":{"responseId":"response_8OYPPo1yXR","requestId":"path_gnYmOKXIZr}_post","httpStatusCode":200}},{"DefineInlineConcept":{"root":"shape_l1Ebj2tofR","conceptId":"concept_YVfhpbiTVhdl"}},{"AssignType":{"id":"shape_l1Ebj2tofR","to":{"RefT":{"conceptId":"concept_QS06Qf_videoobject"}},"conceptId":"concept_YVfhpbiTVhdl"}},{"AddResponse":{"responseId":"response_sWeiSvKVZj","requestId":"path_gnYmOKXIZr}_post","httpStatusCode":400}},{"DefineInlineConcept":{"root":"shape_0GTINwx0f2","conceptId":"concept_FsW8gNalfswE"}},{"AssignType":{"id":"shape_0GTINwx0f2","to":{"RefT":{"conceptId":"concept_fcISym_errorobject"}},"conceptId":"concept_FsW8gNalfswE"}},{"AddRequest":{"requestId":"path_IlCG3XvcK4}_post","pathId":"Bt7yrg_path_3","httpMethod":"post"}},{"AddResponse":{"responseId":"response_uUJ7OgoAu9","requestId":"path_IlCG3XvcK4}_post","httpStatusCode":200}},{"DefineInlineConcept":{"root":"shape_ecUeA3tFbj","conceptId":"concept_0oH7jQUKjtwa"}},{"AssignType":{"id":"shape_ecUeA3tFbj","to":{"ListT":{}},"conceptId":"concept_0oH7jQUKjtwa"}},{"AddTypeParameter":{"parentId":"shape_ecUeA3tFbj","id":"shape_LrAffOMQm6","conceptId":"concept_0oH7jQUKjtwa"}},{"AssignType":{"id":"shape_LrAffOMQm6","to":{"ObjectT":{}},"conceptId":"concept_0oH7jQUKjtwa"}},{"AddResponse":{"responseId":"response_QSmRMWaeUI","requestId":"path_IlCG3XvcK4}_post","httpStatusCode":400}},{"DefineInlineConcept":{"root":"shape_BNgCEsbxjs","conceptId":"concept_XWkwM46W4KII"}},{"AssignType":{"id":"shape_BNgCEsbxjs","to":{"RefT":{"conceptId":"concept_fcISym_errorobject"}},"conceptId":"concept_XWkwM46W4KII"}},{"AddRequest":{"requestId":"path_vw5eLrRz1T}_post","pathId":"Bt7yrg_path_6","httpMethod":"post"}},{"AddResponse":{"responseId":"response_V7DrJH2Nyi","requestId":"path_vw5eLrRz1T}_post","httpStatusCode":200}},{"DefineInlineConcept":{"root":"shape_2lLLxx8Y4h","conceptId":"concept_i9SSw3DCoWnc"}},{"AssignType":{"id":"shape_2lLLxx8Y4h","to":{"RefT":{"conceptId":"concept_BF42nn_uploadparameterobject"}},"conceptId":"concept_i9SSw3DCoWnc"}},{"AddResponse":{"responseId":"response_HcRXDvI1MZ","requestId":"path_vw5eLrRz1T}_post","httpStatusCode":400}},{"DefineInlineConcept":{"root":"shape_cdMwoxW0Qc","conceptId":"concept_5aCWAUAcDxdH"}},{"AssignType":{"id":"shape_cdMwoxW0Qc","to":{"RefT":{"conceptId":"concept_fcISym_errorobject"}},"conceptId":"concept_5aCWAUAcDxdH"}},{"AddRequest":{"requestId":"path_c0yuPtCs4Z}_post","pathId":"Bt7yrg_path_7","httpMethod":"post"}},{"AddResponse":{"responseId":"response_618IkwauSs","requestId":"path_c0yuPtCs4Z}_post","httpStatusCode":200}},{"DefineInlineConcept":{"root":"shape_Hl0MBtgAk1","conceptId":"concept_Y05wlBeDARND"}},{"AssignType":{"id":"shape_Hl0MBtgAk1","to":{"ObjectT":{}},"conceptId":"concept_Y05wlBeDARND"}},{"AddField":{"parentId":"shape_Hl0MBtgAk1","id":"shape_DkDY9bBDLr","conceptId":"concept_Y05wlBeDARND"}},{"SetFieldName":{"id":"shape_DkDY9bBDLr","newName":"uploader_url","conceptId":"concept_Y05wlBeDARND"}},{"AssignType":{"id":"shape_DkDY9bBDLr","to":{"StringT":{}},"conceptId":"concept_Y05wlBeDARND"}},{"AddResponse":{"responseId":"response_aaspYXvGjo","requestId":"path_c0yuPtCs4Z}_post","httpStatusCode":400}},{"DefineInlineConcept":{"root":"shape_N8tFdmjZsE","conceptId":"concept_mWFttLteN90j"}},{"AssignType":{"id":"shape_N8tFdmjZsE","to":{"RefT":{"conceptId":"concept_fcISym_errorobject"}},"conceptId":"concept_mWFttLteN90j"}},{"AddRequest":{"requestId":"path_qsgqQJxY3m}_post","pathId":"Bt7yrg_path_4","httpMethod":"post"}},{"AddResponse":{"responseId":"response_VBg1nKMKJj","requestId":"path_qsgqQJxY3m}_post","httpStatusCode":200}},{"DefineInlineConcept":{"root":"shape_V5tUksI8Ak","conceptId":"concept_kRG5tIo85u82"}},{"AssignType":{"id":"shape_V5tUksI8Ak","to":{"ObjectT":{}},"conceptId":"concept_kRG5tIo85u82"}},{"AddField":{"parentId":"shape_V5tUksI8Ak","id":"shape_buPB5r479a","conceptId":"concept_kRG5tIo85u82"}},{"SetFieldName":{"id":"shape_buPB5r479a","newName":"playback_url","conceptId":"concept_kRG5tIo85u82"}},{"AssignType":{"id":"shape_buPB5r479a","to":{"StringT":{}},"conceptId":"concept_kRG5tIo85u82"}},{"AddField":{"parentId":"shape_V5tUksI8Ak","id":"shape_5Qv7l1tfes","conceptId":"concept_kRG5tIo85u82"}},{"SetFieldName":{"id":"shape_5Qv7l1tfes","newName":"stream_url","conceptId":"concept_kRG5tIo85u82"}},{"AssignType":{"id":"shape_5Qv7l1tfes","to":{"StringT":{}},"conceptId":"concept_kRG5tIo85u82"}},{"AddResponse":{"responseId":"response_uUV933aVOp","requestId":"path_qsgqQJxY3m}_post","httpStatusCode":400}},{"DefineInlineConcept":{"root":"shape_QP68KyR57d","conceptId":"concept_UNzqkIKEbq6n"}},{"AssignType":{"id":"shape_QP68KyR57d","to":{"RefT":{"conceptId":"concept_fcISym_errorobject"}},"conceptId":"concept_UNzqkIKEbq6n"}},{"AddRequest":{"requestId":"path_UEXthGepnh}_post","pathId":"Bt7yrg_path_2","httpMethod":"post"}},{"AddResponse":{"responseId":"response_vWJCM9NF92","requestId":"path_UEXthGepnh}_post","httpStatusCode":200}},{"DefineInlineConcept":{"root":"shape_FTJ6Y49j7B","conceptId":"concept_idlrzJAQIuOQ"}},{"AssignType":{"id":"shape_FTJ6Y49j7B","to":{"RefT":{"conceptId":"concept_QS06Qf_videoobject"}},"conceptId":"concept_idlrzJAQIuOQ"}},{"AddResponse":{"responseId":"response_cucWu1NJ4d","requestId":"path_UEXthGepnh}_post","httpStatusCode":400}},{"DefineInlineConcept":{"root":"shape_osPmQYOhkz","conceptId":"concept_qkMkNCKi75IN"}},{"AssignType":{"id":"shape_osPmQYOhkz","to":{"RefT":{"conceptId":"concept_fcISym_errorobject"}},"conceptId":"concept_qkMkNCKi75IN"}},{"AddRequest":{"requestId":"path_vCj04rze8F}_post","pathId":"Bt7yrg_path_5","httpMethod":"post"}},{"AddResponse":{"responseId":"response_vCBl7lVbLV","requestId":"path_vCj04rze8F}_post","httpStatusCode":200}},{"DefineInlineConcept":{"root":"shape_Mtma9X5HD2","conceptId":"concept_VZPI2Pavt7SH"}},{"AssignType":{"id":"shape_Mtma9X5HD2","to":{"RefT":{"conceptId":"concept_QS06Qf_videoobject"}},"conceptId":"concept_VZPI2Pavt7SH"}},{"AddResponse":{"responseId":"response_Xt2bmYQiLO","requestId":"path_vCj04rze8F}_post","httpStatusCode":400}},{"DefineInlineConcept":{"root":"shape_OTUbGiG2qT","conceptId":"concept_LjcYUCmqTIAw"}},{"AssignType":{"id":"shape_OTUbGiG2qT","to":{"RefT":{"conceptId":"concept_fcISym_errorobject"}},"conceptId":"concept_LjcYUCmqTIAw"}},{"SetResponseBodyShape":{"responseId":"response_8OYPPo1yXR","bodyDescriptor":{"httpContentType":"application/json","conceptId":"concept_YVfhpbiTVhdl"}}},{"SetResponseBodyShape":{"responseId":"response_sWeiSvKVZj","bodyDescriptor":{"httpContentType":"application/json","conceptId":"concept_FsW8gNalfswE"}}},{"SetResponseBodyShape":{"responseId":"response_uUJ7OgoAu9","bodyDescriptor":{"httpContentType":"application/json","conceptId":"concept_0oH7jQUKjtwa"}}},{"SetResponseBodyShape":{"responseId":"response_QSmRMWaeUI","bodyDescriptor":{"httpContentType":"application/json","conceptId":"concept_XWkwM46W4KII"}}},{"SetResponseBodyShape":{"responseId":"response_V7DrJH2Nyi","bodyDescriptor":{"httpContentType":"application/json","conceptId":"concept_i9SSw3DCoWnc"}}},{"SetResponseBodyShape":{"responseId":"response_HcRXDvI1MZ","bodyDescriptor":{"httpContentType":"application/json","conceptId":"concept_5aCWAUAcDxdH"}}},{"SetResponseBodyShape":{"responseId":"response_618IkwauSs","bodyDescriptor":{"httpContentType":"text/plain","conceptId":"concept_Y05wlBeDARND"}}},{"SetResponseBodyShape":{"responseId":"response_aaspYXvGjo","bodyDescriptor":{"httpContentType":"application/json","conceptId":"concept_mWFttLteN90j"}}},{"SetResponseBodyShape":{"responseId":"response_VBg1nKMKJj","bodyDescriptor":{"httpContentType":"text/plain","conceptId":"concept_kRG5tIo85u82"}}},{"SetResponseBodyShape":{"responseId":"response_uUV933aVOp","bodyDescriptor":{"httpContentType":"application/json","conceptId":"concept_UNzqkIKEbq6n"}}},{"SetResponseBodyShape":{"responseId":"response_vWJCM9NF92","bodyDescriptor":{"httpContentType":"application/json","conceptId":"concept_idlrzJAQIuOQ"}}},{"SetResponseBodyShape":{"responseId":"response_cucWu1NJ4d","bodyDescriptor":{"httpContentType":"application/json","conceptId":"concept_qkMkNCKi75IN"}}},{"SetResponseBodyShape":{"responseId":"response_vCBl7lVbLV","bodyDescriptor":{"httpContentType":"application/json","conceptId":"concept_VZPI2Pavt7SH"}}},{"SetResponseBodyShape":{"responseId":"response_Xt2bmYQiLO","bodyDescriptor":{"httpContentType":"application/json","conceptId":"concept_LjcYUCmqTIAw"}}}]