[{"DefineConcept":{"name":"Address","root":"shape_p9VaWrXOi8","conceptId":"concept_9S0gHp_address"}},{"SetConceptName":{"newName":"Address","conceptId":"concept_9S0gHp_address"}},{"DefineConcept":{"name":"Error","root":"shape_O1JnPjkN6G","conceptId":"concept_3MfFJJ_error"}},{"SetConceptName":{"newName":"Error","conceptId":"concept_3MfFJJ_error"}},{"DefineConcept":{"name":"Rates","root":"shape_poGCL5j09C","conceptId":"concept_Pw3Hi5_rates"}},{"SetConceptName":{"newName":"Rates","conceptId":"concept_Pw3Hi5_rates"}},{"DefineConcept":{"name":"Tax","root":"shape_vDp0SQgNXm","conceptId":"concept_ULAkNR_tax"}},{"SetConceptName":{"newName":"Tax","conceptId":"concept_ULAkNR_tax"}},{"AssignType":{"id":"shape_p9VaWrXOi8","to":{"ObjectT":{}},"conceptId":"concept_9S0gHp_address"}},{"AddField":{"parentId":"shape_p9VaWrXOi8","id":"shape_5uY5ciVy1l","conceptId":"concept_9S0gHp_address"}},{"SetFieldName":{"id":"shape_5uY5ciVy1l","newName":"city","conceptId":"concept_9S0gHp_address"}},{"AssignType":{"id":"shape_5uY5ciVy1l","to":{"StringT":{}},"conceptId":"concept_9S0gHp_address"}},{"AddField":{"parentId":"shape_p9VaWrXOi8","id":"shape_pvKRlCZGVR","conceptId":"concept_9S0gHp_address"}},{"SetFieldName":{"id":"shape_pvKRlCZGVR","newName":"state","conceptId":"concept_9S0gHp_address"}},{"AssignType":{"id":"shape_pvKRlCZGVR","to":{"StringT":{}},"conceptId":"concept_9S0gHp_address"}},{"AddField":{"parentId":"shape_p9VaWrXOi8","id":"shape_Rg8JiaSnLM","conceptId":"concept_9S0gHp_address"}},{"SetFieldName":{"id":"shape_Rg8JiaSnLM","newName":"country","conceptId":"concept_9S0gHp_address"}},{"AssignType":{"id":"shape_Rg8JiaSnLM","to":{"StringT":{}},"conceptId":"concept_9S0gHp_address"}},{"AddField":{"parentId":"shape_p9VaWrXOi8","id":"shape_EVKRcb2N2R","conceptId":"concept_9S0gHp_address"}},{"SetFieldName":{"id":"shape_EVKRcb2N2R","newName":"postal_code","conceptId":"concept_9S0gHp_address"}},{"AssignType":{"id":"shape_EVKRcb2N2R","to":{"StringT":{}},"conceptId":"concept_9S0gHp_address"}},{"AddField":{"parentId":"shape_p9VaWrXOi8","id":"shape_VUDtaeiibn","conceptId":"concept_9S0gHp_address"}},{"SetFieldName":{"id":"shape_VUDtaeiibn","newName":"street","conceptId":"concept_9S0gHp_address"}},{"AssignType":{"id":"shape_VUDtaeiibn","to":{"StringT":{}},"conceptId":"concept_9S0gHp_address"}},{"AddField":{"parentId":"shape_p9VaWrXOi8","id":"shape_rvkV7izl89","conceptId":"concept_9S0gHp_address"}},{"SetFieldName":{"id":"shape_rvkV7izl89","newName":"apartment_number","conceptId":"concept_9S0gHp_address"}},{"AssignType":{"id":"shape_rvkV7izl89","to":{"StringT":{}},"conceptId":"concept_9S0gHp_address"}},{"AddField":{"parentId":"shape_p9VaWrXOi8","id":"shape_pEi0T0WCcr","conceptId":"concept_9S0gHp_address"}},{"SetFieldName":{"id":"shape_pEi0T0WCcr","newName":"street_number","conceptId":"concept_9S0gHp_address"}},{"AssignType":{"id":"shape_pEi0T0WCcr","to":{"StringT":{}},"conceptId":"concept_9S0gHp_address"}},{"AssignType":{"id":"shape_O1JnPjkN6G","to":{"ObjectT":{}},"conceptId":"concept_3MfFJJ_error"}},{"AddField":{"parentId":"shape_O1JnPjkN6G","id":"shape_AcPbuu36go","conceptId":"concept_3MfFJJ_error"}},{"SetFieldName":{"id":"shape_AcPbuu36go","newName":"code","conceptId":"concept_3MfFJJ_error"}},{"AssignType":{"id":"shape_AcPbuu36go","to":{"IntegerT":{}},"conceptId":"concept_3MfFJJ_error"}},{"AddField":{"parentId":"shape_O1JnPjkN6G","id":"shape_mdVBZnV9UK","conceptId":"concept_3MfFJJ_error"}},{"SetFieldName":{"id":"shape_mdVBZnV9UK","newName":"fields","conceptId":"concept_3MfFJJ_error"}},{"AssignType":{"id":"shape_mdVBZnV9UK","to":{"StringT":{}},"conceptId":"concept_3MfFJJ_error"}},{"AddField":{"parentId":"shape_O1JnPjkN6G","id":"shape_o8MQmGmDTJ","conceptId":"concept_3MfFJJ_error"}},{"SetFieldName":{"id":"shape_o8MQmGmDTJ","newName":"message","conceptId":"concept_3MfFJJ_error"}},{"AssignType":{"id":"shape_o8MQmGmDTJ","to":{"StringT":{}},"conceptId":"concept_3MfFJJ_error"}},{"AssignType":{"id":"shape_poGCL5j09C","to":{"ObjectT":{}},"conceptId":"concept_Pw3Hi5_rates"}},{"AddField":{"parentId":"shape_poGCL5j09C","id":"shape_2I2xHMue66","conceptId":"concept_Pw3Hi5_rates"}},{"SetFieldName":{"id":"shape_2I2xHMue66","newName":"country_name","conceptId":"concept_Pw3Hi5_rates"}},{"AssignType":{"id":"shape_2I2xHMue66","to":{"StringT":{}},"conceptId":"concept_Pw3Hi5_rates"}},{"AddField":{"parentId":"shape_poGCL5j09C","id":"shape_qNTAScUELE","conceptId":"concept_Pw3Hi5_rates"}},{"SetFieldName":{"id":"shape_qNTAScUELE","newName":"taxes","conceptId":"concept_Pw3Hi5_rates"}},{"AssignType":{"id":"shape_qNTAScUELE","to":{"ListT":{}},"conceptId":"concept_Pw3Hi5_rates"}},{"AddTypeParameter":{"parentId":"shape_qNTAScUELE","id":"shape_71pzy1LePo","conceptId":"concept_Pw3Hi5_rates"}},{"AssignType":{"id":"shape_71pzy1LePo","to":{"RefT":{"conceptId":"concept_ULAkNR_tax"}},"conceptId":"concept_Pw3Hi5_rates"}},{"AssignType":{"id":"shape_vDp0SQgNXm","to":{"ObjectT":{}},"conceptId":"concept_ULAkNR_tax"}},{"AddField":{"parentId":"shape_vDp0SQgNXm","id":"shape_ANNDcbNjWX","conceptId":"concept_ULAkNR_tax"}},{"SetFieldName":{"id":"shape_ANNDcbNjWX","newName":"Country","conceptId":"concept_ULAkNR_tax"}},{"AssignType":{"id":"shape_ANNDcbNjWX","to":{"StringT":{}},"conceptId":"concept_ULAkNR_tax"}},{"AddField":{"parentId":"shape_vDp0SQgNXm","id":"shape_ZCnzCkUoSh","conceptId":"concept_ULAkNR_tax"}},{"SetFieldName":{"id":"shape_ZCnzCkUoSh","newName":"Type","conceptId":"concept_ULAkNR_tax"}},{"AssignType":{"id":"shape_ZCnzCkUoSh","to":{"StringT":{}},"conceptId":"concept_ULAkNR_tax"}},{"AddField":{"parentId":"shape_vDp0SQgNXm","id":"shape_X8TJP6FWe9","conceptId":"concept_ULAkNR_tax"}},{"SetFieldName":{"id":"shape_X8TJP6FWe9","newName":"data_name","conceptId":"concept_ULAkNR_tax"}},{"AssignType":{"id":"shape_X8TJP6FWe9","to":{"StringT":{}},"conceptId":"concept_ULAkNR_tax"}},{"AddField":{"parentId":"shape_vDp0SQgNXm","id":"shape_FbZCp8dJNV","conceptId":"concept_ULAkNR_tax"}},{"SetFieldName":{"id":"shape_FbZCp8dJNV","newName":"data_value","conceptId":"concept_ULAkNR_tax"}},{"AssignType":{"id":"shape_FbZCp8dJNV","to":{"StringT":{}},"conceptId":"concept_ULAkNR_tax"}},{"AddPathComponent":{"pathId":"VaHYoz_path_0","parentPathId":"root","name":"oauth"}},{"AddPathComponent":{"pathId":"VaHYoz_path_1","parentPathId":"VaHYoz_path_0","name":"dialog"}},{"AddPathComponent":{"pathId":"VaHYoz_path_2","parentPathId":"VaHYoz_path_0","name":"token"}},{"AddPathComponent":{"pathId":"VaHYoz_path_3","parentPathId":"root","name":"tax"}},{"AddPathComponent":{"pathId":"VaHYoz_path_4","parentPathId":"VaHYoz_path_3","name":"byaddress"}},{"AddPathComponent":{"pathId":"VaHYoz_path_5","parentPathId":"VaHYoz_path_3","name":"countrycode"}},{"AddPathComponent":{"pathId":"VaHYoz_path_6","parentPathId":"VaHYoz_path_3","name":"ip"}},{"AddPathComponent":{"pathId":"VaHYoz_path_7","parentPathId":"VaHYoz_path_3","name":"rates"}},{"AddRequest":{"requestId":"path_kTcEv2rl2n}_get","pathId":"VaHYoz_path_1","httpMethod":"get"}},{"AddResponse":{"responseId":"response_AChHBO0zT2","requestId":"path_kTcEv2rl2n}_get","httpStatusCode":200}},{"DefineInlineConcept":{"root":"shape_qz5uIe831f","conceptId":"concept_JVt6Ym1mtg6L"}},{"AssignType":{"id":"shape_qz5uIe831f","to":{"ObjectT":{}},"conceptId":"concept_JVt6Ym1mtg6L"}},{"AddField":{"parentId":"shape_qz5uIe831f","id":"shape_ysW1jyi6Fh","conceptId":"concept_JVt6Ym1mtg6L"}},{"SetFieldName":{"id":"shape_ysW1jyi6Fh","newName":"Authorization","conceptId":"concept_JVt6Ym1mtg6L"}},{"AssignType":{"id":"shape_ysW1jyi6Fh","to":{"StringT":{}},"conceptId":"concept_JVt6Ym1mtg6L"}},{"AddResponse":{"responseId":"response_5qVt8ni9Aq","requestId":"path_kTcEv2rl2n}_get","httpStatusCode":404}},{"AddRequest":{"requestId":"path_mPrVSqoPoo}_get","pathId":"VaHYoz_path_7","httpMethod":"get"}},{"AddResponse":{"responseId":"response_p05kOikPAU","requestId":"path_mPrVSqoPoo}_get","httpStatusCode":200}},{"DefineInlineConcept":{"root":"shape_6TnAf7PPtE","conceptId":"concept_NAEiuqZGcVmZ"}},{"AssignType":{"id":"shape_6TnAf7PPtE","to":{"ListT":{}},"conceptId":"concept_NAEiuqZGcVmZ"}},{"AddTypeParameter":{"parentId":"shape_6TnAf7PPtE","id":"shape_ogximF5BXR","conceptId":"concept_NAEiuqZGcVmZ"}},{"AssignType":{"id":"shape_ogximF5BXR","to":{"RefT":{"conceptId":"concept_Pw3Hi5_rates"}},"conceptId":"concept_NAEiuqZGcVmZ"}},{"AddResponse":{"responseId":"response_aUmiybzgAf","requestId":"path_mPrVSqoPoo}_get","httpStatusCode":404}},{"AddRequest":{"requestId":"path_guGqjjjt6w}_get","pathId":"VaHYoz_path_5","httpMethod":"get"}},{"AddResponse":{"responseId":"response_cpv0RVoXnY","requestId":"path_guGqjjjt6w}_get","httpStatusCode":200}},{"DefineInlineConcept":{"root":"shape_MhFCOFr8iN","conceptId":"concept_quDAQMuOLyab"}},{"AssignType":{"id":"shape_MhFCOFr8iN","to":{"RefT":{"conceptId":"concept_Pw3Hi5_rates"}},"conceptId":"concept_quDAQMuOLyab"}},{"AddResponse":{"responseId":"response_HewsMvv1VY","requestId":"path_guGqjjjt6w}_get","httpStatusCode":404}},{"AddResponse":{"responseId":"response_acIPdWmuO7","requestId":"path_guGqjjjt6w}_get","httpStatusCode":500}},{"DefineInlineConcept":{"root":"shape_XKfbwAEuTb","conceptId":"concept_lsBp5IgIlaty"}},{"AssignType":{"id":"shape_XKfbwAEuTb","to":{"RefT":{"conceptId":"concept_3MfFJJ_error"}},"conceptId":"concept_lsBp5IgIlaty"}},{"AddRequest":{"requestId":"path_B7XNlkrESu}_get","pathId":"VaHYoz_path_6","httpMethod":"get"}},{"AddResponse":{"responseId":"response_YcbSBHi7Ms","requestId":"path_B7XNlkrESu}_get","httpStatusCode":200}},{"DefineInlineConcept":{"root":"shape_SfTlQybWun","conceptId":"concept_T0LrOr00vxui"}},{"AssignType":{"id":"shape_SfTlQybWun","to":{"ListT":{}},"conceptId":"concept_T0LrOr00vxui"}},{"AddTypeParameter":{"parentId":"shape_SfTlQybWun","id":"shape_kZihldHqdH","conceptId":"concept_T0LrOr00vxui"}},{"AssignType":{"id":"shape_kZihldHqdH","to":{"RefT":{"conceptId":"concept_Pw3Hi5_rates"}},"conceptId":"concept_T0LrOr00vxui"}},{"AddResponse":{"responseId":"response_DZKh70EPcp","requestId":"path_B7XNlkrESu}_get","httpStatusCode":404}},{"AddRequest":{"requestId":"path_xpNBmMoX8P}_post","pathId":"VaHYoz_path_4","httpMethod":"post"}},{"DefineInlineConcept":{"root":"shape_4KaTVKFOwY","conceptId":"concept_taxbyaddress_post_body"}},{"AssignType":{"id":"shape_4KaTVKFOwY","to":{"RefT":{"conceptId":"concept_9S0gHp_address"}},"conceptId":"concept_taxbyaddress_post_body"}},{"AddResponse":{"responseId":"response_vXxhoU1xtX","requestId":"path_xpNBmMoX8P}_post","httpStatusCode":200}},{"DefineInlineConcept":{"root":"shape_gvPogMvha8","conceptId":"concept_UtAyY7NzqWx6"}},{"AssignType":{"id":"shape_gvPogMvha8","to":{"RefT":{"conceptId":"concept_Pw3Hi5_rates"}},"conceptId":"concept_UtAyY7NzqWx6"}},{"AddResponse":{"responseId":"response_ahCO7y1MEy","requestId":"path_xpNBmMoX8P}_post","httpStatusCode":404}},{"AddResponse":{"responseId":"response_LWzxGvlK2s","requestId":"path_xpNBmMoX8P}_post","httpStatusCode":500}},{"DefineInlineConcept":{"root":"shape_nd4HL6WZf7","conceptId":"concept_KvO3rNDAf1pv"}},{"AssignType":{"id":"shape_nd4HL6WZf7","to":{"RefT":{"conceptId":"concept_3MfFJJ_error"}},"conceptId":"concept_KvO3rNDAf1pv"}},{"AddRequest":{"requestId":"path_kOh2hHyqqS}_get","pathId":"VaHYoz_path_2","httpMethod":"get"}},{"AddResponse":{"responseId":"response_zykjOnXIkj","requestId":"path_kOh2hHyqqS}_get","httpStatusCode":200}},{"DefineInlineConcept":{"root":"shape_J6aV6PyHjy","conceptId":"concept_WnPrNcs37Aic"}},{"AssignType":{"id":"shape_J6aV6PyHjy","to":{"ObjectT":{}},"conceptId":"concept_WnPrNcs37Aic"}},{"AddField":{"parentId":"shape_J6aV6PyHjy","id":"shape_Nc5Nm8WHGN","conceptId":"concept_WnPrNcs37Aic"}},{"SetFieldName":{"id":"shape_Nc5Nm8WHGN","newName":"clientid","conceptId":"concept_WnPrNcs37Aic"}},{"AssignType":{"id":"shape_Nc5Nm8WHGN","to":{"StringT":{}},"conceptId":"concept_WnPrNcs37Aic"}},{"AddField":{"parentId":"shape_J6aV6PyHjy","id":"shape_yKy3ebOd20","conceptId":"concept_WnPrNcs37Aic"}},{"SetFieldName":{"id":"shape_yKy3ebOd20","newName":"domain","conceptId":"concept_WnPrNcs37Aic"}},{"AssignType":{"id":"shape_yKy3ebOd20","to":{"StringT":{}},"conceptId":"concept_WnPrNcs37Aic"}},{"AddField":{"parentId":"shape_J6aV6PyHjy","id":"shape_jV0RoUbUi6","conceptId":"concept_WnPrNcs37Aic"}},{"SetFieldName":{"id":"shape_jV0RoUbUi6","newName":"token","conceptId":"concept_WnPrNcs37Aic"}},{"AssignType":{"id":"shape_jV0RoUbUi6","to":{"StringT":{}},"conceptId":"concept_WnPrNcs37Aic"}},{"AddField":{"parentId":"shape_J6aV6PyHjy","id":"shape_J838wIwWGI","conceptId":"concept_WnPrNcs37Aic"}},{"SetFieldName":{"id":"shape_J838wIwWGI","newName":"valid_to","conceptId":"concept_WnPrNcs37Aic"}},{"AssignType":{"id":"shape_J838wIwWGI","to":{"StringT":{}},"conceptId":"concept_WnPrNcs37Aic"}},{"AddResponse":{"responseId":"response_9YeATfA8KK","requestId":"path_kOh2hHyqqS}_get","httpStatusCode":404}},{"SetResponseBodyShape":{"responseId":"response_AChHBO0zT2","bodyDescriptor":{"httpContentType":"application/json","conceptId":"concept_JVt6Ym1mtg6L"}}},{"SetResponseBodyShape":{"responseId":"response_p05kOikPAU","bodyDescriptor":{"httpContentType":"application/json","conceptId":"concept_NAEiuqZGcVmZ"}}},{"SetResponseBodyShape":{"responseId":"response_cpv0RVoXnY","bodyDescriptor":{"httpContentType":"application/json","conceptId":"concept_quDAQMuOLyab"}}},{"SetResponseBodyShape":{"responseId":"response_acIPdWmuO7","bodyDescriptor":{"httpContentType":"application/json","conceptId":"concept_lsBp5IgIlaty"}}},{"SetResponseBodyShape":{"responseId":"response_YcbSBHi7Ms","bodyDescriptor":{"httpContentType":"application/json","conceptId":"concept_T0LrOr00vxui"}}},{"SetRequestBodyShape":{"requestId":"path_xpNBmMoX8P}_post","bodyDescriptor":{"httpContentType":"application/json","conceptId":"concept_taxbyaddress_post_body"}}},{"SetResponseBodyShape":{"responseId":"response_vXxhoU1xtX","bodyDescriptor":{"httpContentType":"application/json","conceptId":"concept_UtAyY7NzqWx6"}}},{"SetResponseBodyShape":{"responseId":"response_LWzxGvlK2s","bodyDescriptor":{"httpContentType":"application/json","conceptId":"concept_KvO3rNDAf1pv"}}},{"SetResponseBodyShape":{"responseId":"response_zykjOnXIkj","bodyDescriptor":{"httpContentType":"application/json","conceptId":"concept_WnPrNcs37Aic"}}}]