[{"AddPathComponent":{"pathId":"vdOZv9_path_0","parentPathId":"root","name":"v1"}},{"AddPathComponent":{"pathId":"vdOZv9_path_1","parentPathId":"vdOZv9_path_0","name":"shorten"}},{"AddRequest":{"requestId":"path_OYizrrR2RQ}_post","pathId":"vdOZv9_path_1","httpMethod":"post"}},{"AddResponse":{"responseId":"response_J5ABlTzlwp","requestId":"path_OYizrrR2RQ}_post","httpStatusCode":200}},{"DefineInlineConcept":{"root":"shape_cr0z9jdJyv","conceptId":"concept_WgRrvsUzRFsx"}},{"AssignType":{"id":"shape_cr0z9jdJyv","to":{"ObjectT":{}},"conceptId":"concept_WgRrvsUzRFsx"}},{"AddField":{"parentId":"shape_cr0z9jdJyv","id":"shape_MP6KxDDwBj","conceptId":"concept_WgRrvsUzRFsx"}},{"SetFieldName":{"id":"shape_MP6KxDDwBj","newName":"result_url","conceptId":"concept_WgRrvsUzRFsx"}},{"AssignType":{"id":"shape_MP6KxDDwBj","to":{"StringT":{}},"conceptId":"concept_WgRrvsUzRFsx"}},{"SetResponseBodyShape":{"responseId":"response_J5ABlTzlwp","bodyDescriptor":{"httpContentType":"application/json","conceptId":"concept_WgRrvsUzRFsx"}}}]