[{"DefineConcept":{"name":"Statistics","root":"shape_begQOJqnEh","conceptId":"concept_W4Xi3D_statistics"}},{"SetConceptName":{"newName":"Statistics","conceptId":"concept_W4Xi3D_statistics"}},{"DefineConcept":{"name":"Notification","root":"shape_YPEfnXVQko","conceptId":"concept_xkSQP9_notification"}},{"SetConceptName":{"newName":"Notification","conceptId":"concept_xkSQP9_notification"}},{"DefineConcept":{"name":"Server","root":"shape_9oyRnRtb9C","conceptId":"concept_KKhS1D_server"}},{"SetConceptName":{"newName":"Server","conceptId":"concept_KKhS1D_server"}},{"DefineConcept":{"name":"Event","root":"shape_fW3roe094L","conceptId":"concept_36RSsJ_event"}},{"SetConceptName":{"newName":"Event","conceptId":"concept_36RSsJ_event"}},{"DefineConcept":{"name":"Position","root":"shape_mfrKDB6I9O","conceptId":"concept_Ghlcie_position"}},{"SetConceptName":{"newName":"Position","conceptId":"concept_Ghlcie_position"}},{"DefineConcept":{"name":"Command","root":"shape_QIjtkiOJlf","conceptId":"concept_6l7niG_command"}},{"SetConceptName":{"newName":"Command","conceptId":"concept_6l7niG_command"}},{"DefineConcept":{"name":"Device","root":"shape_xEgOlCY4GP","conceptId":"concept_TX4GNc_device"}},{"SetConceptName":{"newName":"Device","conceptId":"concept_TX4GNc_device"}},{"DefineConcept":{"name":"ReportTrips","root":"shape_5EWVdDxQUc","conceptId":"concept_EV5QEA_reporttrips"}},{"SetConceptName":{"newName":"ReportTrips","conceptId":"concept_EV5QEA_reporttrips"}},{"DefineConcept":{"name":"Permission","root":"shape_bhttRHNix8","conceptId":"concept_ikoCWa_permission"}},{"SetConceptName":{"newName":"Permission","conceptId":"concept_ikoCWa_permission"}},{"DefineConcept":{"name":"ReportStops","root":"shape_CjmWlGIt9M","conceptId":"concept_m32aOs_reportstops"}},{"SetConceptName":{"newName":"ReportStops","conceptId":"concept_m32aOs_reportstops"}},{"DefineConcept":{"name":"Maintenance","root":"shape_cRHOnH4ic5","conceptId":"concept_oHlWzv_maintenance"}},{"SetConceptName":{"newName":"Maintenance","conceptId":"concept_oHlWzv_maintenance"}},{"DefineConcept":{"name":"CommandType","root":"shape_2UiCNWT0rB","conceptId":"concept_XSbn0R_commandtype"}},{"SetConceptName":{"newName":"CommandType","conceptId":"concept_XSbn0R_commandtype"}},{"DefineConcept":{"name":"Group","root":"shape_i6lFutlS0D","conceptId":"concept_3RbDmx_group"}},{"SetConceptName":{"newName":"Group","conceptId":"concept_3RbDmx_group"}},{"DefineConcept":{"name":"NotificationType","root":"shape_ET0QY9iplb","conceptId":"concept_sqa4Dd_notificationtype"}},{"SetConceptName":{"newName":"NotificationType","conceptId":"concept_sqa4Dd_notificationtype"}},{"DefineConcept":{"name":"Driver","root":"shape_ktYCMHv3kq","conceptId":"concept_PtMMnB_driver"}},{"SetConceptName":{"newName":"Driver","conceptId":"concept_PtMMnB_driver"}},{"DefineConcept":{"name":"User","root":"shape_WDNz7bh0yx","conceptId":"concept_vgBF83_user"}},{"SetConceptName":{"newName":"User","conceptId":"concept_vgBF83_user"}},{"DefineConcept":{"name":"ReportSummary","root":"shape_UBv8ewGBIr","conceptId":"concept_glxon3_reportsummary"}},{"SetConceptName":{"newName":"ReportSummary","conceptId":"concept_glxon3_reportsummary"}},{"DefineConcept":{"name":"Geofence","root":"shape_bZbBlcXDz7","conceptId":"concept_9xdUaU_geofence"}},{"SetConceptName":{"newName":"Geofence","conceptId":"concept_9xdUaU_geofence"}},{"DefineConcept":{"name":"DeviceAccumulators","root":"shape_e0cBSJG3tM","conceptId":"concept_lULkuj_deviceaccumulators"}},{"SetConceptName":{"newName":"DeviceAccumulators","conceptId":"concept_lULkuj_deviceaccumulators"}},{"DefineConcept":{"name":"Attribute","root":"shape_JqfZtbyB67","conceptId":"concept_h3tF6O_attribute"}},{"SetConceptName":{"newName":"Attribute","conceptId":"concept_h3tF6O_attribute"}},{"DefineConcept":{"name":"Calendar","root":"shape_XA18BrLMuO","conceptId":"concept_o6oheQ_calendar"}},{"SetConceptName":{"newName":"Calendar","conceptId":"concept_o6oheQ_calendar"}},{"AssignType":{"id":"shape_begQOJqnEh","to":{"AnyT":{}},"conceptId":"concept_W4Xi3D_statistics"}},{"AssignType":{"id":"shape_YPEfnXVQko","to":{"AnyT":{}},"conceptId":"concept_xkSQP9_notification"}},{"AssignType":{"id":"shape_9oyRnRtb9C","to":{"AnyT":{}},"conceptId":"concept_KKhS1D_server"}},{"AssignType":{"id":"shape_fW3roe094L","to":{"AnyT":{}},"conceptId":"concept_36RSsJ_event"}},{"AssignType":{"id":"shape_mfrKDB6I9O","to":{"AnyT":{}},"conceptId":"concept_Ghlcie_position"}},{"AssignType":{"id":"shape_QIjtkiOJlf","to":{"AnyT":{}},"conceptId":"concept_6l7niG_command"}},{"AssignType":{"id":"shape_xEgOlCY4GP","to":{"AnyT":{}},"conceptId":"concept_TX4GNc_device"}},{"AssignType":{"id":"shape_5EWVdDxQUc","to":{"AnyT":{}},"conceptId":"concept_EV5QEA_reporttrips"}},{"AssignType":{"id":"shape_bhttRHNix8","to":{"AnyT":{}},"conceptId":"concept_ikoCWa_permission"}},{"AssignType":{"id":"shape_CjmWlGIt9M","to":{"AnyT":{}},"conceptId":"concept_m32aOs_reportstops"}},{"AssignType":{"id":"shape_cRHOnH4ic5","to":{"AnyT":{}},"conceptId":"concept_oHlWzv_maintenance"}},{"AssignType":{"id":"shape_2UiCNWT0rB","to":{"AnyT":{}},"conceptId":"concept_XSbn0R_commandtype"}},{"AssignType":{"id":"shape_i6lFutlS0D","to":{"AnyT":{}},"conceptId":"concept_3RbDmx_group"}},{"AssignType":{"id":"shape_ET0QY9iplb","to":{"AnyT":{}},"conceptId":"concept_sqa4Dd_notificationtype"}},{"AssignType":{"id":"shape_ktYCMHv3kq","to":{"AnyT":{}},"conceptId":"concept_PtMMnB_driver"}},{"AssignType":{"id":"shape_WDNz7bh0yx","to":{"AnyT":{}},"conceptId":"concept_vgBF83_user"}},{"AssignType":{"id":"shape_UBv8ewGBIr","to":{"AnyT":{}},"conceptId":"concept_glxon3_reportsummary"}},{"AssignType":{"id":"shape_bZbBlcXDz7","to":{"AnyT":{}},"conceptId":"concept_9xdUaU_geofence"}},{"AssignType":{"id":"shape_e0cBSJG3tM","to":{"AnyT":{}},"conceptId":"concept_lULkuj_deviceaccumulators"}},{"AssignType":{"id":"shape_JqfZtbyB67","to":{"AnyT":{}},"conceptId":"concept_h3tF6O_attribute"}},{"AssignType":{"id":"shape_XA18BrLMuO","to":{"AnyT":{}},"conceptId":"concept_o6oheQ_calendar"}},{"AddPathComponent":{"pathId":"8mJ1YC_path_0","parentPathId":"root","name":"attributes"}},{"AddPathComponent":{"pathId":"8mJ1YC_path_1","parentPathId":"8mJ1YC_path_0","name":"computed"}},{"AddPathParameter":{"pathId":"8mJ1YC_path_2","parentPathId":"8mJ1YC_path_1","name":"id"}},{"AddPathComponent":{"pathId":"8mJ1YC_path_3","parentPathId":"root","name":"calendars"}},{"AddPathParameter":{"pathId":"8mJ1YC_path_4","parentPathId":"8mJ1YC_path_3","name":"id"}},{"AddPathComponent":{"pathId":"8mJ1YC_path_5","parentPathId":"root","name":"commands"}},{"AddPathComponent":{"pathId":"8mJ1YC_path_6","parentPathId":"8mJ1YC_path_5","name":"send"}},{"AddPathComponent":{"pathId":"8mJ1YC_path_7","parentPathId":"8mJ1YC_path_5","name":"types"}},{"AddPathParameter":{"pathId":"8mJ1YC_path_8","parentPathId":"8mJ1YC_path_5","name":"id"}},{"AddPathComponent":{"pathId":"8mJ1YC_path_9","parentPathId":"root","name":"devices"}},{"AddPathParameter":{"pathId":"8mJ1YC_path_10","parentPathId":"8mJ1YC_path_9","name":"id"}},{"AddPathComponent":{"pathId":"8mJ1YC_path_11","parentPathId":"8mJ1YC_path_10","name":"accumulators"}},{"AddPathComponent":{"pathId":"8mJ1YC_path_12","parentPathId":"root","name":"drivers"}},{"AddPathParameter":{"pathId":"8mJ1YC_path_13","parentPathId":"8mJ1YC_path_12","name":"id"}},{"AddPathComponent":{"pathId":"8mJ1YC_path_14","parentPathId":"root","name":"events"}},{"AddPathParameter":{"pathId":"8mJ1YC_path_15","parentPathId":"8mJ1YC_path_14","name":"id"}},{"AddPathComponent":{"pathId":"8mJ1YC_path_16","parentPathId":"root","name":"geofences"}},{"AddPathParameter":{"pathId":"8mJ1YC_path_17","parentPathId":"8mJ1YC_path_16","name":"id"}},{"AddPathComponent":{"pathId":"8mJ1YC_path_18","parentPathId":"root","name":"groups"}},{"AddPathParameter":{"pathId":"8mJ1YC_path_19","parentPathId":"8mJ1YC_path_18","name":"id"}},{"AddPathComponent":{"pathId":"8mJ1YC_path_20","parentPathId":"root","name":"maintenance"}},{"AddPathParameter":{"pathId":"8mJ1YC_path_21","parentPathId":"8mJ1YC_path_20","name":"id"}},{"AddPathComponent":{"pathId":"8mJ1YC_path_22","parentPathId":"root","name":"notifications"}},{"AddPathComponent":{"pathId":"8mJ1YC_path_23","parentPathId":"8mJ1YC_path_22","name":"test"}},{"AddPathComponent":{"pathId":"8mJ1YC_path_24","parentPathId":"8mJ1YC_path_22","name":"types"}},{"AddPathParameter":{"pathId":"8mJ1YC_path_25","parentPathId":"8mJ1YC_path_22","name":"id"}},{"AddPathComponent":{"pathId":"8mJ1YC_path_26","parentPathId":"root","name":"permissions"}},{"AddPathComponent":{"pathId":"8mJ1YC_path_27","parentPathId":"root","name":"positions"}},{"AddPathComponent":{"pathId":"8mJ1YC_path_28","parentPathId":"root","name":"reports"}},{"AddPathComponent":{"pathId":"8mJ1YC_path_29","parentPathId":"8mJ1YC_path_28","name":"events"}},{"AddPathComponent":{"pathId":"8mJ1YC_path_30","parentPathId":"8mJ1YC_path_28","name":"route"}},{"AddPathComponent":{"pathId":"8mJ1YC_path_31","parentPathId":"8mJ1YC_path_28","name":"stops"}},{"AddPathComponent":{"pathId":"8mJ1YC_path_32","parentPathId":"8mJ1YC_path_28","name":"summary"}},{"AddPathComponent":{"pathId":"8mJ1YC_path_33","parentPathId":"8mJ1YC_path_28","name":"trips"}},{"AddPathComponent":{"pathId":"8mJ1YC_path_34","parentPathId":"root","name":"server"}},{"AddPathComponent":{"pathId":"8mJ1YC_path_35","parentPathId":"root","name":"session"}},{"AddPathComponent":{"pathId":"8mJ1YC_path_36","parentPathId":"root","name":"statistics"}},{"AddPathComponent":{"pathId":"8mJ1YC_path_37","parentPathId":"root","name":"users"}},{"AddPathParameter":{"pathId":"8mJ1YC_path_38","parentPathId":"8mJ1YC_path_37","name":"id"}},{"AddRequest":{"requestId":"path_zlRWt9UJQD}_get","pathId":"8mJ1YC_path_9","httpMethod":"get"}},{"AddResponse":{"responseId":"response_r0Bxu3yTsA","requestId":"path_zlRWt9UJQD}_get","httpStatusCode":200}},{"DefineInlineConcept":{"root":"shape_q0I4E0zK3l","conceptId":"concept_Ss4KIHIdklUk"}},{"AssignType":{"id":"shape_q0I4E0zK3l","to":{"ListT":{}},"conceptId":"concept_Ss4KIHIdklUk"}},{"AddTypeParameter":{"parentId":"shape_q0I4E0zK3l","id":"shape_e5t20uiz2Q","conceptId":"concept_Ss4KIHIdklUk"}},{"AssignType":{"id":"shape_e5t20uiz2Q","to":{"RefT":{"conceptId":"concept_TX4GNc_device"}},"conceptId":"concept_Ss4KIHIdklUk"}},{"AddResponse":{"responseId":"response_mNEbX6HKmf","requestId":"path_zlRWt9UJQD}_get","httpStatusCode":400}},{"AddRequest":{"requestId":"path_zlRWt9UJQD}_post","pathId":"8mJ1YC_path_9","httpMethod":"post"}},{"DefineInlineConcept":{"root":"shape_fu7o8hjDU9","conceptId":"concept_devices_post_body"}},{"AssignType":{"id":"shape_fu7o8hjDU9","to":{"RefT":{"conceptId":"concept_TX4GNc_device"}},"conceptId":"concept_devices_post_body"}},{"AddResponse":{"responseId":"response_pnaNUQQxNY","requestId":"path_zlRWt9UJQD}_post","httpStatusCode":200}},{"DefineInlineConcept":{"root":"shape_32TA5hcVT6","conceptId":"concept_aCuLj28eRRqV"}},{"AssignType":{"id":"shape_32TA5hcVT6","to":{"RefT":{"conceptId":"concept_TX4GNc_device"}},"conceptId":"concept_aCuLj28eRRqV"}},{"AddRequest":{"requestId":"path_Ep3BoR981v}_get","pathId":"8mJ1YC_path_22","httpMethod":"get"}},{"AddResponse":{"responseId":"response_x6rhtXJp12","requestId":"path_Ep3BoR981v}_get","httpStatusCode":200}},{"DefineInlineConcept":{"root":"shape_bCC1CeJWDN","conceptId":"concept_T5cVSeM1fTTW"}},{"AssignType":{"id":"shape_bCC1CeJWDN","to":{"ListT":{}},"conceptId":"concept_T5cVSeM1fTTW"}},{"AddTypeParameter":{"parentId":"shape_bCC1CeJWDN","id":"shape_FjTvatNZj8","conceptId":"concept_T5cVSeM1fTTW"}},{"AssignType":{"id":"shape_FjTvatNZj8","to":{"RefT":{"conceptId":"concept_xkSQP9_notification"}},"conceptId":"concept_T5cVSeM1fTTW"}},{"AddRequest":{"requestId":"path_Ep3BoR981v}_post","pathId":"8mJ1YC_path_22","httpMethod":"post"}},{"DefineInlineConcept":{"root":"shape_YWagNthOx3","conceptId":"concept_notifications_post_body"}},{"AssignType":{"id":"shape_YWagNthOx3","to":{"RefT":{"conceptId":"concept_xkSQP9_notification"}},"conceptId":"concept_notifications_post_body"}},{"AddResponse":{"responseId":"response_mIJXl0u3Mg","requestId":"path_Ep3BoR981v}_post","httpStatusCode":200}},{"DefineInlineConcept":{"root":"shape_4BcBhiJzuP","conceptId":"concept_59eMt8bAobxy"}},{"AssignType":{"id":"shape_4BcBhiJzuP","to":{"RefT":{"conceptId":"concept_xkSQP9_notification"}},"conceptId":"concept_59eMt8bAobxy"}},{"AddRequest":{"requestId":"path_HltOxFeJEi}_delete","pathId":"8mJ1YC_path_2","httpMethod":"delete"}},{"AddResponse":{"responseId":"response_ENfzNIegZA","requestId":"path_HltOxFeJEi}_delete","httpStatusCode":204}},{"AddRequest":{"requestId":"path_HltOxFeJEi}_put","pathId":"8mJ1YC_path_2","httpMethod":"put"}},{"DefineInlineConcept":{"root":"shape_IvURZ0TbGJ","conceptId":"concept_attributescomputedid_put_body"}},{"AssignType":{"id":"shape_IvURZ0TbGJ","to":{"RefT":{"conceptId":"concept_h3tF6O_attribute"}},"conceptId":"concept_attributescomputedid_put_body"}},{"AddResponse":{"responseId":"response_85AkoFC8CS","requestId":"path_HltOxFeJEi}_put","httpStatusCode":200}},{"DefineInlineConcept":{"root":"shape_Kh27hneZkC","conceptId":"concept_JBS99OHcBdr7"}},{"AssignType":{"id":"shape_Kh27hneZkC","to":{"RefT":{"conceptId":"concept_h3tF6O_attribute"}},"conceptId":"concept_JBS99OHcBdr7"}},{"AddRequest":{"requestId":"path_ZKaJB7S9b4}_get","pathId":"8mJ1YC_path_31","httpMethod":"get"}},{"AddResponse":{"responseId":"response_Z3kHEyFpL1","requestId":"path_ZKaJB7S9b4}_get","httpStatusCode":200}},{"DefineInlineConcept":{"root":"shape_XtT231iPG2","conceptId":"concept_zGcxqVEuSqcI"}},{"AssignType":{"id":"shape_XtT231iPG2","to":{"ListT":{}},"conceptId":"concept_zGcxqVEuSqcI"}},{"AddTypeParameter":{"parentId":"shape_XtT231iPG2","id":"shape_bnCJmqjl9E","conceptId":"concept_zGcxqVEuSqcI"}},{"AssignType":{"id":"shape_bnCJmqjl9E","to":{"RefT":{"conceptId":"concept_m32aOs_reportstops"}},"conceptId":"concept_zGcxqVEuSqcI"}},{"AddRequest":{"requestId":"path_k7REigeJvK}_get","pathId":"8mJ1YC_path_20","httpMethod":"get"}},{"AddResponse":{"responseId":"response_xj96rxX2Bg","requestId":"path_k7REigeJvK}_get","httpStatusCode":200}},{"DefineInlineConcept":{"root":"shape_kPkl4lDKHS","conceptId":"concept_VBinASMilcMP"}},{"AssignType":{"id":"shape_kPkl4lDKHS","to":{"ListT":{}},"conceptId":"concept_VBinASMilcMP"}},{"AddTypeParameter":{"parentId":"shape_kPkl4lDKHS","id":"shape_aAidI2kPjc","conceptId":"concept_VBinASMilcMP"}},{"AssignType":{"id":"shape_aAidI2kPjc","to":{"RefT":{"conceptId":"concept_oHlWzv_maintenance"}},"conceptId":"concept_VBinASMilcMP"}},{"AddRequest":{"requestId":"path_k7REigeJvK}_post","pathId":"8mJ1YC_path_20","httpMethod":"post"}},{"DefineInlineConcept":{"root":"shape_Md9IIeS90q","conceptId":"concept_maintenance_post_body"}},{"AssignType":{"id":"shape_Md9IIeS90q","to":{"RefT":{"conceptId":"concept_oHlWzv_maintenance"}},"conceptId":"concept_maintenance_post_body"}},{"AddResponse":{"responseId":"response_XOlUDpRgdB","requestId":"path_k7REigeJvK}_post","httpStatusCode":200}},{"DefineInlineConcept":{"root":"shape_y0fgt3Pn0b","conceptId":"concept_U1jJWCih0xiS"}},{"AssignType":{"id":"shape_y0fgt3Pn0b","to":{"RefT":{"conceptId":"concept_oHlWzv_maintenance"}},"conceptId":"concept_U1jJWCih0xiS"}},{"AddRequest":{"requestId":"path_OVr1xiURfI}_get","pathId":"8mJ1YC_path_37","httpMethod":"get"}},{"AddResponse":{"responseId":"response_lhVeiBWgeO","requestId":"path_OVr1xiURfI}_get","httpStatusCode":200}},{"DefineInlineConcept":{"root":"shape_w3erIiwUzt","conceptId":"concept_Lh4HhARMDqbo"}},{"AssignType":{"id":"shape_w3erIiwUzt","to":{"ListT":{}},"conceptId":"concept_Lh4HhARMDqbo"}},{"AddTypeParameter":{"parentId":"shape_w3erIiwUzt","id":"shape_EiMdcOuSgy","conceptId":"concept_Lh4HhARMDqbo"}},{"AssignType":{"id":"shape_EiMdcOuSgy","to":{"RefT":{"conceptId":"concept_vgBF83_user"}},"conceptId":"concept_Lh4HhARMDqbo"}},{"AddResponse":{"responseId":"response_Boe8OSvx7F","requestId":"path_OVr1xiURfI}_get","httpStatusCode":400}},{"AddRequest":{"requestId":"path_OVr1xiURfI}_post","pathId":"8mJ1YC_path_37","httpMethod":"post"}},{"DefineInlineConcept":{"root":"shape_RzphFlxaFW","conceptId":"concept_users_post_body"}},{"AssignType":{"id":"shape_RzphFlxaFW","to":{"RefT":{"conceptId":"concept_vgBF83_user"}},"conceptId":"concept_users_post_body"}},{"AddResponse":{"responseId":"response_Z8pHL75sDf","requestId":"path_OVr1xiURfI}_post","httpStatusCode":200}},{"DefineInlineConcept":{"root":"shape_LerTOZuwBj","conceptId":"concept_uFKS6YmEueXt"}},{"AssignType":{"id":"shape_LerTOZuwBj","to":{"RefT":{"conceptId":"concept_vgBF83_user"}},"conceptId":"concept_uFKS6YmEueXt"}},{"AddRequest":{"requestId":"path_JiOnTOsTA0}_delete","pathId":"8mJ1YC_path_8","httpMethod":"delete"}},{"AddResponse":{"responseId":"response_qmD2L5rfE0","requestId":"path_JiOnTOsTA0}_delete","httpStatusCode":204}},{"AddRequest":{"requestId":"path_JiOnTOsTA0}_put","pathId":"8mJ1YC_path_8","httpMethod":"put"}},{"DefineInlineConcept":{"root":"shape_l5aXd3863I","conceptId":"concept_commandsid_put_body"}},{"AssignType":{"id":"shape_l5aXd3863I","to":{"RefT":{"conceptId":"concept_6l7niG_command"}},"conceptId":"concept_commandsid_put_body"}},{"AddResponse":{"responseId":"response_c69xB7ZqUN","requestId":"path_JiOnTOsTA0}_put","httpStatusCode":200}},{"DefineInlineConcept":{"root":"shape_xOdxyTpHIT","conceptId":"concept_2TVY25QMTu9z"}},{"AssignType":{"id":"shape_xOdxyTpHIT","to":{"RefT":{"conceptId":"concept_6l7niG_command"}},"conceptId":"concept_2TVY25QMTu9z"}},{"AddRequest":{"requestId":"path_OKkfuHPpze}_delete","pathId":"8mJ1YC_path_38","httpMethod":"delete"}},{"AddResponse":{"responseId":"response_cKdhmF3xi8","requestId":"path_OKkfuHPpze}_delete","httpStatusCode":204}},{"AddRequest":{"requestId":"path_OKkfuHPpze}_put","pathId":"8mJ1YC_path_38","httpMethod":"put"}},{"DefineInlineConcept":{"root":"shape_Oed1VQRN0q","conceptId":"concept_usersid_put_body"}},{"AssignType":{"id":"shape_Oed1VQRN0q","to":{"RefT":{"conceptId":"concept_vgBF83_user"}},"conceptId":"concept_usersid_put_body"}},{"AddResponse":{"responseId":"response_iYG0boWDGn","requestId":"path_OKkfuHPpze}_put","httpStatusCode":200}},{"DefineInlineConcept":{"root":"shape_LouMJunxZM","conceptId":"concept_HcJIqfvElAto"}},{"AssignType":{"id":"shape_LouMJunxZM","to":{"RefT":{"conceptId":"concept_vgBF83_user"}},"conceptId":"concept_HcJIqfvElAto"}},{"AddRequest":{"requestId":"path_ADmuZOBRp6}_post","pathId":"8mJ1YC_path_23","httpMethod":"post"}},{"AddResponse":{"responseId":"response_zH081XJJt8","requestId":"path_ADmuZOBRp6}_post","httpStatusCode":204}},{"AddResponse":{"responseId":"response_xwU90U797p","requestId":"path_ADmuZOBRp6}_post","httpStatusCode":400}},{"AddRequest":{"requestId":"path_V2mU8l9WPt}_get","pathId":"8mJ1YC_path_29","httpMethod":"get"}},{"AddResponse":{"responseId":"response_hfj1ctHCdm","requestId":"path_V2mU8l9WPt}_get","httpStatusCode":200}},{"DefineInlineConcept":{"root":"shape_lXOtRGOOgd","conceptId":"concept_ngp0DuDdiP1S"}},{"AssignType":{"id":"shape_lXOtRGOOgd","to":{"ListT":{}},"conceptId":"concept_ngp0DuDdiP1S"}},{"AddTypeParameter":{"parentId":"shape_lXOtRGOOgd","id":"shape_rtNqTG9cJ7","conceptId":"concept_ngp0DuDdiP1S"}},{"AssignType":{"id":"shape_rtNqTG9cJ7","to":{"RefT":{"conceptId":"concept_36RSsJ_event"}},"conceptId":"concept_ngp0DuDdiP1S"}},{"AddRequest":{"requestId":"path_YjiGtdY0Xs}_delete","pathId":"8mJ1YC_path_13","httpMethod":"delete"}},{"AddResponse":{"responseId":"response_3exKIiz9B9","requestId":"path_YjiGtdY0Xs}_delete","httpStatusCode":204}},{"AddRequest":{"requestId":"path_YjiGtdY0Xs}_put","pathId":"8mJ1YC_path_13","httpMethod":"put"}},{"DefineInlineConcept":{"root":"shape_bI7HQh8REa","conceptId":"concept_driversid_put_body"}},{"AssignType":{"id":"shape_bI7HQh8REa","to":{"RefT":{"conceptId":"concept_PtMMnB_driver"}},"conceptId":"concept_driversid_put_body"}},{"AddResponse":{"responseId":"response_aSMZPqvy9C","requestId":"path_YjiGtdY0Xs}_put","httpStatusCode":200}},{"DefineInlineConcept":{"root":"shape_NjvTP6IDdx","conceptId":"concept_LKZCJ1TD7Uxn"}},{"AssignType":{"id":"shape_NjvTP6IDdx","to":{"RefT":{"conceptId":"concept_PtMMnB_driver"}},"conceptId":"concept_LKZCJ1TD7Uxn"}},{"AddRequest":{"requestId":"path_VmSJkjMqNM}_get","pathId":"8mJ1YC_path_12","httpMethod":"get"}},{"AddResponse":{"responseId":"response_5czu0MPulY","requestId":"path_VmSJkjMqNM}_get","httpStatusCode":200}},{"DefineInlineConcept":{"root":"shape_FUBhT5ypBO","conceptId":"concept_u2pW6jMnfLNd"}},{"AssignType":{"id":"shape_FUBhT5ypBO","to":{"ListT":{}},"conceptId":"concept_u2pW6jMnfLNd"}},{"AddTypeParameter":{"parentId":"shape_FUBhT5ypBO","id":"shape_vASYadErwQ","conceptId":"concept_u2pW6jMnfLNd"}},{"AssignType":{"id":"shape_vASYadErwQ","to":{"RefT":{"conceptId":"concept_PtMMnB_driver"}},"conceptId":"concept_u2pW6jMnfLNd"}},{"AddRequest":{"requestId":"path_VmSJkjMqNM}_post","pathId":"8mJ1YC_path_12","httpMethod":"post"}},{"DefineInlineConcept":{"root":"shape_Ao5MZQhBVG","conceptId":"concept_drivers_post_body"}},{"AssignType":{"id":"shape_Ao5MZQhBVG","to":{"RefT":{"conceptId":"concept_PtMMnB_driver"}},"conceptId":"concept_drivers_post_body"}},{"AddResponse":{"responseId":"response_RtlSXP3TJA","requestId":"path_VmSJkjMqNM}_post","httpStatusCode":200}},{"DefineInlineConcept":{"root":"shape_lhj5pGIvxy","conceptId":"concept_EQkYXymyRNeJ"}},{"AssignType":{"id":"shape_lhj5pGIvxy","to":{"RefT":{"conceptId":"concept_PtMMnB_driver"}},"conceptId":"concept_EQkYXymyRNeJ"}},{"AddRequest":{"requestId":"path_U2aUA59qf4}_get","pathId":"8mJ1YC_path_1","httpMethod":"get"}},{"AddResponse":{"responseId":"response_MEjR4x1Onh","requestId":"path_U2aUA59qf4}_get","httpStatusCode":200}},{"DefineInlineConcept":{"root":"shape_qLTBBoPAhV","conceptId":"concept_NRlJxDzoXstl"}},{"AssignType":{"id":"shape_qLTBBoPAhV","to":{"ListT":{}},"conceptId":"concept_NRlJxDzoXstl"}},{"AddTypeParameter":{"parentId":"shape_qLTBBoPAhV","id":"shape_kRtCT4Bd2a","conceptId":"concept_NRlJxDzoXstl"}},{"AssignType":{"id":"shape_kRtCT4Bd2a","to":{"RefT":{"conceptId":"concept_h3tF6O_attribute"}},"conceptId":"concept_NRlJxDzoXstl"}},{"AddRequest":{"requestId":"path_U2aUA59qf4}_post","pathId":"8mJ1YC_path_1","httpMethod":"post"}},{"DefineInlineConcept":{"root":"shape_yn3Jc8RimA","conceptId":"concept_attributescomputed_post_body"}},{"AssignType":{"id":"shape_yn3Jc8RimA","to":{"RefT":{"conceptId":"concept_h3tF6O_attribute"}},"conceptId":"concept_attributescomputed_post_body"}},{"AddResponse":{"responseId":"response_Q6GKA3geWn","requestId":"path_U2aUA59qf4}_post","httpStatusCode":200}},{"DefineInlineConcept":{"root":"shape_lhYtvKhy2M","conceptId":"concept_4cBvp8ygx3do"}},{"AssignType":{"id":"shape_lhYtvKhy2M","to":{"RefT":{"conceptId":"concept_h3tF6O_attribute"}},"conceptId":"concept_4cBvp8ygx3do"}},{"AddRequest":{"requestId":"path_hwf2HMCRek}_delete","pathId":"8mJ1YC_path_4","httpMethod":"delete"}},{"AddResponse":{"responseId":"response_Yc9tGH5Kv5","requestId":"path_hwf2HMCRek}_delete","httpStatusCode":204}},{"AddRequest":{"requestId":"path_hwf2HMCRek}_put","pathId":"8mJ1YC_path_4","httpMethod":"put"}},{"DefineInlineConcept":{"root":"shape_ioKpFCSVt7","conceptId":"concept_calendarsid_put_body"}},{"AssignType":{"id":"shape_ioKpFCSVt7","to":{"RefT":{"conceptId":"concept_o6oheQ_calendar"}},"conceptId":"concept_calendarsid_put_body"}},{"AddResponse":{"responseId":"response_BPEZgHzL9Q","requestId":"path_hwf2HMCRek}_put","httpStatusCode":200}},{"DefineInlineConcept":{"root":"shape_bmGaicZ6ZJ","conceptId":"concept_Rol7Qv0WuNA1"}},{"AssignType":{"id":"shape_bmGaicZ6ZJ","to":{"RefT":{"conceptId":"concept_o6oheQ_calendar"}},"conceptId":"concept_Rol7Qv0WuNA1"}},{"AddRequest":{"requestId":"path_t1Eegbm4St}_get","pathId":"8mJ1YC_path_15","httpMethod":"get"}},{"AddResponse":{"responseId":"response_w1bsLcKv29","requestId":"path_t1Eegbm4St}_get","httpStatusCode":200}},{"DefineInlineConcept":{"root":"shape_4ewqckYNHx","conceptId":"concept_Uux8zukU19hw"}},{"AssignType":{"id":"shape_4ewqckYNHx","to":{"RefT":{"conceptId":"concept_36RSsJ_event"}},"conceptId":"concept_Uux8zukU19hw"}},{"AddRequest":{"requestId":"path_rvODHVvjfN}_get","pathId":"8mJ1YC_path_24","httpMethod":"get"}},{"AddResponse":{"responseId":"response_1dNB1zwexd","requestId":"path_rvODHVvjfN}_get","httpStatusCode":200}},{"DefineInlineConcept":{"root":"shape_C4P4IcmHNx","conceptId":"concept_uQSV7kcMwNHc"}},{"AssignType":{"id":"shape_C4P4IcmHNx","to":{"ListT":{}},"conceptId":"concept_uQSV7kcMwNHc"}},{"AddTypeParameter":{"parentId":"shape_C4P4IcmHNx","id":"shape_ilquJAoNqT","conceptId":"concept_uQSV7kcMwNHc"}},{"AssignType":{"id":"shape_ilquJAoNqT","to":{"RefT":{"conceptId":"concept_XSbn0R_commandtype"}},"conceptId":"concept_uQSV7kcMwNHc"}},{"AddRequest":{"requestId":"path_rEcUXnZhzO}_delete","pathId":"8mJ1YC_path_35","httpMethod":"delete"}},{"AddResponse":{"responseId":"response_SlwyVWmOPK","requestId":"path_rEcUXnZhzO}_delete","httpStatusCode":204}},{"AddRequest":{"requestId":"path_rEcUXnZhzO}_get","pathId":"8mJ1YC_path_35","httpMethod":"get"}},{"AddResponse":{"responseId":"response_bBwpG4xJp6","requestId":"path_rEcUXnZhzO}_get","httpStatusCode":200}},{"DefineInlineConcept":{"root":"shape_Z1vXPYdKTB","conceptId":"concept_IkQG4msHO9yO"}},{"AssignType":{"id":"shape_Z1vXPYdKTB","to":{"RefT":{"conceptId":"concept_vgBF83_user"}},"conceptId":"concept_IkQG4msHO9yO"}},{"AddResponse":{"responseId":"response_LUC2TBDs3d","requestId":"path_rEcUXnZhzO}_get","httpStatusCode":404}},{"AddRequest":{"requestId":"path_rEcUXnZhzO}_post","pathId":"8mJ1YC_path_35","httpMethod":"post"}},{"AddResponse":{"responseId":"response_Wcw3UryinQ","requestId":"path_rEcUXnZhzO}_post","httpStatusCode":200}},{"DefineInlineConcept":{"root":"shape_YNmIrcUyTW","conceptId":"concept_OH1WdS7ntaI8"}},{"AssignType":{"id":"shape_YNmIrcUyTW","to":{"RefT":{"conceptId":"concept_vgBF83_user"}},"conceptId":"concept_OH1WdS7ntaI8"}},{"AddResponse":{"responseId":"response_fZwJGvjMMG","requestId":"path_rEcUXnZhzO}_post","httpStatusCode":401}},{"AddRequest":{"requestId":"path_yOdeFNFm6P}_delete","pathId":"8mJ1YC_path_10","httpMethod":"delete"}},{"AddResponse":{"responseId":"response_whVA4WpAX5","requestId":"path_yOdeFNFm6P}_delete","httpStatusCode":204}},{"AddRequest":{"requestId":"path_yOdeFNFm6P}_put","pathId":"8mJ1YC_path_10","httpMethod":"put"}},{"DefineInlineConcept":{"root":"shape_0un3itrfke","conceptId":"concept_devicesid_put_body"}},{"AssignType":{"id":"shape_0un3itrfke","to":{"RefT":{"conceptId":"concept_TX4GNc_device"}},"conceptId":"concept_devicesid_put_body"}},{"AddResponse":{"responseId":"response_m4hXPL5iuy","requestId":"path_yOdeFNFm6P}_put","httpStatusCode":200}},{"DefineInlineConcept":{"root":"shape_ajGwjcmKUe","conceptId":"concept_VuBiYq2EwSBU"}},{"AssignType":{"id":"shape_ajGwjcmKUe","to":{"RefT":{"conceptId":"concept_TX4GNc_device"}},"conceptId":"concept_VuBiYq2EwSBU"}},{"AddRequest":{"requestId":"path_NK1HcHNYuk}_delete","pathId":"8mJ1YC_path_17","httpMethod":"delete"}},{"AddResponse":{"responseId":"response_XcrnXE9K4Z","requestId":"path_NK1HcHNYuk}_delete","httpStatusCode":204}},{"AddRequest":{"requestId":"path_NK1HcHNYuk}_put","pathId":"8mJ1YC_path_17","httpMethod":"put"}},{"DefineInlineConcept":{"root":"shape_sVLjfVrs91","conceptId":"concept_geofencesid_put_body"}},{"AssignType":{"id":"shape_sVLjfVrs91","to":{"RefT":{"conceptId":"concept_9xdUaU_geofence"}},"conceptId":"concept_geofencesid_put_body"}},{"AddResponse":{"responseId":"response_K9c9XyeQTF","requestId":"path_NK1HcHNYuk}_put","httpStatusCode":200}},{"DefineInlineConcept":{"root":"shape_Moc3tTYnaj","conceptId":"concept_fuWXKBM2pQsx"}},{"AssignType":{"id":"shape_Moc3tTYnaj","to":{"RefT":{"conceptId":"concept_9xdUaU_geofence"}},"conceptId":"concept_fuWXKBM2pQsx"}},{"AddRequest":{"requestId":"path_NQO8pqrbL7}_delete","pathId":"8mJ1YC_path_25","httpMethod":"delete"}},{"AddResponse":{"responseId":"response_wBpTH7SOqw","requestId":"path_NQO8pqrbL7}_delete","httpStatusCode":204}},{"AddRequest":{"requestId":"path_NQO8pqrbL7}_put","pathId":"8mJ1YC_path_25","httpMethod":"put"}},{"DefineInlineConcept":{"root":"shape_SBkTt2N23X","conceptId":"concept_notificationsid_put_body"}},{"AssignType":{"id":"shape_SBkTt2N23X","to":{"RefT":{"conceptId":"concept_xkSQP9_notification"}},"conceptId":"concept_notificationsid_put_body"}},{"AddResponse":{"responseId":"response_Fza6tF0qSW","requestId":"path_NQO8pqrbL7}_put","httpStatusCode":200}},{"DefineInlineConcept":{"root":"shape_6eRM2rlNei","conceptId":"concept_tLSUtuPLYoKD"}},{"AssignType":{"id":"shape_6eRM2rlNei","to":{"RefT":{"conceptId":"concept_xkSQP9_notification"}},"conceptId":"concept_tLSUtuPLYoKD"}},{"AddRequest":{"requestId":"path_JBnbsL61EY}_get","pathId":"8mJ1YC_path_34","httpMethod":"get"}},{"AddResponse":{"responseId":"response_7pw9ZdOK8X","requestId":"path_JBnbsL61EY}_get","httpStatusCode":200}},{"DefineInlineConcept":{"root":"shape_wu8nT6CTkv","conceptId":"concept_v8oBapEQ69p0"}},{"AssignType":{"id":"shape_wu8nT6CTkv","to":{"RefT":{"conceptId":"concept_KKhS1D_server"}},"conceptId":"concept_v8oBapEQ69p0"}},{"AddRequest":{"requestId":"path_JBnbsL61EY}_put","pathId":"8mJ1YC_path_34","httpMethod":"put"}},{"DefineInlineConcept":{"root":"shape_CMMMl7nalU","conceptId":"concept_server_put_body"}},{"AssignType":{"id":"shape_CMMMl7nalU","to":{"RefT":{"conceptId":"concept_KKhS1D_server"}},"conceptId":"concept_server_put_body"}},{"AddResponse":{"responseId":"response_p87I1mSto0","requestId":"path_JBnbsL61EY}_put","httpStatusCode":200}},{"DefineInlineConcept":{"root":"shape_Fdy8SYjYgi","conceptId":"concept_gM2878rp5iRx"}},{"AssignType":{"id":"shape_Fdy8SYjYgi","to":{"RefT":{"conceptId":"concept_KKhS1D_server"}},"conceptId":"concept_gM2878rp5iRx"}},{"AddRequest":{"requestId":"path_B7nxmsdKex}_delete","pathId":"8mJ1YC_path_21","httpMethod":"delete"}},{"AddResponse":{"responseId":"response_4PCAUAELgL","requestId":"path_B7nxmsdKex}_delete","httpStatusCode":204}},{"AddRequest":{"requestId":"path_B7nxmsdKex}_put","pathId":"8mJ1YC_path_21","httpMethod":"put"}},{"DefineInlineConcept":{"root":"shape_3S4KqdSwjA","conceptId":"concept_maintenanceid_put_body"}},{"AssignType":{"id":"shape_3S4KqdSwjA","to":{"RefT":{"conceptId":"concept_oHlWzv_maintenance"}},"conceptId":"concept_maintenanceid_put_body"}},{"AddResponse":{"responseId":"response_xsTsD3u59a","requestId":"path_B7nxmsdKex}_put","httpStatusCode":200}},{"DefineInlineConcept":{"root":"shape_jWVU4yEC0o","conceptId":"concept_3pAHWUS4je37"}},{"AssignType":{"id":"shape_jWVU4yEC0o","to":{"RefT":{"conceptId":"concept_oHlWzv_maintenance"}},"conceptId":"concept_3pAHWUS4je37"}},{"AddRequest":{"requestId":"path_rvLFCGvWS0}_get","pathId":"8mJ1YC_path_27","httpMethod":"get"}},{"AddResponse":{"responseId":"response_uoOBk5Cum6","requestId":"path_rvLFCGvWS0}_get","httpStatusCode":200}},{"DefineInlineConcept":{"root":"shape_zW9z8E6BFR","conceptId":"concept_lKBpinLhzirY"}},{"AssignType":{"id":"shape_zW9z8E6BFR","to":{"ListT":{}},"conceptId":"concept_lKBpinLhzirY"}},{"AddTypeParameter":{"parentId":"shape_zW9z8E6BFR","id":"shape_wXXcA6upXf","conceptId":"concept_lKBpinLhzirY"}},{"AssignType":{"id":"shape_wXXcA6upXf","to":{"RefT":{"conceptId":"concept_Ghlcie_position"}},"conceptId":"concept_lKBpinLhzirY"}},{"AddRequest":{"requestId":"path_17DiC6kidv}_get","pathId":"8mJ1YC_path_16","httpMethod":"get"}},{"AddResponse":{"responseId":"response_rOLiP45rOD","requestId":"path_17DiC6kidv}_get","httpStatusCode":200}},{"DefineInlineConcept":{"root":"shape_eCOAPGvD6w","conceptId":"concept_UBsPr27JpXnP"}},{"AssignType":{"id":"shape_eCOAPGvD6w","to":{"ListT":{}},"conceptId":"concept_UBsPr27JpXnP"}},{"AddTypeParameter":{"parentId":"shape_eCOAPGvD6w","id":"shape_RRa2NQMw9u","conceptId":"concept_UBsPr27JpXnP"}},{"AssignType":{"id":"shape_RRa2NQMw9u","to":{"RefT":{"conceptId":"concept_9xdUaU_geofence"}},"conceptId":"concept_UBsPr27JpXnP"}},{"AddRequest":{"requestId":"path_17DiC6kidv}_post","pathId":"8mJ1YC_path_16","httpMethod":"post"}},{"DefineInlineConcept":{"root":"shape_YQVdh7vgOY","conceptId":"concept_geofences_post_body"}},{"AssignType":{"id":"shape_YQVdh7vgOY","to":{"RefT":{"conceptId":"concept_9xdUaU_geofence"}},"conceptId":"concept_geofences_post_body"}},{"AddResponse":{"responseId":"response_NFXSlHy7ug","requestId":"path_17DiC6kidv}_post","httpStatusCode":200}},{"DefineInlineConcept":{"root":"shape_bljzT6R4X9","conceptId":"concept_KlymXEKFLnDb"}},{"AssignType":{"id":"shape_bljzT6R4X9","to":{"RefT":{"conceptId":"concept_9xdUaU_geofence"}},"conceptId":"concept_KlymXEKFLnDb"}},{"AddRequest":{"requestId":"path_EkogKs8fwe}_delete","pathId":"8mJ1YC_path_26","httpMethod":"delete"}},{"DefineInlineConcept":{"root":"shape_CWHBI2H8fy","conceptId":"concept_permissions_delete_body"}},{"AssignType":{"id":"shape_CWHBI2H8fy","to":{"RefT":{"conceptId":"concept_ikoCWa_permission"}},"conceptId":"concept_permissions_delete_body"}},{"AddResponse":{"responseId":"response_3OqZYtv7YI","requestId":"path_EkogKs8fwe}_delete","httpStatusCode":204}},{"AddRequest":{"requestId":"path_EkogKs8fwe}_post","pathId":"8mJ1YC_path_26","httpMethod":"post"}},{"DefineInlineConcept":{"root":"shape_tc7nhap0s6","conceptId":"concept_permissions_post_body"}},{"AssignType":{"id":"shape_tc7nhap0s6","to":{"RefT":{"conceptId":"concept_ikoCWa_permission"}},"conceptId":"concept_permissions_post_body"}},{"AddResponse":{"responseId":"response_QtJLFhVWwc","requestId":"path_EkogKs8fwe}_post","httpStatusCode":200}},{"DefineInlineConcept":{"root":"shape_ehGtGfRlGp","conceptId":"concept_ZsINii2QW6k5"}},{"AssignType":{"id":"shape_ehGtGfRlGp","to":{"RefT":{"conceptId":"concept_ikoCWa_permission"}},"conceptId":"concept_ZsINii2QW6k5"}},{"AddResponse":{"responseId":"response_AISWhrzzUT","requestId":"path_EkogKs8fwe}_post","httpStatusCode":400}},{"AddRequest":{"requestId":"path_7tUp3u3Qu7}_get","pathId":"8mJ1YC_path_32","httpMethod":"get"}},{"AddResponse":{"responseId":"response_xAH93x2yfG","requestId":"path_7tUp3u3Qu7}_get","httpStatusCode":200}},{"DefineInlineConcept":{"root":"shape_mP11jsMOoa","conceptId":"concept_4bMwtf7DaroR"}},{"AssignType":{"id":"shape_mP11jsMOoa","to":{"ListT":{}},"conceptId":"concept_4bMwtf7DaroR"}},{"AddTypeParameter":{"parentId":"shape_mP11jsMOoa","id":"shape_cFUCK3M2JU","conceptId":"concept_4bMwtf7DaroR"}},{"AssignType":{"id":"shape_cFUCK3M2JU","to":{"RefT":{"conceptId":"concept_glxon3_reportsummary"}},"conceptId":"concept_4bMwtf7DaroR"}},{"AddRequest":{"requestId":"path_wAnjqI9k9C}_delete","pathId":"8mJ1YC_path_19","httpMethod":"delete"}},{"AddResponse":{"responseId":"response_l39BsEOqKJ","requestId":"path_wAnjqI9k9C}_delete","httpStatusCode":204}},{"AddRequest":{"requestId":"path_wAnjqI9k9C}_put","pathId":"8mJ1YC_path_19","httpMethod":"put"}},{"DefineInlineConcept":{"root":"shape_YvM8qERzlA","conceptId":"concept_groupsid_put_body"}},{"AssignType":{"id":"shape_YvM8qERzlA","to":{"RefT":{"conceptId":"concept_3RbDmx_group"}},"conceptId":"concept_groupsid_put_body"}},{"AddResponse":{"responseId":"response_gRCycNB8Jg","requestId":"path_wAnjqI9k9C}_put","httpStatusCode":200}},{"DefineInlineConcept":{"root":"shape_fozyB4UpKb","conceptId":"concept_KXm2Edpke9bI"}},{"AssignType":{"id":"shape_fozyB4UpKb","to":{"RefT":{"conceptId":"concept_3RbDmx_group"}},"conceptId":"concept_KXm2Edpke9bI"}},{"AddRequest":{"requestId":"path_5UbM08fMrw}_get","pathId":"8mJ1YC_path_30","httpMethod":"get"}},{"AddResponse":{"responseId":"response_Hn7xk0zKMZ","requestId":"path_5UbM08fMrw}_get","httpStatusCode":200}},{"DefineInlineConcept":{"root":"shape_6uVIANF77r","conceptId":"concept_Veua9gYEgMEG"}},{"AssignType":{"id":"shape_6uVIANF77r","to":{"ListT":{}},"conceptId":"concept_Veua9gYEgMEG"}},{"AddTypeParameter":{"parentId":"shape_6uVIANF77r","id":"shape_ZrNGvt44dJ","conceptId":"concept_Veua9gYEgMEG"}},{"AssignType":{"id":"shape_ZrNGvt44dJ","to":{"RefT":{"conceptId":"concept_Ghlcie_position"}},"conceptId":"concept_Veua9gYEgMEG"}},{"AddRequest":{"requestId":"path_Hi3wtIUJJw}_get","pathId":"8mJ1YC_path_18","httpMethod":"get"}},{"AddResponse":{"responseId":"response_PlPzJAEaqd","requestId":"path_Hi3wtIUJJw}_get","httpStatusCode":200}},{"DefineInlineConcept":{"root":"shape_odMHHXxJdc","conceptId":"concept_K70DZBx3Vst5"}},{"AssignType":{"id":"shape_odMHHXxJdc","to":{"ListT":{}},"conceptId":"concept_K70DZBx3Vst5"}},{"AddTypeParameter":{"parentId":"shape_odMHHXxJdc","id":"shape_gFn5k0NKEO","conceptId":"concept_K70DZBx3Vst5"}},{"AssignType":{"id":"shape_gFn5k0NKEO","to":{"RefT":{"conceptId":"concept_3RbDmx_group"}},"conceptId":"concept_K70DZBx3Vst5"}},{"AddRequest":{"requestId":"path_Hi3wtIUJJw}_post","pathId":"8mJ1YC_path_18","httpMethod":"post"}},{"DefineInlineConcept":{"root":"shape_9Tgb3pPmvJ","conceptId":"concept_groups_post_body"}},{"AssignType":{"id":"shape_9Tgb3pPmvJ","to":{"RefT":{"conceptId":"concept_3RbDmx_group"}},"conceptId":"concept_groups_post_body"}},{"AddResponse":{"responseId":"response_q3L7DeZSMd","requestId":"path_Hi3wtIUJJw}_post","httpStatusCode":200}},{"DefineInlineConcept":{"root":"shape_tEjafhRakE","conceptId":"concept_M0Idso1aUPbw"}},{"AssignType":{"id":"shape_tEjafhRakE","to":{"RefT":{"conceptId":"concept_3RbDmx_group"}},"conceptId":"concept_M0Idso1aUPbw"}},{"AddResponse":{"responseId":"response_zvfRq3PszL","requestId":"path_Hi3wtIUJJw}_post","httpStatusCode":400}},{"AddRequest":{"requestId":"path_Fb8gUMBj5c}_get","pathId":"8mJ1YC_path_3","httpMethod":"get"}},{"AddResponse":{"responseId":"response_SU7pcmM13Q","requestId":"path_Fb8gUMBj5c}_get","httpStatusCode":200}},{"DefineInlineConcept":{"root":"shape_PzpmBGlfm4","conceptId":"concept_tJWWgo0JsOnt"}},{"AssignType":{"id":"shape_PzpmBGlfm4","to":{"ListT":{}},"conceptId":"concept_tJWWgo0JsOnt"}},{"AddTypeParameter":{"parentId":"shape_PzpmBGlfm4","id":"shape_OZIsNCeodI","conceptId":"concept_tJWWgo0JsOnt"}},{"AssignType":{"id":"shape_OZIsNCeodI","to":{"RefT":{"conceptId":"concept_o6oheQ_calendar"}},"conceptId":"concept_tJWWgo0JsOnt"}},{"AddRequest":{"requestId":"path_Fb8gUMBj5c}_post","pathId":"8mJ1YC_path_3","httpMethod":"post"}},{"DefineInlineConcept":{"root":"shape_A6sn9fOK0Y","conceptId":"concept_calendars_post_body"}},{"AssignType":{"id":"shape_A6sn9fOK0Y","to":{"RefT":{"conceptId":"concept_o6oheQ_calendar"}},"conceptId":"concept_calendars_post_body"}},{"AddResponse":{"responseId":"response_dvQdyRvoF1","requestId":"path_Fb8gUMBj5c}_post","httpStatusCode":200}},{"DefineInlineConcept":{"root":"shape_pWx8Mun5Qk","conceptId":"concept_qmMuBtI7CVfa"}},{"AssignType":{"id":"shape_pWx8Mun5Qk","to":{"RefT":{"conceptId":"concept_o6oheQ_calendar"}},"conceptId":"concept_qmMuBtI7CVfa"}},{"AddRequest":{"requestId":"path_9NSmAiaVm6}_put","pathId":"8mJ1YC_path_11","httpMethod":"put"}},{"DefineInlineConcept":{"root":"shape_lGOKIZz95r","conceptId":"concept_devicesidaccumulators_put_body"}},{"AssignType":{"id":"shape_lGOKIZz95r","to":{"RefT":{"conceptId":"concept_lULkuj_deviceaccumulators"}},"conceptId":"concept_devicesidaccumulators_put_body"}},{"AddResponse":{"responseId":"response_fWh3kN2lle","requestId":"path_9NSmAiaVm6}_put","httpStatusCode":204}},{"AddRequest":{"requestId":"path_s0hf8j7uQD}_get","pathId":"8mJ1YC_path_36","httpMethod":"get"}},{"AddResponse":{"responseId":"response_TlRN2rRDhe","requestId":"path_s0hf8j7uQD}_get","httpStatusCode":200}},{"DefineInlineConcept":{"root":"shape_EO3LOgowrb","conceptId":"concept_vbvrpQxAFeqy"}},{"AssignType":{"id":"shape_EO3LOgowrb","to":{"ListT":{}},"conceptId":"concept_vbvrpQxAFeqy"}},{"AddTypeParameter":{"parentId":"shape_EO3LOgowrb","id":"shape_f1vG6PAVsC","conceptId":"concept_vbvrpQxAFeqy"}},{"AssignType":{"id":"shape_f1vG6PAVsC","to":{"RefT":{"conceptId":"concept_W4Xi3D_statistics"}},"conceptId":"concept_vbvrpQxAFeqy"}},{"AddRequest":{"requestId":"path_ppPfdrCPsT}_get","pathId":"8mJ1YC_path_33","httpMethod":"get"}},{"AddResponse":{"responseId":"response_I7sLkFWddQ","requestId":"path_ppPfdrCPsT}_get","httpStatusCode":200}},{"DefineInlineConcept":{"root":"shape_AYhI4jAB6s","conceptId":"concept_bD2rAthNzSaV"}},{"AssignType":{"id":"shape_AYhI4jAB6s","to":{"ListT":{}},"conceptId":"concept_bD2rAthNzSaV"}},{"AddTypeParameter":{"parentId":"shape_AYhI4jAB6s","id":"shape_SBkeveT26R","conceptId":"concept_bD2rAthNzSaV"}},{"AssignType":{"id":"shape_SBkeveT26R","to":{"RefT":{"conceptId":"concept_EV5QEA_reporttrips"}},"conceptId":"concept_bD2rAthNzSaV"}},{"AddRequest":{"requestId":"path_35ndiA22SH}_get","pathId":"8mJ1YC_path_6","httpMethod":"get"}},{"AddResponse":{"responseId":"response_xReO7GKLOZ","requestId":"path_35ndiA22SH}_get","httpStatusCode":200}},{"DefineInlineConcept":{"root":"shape_flRVlvq9f9","conceptId":"concept_HN3I9o8kaWtm"}},{"AssignType":{"id":"shape_flRVlvq9f9","to":{"ListT":{}},"conceptId":"concept_HN3I9o8kaWtm"}},{"AddTypeParameter":{"parentId":"shape_flRVlvq9f9","id":"shape_eox5ZsQ2oy","conceptId":"concept_HN3I9o8kaWtm"}},{"AssignType":{"id":"shape_eox5ZsQ2oy","to":{"RefT":{"conceptId":"concept_6l7niG_command"}},"conceptId":"concept_HN3I9o8kaWtm"}},{"AddResponse":{"responseId":"response_yZkmufKExH","requestId":"path_35ndiA22SH}_get","httpStatusCode":400}},{"AddRequest":{"requestId":"path_35ndiA22SH}_post","pathId":"8mJ1YC_path_6","httpMethod":"post"}},{"DefineInlineConcept":{"root":"shape_PxY364YfR2","conceptId":"concept_commandssend_post_body"}},{"AssignType":{"id":"shape_PxY364YfR2","to":{"RefT":{"conceptId":"concept_6l7niG_command"}},"conceptId":"concept_commandssend_post_body"}},{"AddResponse":{"responseId":"response_Y4yQPyfUQs","requestId":"path_35ndiA22SH}_post","httpStatusCode":200}},{"DefineInlineConcept":{"root":"shape_1H9mDX0305","conceptId":"concept_Ob88TgIdwOF4"}},{"AssignType":{"id":"shape_1H9mDX0305","to":{"RefT":{"conceptId":"concept_6l7niG_command"}},"conceptId":"concept_Ob88TgIdwOF4"}},{"AddResponse":{"responseId":"response_xIZbPLKi9G","requestId":"path_35ndiA22SH}_post","httpStatusCode":202}},{"DefineInlineConcept":{"root":"shape_NE9XGDHajy","conceptId":"concept_wUb6PS3QLRbB"}},{"AssignType":{"id":"shape_NE9XGDHajy","to":{"RefT":{"conceptId":"concept_6l7niG_command"}},"conceptId":"concept_wUb6PS3QLRbB"}},{"AddResponse":{"responseId":"response_3SnyPBy8vY","requestId":"path_35ndiA22SH}_post","httpStatusCode":400}},{"AddRequest":{"requestId":"path_l03AdeziMb}_get","pathId":"8mJ1YC_path_7","httpMethod":"get"}},{"AddResponse":{"responseId":"response_yi5jQtEi2Z","requestId":"path_l03AdeziMb}_get","httpStatusCode":200}},{"DefineInlineConcept":{"root":"shape_bOMEHE9FJl","conceptId":"concept_trU9mSWSKRFd"}},{"AssignType":{"id":"shape_bOMEHE9FJl","to":{"ListT":{}},"conceptId":"concept_trU9mSWSKRFd"}},{"AddTypeParameter":{"parentId":"shape_bOMEHE9FJl","id":"shape_WQtv1kPN7g","conceptId":"concept_trU9mSWSKRFd"}},{"AssignType":{"id":"shape_WQtv1kPN7g","to":{"RefT":{"conceptId":"concept_XSbn0R_commandtype"}},"conceptId":"concept_trU9mSWSKRFd"}},{"AddResponse":{"responseId":"response_WDypexRkaS","requestId":"path_l03AdeziMb}_get","httpStatusCode":400}},{"AddRequest":{"requestId":"path_wo5AfrHhnc}_get","pathId":"8mJ1YC_path_5","httpMethod":"get"}},{"AddResponse":{"responseId":"response_5IEOZqxuLw","requestId":"path_wo5AfrHhnc}_get","httpStatusCode":200}},{"DefineInlineConcept":{"root":"shape_B3BTWXNkzy","conceptId":"concept_gnyYcjbvRCnb"}},{"AssignType":{"id":"shape_B3BTWXNkzy","to":{"ListT":{}},"conceptId":"concept_gnyYcjbvRCnb"}},{"AddTypeParameter":{"parentId":"shape_B3BTWXNkzy","id":"shape_r7q4olTPS5","conceptId":"concept_gnyYcjbvRCnb"}},{"AssignType":{"id":"shape_r7q4olTPS5","to":{"RefT":{"conceptId":"concept_6l7niG_command"}},"conceptId":"concept_gnyYcjbvRCnb"}},{"AddRequest":{"requestId":"path_wo5AfrHhnc}_post","pathId":"8mJ1YC_path_5","httpMethod":"post"}},{"DefineInlineConcept":{"root":"shape_Fq421FqzjJ","conceptId":"concept_commands_post_body"}},{"AssignType":{"id":"shape_Fq421FqzjJ","to":{"RefT":{"conceptId":"concept_6l7niG_command"}},"conceptId":"concept_commands_post_body"}},{"AddResponse":{"responseId":"response_AeQS1MYHwI","requestId":"path_wo5AfrHhnc}_post","httpStatusCode":200}},{"DefineInlineConcept":{"root":"shape_v7zliOROu1","conceptId":"concept_H52LUAv5NaGH"}},{"AssignType":{"id":"shape_v7zliOROu1","to":{"RefT":{"conceptId":"concept_6l7niG_command"}},"conceptId":"concept_H52LUAv5NaGH"}},{"SetResponseBodyShape":{"responseId":"response_r0Bxu3yTsA","bodyDescriptor":{"httpContentType":"application/json","conceptId":"concept_Ss4KIHIdklUk"}}},{"SetRequestBodyShape":{"requestId":"path_zlRWt9UJQD}_post","bodyDescriptor":{"httpContentType":"application/json","conceptId":"concept_devices_post_body"}}},{"SetResponseBodyShape":{"responseId":"response_pnaNUQQxNY","bodyDescriptor":{"httpContentType":"application/json","conceptId":"concept_aCuLj28eRRqV"}}},{"SetResponseBodyShape":{"responseId":"response_x6rhtXJp12","bodyDescriptor":{"httpContentType":"application/json","conceptId":"concept_T5cVSeM1fTTW"}}},{"SetRequestBodyShape":{"requestId":"path_Ep3BoR981v}_post","bodyDescriptor":{"httpContentType":"application/json","conceptId":"concept_notifications_post_body"}}},{"SetResponseBodyShape":{"responseId":"response_mIJXl0u3Mg","bodyDescriptor":{"httpContentType":"application/json","conceptId":"concept_59eMt8bAobxy"}}},{"SetRequestBodyShape":{"requestId":"path_HltOxFeJEi}_put","bodyDescriptor":{"httpContentType":"application/json","conceptId":"concept_attributescomputedid_put_body"}}},{"SetResponseBodyShape":{"responseId":"response_85AkoFC8CS","bodyDescriptor":{"httpContentType":"application/json","conceptId":"concept_JBS99OHcBdr7"}}},{"SetResponseBodyShape":{"responseId":"response_Z3kHEyFpL1","bodyDescriptor":{"httpContentType":"application/json","conceptId":"concept_zGcxqVEuSqcI"}}},{"SetResponseBodyShape":{"responseId":"response_xj96rxX2Bg","bodyDescriptor":{"httpContentType":"application/json","conceptId":"concept_VBinASMilcMP"}}},{"SetRequestBodyShape":{"requestId":"path_k7REigeJvK}_post","bodyDescriptor":{"httpContentType":"application/json","conceptId":"concept_maintenance_post_body"}}},{"SetResponseBodyShape":{"responseId":"response_XOlUDpRgdB","bodyDescriptor":{"httpContentType":"application/json","conceptId":"concept_U1jJWCih0xiS"}}},{"SetResponseBodyShape":{"responseId":"response_lhVeiBWgeO","bodyDescriptor":{"httpContentType":"application/json","conceptId":"concept_Lh4HhARMDqbo"}}},{"SetRequestBodyShape":{"requestId":"path_OVr1xiURfI}_post","bodyDescriptor":{"httpContentType":"application/json","conceptId":"concept_users_post_body"}}},{"SetResponseBodyShape":{"responseId":"response_Z8pHL75sDf","bodyDescriptor":{"httpContentType":"application/json","conceptId":"concept_uFKS6YmEueXt"}}},{"SetRequestBodyShape":{"requestId":"path_JiOnTOsTA0}_put","bodyDescriptor":{"httpContentType":"application/json","conceptId":"concept_commandsid_put_body"}}},{"SetResponseBodyShape":{"responseId":"response_c69xB7ZqUN","bodyDescriptor":{"httpContentType":"application/json","conceptId":"concept_2TVY25QMTu9z"}}},{"SetRequestBodyShape":{"requestId":"path_OKkfuHPpze}_put","bodyDescriptor":{"httpContentType":"application/json","conceptId":"concept_usersid_put_body"}}},{"SetResponseBodyShape":{"responseId":"response_iYG0boWDGn","bodyDescriptor":{"httpContentType":"application/json","conceptId":"concept_HcJIqfvElAto"}}},{"SetResponseBodyShape":{"responseId":"response_hfj1ctHCdm","bodyDescriptor":{"httpContentType":"application/json","conceptId":"concept_ngp0DuDdiP1S"}}},{"SetRequestBodyShape":{"requestId":"path_YjiGtdY0Xs}_put","bodyDescriptor":{"httpContentType":"application/json","conceptId":"concept_driversid_put_body"}}},{"SetResponseBodyShape":{"responseId":"response_aSMZPqvy9C","bodyDescriptor":{"httpContentType":"application/json","conceptId":"concept_LKZCJ1TD7Uxn"}}},{"SetResponseBodyShape":{"responseId":"response_5czu0MPulY","bodyDescriptor":{"httpContentType":"application/json","conceptId":"concept_u2pW6jMnfLNd"}}},{"SetRequestBodyShape":{"requestId":"path_VmSJkjMqNM}_post","bodyDescriptor":{"httpContentType":"application/json","conceptId":"concept_drivers_post_body"}}},{"SetResponseBodyShape":{"responseId":"response_RtlSXP3TJA","bodyDescriptor":{"httpContentType":"application/json","conceptId":"concept_EQkYXymyRNeJ"}}},{"SetResponseBodyShape":{"responseId":"response_MEjR4x1Onh","bodyDescriptor":{"httpContentType":"application/json","conceptId":"concept_NRlJxDzoXstl"}}},{"SetRequestBodyShape":{"requestId":"path_U2aUA59qf4}_post","bodyDescriptor":{"httpContentType":"application/json","conceptId":"concept_attributescomputed_post_body"}}},{"SetResponseBodyShape":{"responseId":"response_Q6GKA3geWn","bodyDescriptor":{"httpContentType":"application/json","conceptId":"concept_4cBvp8ygx3do"}}},{"SetRequestBodyShape":{"requestId":"path_hwf2HMCRek}_put","bodyDescriptor":{"httpContentType":"application/json","conceptId":"concept_calendarsid_put_body"}}},{"SetResponseBodyShape":{"responseId":"response_BPEZgHzL9Q","bodyDescriptor":{"httpContentType":"application/json","conceptId":"concept_Rol7Qv0WuNA1"}}},{"SetResponseBodyShape":{"responseId":"response_w1bsLcKv29","bodyDescriptor":{"httpContentType":"application/json","conceptId":"concept_Uux8zukU19hw"}}},{"SetResponseBodyShape":{"responseId":"response_1dNB1zwexd","bodyDescriptor":{"httpContentType":"application/json","conceptId":"concept_uQSV7kcMwNHc"}}},{"SetResponseBodyShape":{"responseId":"response_bBwpG4xJp6","bodyDescriptor":{"httpContentType":"application/json","conceptId":"concept_IkQG4msHO9yO"}}},{"SetResponseBodyShape":{"responseId":"response_Wcw3UryinQ","bodyDescriptor":{"httpContentType":"application/json","conceptId":"concept_OH1WdS7ntaI8"}}},{"SetRequestBodyShape":{"requestId":"path_yOdeFNFm6P}_put","bodyDescriptor":{"httpContentType":"application/json","conceptId":"concept_devicesid_put_body"}}},{"SetResponseBodyShape":{"responseId":"response_m4hXPL5iuy","bodyDescriptor":{"httpContentType":"application/json","conceptId":"concept_VuBiYq2EwSBU"}}},{"SetRequestBodyShape":{"requestId":"path_NK1HcHNYuk}_put","bodyDescriptor":{"httpContentType":"application/json","conceptId":"concept_geofencesid_put_body"}}},{"SetResponseBodyShape":{"responseId":"response_K9c9XyeQTF","bodyDescriptor":{"httpContentType":"application/json","conceptId":"concept_fuWXKBM2pQsx"}}},{"SetRequestBodyShape":{"requestId":"path_NQO8pqrbL7}_put","bodyDescriptor":{"httpContentType":"application/json","conceptId":"concept_notificationsid_put_body"}}},{"SetResponseBodyShape":{"responseId":"response_Fza6tF0qSW","bodyDescriptor":{"httpContentType":"application/json","conceptId":"concept_tLSUtuPLYoKD"}}},{"SetResponseBodyShape":{"responseId":"response_7pw9ZdOK8X","bodyDescriptor":{"httpContentType":"application/json","conceptId":"concept_v8oBapEQ69p0"}}},{"SetRequestBodyShape":{"requestId":"path_JBnbsL61EY}_put","bodyDescriptor":{"httpContentType":"application/json","conceptId":"concept_server_put_body"}}},{"SetResponseBodyShape":{"responseId":"response_p87I1mSto0","bodyDescriptor":{"httpContentType":"application/json","conceptId":"concept_gM2878rp5iRx"}}},{"SetRequestBodyShape":{"requestId":"path_B7nxmsdKex}_put","bodyDescriptor":{"httpContentType":"application/json","conceptId":"concept_maintenanceid_put_body"}}},{"SetResponseBodyShape":{"responseId":"response_xsTsD3u59a","bodyDescriptor":{"httpContentType":"application/json","conceptId":"concept_3pAHWUS4je37"}}},{"SetResponseBodyShape":{"responseId":"response_uoOBk5Cum6","bodyDescriptor":{"httpContentType":"application/json","conceptId":"concept_lKBpinLhzirY"}}},{"SetResponseBodyShape":{"responseId":"response_rOLiP45rOD","bodyDescriptor":{"httpContentType":"application/json","conceptId":"concept_UBsPr27JpXnP"}}},{"SetRequestBodyShape":{"requestId":"path_17DiC6kidv}_post","bodyDescriptor":{"httpContentType":"application/json","conceptId":"concept_geofences_post_body"}}},{"SetResponseBodyShape":{"responseId":"response_NFXSlHy7ug","bodyDescriptor":{"httpContentType":"application/json","conceptId":"concept_KlymXEKFLnDb"}}},{"SetRequestBodyShape":{"requestId":"path_EkogKs8fwe}_delete","bodyDescriptor":{"httpContentType":"application/json","conceptId":"concept_permissions_delete_body"}}},{"SetRequestBodyShape":{"requestId":"path_EkogKs8fwe}_post","bodyDescriptor":{"httpContentType":"application/json","conceptId":"concept_permissions_post_body"}}},{"SetResponseBodyShape":{"responseId":"response_QtJLFhVWwc","bodyDescriptor":{"httpContentType":"application/json","conceptId":"concept_ZsINii2QW6k5"}}},{"SetResponseBodyShape":{"responseId":"response_xAH93x2yfG","bodyDescriptor":{"httpContentType":"application/json","conceptId":"concept_4bMwtf7DaroR"}}},{"SetRequestBodyShape":{"requestId":"path_wAnjqI9k9C}_put","bodyDescriptor":{"httpContentType":"application/json","conceptId":"concept_groupsid_put_body"}}},{"SetResponseBodyShape":{"responseId":"response_gRCycNB8Jg","bodyDescriptor":{"httpContentType":"application/json","conceptId":"concept_KXm2Edpke9bI"}}},{"SetResponseBodyShape":{"responseId":"response_Hn7xk0zKMZ","bodyDescriptor":{"httpContentType":"application/json","conceptId":"concept_Veua9gYEgMEG"}}},{"SetResponseBodyShape":{"responseId":"response_PlPzJAEaqd","bodyDescriptor":{"httpContentType":"application/json","conceptId":"concept_K70DZBx3Vst5"}}},{"SetRequestBodyShape":{"requestId":"path_Hi3wtIUJJw}_post","bodyDescriptor":{"httpContentType":"application/json","conceptId":"concept_groups_post_body"}}},{"SetResponseBodyShape":{"responseId":"response_q3L7DeZSMd","bodyDescriptor":{"httpContentType":"application/json","conceptId":"concept_M0Idso1aUPbw"}}},{"SetResponseBodyShape":{"responseId":"response_SU7pcmM13Q","bodyDescriptor":{"httpContentType":"application/json","conceptId":"concept_tJWWgo0JsOnt"}}},{"SetRequestBodyShape":{"requestId":"path_Fb8gUMBj5c}_post","bodyDescriptor":{"httpContentType":"application/json","conceptId":"concept_calendars_post_body"}}},{"SetResponseBodyShape":{"responseId":"response_dvQdyRvoF1","bodyDescriptor":{"httpContentType":"application/json","conceptId":"concept_qmMuBtI7CVfa"}}},{"SetRequestBodyShape":{"requestId":"path_9NSmAiaVm6}_put","bodyDescriptor":{"httpContentType":"application/json","conceptId":"concept_devicesidaccumulators_put_body"}}},{"SetResponseBodyShape":{"responseId":"response_TlRN2rRDhe","bodyDescriptor":{"httpContentType":"application/json","conceptId":"concept_vbvrpQxAFeqy"}}},{"SetResponseBodyShape":{"responseId":"response_I7sLkFWddQ","bodyDescriptor":{"httpContentType":"application/json","conceptId":"concept_bD2rAthNzSaV"}}},{"SetResponseBodyShape":{"responseId":"response_xReO7GKLOZ","bodyDescriptor":{"httpContentType":"application/json","conceptId":"concept_HN3I9o8kaWtm"}}},{"SetRequestBodyShape":{"requestId":"path_35ndiA22SH}_post","bodyDescriptor":{"httpContentType":"application/json","conceptId":"concept_commandssend_post_body"}}},{"SetResponseBodyShape":{"responseId":"response_Y4yQPyfUQs","bodyDescriptor":{"httpContentType":"application/json","conceptId":"concept_Ob88TgIdwOF4"}}},{"SetResponseBodyShape":{"responseId":"response_xIZbPLKi9G","bodyDescriptor":{"httpContentType":"application/json","conceptId":"concept_wUb6PS3QLRbB"}}},{"SetResponseBodyShape":{"responseId":"response_yi5jQtEi2Z","bodyDescriptor":{"httpContentType":"application/json","conceptId":"concept_trU9mSWSKRFd"}}},{"SetResponseBodyShape":{"responseId":"response_5IEOZqxuLw","bodyDescriptor":{"httpContentType":"application/json","conceptId":"concept_gnyYcjbvRCnb"}}},{"SetRequestBodyShape":{"requestId":"path_wo5AfrHhnc}_post","bodyDescriptor":{"httpContentType":"application/json","conceptId":"concept_commands_post_body"}}},{"SetResponseBodyShape":{"responseId":"response_AeQS1MYHwI","bodyDescriptor":{"httpContentType":"application/json","conceptId":"concept_H52LUAv5NaGH"}}}]