[{"DefineConcept":{"name":"Feed","root":"shape_GzRXZFBKqG","conceptId":"concept_6qs7lP_feed"}},{"SetConceptName":{"newName":"Feed","conceptId":"concept_6qs7lP_feed"}},{"DefineConcept":{"name":"Location","root":"shape_nBaWS0Scf4","conceptId":"concept_g2Uu3j_location"}},{"SetConceptName":{"newName":"Location","conceptId":"concept_g2Uu3j_location"}},{"DefineConcept":{"name":"FeedVersion","root":"shape_tV18ZJtThE","conceptId":"concept_HOhmBQ_feedversion"}},{"SetConceptName":{"newName":"FeedVersion","conceptId":"concept_HOhmBQ_feedversion"}},{"DefineConcept":{"name":"GetLatestFeedVersionResponse","root":"shape_WGp7RkDWoe","conceptId":"concept_6hk7Av_getlatestfeedversionresponse"}},{"SetConceptName":{"newName":"GetLatestFeedVersionResponse","conceptId":"concept_6hk7Av_getlatestfeedversionresponse"}},{"DefineConcept":{"name":"FeedVersionIssue","root":"shape_XiAUJkp41W","conceptId":"concept_KymL5E_feedversionissue"}},{"SetConceptName":{"newName":"FeedVersionIssue","conceptId":"concept_KymL5E_feedversionissue"}},{"DefineConcept":{"name":"GetFeedVersionsResponse","root":"shape_IRn6NthReJ","conceptId":"concept_DjG46j_getfeedversionsresponse"}},{"SetConceptName":{"newName":"GetFeedVersionsResponse","conceptId":"concept_DjG46j_getfeedversionsresponse"}},{"DefineConcept":{"name":"API404Response","root":"shape_DJNg7nX7M7","conceptId":"concept_wr2cen_api404response"}},{"SetConceptName":{"newName":"API404Response","conceptId":"concept_wr2cen_api404response"}},{"DefineConcept":{"name":"GetFeedsResponse","root":"shape_r1oi9yL6Be","conceptId":"concept_Tk1L0U_getfeedsresponse"}},{"SetConceptName":{"newName":"GetFeedsResponse","conceptId":"concept_Tk1L0U_getfeedsresponse"}},{"DefineConcept":{"name":"GetLocationsResponse","root":"shape_JDIM5q0Q9s","conceptId":"concept_ih3SUD_getlocationsresponse"}},{"SetConceptName":{"newName":"GetLocationsResponse","conceptId":"concept_ih3SUD_getlocationsresponse"}},{"DefineConcept":{"name":"API401Response","root":"shape_Kmke6kPksk","conceptId":"concept_LZxzeA_api401response"}},{"SetConceptName":{"newName":"API401Response","conceptId":"concept_LZxzeA_api401response"}},{"AssignType":{"id":"shape_GzRXZFBKqG","to":{"ObjectT":{}},"conceptId":"concept_6qs7lP_feed"}},{"AddField":{"parentId":"shape_GzRXZFBKqG","id":"shape_YsGyyCj1tg","conceptId":"concept_6qs7lP_feed"}},{"SetFieldName":{"id":"shape_YsGyyCj1tg","newName":"ty","conceptId":"concept_6qs7lP_feed"}},{"AssignType":{"id":"shape_YsGyyCj1tg","to":{"StringT":{}},"conceptId":"concept_6qs7lP_feed"}},{"AddField":{"parentId":"shape_GzRXZFBKqG","id":"shape_vwxQmXDvwi","conceptId":"concept_6qs7lP_feed"}},{"SetFieldName":{"id":"shape_vwxQmXDvwi","newName":"t","conceptId":"concept_6qs7lP_feed"}},{"AssignType":{"id":"shape_vwxQmXDvwi","to":{"StringT":{}},"conceptId":"concept_6qs7lP_feed"}},{"AddField":{"parentId":"shape_GzRXZFBKqG","id":"shape_Z6DSC12vtr","conceptId":"concept_6qs7lP_feed"}},{"SetFieldName":{"id":"shape_Z6DSC12vtr","newName":"u","conceptId":"concept_6qs7lP_feed"}},{"AssignType":{"id":"shape_Z6DSC12vtr","to":{"ObjectT":{}},"conceptId":"concept_6qs7lP_feed"}},{"AddField":{"parentId":"shape_Z6DSC12vtr","id":"shape_uZM5BZUvty","conceptId":"concept_6qs7lP_feed"}},{"SetFieldName":{"id":"shape_uZM5BZUvty","newName":"d","conceptId":"concept_6qs7lP_feed"}},{"AssignType":{"id":"shape_uZM5BZUvty","to":{"StringT":{}},"conceptId":"concept_6qs7lP_feed"}},{"AddField":{"parentId":"shape_Z6DSC12vtr","id":"shape_DkQ9OuhmZp","conceptId":"concept_6qs7lP_feed"}},{"SetFieldName":{"id":"shape_DkQ9OuhmZp","newName":"i","conceptId":"concept_6qs7lP_feed"}},{"AssignType":{"id":"shape_DkQ9OuhmZp","to":{"StringT":{}},"conceptId":"concept_6qs7lP_feed"}},{"AddField":{"parentId":"shape_GzRXZFBKqG","id":"shape_iX0AQ5suz5","conceptId":"concept_6qs7lP_feed"}},{"SetFieldName":{"id":"shape_iX0AQ5suz5","newName":"id","conceptId":"concept_6qs7lP_feed"}},{"AssignType":{"id":"shape_iX0AQ5suz5","to":{"StringT":{}},"conceptId":"concept_6qs7lP_feed"}},{"AddField":{"parentId":"shape_GzRXZFBKqG","id":"shape_qJLbjcZG6v","conceptId":"concept_6qs7lP_feed"}},{"SetFieldName":{"id":"shape_qJLbjcZG6v","newName":"l","conceptId":"concept_6qs7lP_feed"}},{"AssignType":{"id":"shape_qJLbjcZG6v","to":{"RefT":{"conceptId":"concept_g2Uu3j_location"}},"conceptId":"concept_6qs7lP_feed"}},{"AddField":{"parentId":"shape_GzRXZFBKqG","id":"shape_dh6WFzOQFE","conceptId":"concept_6qs7lP_feed"}},{"SetFieldName":{"id":"shape_dh6WFzOQFE","newName":"latest","conceptId":"concept_6qs7lP_feed"}},{"AssignType":{"id":"shape_dh6WFzOQFE","to":{"ObjectT":{}},"conceptId":"concept_6qs7lP_feed"}},{"AddField":{"parentId":"shape_dh6WFzOQFE","id":"shape_tWu8YDRPCb","conceptId":"concept_6qs7lP_feed"}},{"SetFieldName":{"id":"shape_tWu8YDRPCb","newName":"ts","conceptId":"concept_6qs7lP_feed"}},{"AssignType":{"id":"shape_tWu8YDRPCb","to":{"IntegerT":{}},"conceptId":"concept_6qs7lP_feed"}},{"AssignType":{"id":"shape_nBaWS0Scf4","to":{"ObjectT":{}},"conceptId":"concept_g2Uu3j_location"}},{"AddField":{"parentId":"shape_nBaWS0Scf4","id":"shape_egxuI0QCSu","conceptId":"concept_g2Uu3j_location"}},{"SetFieldName":{"id":"shape_egxuI0QCSu","newName":"lng","conceptId":"concept_g2Uu3j_location"}},{"AssignType":{"id":"shape_egxuI0QCSu","to":{"NumberT":{}},"conceptId":"concept_g2Uu3j_location"}},{"AddField":{"parentId":"shape_nBaWS0Scf4","id":"shape_TK2VPsbyvp","conceptId":"concept_g2Uu3j_location"}},{"SetFieldName":{"id":"shape_TK2VPsbyvp","newName":"n","conceptId":"concept_g2Uu3j_location"}},{"AssignType":{"id":"shape_TK2VPsbyvp","to":{"StringT":{}},"conceptId":"concept_g2Uu3j_location"}},{"AddField":{"parentId":"shape_nBaWS0Scf4","id":"shape_J7DIQStiar","conceptId":"concept_g2Uu3j_location"}},{"SetFieldName":{"id":"shape_J7DIQStiar","newName":"t","conceptId":"concept_g2Uu3j_location"}},{"AssignType":{"id":"shape_J7DIQStiar","to":{"StringT":{}},"conceptId":"concept_g2Uu3j_location"}},{"AddField":{"parentId":"shape_nBaWS0Scf4","id":"shape_sfMXp3WRix","conceptId":"concept_g2Uu3j_location"}},{"SetFieldName":{"id":"shape_sfMXp3WRix","newName":"id","conceptId":"concept_g2Uu3j_location"}},{"AssignType":{"id":"shape_sfMXp3WRix","to":{"IntegerT":{}},"conceptId":"concept_g2Uu3j_location"}},{"AddField":{"parentId":"shape_nBaWS0Scf4","id":"shape_mWmhraAwdA","conceptId":"concept_g2Uu3j_location"}},{"SetFieldName":{"id":"shape_mWmhraAwdA","newName":"pid","conceptId":"concept_g2Uu3j_location"}},{"AssignType":{"id":"shape_mWmhraAwdA","to":{"IntegerT":{}},"conceptId":"concept_g2Uu3j_location"}},{"AddField":{"parentId":"shape_nBaWS0Scf4","id":"shape_NvePs0K69s","conceptId":"concept_g2Uu3j_location"}},{"SetFieldName":{"id":"shape_NvePs0K69s","newName":"lat","conceptId":"concept_g2Uu3j_location"}},{"AssignType":{"id":"shape_NvePs0K69s","to":{"NumberT":{}},"conceptId":"concept_g2Uu3j_location"}},{"AssignType":{"id":"shape_tV18ZJtThE","to":{"ObjectT":{}},"conceptId":"concept_HOhmBQ_feedversion"}},{"AddField":{"parentId":"shape_tV18ZJtThE","id":"shape_Jq1we7J2h8","conceptId":"concept_HOhmBQ_feedversion"}},{"SetFieldName":{"id":"shape_Jq1we7J2h8","newName":"warn","conceptId":"concept_HOhmBQ_feedversion"}},{"AssignType":{"id":"shape_Jq1we7J2h8","to":{"ListT":{}},"conceptId":"concept_HOhmBQ_feedversion"}},{"AddTypeParameter":{"parentId":"shape_Jq1we7J2h8","id":"shape_aD62RMVMza","conceptId":"concept_HOhmBQ_feedversion"}},{"AssignType":{"id":"shape_aD62RMVMza","to":{"RefT":{"conceptId":"concept_KymL5E_feedversionissue"}},"conceptId":"concept_HOhmBQ_feedversion"}},{"AddField":{"parentId":"shape_tV18ZJtThE","id":"shape_uHOtIsjhge","conceptId":"concept_HOhmBQ_feedversion"}},{"SetFieldName":{"id":"shape_uHOtIsjhge","newName":"size","conceptId":"concept_HOhmBQ_feedversion"}},{"AssignType":{"id":"shape_uHOtIsjhge","to":{"IntegerT":{}},"conceptId":"concept_HOhmBQ_feedversion"}},{"AddField":{"parentId":"shape_tV18ZJtThE","id":"shape_OErcoA1lxV","conceptId":"concept_HOhmBQ_feedversion"}},{"SetFieldName":{"id":"shape_OErcoA1lxV","newName":"url","conceptId":"concept_HOhmBQ_feedversion"}},{"AssignType":{"id":"shape_OErcoA1lxV","to":{"StringT":{}},"conceptId":"concept_HOhmBQ_feedversion"}},{"AddField":{"parentId":"shape_tV18ZJtThE","id":"shape_npvkix0oDZ","conceptId":"concept_HOhmBQ_feedversion"}},{"SetFieldName":{"id":"shape_npvkix0oDZ","newName":"f","conceptId":"concept_HOhmBQ_feedversion"}},{"AssignType":{"id":"shape_npvkix0oDZ","to":{"RefT":{"conceptId":"concept_6qs7lP_feed"}},"conceptId":"concept_HOhmBQ_feedversion"}},{"AddField":{"parentId":"shape_tV18ZJtThE","id":"shape_6DpQNyeK4q","conceptId":"concept_HOhmBQ_feedversion"}},{"SetFieldName":{"id":"shape_6DpQNyeK4q","newName":"ts","conceptId":"concept_HOhmBQ_feedversion"}},{"AssignType":{"id":"shape_6DpQNyeK4q","to":{"IntegerT":{}},"conceptId":"concept_HOhmBQ_feedversion"}},{"AddField":{"parentId":"shape_tV18ZJtThE","id":"shape_ge2lTJ3T1E","conceptId":"concept_HOhmBQ_feedversion"}},{"SetFieldName":{"id":"shape_ge2lTJ3T1E","newName":"id","conceptId":"concept_HOhmBQ_feedversion"}},{"AssignType":{"id":"shape_ge2lTJ3T1E","to":{"StringT":{}},"conceptId":"concept_HOhmBQ_feedversion"}},{"AddField":{"parentId":"shape_tV18ZJtThE","id":"shape_QDDooXLxTK","conceptId":"concept_HOhmBQ_feedversion"}},{"SetFieldName":{"id":"shape_QDDooXLxTK","newName":"err","conceptId":"concept_HOhmBQ_feedversion"}},{"AssignType":{"id":"shape_QDDooXLxTK","to":{"ListT":{}},"conceptId":"concept_HOhmBQ_feedversion"}},{"AddTypeParameter":{"parentId":"shape_QDDooXLxTK","id":"shape_Oa1AExCRef","conceptId":"concept_HOhmBQ_feedversion"}},{"AssignType":{"id":"shape_Oa1AExCRef","to":{"RefT":{"conceptId":"concept_KymL5E_feedversionissue"}},"conceptId":"concept_HOhmBQ_feedversion"}},{"AddField":{"parentId":"shape_tV18ZJtThE","id":"shape_KCrVEGXtE6","conceptId":"concept_HOhmBQ_feedversion"}},{"SetFieldName":{"id":"shape_KCrVEGXtE6","newName":"d","conceptId":"concept_HOhmBQ_feedversion"}},{"AssignType":{"id":"shape_KCrVEGXtE6","to":{"ObjectT":{}},"conceptId":"concept_HOhmBQ_feedversion"}},{"AddField":{"parentId":"shape_KCrVEGXtE6","id":"shape_f5PoXMI9GT","conceptId":"concept_HOhmBQ_feedversion"}},{"SetFieldName":{"id":"shape_f5PoXMI9GT","newName":"f","conceptId":"concept_HOhmBQ_feedversion"}},{"AssignType":{"id":"shape_f5PoXMI9GT","to":{"StringT":{}},"conceptId":"concept_HOhmBQ_feedversion"}},{"AddField":{"parentId":"shape_KCrVEGXtE6","id":"shape_cO1F1Mp2WK","conceptId":"concept_HOhmBQ_feedversion"}},{"SetFieldName":{"id":"shape_cO1F1Mp2WK","newName":"s","conceptId":"concept_HOhmBQ_feedversion"}},{"AssignType":{"id":"shape_cO1F1Mp2WK","to":{"StringT":{}},"conceptId":"concept_HOhmBQ_feedversion"}},{"AssignType":{"id":"shape_WGp7RkDWoe","to":{"ObjectT":{}},"conceptId":"concept_6hk7Av_getlatestfeedversionresponse"}},{"AddField":{"parentId":"shape_WGp7RkDWoe","id":"shape_wVEDMcAC5d","conceptId":"concept_6hk7Av_getlatestfeedversionresponse"}},{"SetFieldName":{"id":"shape_wVEDMcAC5d","newName":"msg","conceptId":"concept_6hk7Av_getlatestfeedversionresponse"}},{"AssignType":{"id":"shape_wVEDMcAC5d","to":{"StringT":{}},"conceptId":"concept_6hk7Av_getlatestfeedversionresponse"}},{"AddField":{"parentId":"shape_WGp7RkDWoe","id":"shape_ol6sSZkWy6","conceptId":"concept_6hk7Av_getlatestfeedversionresponse"}},{"SetFieldName":{"id":"shape_ol6sSZkWy6","newName":"results","conceptId":"concept_6hk7Av_getlatestfeedversionresponse"}},{"AssignType":{"id":"shape_ol6sSZkWy6","to":{"ObjectT":{}},"conceptId":"concept_6hk7Av_getlatestfeedversionresponse"}},{"AddField":{"parentId":"shape_ol6sSZkWy6","id":"shape_8b7dadCdv2","conceptId":"concept_6hk7Av_getlatestfeedversionresponse"}},{"SetFieldName":{"id":"shape_8b7dadCdv2","newName":"page","conceptId":"concept_6hk7Av_getlatestfeedversionresponse"}},{"AssignType":{"id":"shape_8b7dadCdv2","to":{"IntegerT":{}},"conceptId":"concept_6hk7Av_getlatestfeedversionresponse"}},{"AddField":{"parentId":"shape_ol6sSZkWy6","id":"shape_8K4nj4YYQK","conceptId":"concept_6hk7Av_getlatestfeedversionresponse"}},{"SetFieldName":{"id":"shape_8K4nj4YYQK","newName":"total","conceptId":"concept_6hk7Av_getlatestfeedversionresponse"}},{"AssignType":{"id":"shape_8K4nj4YYQK","to":{"IntegerT":{}},"conceptId":"concept_6hk7Av_getlatestfeedversionresponse"}},{"AddField":{"parentId":"shape_ol6sSZkWy6","id":"shape_xvUHZ1syUR","conceptId":"concept_6hk7Av_getlatestfeedversionresponse"}},{"SetFieldName":{"id":"shape_xvUHZ1syUR","newName":"numPages","conceptId":"concept_6hk7Av_getlatestfeedversionresponse"}},{"AssignType":{"id":"shape_xvUHZ1syUR","to":{"IntegerT":{}},"conceptId":"concept_6hk7Av_getlatestfeedversionresponse"}},{"AddField":{"parentId":"shape_ol6sSZkWy6","id":"shape_CX4CScX1EA","conceptId":"concept_6hk7Av_getlatestfeedversionresponse"}},{"SetFieldName":{"id":"shape_CX4CScX1EA","newName":"limit","conceptId":"concept_6hk7Av_getlatestfeedversionresponse"}},{"AssignType":{"id":"shape_CX4CScX1EA","to":{"IntegerT":{}},"conceptId":"concept_6hk7Av_getlatestfeedversionresponse"}},{"AddField":{"parentId":"shape_ol6sSZkWy6","id":"shape_EQ1bpU4nyl","conceptId":"concept_6hk7Av_getlatestfeedversionresponse"}},{"SetFieldName":{"id":"shape_EQ1bpU4nyl","newName":"input","conceptId":"concept_6hk7Av_getlatestfeedversionresponse"}},{"AssignType":{"id":"shape_EQ1bpU4nyl","to":{"StringT":{}},"conceptId":"concept_6hk7Av_getlatestfeedversionresponse"}},{"AddField":{"parentId":"shape_ol6sSZkWy6","id":"shape_5gP6vnGKs1","conceptId":"concept_6hk7Av_getlatestfeedversionresponse"}},{"SetFieldName":{"id":"shape_5gP6vnGKs1","newName":"feeds","conceptId":"concept_6hk7Av_getlatestfeedversionresponse"}},{"AssignType":{"id":"shape_5gP6vnGKs1","to":{"ListT":{}},"conceptId":"concept_6hk7Av_getlatestfeedversionresponse"}},{"AddTypeParameter":{"parentId":"shape_5gP6vnGKs1","id":"shape_oy7f4kYVTw","conceptId":"concept_6hk7Av_getlatestfeedversionresponse"}},{"AssignType":{"id":"shape_oy7f4kYVTw","to":{"RefT":{"conceptId":"concept_HOhmBQ_feedversion"}},"conceptId":"concept_6hk7Av_getlatestfeedversionresponse"}},{"AddField":{"parentId":"shape_WGp7RkDWoe","id":"shape_K7qXxFdQ7K","conceptId":"concept_6hk7Av_getlatestfeedversionresponse"}},{"SetFieldName":{"id":"shape_K7qXxFdQ7K","newName":"status","conceptId":"concept_6hk7Av_getlatestfeedversionresponse"}},{"AssignType":{"id":"shape_K7qXxFdQ7K","to":{"StringT":{}},"conceptId":"concept_6hk7Av_getlatestfeedversionresponse"}},{"AddField":{"parentId":"shape_WGp7RkDWoe","id":"shape_OJVVx4ISi1","conceptId":"concept_6hk7Av_getlatestfeedversionresponse"}},{"SetFieldName":{"id":"shape_OJVVx4ISi1","newName":"ts","conceptId":"concept_6hk7Av_getlatestfeedversionresponse"}},{"AssignType":{"id":"shape_OJVVx4ISi1","to":{"IntegerT":{}},"conceptId":"concept_6hk7Av_getlatestfeedversionresponse"}},{"AssignType":{"id":"shape_XiAUJkp41W","to":{"ObjectT":{}},"conceptId":"concept_KymL5E_feedversionissue"}},{"AddField":{"parentId":"shape_XiAUJkp41W","id":"shape_V5Cat7GfRV","conceptId":"concept_KymL5E_feedversionissue"}},{"SetFieldName":{"id":"shape_V5Cat7GfRV","newName":"c","conceptId":"concept_KymL5E_feedversionissue"}},{"AssignType":{"id":"shape_V5Cat7GfRV","to":{"StringT":{}},"conceptId":"concept_KymL5E_feedversionissue"}},{"AddField":{"parentId":"shape_XiAUJkp41W","id":"shape_5mg6cfSLAu","conceptId":"concept_KymL5E_feedversionissue"}},{"SetFieldName":{"id":"shape_5mg6cfSLAu","newName":"f","conceptId":"concept_KymL5E_feedversionissue"}},{"AssignType":{"id":"shape_5mg6cfSLAu","to":{"StringT":{}},"conceptId":"concept_KymL5E_feedversionissue"}},{"AddField":{"parentId":"shape_XiAUJkp41W","id":"shape_BnZcngn4Fb","conceptId":"concept_KymL5E_feedversionissue"}},{"SetFieldName":{"id":"shape_BnZcngn4Fb","newName":"l","conceptId":"concept_KymL5E_feedversionissue"}},{"AssignType":{"id":"shape_BnZcngn4Fb","to":{"StringT":{}},"conceptId":"concept_KymL5E_feedversionissue"}},{"AddField":{"parentId":"shape_XiAUJkp41W","id":"shape_JOZjo4IXIf","conceptId":"concept_KymL5E_feedversionissue"}},{"SetFieldName":{"id":"shape_JOZjo4IXIf","newName":"m","conceptId":"concept_KymL5E_feedversionissue"}},{"AssignType":{"id":"shape_JOZjo4IXIf","to":{"StringT":{}},"conceptId":"concept_KymL5E_feedversionissue"}},{"AssignType":{"id":"shape_IRn6NthReJ","to":{"ObjectT":{}},"conceptId":"concept_DjG46j_getfeedversionsresponse"}},{"AddField":{"parentId":"shape_IRn6NthReJ","id":"shape_zvRaOwajDz","conceptId":"concept_DjG46j_getfeedversionsresponse"}},{"SetFieldName":{"id":"shape_zvRaOwajDz","newName":"msg","conceptId":"concept_DjG46j_getfeedversionsresponse"}},{"AssignType":{"id":"shape_zvRaOwajDz","to":{"StringT":{}},"conceptId":"concept_DjG46j_getfeedversionsresponse"}},{"AddField":{"parentId":"shape_IRn6NthReJ","id":"shape_u61Do36EDF","conceptId":"concept_DjG46j_getfeedversionsresponse"}},{"SetFieldName":{"id":"shape_u61Do36EDF","newName":"results","conceptId":"concept_DjG46j_getfeedversionsresponse"}},{"AssignType":{"id":"shape_u61Do36EDF","to":{"ObjectT":{}},"conceptId":"concept_DjG46j_getfeedversionsresponse"}},{"AddField":{"parentId":"shape_u61Do36EDF","id":"shape_magU5CnRyR","conceptId":"concept_DjG46j_getfeedversionsresponse"}},{"SetFieldName":{"id":"shape_magU5CnRyR","newName":"page","conceptId":"concept_DjG46j_getfeedversionsresponse"}},{"AssignType":{"id":"shape_magU5CnRyR","to":{"IntegerT":{}},"conceptId":"concept_DjG46j_getfeedversionsresponse"}},{"AddField":{"parentId":"shape_u61Do36EDF","id":"shape_j1wCvgcMxQ","conceptId":"concept_DjG46j_getfeedversionsresponse"}},{"SetFieldName":{"id":"shape_j1wCvgcMxQ","newName":"total","conceptId":"concept_DjG46j_getfeedversionsresponse"}},{"AssignType":{"id":"shape_j1wCvgcMxQ","to":{"IntegerT":{}},"conceptId":"concept_DjG46j_getfeedversionsresponse"}},{"AddField":{"parentId":"shape_u61Do36EDF","id":"shape_x00chjBL7t","conceptId":"concept_DjG46j_getfeedversionsresponse"}},{"SetFieldName":{"id":"shape_x00chjBL7t","newName":"numPages","conceptId":"concept_DjG46j_getfeedversionsresponse"}},{"AssignType":{"id":"shape_x00chjBL7t","to":{"IntegerT":{}},"conceptId":"concept_DjG46j_getfeedversionsresponse"}},{"AddField":{"parentId":"shape_u61Do36EDF","id":"shape_F60vS2HFHD","conceptId":"concept_DjG46j_getfeedversionsresponse"}},{"SetFieldName":{"id":"shape_F60vS2HFHD","newName":"limit","conceptId":"concept_DjG46j_getfeedversionsresponse"}},{"AssignType":{"id":"shape_F60vS2HFHD","to":{"IntegerT":{}},"conceptId":"concept_DjG46j_getfeedversionsresponse"}},{"AddField":{"parentId":"shape_u61Do36EDF","id":"shape_nl2ibrTEfP","conceptId":"concept_DjG46j_getfeedversionsresponse"}},{"SetFieldName":{"id":"shape_nl2ibrTEfP","newName":"input","conceptId":"concept_DjG46j_getfeedversionsresponse"}},{"AssignType":{"id":"shape_nl2ibrTEfP","to":{"StringT":{}},"conceptId":"concept_DjG46j_getfeedversionsresponse"}},{"AddField":{"parentId":"shape_u61Do36EDF","id":"shape_p1iAUSVEPR","conceptId":"concept_DjG46j_getfeedversionsresponse"}},{"SetFieldName":{"id":"shape_p1iAUSVEPR","newName":"feeds","conceptId":"concept_DjG46j_getfeedversionsresponse"}},{"AssignType":{"id":"shape_p1iAUSVEPR","to":{"ListT":{}},"conceptId":"concept_DjG46j_getfeedversionsresponse"}},{"AddTypeParameter":{"parentId":"shape_p1iAUSVEPR","id":"shape_88kY6UHBJ8","conceptId":"concept_DjG46j_getfeedversionsresponse"}},{"AssignType":{"id":"shape_88kY6UHBJ8","to":{"RefT":{"conceptId":"concept_HOhmBQ_feedversion"}},"conceptId":"concept_DjG46j_getfeedversionsresponse"}},{"AddField":{"parentId":"shape_IRn6NthReJ","id":"shape_zDHencHaxK","conceptId":"concept_DjG46j_getfeedversionsresponse"}},{"SetFieldName":{"id":"shape_zDHencHaxK","newName":"status","conceptId":"concept_DjG46j_getfeedversionsresponse"}},{"AssignType":{"id":"shape_zDHencHaxK","to":{"StringT":{}},"conceptId":"concept_DjG46j_getfeedversionsresponse"}},{"AddField":{"parentId":"shape_IRn6NthReJ","id":"shape_64UCyToctZ","conceptId":"concept_DjG46j_getfeedversionsresponse"}},{"SetFieldName":{"id":"shape_64UCyToctZ","newName":"ts","conceptId":"concept_DjG46j_getfeedversionsresponse"}},{"AssignType":{"id":"shape_64UCyToctZ","to":{"IntegerT":{}},"conceptId":"concept_DjG46j_getfeedversionsresponse"}},{"AssignType":{"id":"shape_DJNg7nX7M7","to":{"ObjectT":{}},"conceptId":"concept_wr2cen_api404response"}},{"AddField":{"parentId":"shape_DJNg7nX7M7","id":"shape_5L7x5LUbQB","conceptId":"concept_wr2cen_api404response"}},{"SetFieldName":{"id":"shape_5L7x5LUbQB","newName":"msg","conceptId":"concept_wr2cen_api404response"}},{"AssignType":{"id":"shape_5L7x5LUbQB","to":{"StringT":{}},"conceptId":"concept_wr2cen_api404response"}},{"AddField":{"parentId":"shape_DJNg7nX7M7","id":"shape_1BzRiQRe4i","conceptId":"concept_wr2cen_api404response"}},{"SetFieldName":{"id":"shape_1BzRiQRe4i","newName":"status","conceptId":"concept_wr2cen_api404response"}},{"AssignType":{"id":"shape_1BzRiQRe4i","to":{"StringT":{}},"conceptId":"concept_wr2cen_api404response"}},{"AddField":{"parentId":"shape_DJNg7nX7M7","id":"shape_EytlK0rQxM","conceptId":"concept_wr2cen_api404response"}},{"SetFieldName":{"id":"shape_EytlK0rQxM","newName":"ts","conceptId":"concept_wr2cen_api404response"}},{"AssignType":{"id":"shape_EytlK0rQxM","to":{"IntegerT":{}},"conceptId":"concept_wr2cen_api404response"}},{"AssignType":{"id":"shape_r1oi9yL6Be","to":{"ObjectT":{}},"conceptId":"concept_Tk1L0U_getfeedsresponse"}},{"AddField":{"parentId":"shape_r1oi9yL6Be","id":"shape_cUCsz7tiBq","conceptId":"concept_Tk1L0U_getfeedsresponse"}},{"SetFieldName":{"id":"shape_cUCsz7tiBq","newName":"msg","conceptId":"concept_Tk1L0U_getfeedsresponse"}},{"AssignType":{"id":"shape_cUCsz7tiBq","to":{"StringT":{}},"conceptId":"concept_Tk1L0U_getfeedsresponse"}},{"AddField":{"parentId":"shape_r1oi9yL6Be","id":"shape_dRY1Yyq4dq","conceptId":"concept_Tk1L0U_getfeedsresponse"}},{"SetFieldName":{"id":"shape_dRY1Yyq4dq","newName":"results","conceptId":"concept_Tk1L0U_getfeedsresponse"}},{"AssignType":{"id":"shape_dRY1Yyq4dq","to":{"ObjectT":{}},"conceptId":"concept_Tk1L0U_getfeedsresponse"}},{"AddField":{"parentId":"shape_dRY1Yyq4dq","id":"shape_jWXO7JLIDb","conceptId":"concept_Tk1L0U_getfeedsresponse"}},{"SetFieldName":{"id":"shape_jWXO7JLIDb","newName":"page","conceptId":"concept_Tk1L0U_getfeedsresponse"}},{"AssignType":{"id":"shape_jWXO7JLIDb","to":{"IntegerT":{}},"conceptId":"concept_Tk1L0U_getfeedsresponse"}},{"AddField":{"parentId":"shape_dRY1Yyq4dq","id":"shape_X1609cTWr3","conceptId":"concept_Tk1L0U_getfeedsresponse"}},{"SetFieldName":{"id":"shape_X1609cTWr3","newName":"total","conceptId":"concept_Tk1L0U_getfeedsresponse"}},{"AssignType":{"id":"shape_X1609cTWr3","to":{"IntegerT":{}},"conceptId":"concept_Tk1L0U_getfeedsresponse"}},{"AddField":{"parentId":"shape_dRY1Yyq4dq","id":"shape_3TR1Yl2dLk","conceptId":"concept_Tk1L0U_getfeedsresponse"}},{"SetFieldName":{"id":"shape_3TR1Yl2dLk","newName":"numPages","conceptId":"concept_Tk1L0U_getfeedsresponse"}},{"AssignType":{"id":"shape_3TR1Yl2dLk","to":{"IntegerT":{}},"conceptId":"concept_Tk1L0U_getfeedsresponse"}},{"AddField":{"parentId":"shape_dRY1Yyq4dq","id":"shape_Sh1CEA9Rim","conceptId":"concept_Tk1L0U_getfeedsresponse"}},{"SetFieldName":{"id":"shape_Sh1CEA9Rim","newName":"limit","conceptId":"concept_Tk1L0U_getfeedsresponse"}},{"AssignType":{"id":"shape_Sh1CEA9Rim","to":{"IntegerT":{}},"conceptId":"concept_Tk1L0U_getfeedsresponse"}},{"AddField":{"parentId":"shape_dRY1Yyq4dq","id":"shape_W18QALUziD","conceptId":"concept_Tk1L0U_getfeedsresponse"}},{"SetFieldName":{"id":"shape_W18QALUziD","newName":"input","conceptId":"concept_Tk1L0U_getfeedsresponse"}},{"AssignType":{"id":"shape_W18QALUziD","to":{"StringT":{}},"conceptId":"concept_Tk1L0U_getfeedsresponse"}},{"AddField":{"parentId":"shape_dRY1Yyq4dq","id":"shape_rWYN4d9bDY","conceptId":"concept_Tk1L0U_getfeedsresponse"}},{"SetFieldName":{"id":"shape_rWYN4d9bDY","newName":"feeds","conceptId":"concept_Tk1L0U_getfeedsresponse"}},{"AssignType":{"id":"shape_rWYN4d9bDY","to":{"ListT":{}},"conceptId":"concept_Tk1L0U_getfeedsresponse"}},{"AddTypeParameter":{"parentId":"shape_rWYN4d9bDY","id":"shape_JgGxGLHMqn","conceptId":"concept_Tk1L0U_getfeedsresponse"}},{"AssignType":{"id":"shape_JgGxGLHMqn","to":{"RefT":{"conceptId":"concept_6qs7lP_feed"}},"conceptId":"concept_Tk1L0U_getfeedsresponse"}},{"AddField":{"parentId":"shape_r1oi9yL6Be","id":"shape_MmtvsEzjK1","conceptId":"concept_Tk1L0U_getfeedsresponse"}},{"SetFieldName":{"id":"shape_MmtvsEzjK1","newName":"status","conceptId":"concept_Tk1L0U_getfeedsresponse"}},{"AssignType":{"id":"shape_MmtvsEzjK1","to":{"StringT":{}},"conceptId":"concept_Tk1L0U_getfeedsresponse"}},{"AddField":{"parentId":"shape_r1oi9yL6Be","id":"shape_pi14qNRScT","conceptId":"concept_Tk1L0U_getfeedsresponse"}},{"SetFieldName":{"id":"shape_pi14qNRScT","newName":"ts","conceptId":"concept_Tk1L0U_getfeedsresponse"}},{"AssignType":{"id":"shape_pi14qNRScT","to":{"IntegerT":{}},"conceptId":"concept_Tk1L0U_getfeedsresponse"}},{"AssignType":{"id":"shape_JDIM5q0Q9s","to":{"ObjectT":{}},"conceptId":"concept_ih3SUD_getlocationsresponse"}},{"AddField":{"parentId":"shape_JDIM5q0Q9s","id":"shape_0RowR51PTo","conceptId":"concept_ih3SUD_getlocationsresponse"}},{"SetFieldName":{"id":"shape_0RowR51PTo","newName":"msg","conceptId":"concept_ih3SUD_getlocationsresponse"}},{"AssignType":{"id":"shape_0RowR51PTo","to":{"StringT":{}},"conceptId":"concept_ih3SUD_getlocationsresponse"}},{"AddField":{"parentId":"shape_JDIM5q0Q9s","id":"shape_lCzWx2wjMo","conceptId":"concept_ih3SUD_getlocationsresponse"}},{"SetFieldName":{"id":"shape_lCzWx2wjMo","newName":"results","conceptId":"concept_ih3SUD_getlocationsresponse"}},{"AssignType":{"id":"shape_lCzWx2wjMo","to":{"ObjectT":{}},"conceptId":"concept_ih3SUD_getlocationsresponse"}},{"AddField":{"parentId":"shape_lCzWx2wjMo","id":"shape_HT0e7QzwIA","conceptId":"concept_ih3SUD_getlocationsresponse"}},{"SetFieldName":{"id":"shape_HT0e7QzwIA","newName":"input","conceptId":"concept_ih3SUD_getlocationsresponse"}},{"AssignType":{"id":"shape_HT0e7QzwIA","to":{"StringT":{}},"conceptId":"concept_ih3SUD_getlocationsresponse"}},{"AddField":{"parentId":"shape_lCzWx2wjMo","id":"shape_f1BxQUktgI","conceptId":"concept_ih3SUD_getlocationsresponse"}},{"SetFieldName":{"id":"shape_f1BxQUktgI","newName":"locations","conceptId":"concept_ih3SUD_getlocationsresponse"}},{"AssignType":{"id":"shape_f1BxQUktgI","to":{"ListT":{}},"conceptId":"concept_ih3SUD_getlocationsresponse"}},{"AddTypeParameter":{"parentId":"shape_f1BxQUktgI","id":"shape_Apa0KAND10","conceptId":"concept_ih3SUD_getlocationsresponse"}},{"AssignType":{"id":"shape_Apa0KAND10","to":{"RefT":{"conceptId":"concept_g2Uu3j_location"}},"conceptId":"concept_ih3SUD_getlocationsresponse"}},{"AddField":{"parentId":"shape_JDIM5q0Q9s","id":"shape_X2SEfBZQOV","conceptId":"concept_ih3SUD_getlocationsresponse"}},{"SetFieldName":{"id":"shape_X2SEfBZQOV","newName":"status","conceptId":"concept_ih3SUD_getlocationsresponse"}},{"AssignType":{"id":"shape_X2SEfBZQOV","to":{"StringT":{}},"conceptId":"concept_ih3SUD_getlocationsresponse"}},{"AddField":{"parentId":"shape_JDIM5q0Q9s","id":"shape_95Erx3OTzC","conceptId":"concept_ih3SUD_getlocationsresponse"}},{"SetFieldName":{"id":"shape_95Erx3OTzC","newName":"ts","conceptId":"concept_ih3SUD_getlocationsresponse"}},{"AssignType":{"id":"shape_95Erx3OTzC","to":{"IntegerT":{}},"conceptId":"concept_ih3SUD_getlocationsresponse"}},{"AssignType":{"id":"shape_Kmke6kPksk","to":{"ObjectT":{}},"conceptId":"concept_LZxzeA_api401response"}},{"AddField":{"parentId":"shape_Kmke6kPksk","id":"shape_nNAAQsdRmX","conceptId":"concept_LZxzeA_api401response"}},{"SetFieldName":{"id":"shape_nNAAQsdRmX","newName":"msg","conceptId":"concept_LZxzeA_api401response"}},{"AssignType":{"id":"shape_nNAAQsdRmX","to":{"StringT":{}},"conceptId":"concept_LZxzeA_api401response"}},{"AddField":{"parentId":"shape_Kmke6kPksk","id":"shape_XTMnhmi0Qa","conceptId":"concept_LZxzeA_api401response"}},{"SetFieldName":{"id":"shape_XTMnhmi0Qa","newName":"status","conceptId":"concept_LZxzeA_api401response"}},{"AssignType":{"id":"shape_XTMnhmi0Qa","to":{"StringT":{}},"conceptId":"concept_LZxzeA_api401response"}},{"AddField":{"parentId":"shape_Kmke6kPksk","id":"shape_2zUDG1Iqzi","conceptId":"concept_LZxzeA_api401response"}},{"SetFieldName":{"id":"shape_2zUDG1Iqzi","newName":"ts","conceptId":"concept_LZxzeA_api401response"}},{"AssignType":{"id":"shape_2zUDG1Iqzi","to":{"IntegerT":{}},"conceptId":"concept_LZxzeA_api401response"}},{"AddPathComponent":{"pathId":"MWHULB_path_0","parentPathId":"root","name":"getFeedVersions"}},{"AddPathComponent":{"pathId":"MWHULB_path_1","parentPathId":"root","name":"getFeeds"}},{"AddPathComponent":{"pathId":"MWHULB_path_2","parentPathId":"root","name":"getLatestFeedVersion"}},{"AddPathComponent":{"pathId":"MWHULB_path_3","parentPathId":"root","name":"getLocations"}},{"AddRequest":{"requestId":"path_x5TMqI7icL}_get","pathId":"MWHULB_path_0","httpMethod":"get"}},{"AddResponse":{"responseId":"response_7balPWgfgC","requestId":"path_x5TMqI7icL}_get","httpStatusCode":200}},{"DefineInlineConcept":{"root":"shape_QojYa1F6Nf","conceptId":"concept_tIUROHA9HrAJ"}},{"AssignType":{"id":"shape_QojYa1F6Nf","to":{"RefT":{"conceptId":"concept_DjG46j_getfeedversionsresponse"}},"conceptId":"concept_tIUROHA9HrAJ"}},{"AddRequest":{"requestId":"path_GLrxBl8X0z}_get","pathId":"MWHULB_path_1","httpMethod":"get"}},{"AddResponse":{"responseId":"response_V6dT5WzNWL","requestId":"path_GLrxBl8X0z}_get","httpStatusCode":200}},{"DefineInlineConcept":{"root":"shape_o1u1dolLND","conceptId":"concept_T9GMW1Wnf0nB"}},{"AssignType":{"id":"shape_o1u1dolLND","to":{"RefT":{"conceptId":"concept_Tk1L0U_getfeedsresponse"}},"conceptId":"concept_T9GMW1Wnf0nB"}},{"AddRequest":{"requestId":"path_VfiCwkfaC6}_get","pathId":"MWHULB_path_2","httpMethod":"get"}},{"AddResponse":{"responseId":"response_vwEujOhG8l","requestId":"path_VfiCwkfaC6}_get","httpStatusCode":200}},{"DefineInlineConcept":{"root":"shape_jOpg1Je2mG","conceptId":"concept_z0cGnuGfsrkT"}},{"AssignType":{"id":"shape_jOpg1Je2mG","to":{"RefT":{"conceptId":"concept_6hk7Av_getlatestfeedversionresponse"}},"conceptId":"concept_z0cGnuGfsrkT"}},{"AddResponse":{"responseId":"response_HN2dz72sgI","requestId":"path_VfiCwkfaC6}_get","httpStatusCode":302}},{"AddRequest":{"requestId":"path_IvopRhfPMb}_get","pathId":"MWHULB_path_3","httpMethod":"get"}},{"AddResponse":{"responseId":"response_p8dax1IgSy","requestId":"path_IvopRhfPMb}_get","httpStatusCode":200}},{"DefineInlineConcept":{"root":"shape_prOQgSqt3R","conceptId":"concept_RT5uZUm3AyZQ"}},{"AssignType":{"id":"shape_prOQgSqt3R","to":{"RefT":{"conceptId":"concept_ih3SUD_getlocationsresponse"}},"conceptId":"concept_RT5uZUm3AyZQ"}},{"AddResponse":{"responseId":"response_G1CLKN9ltl","requestId":"path_IvopRhfPMb}_get","httpStatusCode":401}},{"DefineInlineConcept":{"root":"shape_uOkBX1Btfa","conceptId":"concept_6865yD5kFyBq"}},{"AssignType":{"id":"shape_uOkBX1Btfa","to":{"RefT":{"conceptId":"concept_LZxzeA_api401response"}},"conceptId":"concept_6865yD5kFyBq"}},{"AddResponse":{"responseId":"response_DeoQ9Jw4rp","requestId":"path_IvopRhfPMb}_get","httpStatusCode":404}},{"DefineInlineConcept":{"root":"shape_RLL3hvhA29","conceptId":"concept_k5wMzVKw09q9"}},{"AssignType":{"id":"shape_RLL3hvhA29","to":{"RefT":{"conceptId":"concept_wr2cen_api404response"}},"conceptId":"concept_k5wMzVKw09q9"}},{"SetResponseBodyShape":{"responseId":"response_7balPWgfgC","bodyDescriptor":{"httpContentType":"application/json","conceptId":"concept_tIUROHA9HrAJ"}}},{"SetResponseBodyShape":{"responseId":"response_V6dT5WzNWL","bodyDescriptor":{"httpContentType":"application/json","conceptId":"concept_T9GMW1Wnf0nB"}}},{"SetResponseBodyShape":{"responseId":"response_vwEujOhG8l","bodyDescriptor":{"httpContentType":"application/json","conceptId":"concept_z0cGnuGfsrkT"}}},{"SetResponseBodyShape":{"responseId":"response_p8dax1IgSy","bodyDescriptor":{"httpContentType":"application/json","conceptId":"concept_RT5uZUm3AyZQ"}}},{"SetResponseBodyShape":{"responseId":"response_G1CLKN9ltl","bodyDescriptor":{"httpContentType":"application/json","conceptId":"concept_6865yD5kFyBq"}}},{"SetResponseBodyShape":{"responseId":"response_DeoQ9Jw4rp","bodyDescriptor":{"httpContentType":"application/json","conceptId":"concept_k5wMzVKw09q9"}}}]