[{"DefineConcept":{"name":"AirportDto","root":"shape_x1Ci4r5dFD","conceptId":"concept_zLX9qy_airportdto"}},{"SetConceptName":{"newName":"AirportDto","conceptId":"concept_zLX9qy_airportdto"}},{"DefineConcept":{"name":"NearestAirportDtoArray","root":"shape_Wgo3ArTgM5","conceptId":"concept_rYqAJe_nearestairportdtoarray"}},{"SetConceptName":{"newName":"NearestAirportDtoArray","conceptId":"concept_rYqAJe_nearestairportdtoarray"}},{"DefineConcept":{"name":"Country","root":"shape_n6Qim59Iqx","conceptId":"concept_DKQEWU_country"}},{"SetConceptName":{"newName":"Country","conceptId":"concept_DKQEWU_country"}},{"DefineConcept":{"name":"AirportDtoArray","root":"shape_usmr1J6qCD","conceptId":"concept_u80SwD_airportdtoarray"}},{"SetConceptName":{"newName":"AirportDtoArray","conceptId":"concept_u80SwD_airportdtoarray"}},{"DefineConcept":{"name":"NearestAirportDto","root":"shape_Jy1zvQD7Yo","conceptId":"concept_GIMo95_nearestairportdto"}},{"SetConceptName":{"newName":"NearestAirportDto","conceptId":"concept_GIMo95_nearestairportdto"}},{"DefineConcept":{"name":"AirportDetailsDto","root":"shape_k4YE8UmSWr","conceptId":"concept_0CQJ80_airportdetailsdto"}},{"SetConceptName":{"newName":"AirportDetailsDto","conceptId":"concept_0CQJ80_airportdetailsdto"}},{"DefineConcept":{"name":"BadRequestResponse","root":"shape_HjYiKV27iW","conceptId":"concept_pWjQp1_badrequestresponse"}},{"SetConceptName":{"newName":"BadRequestResponse","conceptId":"concept_pWjQp1_badrequestresponse"}},{"DefineConcept":{"name":"GeoCoordinates","root":"shape_dMDSrw8IVD","conceptId":"concept_Ijl7wS_geocoordinates"}},{"SetConceptName":{"newName":"GeoCoordinates","conceptId":"concept_Ijl7wS_geocoordinates"}},{"DefineConcept":{"name":"InternalServerErrorResponse","root":"shape_6Aco108hQ0","conceptId":"concept_Z3160E_internalservererrorresponse"}},{"SetConceptName":{"newName":"InternalServerErrorResponse","conceptId":"concept_Z3160E_internalservererrorresponse"}},{"DefineConcept":{"name":"Link","root":"shape_2FqJwn3dOS","conceptId":"concept_LqU9XB_link"}},{"SetConceptName":{"newName":"Link","conceptId":"concept_LqU9XB_link"}},{"AssignType":{"id":"shape_x1Ci4r5dFD","to":{"ObjectT":{}},"conceptId":"concept_zLX9qy_airportdto"}},{"AddField":{"parentId":"shape_x1Ci4r5dFD","id":"shape_viruafByAe","conceptId":"concept_zLX9qy_airportdto"}},{"SetFieldName":{"id":"shape_viruafByAe","newName":"city","conceptId":"concept_zLX9qy_airportdto"}},{"AssignType":{"id":"shape_viruafByAe","to":{"StringT":{}},"conceptId":"concept_zLX9qy_airportdto"}},{"AddField":{"parentId":"shape_x1Ci4r5dFD","id":"shape_tNFQuWZoES","conceptId":"concept_zLX9qy_airportdto"}},{"SetFieldName":{"id":"shape_tNFQuWZoES","newName":"name","conceptId":"concept_zLX9qy_airportdto"}},{"AssignType":{"id":"shape_tNFQuWZoES","to":{"StringT":{}},"conceptId":"concept_zLX9qy_airportdto"}},{"AddField":{"parentId":"shape_x1Ci4r5dFD","id":"shape_TJlf0KBYqr","conceptId":"concept_zLX9qy_airportdto"}},{"SetFieldName":{"id":"shape_TJlf0KBYqr","newName":"geoCoordinates","conceptId":"concept_zLX9qy_airportdto"}},{"AssignType":{"id":"shape_TJlf0KBYqr","to":{"RefT":{"conceptId":"concept_Ijl7wS_geocoordinates"}},"conceptId":"concept_zLX9qy_airportdto"}},{"AddField":{"parentId":"shape_x1Ci4r5dFD","id":"shape_SOPWrJNGKr","conceptId":"concept_zLX9qy_airportdto"}},{"SetFieldName":{"id":"shape_SOPWrJNGKr","newName":"self","conceptId":"concept_zLX9qy_airportdto"}},{"AssignType":{"id":"shape_SOPWrJNGKr","to":{"RefT":{"conceptId":"concept_LqU9XB_link"}},"conceptId":"concept_zLX9qy_airportdto"}},{"AddField":{"parentId":"shape_x1Ci4r5dFD","id":"shape_JjVuh6Wq6I","conceptId":"concept_zLX9qy_airportdto"}},{"SetFieldName":{"id":"shape_JjVuh6Wq6I","newName":"country","conceptId":"concept_zLX9qy_airportdto"}},{"AssignType":{"id":"shape_JjVuh6Wq6I","to":{"RefT":{"conceptId":"concept_DKQEWU_country"}},"conceptId":"concept_zLX9qy_airportdto"}},{"AddField":{"parentId":"shape_x1Ci4r5dFD","id":"shape_PwzyYgypCv","conceptId":"concept_zLX9qy_airportdto"}},{"SetFieldName":{"id":"shape_PwzyYgypCv","newName":"id","conceptId":"concept_zLX9qy_airportdto"}},{"AssignType":{"id":"shape_PwzyYgypCv","to":{"StringT":{}},"conceptId":"concept_zLX9qy_airportdto"}},{"AssignType":{"id":"shape_Wgo3ArTgM5","to":{"ListT":{}},"conceptId":"concept_rYqAJe_nearestairportdtoarray"}},{"AddTypeParameter":{"parentId":"shape_Wgo3ArTgM5","id":"shape_lEj3mZ5I67","conceptId":"concept_rYqAJe_nearestairportdtoarray"}},{"AssignType":{"id":"shape_lEj3mZ5I67","to":{"RefT":{"conceptId":"concept_GIMo95_nearestairportdto"}},"conceptId":"concept_rYqAJe_nearestairportdtoarray"}},{"AssignType":{"id":"shape_n6Qim59Iqx","to":{"ObjectT":{}},"conceptId":"concept_DKQEWU_country"}},{"AddField":{"parentId":"shape_n6Qim59Iqx","id":"shape_LR4D3Codwg","conceptId":"concept_DKQEWU_country"}},{"SetFieldName":{"id":"shape_LR4D3Codwg","newName":"code","conceptId":"concept_DKQEWU_country"}},{"AssignType":{"id":"shape_LR4D3Codwg","to":{"StringT":{}},"conceptId":"concept_DKQEWU_country"}},{"AddField":{"parentId":"shape_n6Qim59Iqx","id":"shape_uUGWirUJ2V","conceptId":"concept_DKQEWU_country"}},{"SetFieldName":{"id":"shape_uUGWirUJ2V","newName":"name","conceptId":"concept_DKQEWU_country"}},{"AssignType":{"id":"shape_uUGWirUJ2V","to":{"StringT":{}},"conceptId":"concept_DKQEWU_country"}},{"AssignType":{"id":"shape_usmr1J6qCD","to":{"ListT":{}},"conceptId":"concept_u80SwD_airportdtoarray"}},{"AddTypeParameter":{"parentId":"shape_usmr1J6qCD","id":"shape_YbUMDUhU9s","conceptId":"concept_u80SwD_airportdtoarray"}},{"AssignType":{"id":"shape_YbUMDUhU9s","to":{"RefT":{"conceptId":"concept_zLX9qy_airportdto"}},"conceptId":"concept_u80SwD_airportdtoarray"}},{"AssignType":{"id":"shape_Jy1zvQD7Yo","to":{"ObjectT":{}},"conceptId":"concept_GIMo95_nearestairportdto"}},{"AddField":{"parentId":"shape_Jy1zvQD7Yo","id":"shape_XSBHQt9L5I","conceptId":"concept_GIMo95_nearestairportdto"}},{"SetFieldName":{"id":"shape_XSBHQt9L5I","newName":"city","conceptId":"concept_GIMo95_nearestairportdto"}},{"AssignType":{"id":"shape_XSBHQt9L5I","to":{"StringT":{}},"conceptId":"concept_GIMo95_nearestairportdto"}},{"AddField":{"parentId":"shape_Jy1zvQD7Yo","id":"shape_Hg3KH4tqFR","conceptId":"concept_GIMo95_nearestairportdto"}},{"SetFieldName":{"id":"shape_Hg3KH4tqFR","newName":"name","conceptId":"concept_GIMo95_nearestairportdto"}},{"AssignType":{"id":"shape_Hg3KH4tqFR","to":{"StringT":{}},"conceptId":"concept_GIMo95_nearestairportdto"}},{"AddField":{"parentId":"shape_Jy1zvQD7Yo","id":"shape_A9j7SDb4Q3","conceptId":"concept_GIMo95_nearestairportdto"}},{"SetFieldName":{"id":"shape_A9j7SDb4Q3","newName":"geoCoordinates","conceptId":"concept_GIMo95_nearestairportdto"}},{"AssignType":{"id":"shape_A9j7SDb4Q3","to":{"RefT":{"conceptId":"concept_Ijl7wS_geocoordinates"}},"conceptId":"concept_GIMo95_nearestairportdto"}},{"AddField":{"parentId":"shape_Jy1zvQD7Yo","id":"shape_h3c8JGz0kg","conceptId":"concept_GIMo95_nearestairportdto"}},{"SetFieldName":{"id":"shape_h3c8JGz0kg","newName":"distanceInKm","conceptId":"concept_GIMo95_nearestairportdto"}},{"AssignType":{"id":"shape_h3c8JGz0kg","to":{"IntegerT":{}},"conceptId":"concept_GIMo95_nearestairportdto"}},{"AddField":{"parentId":"shape_Jy1zvQD7Yo","id":"shape_25TXcAI4sZ","conceptId":"concept_GIMo95_nearestairportdto"}},{"SetFieldName":{"id":"shape_25TXcAI4sZ","newName":"self","conceptId":"concept_GIMo95_nearestairportdto"}},{"AssignType":{"id":"shape_25TXcAI4sZ","to":{"RefT":{"conceptId":"concept_LqU9XB_link"}},"conceptId":"concept_GIMo95_nearestairportdto"}},{"AddField":{"parentId":"shape_Jy1zvQD7Yo","id":"shape_fBBeDhEBVo","conceptId":"concept_GIMo95_nearestairportdto"}},{"SetFieldName":{"id":"shape_fBBeDhEBVo","newName":"country","conceptId":"concept_GIMo95_nearestairportdto"}},{"AssignType":{"id":"shape_fBBeDhEBVo","to":{"RefT":{"conceptId":"concept_DKQEWU_country"}},"conceptId":"concept_GIMo95_nearestairportdto"}},{"AddField":{"parentId":"shape_Jy1zvQD7Yo","id":"shape_Dy8c0k7atU","conceptId":"concept_GIMo95_nearestairportdto"}},{"SetFieldName":{"id":"shape_Dy8c0k7atU","newName":"id","conceptId":"concept_GIMo95_nearestairportdto"}},{"AssignType":{"id":"shape_Dy8c0k7atU","to":{"StringT":{}},"conceptId":"concept_GIMo95_nearestairportdto"}},{"AssignType":{"id":"shape_k4YE8UmSWr","to":{"ObjectT":{}},"conceptId":"concept_0CQJ80_airportdetailsdto"}},{"AddField":{"parentId":"shape_k4YE8UmSWr","id":"shape_Ckb7QQh4XH","conceptId":"concept_0CQJ80_airportdetailsdto"}},{"SetFieldName":{"id":"shape_Ckb7QQh4XH","newName":"city","conceptId":"concept_0CQJ80_airportdetailsdto"}},{"AssignType":{"id":"shape_Ckb7QQh4XH","to":{"StringT":{}},"conceptId":"concept_0CQJ80_airportdetailsdto"}},{"AddField":{"parentId":"shape_k4YE8UmSWr","id":"shape_jDji0KODat","conceptId":"concept_0CQJ80_airportdetailsdto"}},{"SetFieldName":{"id":"shape_jDji0KODat","newName":"name","conceptId":"concept_0CQJ80_airportdetailsdto"}},{"AssignType":{"id":"shape_jDji0KODat","to":{"StringT":{}},"conceptId":"concept_0CQJ80_airportdetailsdto"}},{"AddField":{"parentId":"shape_k4YE8UmSWr","id":"shape_J31LU9MF3K","conceptId":"concept_0CQJ80_airportdetailsdto"}},{"SetFieldName":{"id":"shape_J31LU9MF3K","newName":"geoCoordinates","conceptId":"concept_0CQJ80_airportdetailsdto"}},{"AssignType":{"id":"shape_J31LU9MF3K","to":{"RefT":{"conceptId":"concept_Ijl7wS_geocoordinates"}},"conceptId":"concept_0CQJ80_airportdetailsdto"}},{"AddField":{"parentId":"shape_k4YE8UmSWr","id":"shape_r1nVlGj3Oz","conceptId":"concept_0CQJ80_airportdetailsdto"}},{"SetFieldName":{"id":"shape_r1nVlGj3Oz","newName":"outboundRoutes","conceptId":"concept_0CQJ80_airportdetailsdto"}},{"AssignType":{"id":"shape_r1nVlGj3Oz","to":{"RefT":{"conceptId":"concept_LqU9XB_link"}},"conceptId":"concept_0CQJ80_airportdetailsdto"}},{"AddField":{"parentId":"shape_k4YE8UmSWr","id":"shape_WACaKe04Xu","conceptId":"concept_0CQJ80_airportdetailsdto"}},{"SetFieldName":{"id":"shape_WACaKe04Xu","newName":"country","conceptId":"concept_0CQJ80_airportdetailsdto"}},{"AssignType":{"id":"shape_WACaKe04Xu","to":{"RefT":{"conceptId":"concept_DKQEWU_country"}},"conceptId":"concept_0CQJ80_airportdetailsdto"}},{"AddField":{"parentId":"shape_k4YE8UmSWr","id":"shape_hhP9VNb5TA","conceptId":"concept_0CQJ80_airportdetailsdto"}},{"SetFieldName":{"id":"shape_hhP9VNb5TA","newName":"id","conceptId":"concept_0CQJ80_airportdetailsdto"}},{"AssignType":{"id":"shape_hhP9VNb5TA","to":{"StringT":{}},"conceptId":"concept_0CQJ80_airportdetailsdto"}},{"AddField":{"parentId":"shape_k4YE8UmSWr","id":"shape_Dsufck9Ofv","conceptId":"concept_0CQJ80_airportdetailsdto"}},{"SetFieldName":{"id":"shape_Dsufck9Ofv","newName":"inboundRoutes","conceptId":"concept_0CQJ80_airportdetailsdto"}},{"AssignType":{"id":"shape_Dsufck9Ofv","to":{"RefT":{"conceptId":"concept_LqU9XB_link"}},"conceptId":"concept_0CQJ80_airportdetailsdto"}},{"AssignType":{"id":"shape_HjYiKV27iW","to":{"ObjectT":{}},"conceptId":"concept_pWjQp1_badrequestresponse"}},{"AddField":{"parentId":"shape_HjYiKV27iW","id":"shape_rPZG1EB3HL","conceptId":"concept_pWjQp1_badrequestresponse"}},{"SetFieldName":{"id":"shape_rPZG1EB3HL","newName":"errorMessages","conceptId":"concept_pWjQp1_badrequestresponse"}},{"AssignType":{"id":"shape_rPZG1EB3HL","to":{"ListT":{}},"conceptId":"concept_pWjQp1_badrequestresponse"}},{"AddTypeParameter":{"parentId":"shape_rPZG1EB3HL","id":"shape_1PEIuhQoRd","conceptId":"concept_pWjQp1_badrequestresponse"}},{"AssignType":{"id":"shape_1PEIuhQoRd","to":{"StringT":{}},"conceptId":"concept_pWjQp1_badrequestresponse"}},{"AssignType":{"id":"shape_dMDSrw8IVD","to":{"ObjectT":{}},"conceptId":"concept_Ijl7wS_geocoordinates"}},{"AddField":{"parentId":"shape_dMDSrw8IVD","id":"shape_xepScsvIJR","conceptId":"concept_Ijl7wS_geocoordinates"}},{"SetFieldName":{"id":"shape_xepScsvIJR","newName":"latitude","conceptId":"concept_Ijl7wS_geocoordinates"}},{"AssignType":{"id":"shape_xepScsvIJR","to":{"NumberT":{}},"conceptId":"concept_Ijl7wS_geocoordinates"}},{"AddField":{"parentId":"shape_dMDSrw8IVD","id":"shape_n6EunUrTdr","conceptId":"concept_Ijl7wS_geocoordinates"}},{"SetFieldName":{"id":"shape_n6EunUrTdr","newName":"longitude","conceptId":"concept_Ijl7wS_geocoordinates"}},{"AssignType":{"id":"shape_n6EunUrTdr","to":{"NumberT":{}},"conceptId":"concept_Ijl7wS_geocoordinates"}},{"AssignType":{"id":"shape_6Aco108hQ0","to":{"ObjectT":{}},"conceptId":"concept_Z3160E_internalservererrorresponse"}},{"AddField":{"parentId":"shape_6Aco108hQ0","id":"shape_yayFIoRHlN","conceptId":"concept_Z3160E_internalservererrorresponse"}},{"SetFieldName":{"id":"shape_yayFIoRHlN","newName":"errorMessage","conceptId":"concept_Z3160E_internalservererrorresponse"}},{"AssignType":{"id":"shape_yayFIoRHlN","to":{"StringT":{}},"conceptId":"concept_Z3160E_internalservererrorresponse"}},{"AddField":{"parentId":"shape_6Aco108hQ0","id":"shape_Ysk7afWmkh","conceptId":"concept_Z3160E_internalservererrorresponse"}},{"SetFieldName":{"id":"shape_Ysk7afWmkh","newName":"referenceId","conceptId":"concept_Z3160E_internalservererrorresponse"}},{"AssignType":{"id":"shape_Ysk7afWmkh","to":{"StringT":{}},"conceptId":"concept_Z3160E_internalservererrorresponse"}},{"AssignType":{"id":"shape_2FqJwn3dOS","to":{"ObjectT":{}},"conceptId":"concept_LqU9XB_link"}},{"AddField":{"parentId":"shape_2FqJwn3dOS","id":"shape_ff8qiS8FM7","conceptId":"concept_LqU9XB_link"}},{"SetFieldName":{"id":"shape_ff8qiS8FM7","newName":"href","conceptId":"concept_LqU9XB_link"}},{"AssignType":{"id":"shape_ff8qiS8FM7","to":{"StringT":{}},"conceptId":"concept_LqU9XB_link"}},{"AddPathComponent":{"pathId":"yLH10r_path_0","parentPathId":"root","name":"countrycode"}},{"AddPathParameter":{"pathId":"yLH10r_path_1","parentPathId":"yLH10r_path_0","name":"countryCode"}},{"AddPathComponent":{"pathId":"yLH10r_path_2","parentPathId":"root","name":"nearest"}},{"AddPathParameter":{"pathId":"yLH10r_path_3","parentPathId":"yLH10r_path_2","name":"id"}},{"AddPathParameter":{"pathId":"yLH10r_path_4","parentPathId":"root","name":"id"}},{"AddRequest":{"requestId":"path_s8aYoCjEwL}_get","pathId":"yLH10r_path_4","httpMethod":"get"}},{"AddResponse":{"responseId":"response_kRnlBFF354","requestId":"path_s8aYoCjEwL}_get","httpStatusCode":200}},{"DefineInlineConcept":{"root":"shape_sK09YnRoSS","conceptId":"concept_KV5SMbjINujT"}},{"AssignType":{"id":"shape_sK09YnRoSS","to":{"RefT":{"conceptId":"concept_0CQJ80_airportdetailsdto"}},"conceptId":"concept_KV5SMbjINujT"}},{"AddResponse":{"responseId":"response_9RO0oAWuUH","requestId":"path_s8aYoCjEwL}_get","httpStatusCode":400}},{"DefineInlineConcept":{"root":"shape_V0PRsExoWH","conceptId":"concept_NUj11LwBCfVj"}},{"AssignType":{"id":"shape_V0PRsExoWH","to":{"RefT":{"conceptId":"concept_pWjQp1_badrequestresponse"}},"conceptId":"concept_NUj11LwBCfVj"}},{"AddResponse":{"responseId":"response_RzhEEPbyOv","requestId":"path_s8aYoCjEwL}_get","httpStatusCode":500}},{"DefineInlineConcept":{"root":"shape_Va5knezP5l","conceptId":"concept_7LhdC4WmjOXD"}},{"AssignType":{"id":"shape_Va5knezP5l","to":{"RefT":{"conceptId":"concept_Z3160E_internalservererrorresponse"}},"conceptId":"concept_7LhdC4WmjOXD"}},{"AddRequest":{"requestId":"path_48n4IQMj0r}_get","pathId":"yLH10r_path_3","httpMethod":"get"}},{"AddResponse":{"responseId":"response_krZDgUYDtx","requestId":"path_48n4IQMj0r}_get","httpStatusCode":200}},{"DefineInlineConcept":{"root":"shape_O0Ym3Q8sDw","conceptId":"concept_wPq3jLH30UZB"}},{"AssignType":{"id":"shape_O0Ym3Q8sDw","to":{"RefT":{"conceptId":"concept_rYqAJe_nearestairportdtoarray"}},"conceptId":"concept_wPq3jLH30UZB"}},{"AddResponse":{"responseId":"response_hvpSKLM8F6","requestId":"path_48n4IQMj0r}_get","httpStatusCode":400}},{"DefineInlineConcept":{"root":"shape_mtUlo64b1y","conceptId":"concept_vrumqaE5b58C"}},{"AssignType":{"id":"shape_mtUlo64b1y","to":{"RefT":{"conceptId":"concept_pWjQp1_badrequestresponse"}},"conceptId":"concept_vrumqaE5b58C"}},{"AddResponse":{"responseId":"response_vsqYsEf2nx","requestId":"path_48n4IQMj0r}_get","httpStatusCode":500}},{"DefineInlineConcept":{"root":"shape_K5XdbvcGW9","conceptId":"concept_UUHyPZguisuf"}},{"AssignType":{"id":"shape_K5XdbvcGW9","to":{"RefT":{"conceptId":"concept_Z3160E_internalservererrorresponse"}},"conceptId":"concept_UUHyPZguisuf"}},{"AddRequest":{"requestId":"path_9LVWNnLcEk}_get","pathId":"yLH10r_path_2","httpMethod":"get"}},{"AddResponse":{"responseId":"response_WnQkFWDMUz","requestId":"path_9LVWNnLcEk}_get","httpStatusCode":200}},{"DefineInlineConcept":{"root":"shape_l3NT0isVnN","conceptId":"concept_V0h86i6PgJEm"}},{"AssignType":{"id":"shape_l3NT0isVnN","to":{"RefT":{"conceptId":"concept_rYqAJe_nearestairportdtoarray"}},"conceptId":"concept_V0h86i6PgJEm"}},{"AddResponse":{"responseId":"response_TV7jb9OCIX","requestId":"path_9LVWNnLcEk}_get","httpStatusCode":400}},{"DefineInlineConcept":{"root":"shape_VJuK6vI0os","conceptId":"concept_jwCngOY7Pe92"}},{"AssignType":{"id":"shape_VJuK6vI0os","to":{"RefT":{"conceptId":"concept_pWjQp1_badrequestresponse"}},"conceptId":"concept_jwCngOY7Pe92"}},{"AddResponse":{"responseId":"response_YB0P7ohfOL","requestId":"path_9LVWNnLcEk}_get","httpStatusCode":500}},{"DefineInlineConcept":{"root":"shape_mJ2awKzGGn","conceptId":"concept_l86w3EAGP7If"}},{"AssignType":{"id":"shape_mJ2awKzGGn","to":{"RefT":{"conceptId":"concept_Z3160E_internalservererrorresponse"}},"conceptId":"concept_l86w3EAGP7If"}},{"AddRequest":{"requestId":"path_XieaUifNvs}_get","pathId":"yLH10r_path_1","httpMethod":"get"}},{"AddResponse":{"responseId":"response_Wgp1S2Oouc","requestId":"path_XieaUifNvs}_get","httpStatusCode":200}},{"DefineInlineConcept":{"root":"shape_wwOFWSBb4H","conceptId":"concept_Hv25wB0q6q7r"}},{"AssignType":{"id":"shape_wwOFWSBb4H","to":{"RefT":{"conceptId":"concept_u80SwD_airportdtoarray"}},"conceptId":"concept_Hv25wB0q6q7r"}},{"AddResponse":{"responseId":"response_HIcz170hOk","requestId":"path_XieaUifNvs}_get","httpStatusCode":400}},{"DefineInlineConcept":{"root":"shape_PYioDkYHCQ","conceptId":"concept_Yd539lq0VPyH"}},{"AssignType":{"id":"shape_PYioDkYHCQ","to":{"RefT":{"conceptId":"concept_pWjQp1_badrequestresponse"}},"conceptId":"concept_Yd539lq0VPyH"}},{"AddResponse":{"responseId":"response_QS2SH4mX3D","requestId":"path_XieaUifNvs}_get","httpStatusCode":500}},{"DefineInlineConcept":{"root":"shape_1FRufRCHK8","conceptId":"concept_AKQoBSGsTIwC"}},{"AssignType":{"id":"shape_1FRufRCHK8","to":{"RefT":{"conceptId":"concept_Z3160E_internalservererrorresponse"}},"conceptId":"concept_AKQoBSGsTIwC"}},{"AddRequest":{"requestId":"path_UaRzJOx8d5}_get","pathId":"root","httpMethod":"get"}},{"AddResponse":{"responseId":"response_Fg3o6hBpVe","requestId":"path_UaRzJOx8d5}_get","httpStatusCode":200}},{"DefineInlineConcept":{"root":"shape_xJHY557ivn","conceptId":"concept_v7d4v6Ml7GpX"}},{"AssignType":{"id":"shape_xJHY557ivn","to":{"RefT":{"conceptId":"concept_u80SwD_airportdtoarray"}},"conceptId":"concept_v7d4v6Ml7GpX"}},{"AddResponse":{"responseId":"response_JMMlM3nCtw","requestId":"path_UaRzJOx8d5}_get","httpStatusCode":400}},{"DefineInlineConcept":{"root":"shape_1f2CEX4mtz","conceptId":"concept_hlabVtqjNi76"}},{"AssignType":{"id":"shape_1f2CEX4mtz","to":{"RefT":{"conceptId":"concept_pWjQp1_badrequestresponse"}},"conceptId":"concept_hlabVtqjNi76"}},{"AddResponse":{"responseId":"response_g3syPiK65J","requestId":"path_UaRzJOx8d5}_get","httpStatusCode":500}},{"DefineInlineConcept":{"root":"shape_yGeft86TZD","conceptId":"concept_INnT1Ap1TY6G"}},{"AssignType":{"id":"shape_yGeft86TZD","to":{"RefT":{"conceptId":"concept_Z3160E_internalservererrorresponse"}},"conceptId":"concept_INnT1Ap1TY6G"}},{"SetResponseBodyShape":{"responseId":"response_kRnlBFF354","bodyDescriptor":{"httpContentType":"text/plain","conceptId":"concept_KV5SMbjINujT"}}},{"SetResponseBodyShape":{"responseId":"response_9RO0oAWuUH","bodyDescriptor":{"httpContentType":"text/plain","conceptId":"concept_NUj11LwBCfVj"}}},{"SetResponseBodyShape":{"responseId":"response_RzhEEPbyOv","bodyDescriptor":{"httpContentType":"text/plain","conceptId":"concept_7LhdC4WmjOXD"}}},{"SetResponseBodyShape":{"responseId":"response_krZDgUYDtx","bodyDescriptor":{"httpContentType":"text/plain","conceptId":"concept_wPq3jLH30UZB"}}},{"SetResponseBodyShape":{"responseId":"response_hvpSKLM8F6","bodyDescriptor":{"httpContentType":"text/plain","conceptId":"concept_vrumqaE5b58C"}}},{"SetResponseBodyShape":{"responseId":"response_vsqYsEf2nx","bodyDescriptor":{"httpContentType":"text/plain","conceptId":"concept_UUHyPZguisuf"}}},{"SetResponseBodyShape":{"responseId":"response_WnQkFWDMUz","bodyDescriptor":{"httpContentType":"text/plain","conceptId":"concept_V0h86i6PgJEm"}}},{"SetResponseBodyShape":{"responseId":"response_TV7jb9OCIX","bodyDescriptor":{"httpContentType":"text/plain","conceptId":"concept_jwCngOY7Pe92"}}},{"SetResponseBodyShape":{"responseId":"response_YB0P7ohfOL","bodyDescriptor":{"httpContentType":"text/plain","conceptId":"concept_l86w3EAGP7If"}}},{"SetResponseBodyShape":{"responseId":"response_Wgp1S2Oouc","bodyDescriptor":{"httpContentType":"text/plain","conceptId":"concept_Hv25wB0q6q7r"}}},{"SetResponseBodyShape":{"responseId":"response_HIcz170hOk","bodyDescriptor":{"httpContentType":"text/plain","conceptId":"concept_Yd539lq0VPyH"}}},{"SetResponseBodyShape":{"responseId":"response_QS2SH4mX3D","bodyDescriptor":{"httpContentType":"text/plain","conceptId":"concept_AKQoBSGsTIwC"}}},{"SetResponseBodyShape":{"responseId":"response_Fg3o6hBpVe","bodyDescriptor":{"httpContentType":"text/plain","conceptId":"concept_v7d4v6Ml7GpX"}}},{"SetResponseBodyShape":{"responseId":"response_JMMlM3nCtw","bodyDescriptor":{"httpContentType":"text/plain","conceptId":"concept_hlabVtqjNi76"}}},{"SetResponseBodyShape":{"responseId":"response_g3syPiK65J","bodyDescriptor":{"httpContentType":"text/plain","conceptId":"concept_INnT1Ap1TY6G"}}}]