[{"DefineConcept":{"name":"SetOrientationExternalPayload","root":"shape_lbxLaSItHt","conceptId":"concept_kNDZ4I_setorientationexternalpayload"}},{"SetConceptName":{"newName":"SetOrientationExternalPayload","conceptId":"concept_kNDZ4I_setorientationexternalpayload"}},{"DefineConcept":{"name":"WaterlinkedTemperature","root":"shape_apZV9NoEmz","conceptId":"concept_iObNd1_waterlinkedtemperature"}},{"SetConceptName":{"newName":"WaterlinkedTemperature","conceptId":"concept_iObNd1_waterlinkedtemperature"}},{"DefineConcept":{"name":"WaterlinkedReceiverCollection","root":"shape_cGvMqvyx3z","conceptId":"concept_1KpuFY_waterlinkedreceivercollection"}},{"SetConceptName":{"newName":"WaterlinkedReceiverCollection","conceptId":"concept_1KpuFY_waterlinkedreceivercollection"}},{"DefineConcept":{"name":"WlWarning","root":"shape_OUhGK9Lt1P","conceptId":"concept_NA38Ls_wlwarning"}},{"SetConceptName":{"newName":"WlWarning","conceptId":"concept_NA38Ls_wlwarning"}},{"DefineConcept":{"name":"CreatePoiPayload","root":"shape_QfJauNRcU8","conceptId":"concept_pdsAvj_createpoipayload"}},{"SetConceptName":{"newName":"CreatePoiPayload","conceptId":"concept_pdsAvj_createpoipayload"}},{"DefineConcept":{"name":"WaterlinkedStatus","root":"shape_8FHxslkYSL","conceptId":"concept_Ay3oXB_waterlinkedstatus"}},{"SetConceptName":{"newName":"WaterlinkedStatus","conceptId":"concept_Ay3oXB_waterlinkedstatus"}},{"DefineConcept":{"name":"WaterlinkedAbout","root":"shape_7lCFGqgBO1","conceptId":"concept_Ep8G9e_waterlinkedabout"}},{"SetConceptName":{"newName":"WaterlinkedAbout","conceptId":"concept_Ep8G9e_waterlinkedabout"}},{"DefineConcept":{"name":"ModifyConfigPayload","root":"shape_ITMSoSa3n7","conceptId":"concept_uHBnCr_modifyconfigpayload"}},{"SetConceptName":{"newName":"ModifyConfigPayload","conceptId":"concept_uHBnCr_modifyconfigpayload"}},{"DefineConcept":{"name":"WaterlinkedAccousticPosition","root":"shape_88cVaCZfsz","conceptId":"concept_hR9QQ2_waterlinkedaccousticposition"}},{"SetConceptName":{"newName":"WaterlinkedAccousticPosition","conceptId":"concept_hR9QQ2_waterlinkedaccousticposition"}},{"DefineConcept":{"name":"WlExternalLocatorOrientation","root":"shape_d6vdIvB7GQ","conceptId":"concept_sk8WP7_wlexternallocatororientation"}},{"SetConceptName":{"newName":"WlExternalLocatorOrientation","conceptId":"concept_sk8WP7_wlexternallocatororientation"}},{"DefineConcept":{"name":"SetDepthExternalPayload","root":"shape_hoeiCj49dw","conceptId":"concept_koF65b_setdepthexternalpayload"}},{"SetConceptName":{"newName":"SetDepthExternalPayload","conceptId":"concept_koF65b_setdepthexternalpayload"}},{"DefineConcept":{"name":"UpdatePoiPayload","root":"shape_2igbInY28k","conceptId":"concept_xAQ2gE_updatepoipayload"}},{"SetConceptName":{"newName":"UpdatePoiPayload","conceptId":"concept_xAQ2gE_updatepoipayload"}},{"DefineConcept":{"name":"WupdaterApiversion","root":"shape_SublgFadCb","conceptId":"concept_eUbYdr_wupdaterapiversion"}},{"SetConceptName":{"newName":"WupdaterApiversion","conceptId":"concept_eUbYdr_wupdaterapiversion"}},{"DefineConcept":{"name":"error","root":"shape_kFtoisZdHs","conceptId":"concept_IYJ8bW_error"}},{"SetConceptName":{"newName":"error","conceptId":"concept_IYJ8bW_error"}},{"DefineConcept":{"name":"ModifyReceiverConfigPayload","root":"shape_mUJ2vN7S6D","conceptId":"concept_F4U50k_modifyreceiverconfigpayload"}},{"SetConceptName":{"newName":"ModifyReceiverConfigPayload","conceptId":"concept_F4U50k_modifyreceiverconfigpayload"}},{"DefineConcept":{"name":"SetMasterExternalPayload","root":"shape_YwSPn4VwWV","conceptId":"concept_jFymmY_setmasterexternalpayload"}},{"SetConceptName":{"newName":"SetMasterExternalPayload","conceptId":"concept_jFymmY_setmasterexternalpayload"}},{"DefineConcept":{"name":"WlWarningCollection","root":"shape_Eo6edpWnA9","conceptId":"concept_stvoiW_wlwarningcollection"}},{"SetConceptName":{"newName":"WlWarningCollection","conceptId":"concept_stvoiW_wlwarningcollection"}},{"DefineConcept":{"name":"WaterlinkedReceiver","root":"shape_hdwftY8zGk","conceptId":"concept_LRlmde_waterlinkedreceiver"}},{"SetConceptName":{"newName":"WaterlinkedReceiver","conceptId":"concept_LRlmde_waterlinkedreceiver"}},{"DefineConcept":{"name":"WaterlinkedConfiguration","root":"shape_s3b3SsL6zr","conceptId":"concept_EGfwB7_waterlinkedconfiguration"}},{"SetConceptName":{"newName":"WaterlinkedConfiguration","conceptId":"concept_EGfwB7_waterlinkedconfiguration"}},{"DefineConcept":{"name":"WlSatellitePosition","root":"shape_q7g7QsRnxb","conceptId":"concept_gzP1DH_wlsatelliteposition"}},{"SetConceptName":{"newName":"WlSatellitePosition","conceptId":"concept_gzP1DH_wlsatelliteposition"}},{"DefineConcept":{"name":"WaterlinkedPoiCollection","root":"shape_9ZG5FXfg5K","conceptId":"concept_ODwSmm_waterlinkedpoicollection"}},{"SetConceptName":{"newName":"WaterlinkedPoiCollection","conceptId":"concept_ODwSmm_waterlinkedpoicollection"}},{"DefineConcept":{"name":"WaterlinkedPoi","root":"shape_1viSM0Lz52","conceptId":"concept_X4sVoT_waterlinkedpoi"}},{"SetConceptName":{"newName":"WaterlinkedPoi","conceptId":"concept_X4sVoT_waterlinkedpoi"}},{"AssignType":{"id":"shape_lbxLaSItHt","to":{"ObjectT":{}},"conceptId":"concept_kNDZ4I_setorientationexternalpayload"}},{"AddField":{"parentId":"shape_lbxLaSItHt","id":"shape_JaAm4qlYLs","conceptId":"concept_kNDZ4I_setorientationexternalpayload"}},{"SetFieldName":{"id":"shape_JaAm4qlYLs","newName":"orientation","conceptId":"concept_kNDZ4I_setorientationexternalpayload"}},{"AssignType":{"id":"shape_JaAm4qlYLs","to":{"NumberT":{}},"conceptId":"concept_kNDZ4I_setorientationexternalpayload"}},{"AssignType":{"id":"shape_apZV9NoEmz","to":{"ObjectT":{}},"conceptId":"concept_iObNd1_waterlinkedtemperature"}},{"AddField":{"parentId":"shape_apZV9NoEmz","id":"shape_5HcHi2nZ3i","conceptId":"concept_iObNd1_waterlinkedtemperature"}},{"SetFieldName":{"id":"shape_5HcHi2nZ3i","newName":"board","conceptId":"concept_iObNd1_waterlinkedtemperature"}},{"AssignType":{"id":"shape_5HcHi2nZ3i","to":{"NumberT":{}},"conceptId":"concept_iObNd1_waterlinkedtemperature"}},{"AssignType":{"id":"shape_cGvMqvyx3z","to":{"ListT":{}},"conceptId":"concept_1KpuFY_waterlinkedreceivercollection"}},{"AddTypeParameter":{"parentId":"shape_cGvMqvyx3z","id":"shape_SWKQDbUaLb","conceptId":"concept_1KpuFY_waterlinkedreceivercollection"}},{"AssignType":{"id":"shape_SWKQDbUaLb","to":{"RefT":{"conceptId":"concept_LRlmde_waterlinkedreceiver"}},"conceptId":"concept_1KpuFY_waterlinkedreceivercollection"}},{"AssignType":{"id":"shape_OUhGK9Lt1P","to":{"ObjectT":{}},"conceptId":"concept_NA38Ls_wlwarning"}},{"AddField":{"parentId":"shape_OUhGK9Lt1P","id":"shape_zESOP8BRY5","conceptId":"concept_NA38Ls_wlwarning"}},{"SetFieldName":{"id":"shape_zESOP8BRY5","newName":"id","conceptId":"concept_NA38Ls_wlwarning"}},{"AssignType":{"id":"shape_zESOP8BRY5","to":{"StringT":{}},"conceptId":"concept_NA38Ls_wlwarning"}},{"AddField":{"parentId":"shape_OUhGK9Lt1P","id":"shape_PlV4PWKeVa","conceptId":"concept_NA38Ls_wlwarning"}},{"SetFieldName":{"id":"shape_PlV4PWKeVa","newName":"message","conceptId":"concept_NA38Ls_wlwarning"}},{"AssignType":{"id":"shape_PlV4PWKeVa","to":{"StringT":{}},"conceptId":"concept_NA38Ls_wlwarning"}},{"AddField":{"parentId":"shape_OUhGK9Lt1P","id":"shape_zKPVoQ5Nge","conceptId":"concept_NA38Ls_wlwarning"}},{"SetFieldName":{"id":"shape_zKPVoQ5Nge","newName":"severity","conceptId":"concept_NA38Ls_wlwarning"}},{"AssignType":{"id":"shape_zKPVoQ5Nge","to":{"StringT":{}},"conceptId":"concept_NA38Ls_wlwarning"}},{"AssignType":{"id":"shape_QfJauNRcU8","to":{"ObjectT":{}},"conceptId":"concept_pdsAvj_createpoipayload"}},{"AddField":{"parentId":"shape_QfJauNRcU8","id":"shape_rPtiYntoRA","conceptId":"concept_pdsAvj_createpoipayload"}},{"SetFieldName":{"id":"shape_rPtiYntoRA","newName":"name","conceptId":"concept_pdsAvj_createpoipayload"}},{"AssignType":{"id":"shape_rPtiYntoRA","to":{"StringT":{}},"conceptId":"concept_pdsAvj_createpoipayload"}},{"AddField":{"parentId":"shape_QfJauNRcU8","id":"shape_pOuxbmtdeR","conceptId":"concept_pdsAvj_createpoipayload"}},{"SetFieldName":{"id":"shape_pOuxbmtdeR","newName":"lng","conceptId":"concept_pdsAvj_createpoipayload"}},{"AssignType":{"id":"shape_pOuxbmtdeR","to":{"NumberT":{}},"conceptId":"concept_pdsAvj_createpoipayload"}},{"AddField":{"parentId":"shape_QfJauNRcU8","id":"shape_6R4lq8MGRn","conceptId":"concept_pdsAvj_createpoipayload"}},{"SetFieldName":{"id":"shape_6R4lq8MGRn","newName":"visible","conceptId":"concept_pdsAvj_createpoipayload"}},{"AssignType":{"id":"shape_6R4lq8MGRn","to":{"BooleanT":{}},"conceptId":"concept_pdsAvj_createpoipayload"}},{"AddField":{"parentId":"shape_QfJauNRcU8","id":"shape_1bKXelTl6F","conceptId":"concept_pdsAvj_createpoipayload"}},{"SetFieldName":{"id":"shape_1bKXelTl6F","newName":"icon","conceptId":"concept_pdsAvj_createpoipayload"}},{"AssignType":{"id":"shape_1bKXelTl6F","to":{"StringT":{}},"conceptId":"concept_pdsAvj_createpoipayload"}},{"AddField":{"parentId":"shape_QfJauNRcU8","id":"shape_1slDAGAasH","conceptId":"concept_pdsAvj_createpoipayload"}},{"SetFieldName":{"id":"shape_1slDAGAasH","newName":"id","conceptId":"concept_pdsAvj_createpoipayload"}},{"AssignType":{"id":"shape_1slDAGAasH","to":{"IntegerT":{}},"conceptId":"concept_pdsAvj_createpoipayload"}},{"AddField":{"parentId":"shape_QfJauNRcU8","id":"shape_oqOnNjJuD2","conceptId":"concept_pdsAvj_createpoipayload"}},{"SetFieldName":{"id":"shape_oqOnNjJuD2","newName":"depth","conceptId":"concept_pdsAvj_createpoipayload"}},{"AssignType":{"id":"shape_oqOnNjJuD2","to":{"NumberT":{}},"conceptId":"concept_pdsAvj_createpoipayload"}},{"AddField":{"parentId":"shape_QfJauNRcU8","id":"shape_roCOn1AXc8","conceptId":"concept_pdsAvj_createpoipayload"}},{"SetFieldName":{"id":"shape_roCOn1AXc8","newName":"lat","conceptId":"concept_pdsAvj_createpoipayload"}},{"AssignType":{"id":"shape_roCOn1AXc8","to":{"NumberT":{}},"conceptId":"concept_pdsAvj_createpoipayload"}},{"AssignType":{"id":"shape_8FHxslkYSL","to":{"ObjectT":{}},"conceptId":"concept_Ay3oXB_waterlinkedstatus"}},{"AddField":{"parentId":"shape_8FHxslkYSL","id":"shape_xZ93RP7bhU","conceptId":"concept_Ay3oXB_waterlinkedstatus"}},{"SetFieldName":{"id":"shape_xZ93RP7bhU","newName":"gps","conceptId":"concept_Ay3oXB_waterlinkedstatus"}},{"AssignType":{"id":"shape_xZ93RP7bhU","to":{"IntegerT":{}},"conceptId":"concept_Ay3oXB_waterlinkedstatus"}},{"AddField":{"parentId":"shape_8FHxslkYSL","id":"shape_qQPT163evf","conceptId":"concept_Ay3oXB_waterlinkedstatus"}},{"SetFieldName":{"id":"shape_qQPT163evf","newName":"imu","conceptId":"concept_Ay3oXB_waterlinkedstatus"}},{"AssignType":{"id":"shape_qQPT163evf","to":{"IntegerT":{}},"conceptId":"concept_Ay3oXB_waterlinkedstatus"}},{"AssignType":{"id":"shape_7lCFGqgBO1","to":{"ObjectT":{}},"conceptId":"concept_Ep8G9e_waterlinkedabout"}},{"AddField":{"parentId":"shape_7lCFGqgBO1","id":"shape_vpOrSpGdhY","conceptId":"concept_Ep8G9e_waterlinkedabout"}},{"SetFieldName":{"id":"shape_vpOrSpGdhY","newName":"chipid","conceptId":"concept_Ep8G9e_waterlinkedabout"}},{"AssignType":{"id":"shape_vpOrSpGdhY","to":{"StringT":{}},"conceptId":"concept_Ep8G9e_waterlinkedabout"}},{"AddField":{"parentId":"shape_7lCFGqgBO1","id":"shape_MEm1sqTf1v","conceptId":"concept_Ep8G9e_waterlinkedabout"}},{"SetFieldName":{"id":"shape_MEm1sqTf1v","newName":"version","conceptId":"concept_Ep8G9e_waterlinkedabout"}},{"AssignType":{"id":"shape_MEm1sqTf1v","to":{"StringT":{}},"conceptId":"concept_Ep8G9e_waterlinkedabout"}},{"AddField":{"parentId":"shape_7lCFGqgBO1","id":"shape_SdDeED1p13","conceptId":"concept_Ep8G9e_waterlinkedabout"}},{"SetFieldName":{"id":"shape_SdDeED1p13","newName":"version_short","conceptId":"concept_Ep8G9e_waterlinkedabout"}},{"AssignType":{"id":"shape_SdDeED1p13","to":{"StringT":{}},"conceptId":"concept_Ep8G9e_waterlinkedabout"}},{"AssignType":{"id":"shape_ITMSoSa3n7","to":{"ObjectT":{}},"conceptId":"concept_uHBnCr_modifyconfigpayload"}},{"AddField":{"parentId":"shape_ITMSoSa3n7","id":"shape_vwB6tQwqyt","conceptId":"concept_uHBnCr_modifyconfigpayload"}},{"SetFieldName":{"id":"shape_vwB6tQwqyt","newName":"static_lon","conceptId":"concept_uHBnCr_modifyconfigpayload"}},{"AssignType":{"id":"shape_vwB6tQwqyt","to":{"NumberT":{}},"conceptId":"concept_uHBnCr_modifyconfigpayload"}},{"AddField":{"parentId":"shape_ITMSoSa3n7","id":"shape_SOjMSpe08O","conceptId":"concept_uHBnCr_modifyconfigpayload"}},{"SetFieldName":{"id":"shape_SOjMSpe08O","newName":"channel","conceptId":"concept_uHBnCr_modifyconfigpayload"}},{"AssignType":{"id":"shape_SOjMSpe08O","to":{"IntegerT":{}},"conceptId":"concept_uHBnCr_modifyconfigpayload"}},{"AddField":{"parentId":"shape_ITMSoSa3n7","id":"shape_h123DKlfLA","conceptId":"concept_uHBnCr_modifyconfigpayload"}},{"SetFieldName":{"id":"shape_h123DKlfLA","newName":"range_max_z","conceptId":"concept_uHBnCr_modifyconfigpayload"}},{"AssignType":{"id":"shape_h123DKlfLA","to":{"NumberT":{}},"conceptId":"concept_uHBnCr_modifyconfigpayload"}},{"AddField":{"parentId":"shape_ITMSoSa3n7","id":"shape_NwBidZ7AHf","conceptId":"concept_uHBnCr_modifyconfigpayload"}},{"SetFieldName":{"id":"shape_NwBidZ7AHf","newName":"range_min_y","conceptId":"concept_uHBnCr_modifyconfigpayload"}},{"AssignType":{"id":"shape_NwBidZ7AHf","to":{"NumberT":{}},"conceptId":"concept_uHBnCr_modifyconfigpayload"}},{"AddField":{"parentId":"shape_ITMSoSa3n7","id":"shape_i0BGohf3HI","conceptId":"concept_uHBnCr_modifyconfigpayload"}},{"SetFieldName":{"id":"shape_i0BGohf3HI","newName":"compass","conceptId":"concept_uHBnCr_modifyconfigpayload"}},{"AssignType":{"id":"shape_i0BGohf3HI","to":{"StringT":{}},"conceptId":"concept_uHBnCr_modifyconfigpayload"}},{"AddField":{"parentId":"shape_ITMSoSa3n7","id":"shape_8rxEUQj7J0","conceptId":"concept_uHBnCr_modifyconfigpayload"}},{"SetFieldName":{"id":"shape_8rxEUQj7J0","newName":"gps","conceptId":"concept_uHBnCr_modifyconfigpayload"}},{"AssignType":{"id":"shape_8rxEUQj7J0","to":{"StringT":{}},"conceptId":"concept_uHBnCr_modifyconfigpayload"}},{"AddField":{"parentId":"shape_ITMSoSa3n7","id":"shape_EdivuNoNyH","conceptId":"concept_uHBnCr_modifyconfigpayload"}},{"SetFieldName":{"id":"shape_EdivuNoNyH","newName":"static_orientation","conceptId":"concept_uHBnCr_modifyconfigpayload"}},{"AssignType":{"id":"shape_EdivuNoNyH","to":{"NumberT":{}},"conceptId":"concept_uHBnCr_modifyconfigpayload"}},{"AddField":{"parentId":"shape_ITMSoSa3n7","id":"shape_wVEOkhpBld","conceptId":"concept_uHBnCr_modifyconfigpayload"}},{"SetFieldName":{"id":"shape_wVEOkhpBld","newName":"locator_type","conceptId":"concept_uHBnCr_modifyconfigpayload"}},{"AssignType":{"id":"shape_wVEOkhpBld","to":{"StringT":{}},"conceptId":"concept_uHBnCr_modifyconfigpayload"}},{"AddField":{"parentId":"shape_ITMSoSa3n7","id":"shape_LGO6noM8Ux","conceptId":"concept_uHBnCr_modifyconfigpayload"}},{"SetFieldName":{"id":"shape_LGO6noM8Ux","newName":"range_max_x","conceptId":"concept_uHBnCr_modifyconfigpayload"}},{"AssignType":{"id":"shape_LGO6noM8Ux","to":{"NumberT":{}},"conceptId":"concept_uHBnCr_modifyconfigpayload"}},{"AddField":{"parentId":"shape_ITMSoSa3n7","id":"shape_XvcOSUZJFB","conceptId":"concept_uHBnCr_modifyconfigpayload"}},{"SetFieldName":{"id":"shape_XvcOSUZJFB","newName":"static_lat","conceptId":"concept_uHBnCr_modifyconfigpayload"}},{"AssignType":{"id":"shape_XvcOSUZJFB","to":{"NumberT":{}},"conceptId":"concept_uHBnCr_modifyconfigpayload"}},{"AddField":{"parentId":"shape_ITMSoSa3n7","id":"shape_rC0piF4cFw","conceptId":"concept_uHBnCr_modifyconfigpayload"}},{"SetFieldName":{"id":"shape_rC0piF4cFw","newName":"range_max_y","conceptId":"concept_uHBnCr_modifyconfigpayload"}},{"AssignType":{"id":"shape_rC0piF4cFw","to":{"NumberT":{}},"conceptId":"concept_uHBnCr_modifyconfigpayload"}},{"AddField":{"parentId":"shape_ITMSoSa3n7","id":"shape_fbhAvdNp8x","conceptId":"concept_uHBnCr_modifyconfigpayload"}},{"SetFieldName":{"id":"shape_fbhAvdNp8x","newName":"range_min_x","conceptId":"concept_uHBnCr_modifyconfigpayload"}},{"AssignType":{"id":"shape_fbhAvdNp8x","to":{"NumberT":{}},"conceptId":"concept_uHBnCr_modifyconfigpayload"}},{"AssignType":{"id":"shape_88cVaCZfsz","to":{"ObjectT":{}},"conceptId":"concept_hR9QQ2_waterlinkedaccousticposition"}},{"AddField":{"parentId":"shape_88cVaCZfsz","id":"shape_lAuRPuinz4","conceptId":"concept_hR9QQ2_waterlinkedaccousticposition"}},{"SetFieldName":{"id":"shape_lAuRPuinz4","newName":"x","conceptId":"concept_hR9QQ2_waterlinkedaccousticposition"}},{"AssignType":{"id":"shape_lAuRPuinz4","to":{"NumberT":{}},"conceptId":"concept_hR9QQ2_waterlinkedaccousticposition"}},{"AddField":{"parentId":"shape_88cVaCZfsz","id":"shape_j0kb3ccXUI","conceptId":"concept_hR9QQ2_waterlinkedaccousticposition"}},{"SetFieldName":{"id":"shape_j0kb3ccXUI","newName":"y","conceptId":"concept_hR9QQ2_waterlinkedaccousticposition"}},{"AssignType":{"id":"shape_j0kb3ccXUI","to":{"NumberT":{}},"conceptId":"concept_hR9QQ2_waterlinkedaccousticposition"}},{"AddField":{"parentId":"shape_88cVaCZfsz","id":"shape_rmciknMnub","conceptId":"concept_hR9QQ2_waterlinkedaccousticposition"}},{"SetFieldName":{"id":"shape_rmciknMnub","newName":"std","conceptId":"concept_hR9QQ2_waterlinkedaccousticposition"}},{"AssignType":{"id":"shape_rmciknMnub","to":{"NumberT":{}},"conceptId":"concept_hR9QQ2_waterlinkedaccousticposition"}},{"AddField":{"parentId":"shape_88cVaCZfsz","id":"shape_a2JaZrqIXA","conceptId":"concept_hR9QQ2_waterlinkedaccousticposition"}},{"SetFieldName":{"id":"shape_a2JaZrqIXA","newName":"temp","conceptId":"concept_hR9QQ2_waterlinkedaccousticposition"}},{"AssignType":{"id":"shape_a2JaZrqIXA","to":{"NumberT":{}},"conceptId":"concept_hR9QQ2_waterlinkedaccousticposition"}},{"AddField":{"parentId":"shape_88cVaCZfsz","id":"shape_tzyMKCfWTw","conceptId":"concept_hR9QQ2_waterlinkedaccousticposition"}},{"SetFieldName":{"id":"shape_tzyMKCfWTw","newName":"z","conceptId":"concept_hR9QQ2_waterlinkedaccousticposition"}},{"AssignType":{"id":"shape_tzyMKCfWTw","to":{"NumberT":{}},"conceptId":"concept_hR9QQ2_waterlinkedaccousticposition"}},{"AssignType":{"id":"shape_d6vdIvB7GQ","to":{"ObjectT":{}},"conceptId":"concept_sk8WP7_wlexternallocatororientation"}},{"AddField":{"parentId":"shape_d6vdIvB7GQ","id":"shape_3IgYU4xATB","conceptId":"concept_sk8WP7_wlexternallocatororientation"}},{"SetFieldName":{"id":"shape_3IgYU4xATB","newName":"orientation","conceptId":"concept_sk8WP7_wlexternallocatororientation"}},{"AssignType":{"id":"shape_3IgYU4xATB","to":{"NumberT":{}},"conceptId":"concept_sk8WP7_wlexternallocatororientation"}},{"AssignType":{"id":"shape_hoeiCj49dw","to":{"ObjectT":{}},"conceptId":"concept_koF65b_setdepthexternalpayload"}},{"AddField":{"parentId":"shape_hoeiCj49dw","id":"shape_1BQGchkbPu","conceptId":"concept_koF65b_setdepthexternalpayload"}},{"SetFieldName":{"id":"shape_1BQGchkbPu","newName":"depth","conceptId":"concept_koF65b_setdepthexternalpayload"}},{"AssignType":{"id":"shape_1BQGchkbPu","to":{"NumberT":{}},"conceptId":"concept_koF65b_setdepthexternalpayload"}},{"AddField":{"parentId":"shape_hoeiCj49dw","id":"shape_Cl4sbHL01R","conceptId":"concept_koF65b_setdepthexternalpayload"}},{"SetFieldName":{"id":"shape_Cl4sbHL01R","newName":"temp","conceptId":"concept_koF65b_setdepthexternalpayload"}},{"AssignType":{"id":"shape_Cl4sbHL01R","to":{"NumberT":{}},"conceptId":"concept_koF65b_setdepthexternalpayload"}},{"AssignType":{"id":"shape_2igbInY28k","to":{"ObjectT":{}},"conceptId":"concept_xAQ2gE_updatepoipayload"}},{"AddField":{"parentId":"shape_2igbInY28k","id":"shape_zWxdedAuWK","conceptId":"concept_xAQ2gE_updatepoipayload"}},{"SetFieldName":{"id":"shape_zWxdedAuWK","newName":"name","conceptId":"concept_xAQ2gE_updatepoipayload"}},{"AssignType":{"id":"shape_zWxdedAuWK","to":{"StringT":{}},"conceptId":"concept_xAQ2gE_updatepoipayload"}},{"AddField":{"parentId":"shape_2igbInY28k","id":"shape_xd57NsTrnk","conceptId":"concept_xAQ2gE_updatepoipayload"}},{"SetFieldName":{"id":"shape_xd57NsTrnk","newName":"lng","conceptId":"concept_xAQ2gE_updatepoipayload"}},{"AssignType":{"id":"shape_xd57NsTrnk","to":{"NumberT":{}},"conceptId":"concept_xAQ2gE_updatepoipayload"}},{"AddField":{"parentId":"shape_2igbInY28k","id":"shape_4uxSJZqcWc","conceptId":"concept_xAQ2gE_updatepoipayload"}},{"SetFieldName":{"id":"shape_4uxSJZqcWc","newName":"visible","conceptId":"concept_xAQ2gE_updatepoipayload"}},{"AssignType":{"id":"shape_4uxSJZqcWc","to":{"BooleanT":{}},"conceptId":"concept_xAQ2gE_updatepoipayload"}},{"AddField":{"parentId":"shape_2igbInY28k","id":"shape_CJMo6Gey7U","conceptId":"concept_xAQ2gE_updatepoipayload"}},{"SetFieldName":{"id":"shape_CJMo6Gey7U","newName":"icon","conceptId":"concept_xAQ2gE_updatepoipayload"}},{"AssignType":{"id":"shape_CJMo6Gey7U","to":{"StringT":{}},"conceptId":"concept_xAQ2gE_updatepoipayload"}},{"AddField":{"parentId":"shape_2igbInY28k","id":"shape_PaC87UuH6w","conceptId":"concept_xAQ2gE_updatepoipayload"}},{"SetFieldName":{"id":"shape_PaC87UuH6w","newName":"id","conceptId":"concept_xAQ2gE_updatepoipayload"}},{"AssignType":{"id":"shape_PaC87UuH6w","to":{"IntegerT":{}},"conceptId":"concept_xAQ2gE_updatepoipayload"}},{"AddField":{"parentId":"shape_2igbInY28k","id":"shape_2oOODXSLEG","conceptId":"concept_xAQ2gE_updatepoipayload"}},{"SetFieldName":{"id":"shape_2oOODXSLEG","newName":"depth","conceptId":"concept_xAQ2gE_updatepoipayload"}},{"AssignType":{"id":"shape_2oOODXSLEG","to":{"NumberT":{}},"conceptId":"concept_xAQ2gE_updatepoipayload"}},{"AddField":{"parentId":"shape_2igbInY28k","id":"shape_pxTl8K5kB0","conceptId":"concept_xAQ2gE_updatepoipayload"}},{"SetFieldName":{"id":"shape_pxTl8K5kB0","newName":"lat","conceptId":"concept_xAQ2gE_updatepoipayload"}},{"AssignType":{"id":"shape_pxTl8K5kB0","to":{"NumberT":{}},"conceptId":"concept_xAQ2gE_updatepoipayload"}},{"AssignType":{"id":"shape_SublgFadCb","to":{"ObjectT":{}},"conceptId":"concept_eUbYdr_wupdaterapiversion"}},{"AddField":{"parentId":"shape_SublgFadCb","id":"shape_wQ7mMJo9dt","conceptId":"concept_eUbYdr_wupdaterapiversion"}},{"SetFieldName":{"id":"shape_wQ7mMJo9dt","newName":"versions","conceptId":"concept_eUbYdr_wupdaterapiversion"}},{"AssignType":{"id":"shape_wQ7mMJo9dt","to":{"ListT":{}},"conceptId":"concept_eUbYdr_wupdaterapiversion"}},{"AddTypeParameter":{"parentId":"shape_wQ7mMJo9dt","id":"shape_D8OHOIcEvE","conceptId":"concept_eUbYdr_wupdaterapiversion"}},{"AssignType":{"id":"shape_D8OHOIcEvE","to":{"StringT":{}},"conceptId":"concept_eUbYdr_wupdaterapiversion"}},{"AssignType":{"id":"shape_kFtoisZdHs","to":{"ObjectT":{}},"conceptId":"concept_IYJ8bW_error"}},{"AddField":{"parentId":"shape_kFtoisZdHs","id":"shape_oUsr3QJGud","conceptId":"concept_IYJ8bW_error"}},{"SetFieldName":{"id":"shape_oUsr3QJGud","newName":"code","conceptId":"concept_IYJ8bW_error"}},{"AssignType":{"id":"shape_oUsr3QJGud","to":{"StringT":{}},"conceptId":"concept_IYJ8bW_error"}},{"AddField":{"parentId":"shape_kFtoisZdHs","id":"shape_cQU0BrHCMy","conceptId":"concept_IYJ8bW_error"}},{"SetFieldName":{"id":"shape_cQU0BrHCMy","newName":"id","conceptId":"concept_IYJ8bW_error"}},{"AssignType":{"id":"shape_cQU0BrHCMy","to":{"StringT":{}},"conceptId":"concept_IYJ8bW_error"}},{"AddField":{"parentId":"shape_kFtoisZdHs","id":"shape_otRiuVTVWt","conceptId":"concept_IYJ8bW_error"}},{"SetFieldName":{"id":"shape_otRiuVTVWt","newName":"meta","conceptId":"concept_IYJ8bW_error"}},{"AssignType":{"id":"shape_otRiuVTVWt","to":{"ObjectT":{}},"conceptId":"concept_IYJ8bW_error"}},{"AddField":{"parentId":"shape_kFtoisZdHs","id":"shape_R6OUwQBR56","conceptId":"concept_IYJ8bW_error"}},{"SetFieldName":{"id":"shape_R6OUwQBR56","newName":"status","conceptId":"concept_IYJ8bW_error"}},{"AssignType":{"id":"shape_R6OUwQBR56","to":{"StringT":{}},"conceptId":"concept_IYJ8bW_error"}},{"AddField":{"parentId":"shape_kFtoisZdHs","id":"shape_1p2Uadcitc","conceptId":"concept_IYJ8bW_error"}},{"SetFieldName":{"id":"shape_1p2Uadcitc","newName":"detail","conceptId":"concept_IYJ8bW_error"}},{"AssignType":{"id":"shape_1p2Uadcitc","to":{"StringT":{}},"conceptId":"concept_IYJ8bW_error"}},{"AssignType":{"id":"shape_mUJ2vN7S6D","to":{"ObjectT":{}},"conceptId":"concept_F4U50k_modifyreceiverconfigpayload"}},{"AddField":{"parentId":"shape_mUJ2vN7S6D","id":"shape_t5PYbM4CGK","conceptId":"concept_F4U50k_modifyreceiverconfigpayload"}},{"SetFieldName":{"id":"shape_t5PYbM4CGK","newName":"id","conceptId":"concept_F4U50k_modifyreceiverconfigpayload"}},{"AssignType":{"id":"shape_t5PYbM4CGK","to":{"IntegerT":{}},"conceptId":"concept_F4U50k_modifyreceiverconfigpayload"}},{"AddField":{"parentId":"shape_mUJ2vN7S6D","id":"shape_JkfBAq2uFV","conceptId":"concept_F4U50k_modifyreceiverconfigpayload"}},{"SetFieldName":{"id":"shape_JkfBAq2uFV","newName":"x","conceptId":"concept_F4U50k_modifyreceiverconfigpayload"}},{"AssignType":{"id":"shape_JkfBAq2uFV","to":{"NumberT":{}},"conceptId":"concept_F4U50k_modifyreceiverconfigpayload"}},{"AddField":{"parentId":"shape_mUJ2vN7S6D","id":"shape_maVPJraTGv","conceptId":"concept_F4U50k_modifyreceiverconfigpayload"}},{"SetFieldName":{"id":"shape_maVPJraTGv","newName":"y","conceptId":"concept_F4U50k_modifyreceiverconfigpayload"}},{"AssignType":{"id":"shape_maVPJraTGv","to":{"NumberT":{}},"conceptId":"concept_F4U50k_modifyreceiverconfigpayload"}},{"AddField":{"parentId":"shape_mUJ2vN7S6D","id":"shape_bLyUdbOfNb","conceptId":"concept_F4U50k_modifyreceiverconfigpayload"}},{"SetFieldName":{"id":"shape_bLyUdbOfNb","newName":"z","conceptId":"concept_F4U50k_modifyreceiverconfigpayload"}},{"AssignType":{"id":"shape_bLyUdbOfNb","to":{"NumberT":{}},"conceptId":"concept_F4U50k_modifyreceiverconfigpayload"}},{"AssignType":{"id":"shape_YwSPn4VwWV","to":{"ObjectT":{}},"conceptId":"concept_jFymmY_setmasterexternalpayload"}},{"AddField":{"parentId":"shape_YwSPn4VwWV","id":"shape_aYXAPXX0Dc","conceptId":"concept_jFymmY_setmasterexternalpayload"}},{"SetFieldName":{"id":"shape_aYXAPXX0Dc","newName":"cog","conceptId":"concept_jFymmY_setmasterexternalpayload"}},{"AssignType":{"id":"shape_aYXAPXX0Dc","to":{"NumberT":{}},"conceptId":"concept_jFymmY_setmasterexternalpayload"}},{"AddField":{"parentId":"shape_YwSPn4VwWV","id":"shape_W6tx3NQOzj","conceptId":"concept_jFymmY_setmasterexternalpayload"}},{"SetFieldName":{"id":"shape_W6tx3NQOzj","newName":"hdop","conceptId":"concept_jFymmY_setmasterexternalpayload"}},{"AssignType":{"id":"shape_W6tx3NQOzj","to":{"NumberT":{}},"conceptId":"concept_jFymmY_setmasterexternalpayload"}},{"AddField":{"parentId":"shape_YwSPn4VwWV","id":"shape_lO0JTK5lVA","conceptId":"concept_jFymmY_setmasterexternalpayload"}},{"SetFieldName":{"id":"shape_lO0JTK5lVA","newName":"numsats","conceptId":"concept_jFymmY_setmasterexternalpayload"}},{"AssignType":{"id":"shape_lO0JTK5lVA","to":{"NumberT":{}},"conceptId":"concept_jFymmY_setmasterexternalpayload"}},{"AddField":{"parentId":"shape_YwSPn4VwWV","id":"shape_59d6qQQpAW","conceptId":"concept_jFymmY_setmasterexternalpayload"}},{"SetFieldName":{"id":"shape_59d6qQQpAW","newName":"orientation","conceptId":"concept_jFymmY_setmasterexternalpayload"}},{"AssignType":{"id":"shape_59d6qQQpAW","to":{"NumberT":{}},"conceptId":"concept_jFymmY_setmasterexternalpayload"}},{"AddField":{"parentId":"shape_YwSPn4VwWV","id":"shape_vhX9KY1gJe","conceptId":"concept_jFymmY_setmasterexternalpayload"}},{"SetFieldName":{"id":"shape_vhX9KY1gJe","newName":"lon","conceptId":"concept_jFymmY_setmasterexternalpayload"}},{"AssignType":{"id":"shape_vhX9KY1gJe","to":{"NumberT":{}},"conceptId":"concept_jFymmY_setmasterexternalpayload"}},{"AddField":{"parentId":"shape_YwSPn4VwWV","id":"shape_Vk83vvCIrk","conceptId":"concept_jFymmY_setmasterexternalpayload"}},{"SetFieldName":{"id":"shape_Vk83vvCIrk","newName":"sog","conceptId":"concept_jFymmY_setmasterexternalpayload"}},{"AssignType":{"id":"shape_Vk83vvCIrk","to":{"NumberT":{}},"conceptId":"concept_jFymmY_setmasterexternalpayload"}},{"AddField":{"parentId":"shape_YwSPn4VwWV","id":"shape_TOOIUkYucJ","conceptId":"concept_jFymmY_setmasterexternalpayload"}},{"SetFieldName":{"id":"shape_TOOIUkYucJ","newName":"lat","conceptId":"concept_jFymmY_setmasterexternalpayload"}},{"AssignType":{"id":"shape_TOOIUkYucJ","to":{"NumberT":{}},"conceptId":"concept_jFymmY_setmasterexternalpayload"}},{"AssignType":{"id":"shape_Eo6edpWnA9","to":{"ListT":{}},"conceptId":"concept_stvoiW_wlwarningcollection"}},{"AddTypeParameter":{"parentId":"shape_Eo6edpWnA9","id":"shape_w27Zeu2FPg","conceptId":"concept_stvoiW_wlwarningcollection"}},{"AssignType":{"id":"shape_w27Zeu2FPg","to":{"RefT":{"conceptId":"concept_NA38Ls_wlwarning"}},"conceptId":"concept_stvoiW_wlwarningcollection"}},{"AssignType":{"id":"shape_hdwftY8zGk","to":{"ObjectT":{}},"conceptId":"concept_LRlmde_waterlinkedreceiver"}},{"AddField":{"parentId":"shape_hdwftY8zGk","id":"shape_MOsuz8qvWq","conceptId":"concept_LRlmde_waterlinkedreceiver"}},{"SetFieldName":{"id":"shape_MOsuz8qvWq","newName":"id","conceptId":"concept_LRlmde_waterlinkedreceiver"}},{"AssignType":{"id":"shape_MOsuz8qvWq","to":{"IntegerT":{}},"conceptId":"concept_LRlmde_waterlinkedreceiver"}},{"AddField":{"parentId":"shape_hdwftY8zGk","id":"shape_PhO0vZgWC1","conceptId":"concept_LRlmde_waterlinkedreceiver"}},{"SetFieldName":{"id":"shape_PhO0vZgWC1","newName":"x","conceptId":"concept_LRlmde_waterlinkedreceiver"}},{"AssignType":{"id":"shape_PhO0vZgWC1","to":{"NumberT":{}},"conceptId":"concept_LRlmde_waterlinkedreceiver"}},{"AddField":{"parentId":"shape_hdwftY8zGk","id":"shape_nf3OqsRL8D","conceptId":"concept_LRlmde_waterlinkedreceiver"}},{"SetFieldName":{"id":"shape_nf3OqsRL8D","newName":"y","conceptId":"concept_LRlmde_waterlinkedreceiver"}},{"AssignType":{"id":"shape_nf3OqsRL8D","to":{"NumberT":{}},"conceptId":"concept_LRlmde_waterlinkedreceiver"}},{"AddField":{"parentId":"shape_hdwftY8zGk","id":"shape_QPkUFiXd8J","conceptId":"concept_LRlmde_waterlinkedreceiver"}},{"SetFieldName":{"id":"shape_QPkUFiXd8J","newName":"z","conceptId":"concept_LRlmde_waterlinkedreceiver"}},{"AssignType":{"id":"shape_QPkUFiXd8J","to":{"NumberT":{}},"conceptId":"concept_LRlmde_waterlinkedreceiver"}},{"AssignType":{"id":"shape_s3b3SsL6zr","to":{"ObjectT":{}},"conceptId":"concept_EGfwB7_waterlinkedconfiguration"}},{"AddField":{"parentId":"shape_s3b3SsL6zr","id":"shape_9eImBE1hQJ","conceptId":"concept_EGfwB7_waterlinkedconfiguration"}},{"SetFieldName":{"id":"shape_9eImBE1hQJ","newName":"static_lon","conceptId":"concept_EGfwB7_waterlinkedconfiguration"}},{"AssignType":{"id":"shape_9eImBE1hQJ","to":{"NumberT":{}},"conceptId":"concept_EGfwB7_waterlinkedconfiguration"}},{"AddField":{"parentId":"shape_s3b3SsL6zr","id":"shape_uaQx0ric5y","conceptId":"concept_EGfwB7_waterlinkedconfiguration"}},{"SetFieldName":{"id":"shape_uaQx0ric5y","newName":"channel","conceptId":"concept_EGfwB7_waterlinkedconfiguration"}},{"AssignType":{"id":"shape_uaQx0ric5y","to":{"IntegerT":{}},"conceptId":"concept_EGfwB7_waterlinkedconfiguration"}},{"AddField":{"parentId":"shape_s3b3SsL6zr","id":"shape_MvaqPb3fBy","conceptId":"concept_EGfwB7_waterlinkedconfiguration"}},{"SetFieldName":{"id":"shape_MvaqPb3fBy","newName":"range_max_z","conceptId":"concept_EGfwB7_waterlinkedconfiguration"}},{"AssignType":{"id":"shape_MvaqPb3fBy","to":{"NumberT":{}},"conceptId":"concept_EGfwB7_waterlinkedconfiguration"}},{"AddField":{"parentId":"shape_s3b3SsL6zr","id":"shape_Pa81W8HsEe","conceptId":"concept_EGfwB7_waterlinkedconfiguration"}},{"SetFieldName":{"id":"shape_Pa81W8HsEe","newName":"range_min_y","conceptId":"concept_EGfwB7_waterlinkedconfiguration"}},{"AssignType":{"id":"shape_Pa81W8HsEe","to":{"NumberT":{}},"conceptId":"concept_EGfwB7_waterlinkedconfiguration"}},{"AddField":{"parentId":"shape_s3b3SsL6zr","id":"shape_NIxDNyFXI4","conceptId":"concept_EGfwB7_waterlinkedconfiguration"}},{"SetFieldName":{"id":"shape_NIxDNyFXI4","newName":"compass","conceptId":"concept_EGfwB7_waterlinkedconfiguration"}},{"AssignType":{"id":"shape_NIxDNyFXI4","to":{"StringT":{}},"conceptId":"concept_EGfwB7_waterlinkedconfiguration"}},{"AddField":{"parentId":"shape_s3b3SsL6zr","id":"shape_x4Y4iHDrd7","conceptId":"concept_EGfwB7_waterlinkedconfiguration"}},{"SetFieldName":{"id":"shape_x4Y4iHDrd7","newName":"gps","conceptId":"concept_EGfwB7_waterlinkedconfiguration"}},{"AssignType":{"id":"shape_x4Y4iHDrd7","to":{"StringT":{}},"conceptId":"concept_EGfwB7_waterlinkedconfiguration"}},{"AddField":{"parentId":"shape_s3b3SsL6zr","id":"shape_JboBUuT1sE","conceptId":"concept_EGfwB7_waterlinkedconfiguration"}},{"SetFieldName":{"id":"shape_JboBUuT1sE","newName":"static_orientation","conceptId":"concept_EGfwB7_waterlinkedconfiguration"}},{"AssignType":{"id":"shape_JboBUuT1sE","to":{"NumberT":{}},"conceptId":"concept_EGfwB7_waterlinkedconfiguration"}},{"AddField":{"parentId":"shape_s3b3SsL6zr","id":"shape_g9Qf3aA17n","conceptId":"concept_EGfwB7_waterlinkedconfiguration"}},{"SetFieldName":{"id":"shape_g9Qf3aA17n","newName":"locator_type","conceptId":"concept_EGfwB7_waterlinkedconfiguration"}},{"AssignType":{"id":"shape_g9Qf3aA17n","to":{"StringT":{}},"conceptId":"concept_EGfwB7_waterlinkedconfiguration"}},{"AddField":{"parentId":"shape_s3b3SsL6zr","id":"shape_LU2yk2hgcc","conceptId":"concept_EGfwB7_waterlinkedconfiguration"}},{"SetFieldName":{"id":"shape_LU2yk2hgcc","newName":"range_max_x","conceptId":"concept_EGfwB7_waterlinkedconfiguration"}},{"AssignType":{"id":"shape_LU2yk2hgcc","to":{"NumberT":{}},"conceptId":"concept_EGfwB7_waterlinkedconfiguration"}},{"AddField":{"parentId":"shape_s3b3SsL6zr","id":"shape_jAwEcW8kNO","conceptId":"concept_EGfwB7_waterlinkedconfiguration"}},{"SetFieldName":{"id":"shape_jAwEcW8kNO","newName":"static_lat","conceptId":"concept_EGfwB7_waterlinkedconfiguration"}},{"AssignType":{"id":"shape_jAwEcW8kNO","to":{"NumberT":{}},"conceptId":"concept_EGfwB7_waterlinkedconfiguration"}},{"AddField":{"parentId":"shape_s3b3SsL6zr","id":"shape_UaMwrJ1Jho","conceptId":"concept_EGfwB7_waterlinkedconfiguration"}},{"SetFieldName":{"id":"shape_UaMwrJ1Jho","newName":"range_max_y","conceptId":"concept_EGfwB7_waterlinkedconfiguration"}},{"AssignType":{"id":"shape_UaMwrJ1Jho","to":{"NumberT":{}},"conceptId":"concept_EGfwB7_waterlinkedconfiguration"}},{"AddField":{"parentId":"shape_s3b3SsL6zr","id":"shape_oiI7VLGrZv","conceptId":"concept_EGfwB7_waterlinkedconfiguration"}},{"SetFieldName":{"id":"shape_oiI7VLGrZv","newName":"range_min_x","conceptId":"concept_EGfwB7_waterlinkedconfiguration"}},{"AssignType":{"id":"shape_oiI7VLGrZv","to":{"NumberT":{}},"conceptId":"concept_EGfwB7_waterlinkedconfiguration"}},{"AssignType":{"id":"shape_q7g7QsRnxb","to":{"ObjectT":{}},"conceptId":"concept_gzP1DH_wlsatelliteposition"}},{"AddField":{"parentId":"shape_q7g7QsRnxb","id":"shape_wXXPHKl4YU","conceptId":"concept_gzP1DH_wlsatelliteposition"}},{"SetFieldName":{"id":"shape_wXXPHKl4YU","newName":"cog","conceptId":"concept_gzP1DH_wlsatelliteposition"}},{"AssignType":{"id":"shape_wXXPHKl4YU","to":{"NumberT":{}},"conceptId":"concept_gzP1DH_wlsatelliteposition"}},{"AddField":{"parentId":"shape_q7g7QsRnxb","id":"shape_vnBwWM80aA","conceptId":"concept_gzP1DH_wlsatelliteposition"}},{"SetFieldName":{"id":"shape_vnBwWM80aA","newName":"hdop","conceptId":"concept_gzP1DH_wlsatelliteposition"}},{"AssignType":{"id":"shape_vnBwWM80aA","to":{"NumberT":{}},"conceptId":"concept_gzP1DH_wlsatelliteposition"}},{"AddField":{"parentId":"shape_q7g7QsRnxb","id":"shape_yr3nCwv7X0","conceptId":"concept_gzP1DH_wlsatelliteposition"}},{"SetFieldName":{"id":"shape_yr3nCwv7X0","newName":"numsats","conceptId":"concept_gzP1DH_wlsatelliteposition"}},{"AssignType":{"id":"shape_yr3nCwv7X0","to":{"NumberT":{}},"conceptId":"concept_gzP1DH_wlsatelliteposition"}},{"AddField":{"parentId":"shape_q7g7QsRnxb","id":"shape_DnSmEMuqgy","conceptId":"concept_gzP1DH_wlsatelliteposition"}},{"SetFieldName":{"id":"shape_DnSmEMuqgy","newName":"orientation","conceptId":"concept_gzP1DH_wlsatelliteposition"}},{"AssignType":{"id":"shape_DnSmEMuqgy","to":{"NumberT":{}},"conceptId":"concept_gzP1DH_wlsatelliteposition"}},{"AddField":{"parentId":"shape_q7g7QsRnxb","id":"shape_g9dUqnStuE","conceptId":"concept_gzP1DH_wlsatelliteposition"}},{"SetFieldName":{"id":"shape_g9dUqnStuE","newName":"lon","conceptId":"concept_gzP1DH_wlsatelliteposition"}},{"AssignType":{"id":"shape_g9dUqnStuE","to":{"NumberT":{}},"conceptId":"concept_gzP1DH_wlsatelliteposition"}},{"AddField":{"parentId":"shape_q7g7QsRnxb","id":"shape_YanJ8sFCHd","conceptId":"concept_gzP1DH_wlsatelliteposition"}},{"SetFieldName":{"id":"shape_YanJ8sFCHd","newName":"sog","conceptId":"concept_gzP1DH_wlsatelliteposition"}},{"AssignType":{"id":"shape_YanJ8sFCHd","to":{"NumberT":{}},"conceptId":"concept_gzP1DH_wlsatelliteposition"}},{"AddField":{"parentId":"shape_q7g7QsRnxb","id":"shape_97ntR2H1ou","conceptId":"concept_gzP1DH_wlsatelliteposition"}},{"SetFieldName":{"id":"shape_97ntR2H1ou","newName":"lat","conceptId":"concept_gzP1DH_wlsatelliteposition"}},{"AssignType":{"id":"shape_97ntR2H1ou","to":{"NumberT":{}},"conceptId":"concept_gzP1DH_wlsatelliteposition"}},{"AssignType":{"id":"shape_9ZG5FXfg5K","to":{"ListT":{}},"conceptId":"concept_ODwSmm_waterlinkedpoicollection"}},{"AddTypeParameter":{"parentId":"shape_9ZG5FXfg5K","id":"shape_MkEzaLesuK","conceptId":"concept_ODwSmm_waterlinkedpoicollection"}},{"AssignType":{"id":"shape_MkEzaLesuK","to":{"RefT":{"conceptId":"concept_X4sVoT_waterlinkedpoi"}},"conceptId":"concept_ODwSmm_waterlinkedpoicollection"}},{"AssignType":{"id":"shape_1viSM0Lz52","to":{"ObjectT":{}},"conceptId":"concept_X4sVoT_waterlinkedpoi"}},{"AddField":{"parentId":"shape_1viSM0Lz52","id":"shape_bXi79KQo7a","conceptId":"concept_X4sVoT_waterlinkedpoi"}},{"SetFieldName":{"id":"shape_bXi79KQo7a","newName":"name","conceptId":"concept_X4sVoT_waterlinkedpoi"}},{"AssignType":{"id":"shape_bXi79KQo7a","to":{"StringT":{}},"conceptId":"concept_X4sVoT_waterlinkedpoi"}},{"AddField":{"parentId":"shape_1viSM0Lz52","id":"shape_Ba6j7FrwNg","conceptId":"concept_X4sVoT_waterlinkedpoi"}},{"SetFieldName":{"id":"shape_Ba6j7FrwNg","newName":"lng","conceptId":"concept_X4sVoT_waterlinkedpoi"}},{"AssignType":{"id":"shape_Ba6j7FrwNg","to":{"NumberT":{}},"conceptId":"concept_X4sVoT_waterlinkedpoi"}},{"AddField":{"parentId":"shape_1viSM0Lz52","id":"shape_JNVV8tZZUZ","conceptId":"concept_X4sVoT_waterlinkedpoi"}},{"SetFieldName":{"id":"shape_JNVV8tZZUZ","newName":"visible","conceptId":"concept_X4sVoT_waterlinkedpoi"}},{"AssignType":{"id":"shape_JNVV8tZZUZ","to":{"BooleanT":{}},"conceptId":"concept_X4sVoT_waterlinkedpoi"}},{"AddField":{"parentId":"shape_1viSM0Lz52","id":"shape_uXpLcIGcMx","conceptId":"concept_X4sVoT_waterlinkedpoi"}},{"SetFieldName":{"id":"shape_uXpLcIGcMx","newName":"icon","conceptId":"concept_X4sVoT_waterlinkedpoi"}},{"AssignType":{"id":"shape_uXpLcIGcMx","to":{"StringT":{}},"conceptId":"concept_X4sVoT_waterlinkedpoi"}},{"AddField":{"parentId":"shape_1viSM0Lz52","id":"shape_6150xbs5F2","conceptId":"concept_X4sVoT_waterlinkedpoi"}},{"SetFieldName":{"id":"shape_6150xbs5F2","newName":"id","conceptId":"concept_X4sVoT_waterlinkedpoi"}},{"AssignType":{"id":"shape_6150xbs5F2","to":{"IntegerT":{}},"conceptId":"concept_X4sVoT_waterlinkedpoi"}},{"AddField":{"parentId":"shape_1viSM0Lz52","id":"shape_mbkG07bD1W","conceptId":"concept_X4sVoT_waterlinkedpoi"}},{"SetFieldName":{"id":"shape_mbkG07bD1W","newName":"depth","conceptId":"concept_X4sVoT_waterlinkedpoi"}},{"AssignType":{"id":"shape_mbkG07bD1W","to":{"NumberT":{}},"conceptId":"concept_X4sVoT_waterlinkedpoi"}},{"AddField":{"parentId":"shape_1viSM0Lz52","id":"shape_8DaF9dcHUI","conceptId":"concept_X4sVoT_waterlinkedpoi"}},{"SetFieldName":{"id":"shape_8DaF9dcHUI","newName":"lat","conceptId":"concept_X4sVoT_waterlinkedpoi"}},{"AssignType":{"id":"shape_8DaF9dcHUI","to":{"NumberT":{}},"conceptId":"concept_X4sVoT_waterlinkedpoi"}},{"AddPathComponent":{"pathId":"MbYzVz_path_0","parentPathId":"root","name":"api"}},{"AddPathComponent":{"pathId":"MbYzVz_path_1","parentPathId":"MbYzVz_path_0","name":"v1"}},{"AddPathComponent":{"pathId":"MbYzVz_path_2","parentPathId":"MbYzVz_path_1","name":"about"}},{"AddPathComponent":{"pathId":"MbYzVz_path_3","parentPathId":"MbYzVz_path_2","name":"status"}},{"AddPathComponent":{"pathId":"MbYzVz_path_4","parentPathId":"MbYzVz_path_2","name":"temperature"}},{"AddPathComponent":{"pathId":"MbYzVz_path_5","parentPathId":"MbYzVz_path_1","name":"config"}},{"AddPathComponent":{"pathId":"MbYzVz_path_6","parentPathId":"MbYzVz_path_5","name":"generic"}},{"AddPathComponent":{"pathId":"MbYzVz_path_7","parentPathId":"MbYzVz_path_5","name":"receivers"}},{"AddPathParameter":{"pathId":"MbYzVz_path_8","parentPathId":"MbYzVz_path_7","name":"ID"}},{"AddPathComponent":{"pathId":"MbYzVz_path_9","parentPathId":"MbYzVz_path_1","name":"external"}},{"AddPathComponent":{"pathId":"MbYzVz_path_10","parentPathId":"MbYzVz_path_9","name":"depth"}},{"AddPathComponent":{"pathId":"MbYzVz_path_11","parentPathId":"MbYzVz_path_9","name":"master"}},{"AddPathComponent":{"pathId":"MbYzVz_path_12","parentPathId":"MbYzVz_path_9","name":"orientation"}},{"AddPathComponent":{"pathId":"MbYzVz_path_13","parentPathId":"MbYzVz_path_1","name":"poi"}},{"AddPathParameter":{"pathId":"MbYzVz_path_14","parentPathId":"MbYzVz_path_13","name":"ID"}},{"AddPathComponent":{"pathId":"MbYzVz_path_15","parentPathId":"MbYzVz_path_1","name":"position"}},{"AddPathComponent":{"pathId":"MbYzVz_path_16","parentPathId":"MbYzVz_path_15","name":"acoustic"}},{"AddPathComponent":{"pathId":"MbYzVz_path_17","parentPathId":"MbYzVz_path_16","name":"filtered"}},{"AddPathComponent":{"pathId":"MbYzVz_path_18","parentPathId":"MbYzVz_path_16","name":"raw"}},{"AddPathComponent":{"pathId":"MbYzVz_path_19","parentPathId":"MbYzVz_path_15","name":"global"}},{"AddPathComponent":{"pathId":"MbYzVz_path_20","parentPathId":"MbYzVz_path_15","name":"master"}},{"AddPathComponent":{"pathId":"MbYzVz_path_21","parentPathId":"MbYzVz_path_1","name":"warnings"}},{"AddRequest":{"requestId":"path_P6g2NqWxBF}_get","pathId":"MbYzVz_path_12","httpMethod":"get"}},{"AddResponse":{"responseId":"response_lIKvtiF93P","requestId":"path_P6g2NqWxBF}_get","httpStatusCode":200}},{"DefineInlineConcept":{"root":"shape_wTRvt7bUTH","conceptId":"concept_SJiDwu2ybS1m"}},{"AssignType":{"id":"shape_wTRvt7bUTH","to":{"RefT":{"conceptId":"concept_sk8WP7_wlexternallocatororientation"}},"conceptId":"concept_SJiDwu2ybS1m"}},{"AddResponse":{"responseId":"response_z3rUgAEvms","requestId":"path_P6g2NqWxBF}_get","httpStatusCode":500}},{"AddRequest":{"requestId":"path_P6g2NqWxBF}_put","pathId":"MbYzVz_path_12","httpMethod":"put"}},{"DefineInlineConcept":{"root":"shape_slMVvyDNQD","conceptId":"concept_apiv1externalorientation_put_body"}},{"AssignType":{"id":"shape_slMVvyDNQD","to":{"RefT":{"conceptId":"concept_kNDZ4I_setorientationexternalpayload"}},"conceptId":"concept_apiv1externalorientation_put_body"}},{"AddResponse":{"responseId":"response_4yFktkg6U7","requestId":"path_P6g2NqWxBF}_put","httpStatusCode":200}},{"AddResponse":{"responseId":"response_dA366jihzW","requestId":"path_P6g2NqWxBF}_put","httpStatusCode":500}},{"AddRequest":{"requestId":"path_pFJllXYsqn}_get","pathId":"MbYzVz_path_17","httpMethod":"get"}},{"AddResponse":{"responseId":"response_cygIHlR3pk","requestId":"path_pFJllXYsqn}_get","httpStatusCode":200}},{"DefineInlineConcept":{"root":"shape_V1T49B2REs","conceptId":"concept_vd5A3y0FI59B"}},{"AssignType":{"id":"shape_V1T49B2REs","to":{"RefT":{"conceptId":"concept_hR9QQ2_waterlinkedaccousticposition"}},"conceptId":"concept_vd5A3y0FI59B"}},{"AddResponse":{"responseId":"response_ck9dzu5mod","requestId":"path_pFJllXYsqn}_get","httpStatusCode":500}},{"AddRequest":{"requestId":"path_iMWww0Qwf9}_get","pathId":"MbYzVz_path_20","httpMethod":"get"}},{"AddResponse":{"responseId":"response_ydRYChICP9","requestId":"path_iMWww0Qwf9}_get","httpStatusCode":200}},{"DefineInlineConcept":{"root":"shape_3qAjIpy8Gu","conceptId":"concept_fAFRsqsJvN2r"}},{"AssignType":{"id":"shape_3qAjIpy8Gu","to":{"RefT":{"conceptId":"concept_gzP1DH_wlsatelliteposition"}},"conceptId":"concept_fAFRsqsJvN2r"}},{"AddResponse":{"responseId":"response_8IU1yVvfS4","requestId":"path_iMWww0Qwf9}_get","httpStatusCode":500}},{"AddRequest":{"requestId":"path_yuuMnuabcx}_get","pathId":"MbYzVz_path_13","httpMethod":"get"}},{"AddResponse":{"responseId":"response_UmsHay53HH","requestId":"path_yuuMnuabcx}_get","httpStatusCode":200}},{"DefineInlineConcept":{"root":"shape_WV0E6GL8K2","conceptId":"concept_qp6KcoFwP0tE"}},{"AssignType":{"id":"shape_WV0E6GL8K2","to":{"RefT":{"conceptId":"concept_ODwSmm_waterlinkedpoicollection"}},"conceptId":"concept_qp6KcoFwP0tE"}},{"AddResponse":{"responseId":"response_pYuTFIYlrr","requestId":"path_yuuMnuabcx}_get","httpStatusCode":404}},{"AddRequest":{"requestId":"path_kEhxbwrpcA}_delete","pathId":"MbYzVz_path_14","httpMethod":"delete"}},{"AddResponse":{"responseId":"response_uys2BncpHs","requestId":"path_kEhxbwrpcA}_delete","httpStatusCode":204}},{"AddResponse":{"responseId":"response_RJbu7h7jyl","requestId":"path_kEhxbwrpcA}_delete","httpStatusCode":400}},{"DefineInlineConcept":{"root":"shape_or68BV5DeM","conceptId":"concept_l0ixZN7cBWJx"}},{"AssignType":{"id":"shape_or68BV5DeM","to":{"RefT":{"conceptId":"concept_IYJ8bW_error"}},"conceptId":"concept_l0ixZN7cBWJx"}},{"AddResponse":{"responseId":"response_Be0mLFZyFB","requestId":"path_kEhxbwrpcA}_delete","httpStatusCode":404}},{"AddRequest":{"requestId":"path_kEhxbwrpcA}_get","pathId":"MbYzVz_path_14","httpMethod":"get"}},{"AddResponse":{"responseId":"response_1aubbEh15l","requestId":"path_kEhxbwrpcA}_get","httpStatusCode":200}},{"DefineInlineConcept":{"root":"shape_PnkTKV2mBG","conceptId":"concept_lJlwVrXGvNnG"}},{"AssignType":{"id":"shape_PnkTKV2mBG","to":{"RefT":{"conceptId":"concept_X4sVoT_waterlinkedpoi"}},"conceptId":"concept_lJlwVrXGvNnG"}},{"AddResponse":{"responseId":"response_tTjBne9Uap","requestId":"path_kEhxbwrpcA}_get","httpStatusCode":404}},{"AddRequest":{"requestId":"path_kEhxbwrpcA}_patch","pathId":"MbYzVz_path_14","httpMethod":"patch"}},{"DefineInlineConcept":{"root":"shape_yA07Xfvyz8","conceptId":"concept_apiv1poiid_patch_body"}},{"AssignType":{"id":"shape_yA07Xfvyz8","to":{"RefT":{"conceptId":"concept_xAQ2gE_updatepoipayload"}},"conceptId":"concept_apiv1poiid_patch_body"}},{"AddResponse":{"responseId":"response_XEFMrrz0MW","requestId":"path_kEhxbwrpcA}_patch","httpStatusCode":204}},{"AddResponse":{"responseId":"response_trCNFmwV5x","requestId":"path_kEhxbwrpcA}_patch","httpStatusCode":400}},{"DefineInlineConcept":{"root":"shape_DhbwCrpmx2","conceptId":"concept_Py6SIXOoS0wS"}},{"AssignType":{"id":"shape_DhbwCrpmx2","to":{"RefT":{"conceptId":"concept_IYJ8bW_error"}},"conceptId":"concept_Py6SIXOoS0wS"}},{"AddResponse":{"responseId":"response_oJ3jmF5SAv","requestId":"path_kEhxbwrpcA}_patch","httpStatusCode":404}},{"AddRequest":{"requestId":"path_EDWXFiLIxe}_post","pathId":"MbYzVz_path_13","httpMethod":"post"}},{"DefineInlineConcept":{"root":"shape_tXItyMF7fE","conceptId":"concept_apiv1poi_post_body"}},{"AssignType":{"id":"shape_tXItyMF7fE","to":{"RefT":{"conceptId":"concept_pdsAvj_createpoipayload"}},"conceptId":"concept_apiv1poi_post_body"}},{"AddResponse":{"responseId":"response_WVz2eGyMfI","requestId":"path_EDWXFiLIxe}_post","httpStatusCode":201}},{"AddResponse":{"responseId":"response_FT8vBfqO5Y","requestId":"path_EDWXFiLIxe}_post","httpStatusCode":400}},{"DefineInlineConcept":{"root":"shape_87kXxwCKz4","conceptId":"concept_UduOzTsN9Vai"}},{"AssignType":{"id":"shape_87kXxwCKz4","to":{"RefT":{"conceptId":"concept_IYJ8bW_error"}},"conceptId":"concept_UduOzTsN9Vai"}},{"AddResponse":{"responseId":"response_bNCFfpplza","requestId":"path_EDWXFiLIxe}_post","httpStatusCode":403}},{"AddRequest":{"requestId":"path_FFEBdVYgbe}_get","pathId":"MbYzVz_path_4","httpMethod":"get"}},{"AddResponse":{"responseId":"response_jowqn4LjeV","requestId":"path_FFEBdVYgbe}_get","httpStatusCode":200}},{"DefineInlineConcept":{"root":"shape_LSeOa5lq2N","conceptId":"concept_7JRFD761XEvn"}},{"AssignType":{"id":"shape_LSeOa5lq2N","to":{"RefT":{"conceptId":"concept_iObNd1_waterlinkedtemperature"}},"conceptId":"concept_7JRFD761XEvn"}},{"AddRequest":{"requestId":"path_2mtfz9oLf9}_get","pathId":"MbYzVz_path_19","httpMethod":"get"}},{"AddResponse":{"responseId":"response_MeVNjw5mwj","requestId":"path_2mtfz9oLf9}_get","httpStatusCode":200}},{"DefineInlineConcept":{"root":"shape_dgwLY9NBoh","conceptId":"concept_e2ha5oXUM8PB"}},{"AssignType":{"id":"shape_dgwLY9NBoh","to":{"RefT":{"conceptId":"concept_gzP1DH_wlsatelliteposition"}},"conceptId":"concept_e2ha5oXUM8PB"}},{"AddResponse":{"responseId":"response_9arH7kJdCV","requestId":"path_2mtfz9oLf9}_get","httpStatusCode":500}},{"AddRequest":{"requestId":"path_NNBChAJORX}_get","pathId":"MbYzVz_path_0","httpMethod":"get"}},{"AddResponse":{"responseId":"response_UxOg7f29YW","requestId":"path_NNBChAJORX}_get","httpStatusCode":200}},{"DefineInlineConcept":{"root":"shape_LITrbUz2Ce","conceptId":"concept_Yabf5PCP6Hwm"}},{"AssignType":{"id":"shape_LITrbUz2Ce","to":{"RefT":{"conceptId":"concept_eUbYdr_wupdaterapiversion"}},"conceptId":"concept_Yabf5PCP6Hwm"}},{"AddRequest":{"requestId":"path_iQId4mTE1K}_get","pathId":"MbYzVz_path_8","httpMethod":"get"}},{"AddResponse":{"responseId":"response_tRu3DXtIhl","requestId":"path_iQId4mTE1K}_get","httpStatusCode":200}},{"DefineInlineConcept":{"root":"shape_0XLXnCwJOY","conceptId":"concept_096DxTjuPktv"}},{"AssignType":{"id":"shape_0XLXnCwJOY","to":{"RefT":{"conceptId":"concept_LRlmde_waterlinkedreceiver"}},"conceptId":"concept_096DxTjuPktv"}},{"AddResponse":{"responseId":"response_VfMPT6dkZ0","requestId":"path_iQId4mTE1K}_get","httpStatusCode":404}},{"AddRequest":{"requestId":"path_iQId4mTE1K}_put","pathId":"MbYzVz_path_8","httpMethod":"put"}},{"DefineInlineConcept":{"root":"shape_o4YXUfKMI5","conceptId":"concept_apiv1configreceiversid_put_body"}},{"AssignType":{"id":"shape_o4YXUfKMI5","to":{"RefT":{"conceptId":"concept_F4U50k_modifyreceiverconfigpayload"}},"conceptId":"concept_apiv1configreceiversid_put_body"}},{"AddResponse":{"responseId":"response_4plfaFMBl3","requestId":"path_iQId4mTE1K}_put","httpStatusCode":204}},{"AddResponse":{"responseId":"response_3s8y3LsU7E","requestId":"path_iQId4mTE1K}_put","httpStatusCode":404}},{"AddRequest":{"requestId":"path_gIuVfhLXvB}_get","pathId":"MbYzVz_path_3","httpMethod":"get"}},{"AddResponse":{"responseId":"response_ooJF60w8pR","requestId":"path_gIuVfhLXvB}_get","httpStatusCode":200}},{"DefineInlineConcept":{"root":"shape_ibp4ngkHZx","conceptId":"concept_OHXIg2GI2QPa"}},{"AssignType":{"id":"shape_ibp4ngkHZx","to":{"RefT":{"conceptId":"concept_Ay3oXB_waterlinkedstatus"}},"conceptId":"concept_OHXIg2GI2QPa"}},{"AddRequest":{"requestId":"path_IfCcLuc7a9}_get","pathId":"MbYzVz_path_2","httpMethod":"get"}},{"AddResponse":{"responseId":"response_va9thU9VMk","requestId":"path_IfCcLuc7a9}_get","httpStatusCode":200}},{"DefineInlineConcept":{"root":"shape_bmt41sh28A","conceptId":"concept_XVOWwFm9cOe2"}},{"AssignType":{"id":"shape_bmt41sh28A","to":{"RefT":{"conceptId":"concept_Ep8G9e_waterlinkedabout"}},"conceptId":"concept_XVOWwFm9cOe2"}},{"AddRequest":{"requestId":"path_uvDSZXTJmy}_get","pathId":"MbYzVz_path_18","httpMethod":"get"}},{"AddResponse":{"responseId":"response_k4ftNjkchS","requestId":"path_uvDSZXTJmy}_get","httpStatusCode":200}},{"DefineInlineConcept":{"root":"shape_hGj5fUWXBC","conceptId":"concept_ySHAH6UNcain"}},{"AssignType":{"id":"shape_hGj5fUWXBC","to":{"RefT":{"conceptId":"concept_hR9QQ2_waterlinkedaccousticposition"}},"conceptId":"concept_ySHAH6UNcain"}},{"AddResponse":{"responseId":"response_nAH80Lu84a","requestId":"path_uvDSZXTJmy}_get","httpStatusCode":500}},{"AddRequest":{"requestId":"path_SKUKjMyCzp}_put","pathId":"MbYzVz_path_10","httpMethod":"put"}},{"DefineInlineConcept":{"root":"shape_cUWlmkWA5b","conceptId":"concept_apiv1externaldepth_put_body"}},{"AssignType":{"id":"shape_cUWlmkWA5b","to":{"RefT":{"conceptId":"concept_koF65b_setdepthexternalpayload"}},"conceptId":"concept_apiv1externaldepth_put_body"}},{"AddResponse":{"responseId":"response_hbb6ptnklT","requestId":"path_SKUKjMyCzp}_put","httpStatusCode":200}},{"AddResponse":{"responseId":"response_SuDpsiludk","requestId":"path_SKUKjMyCzp}_put","httpStatusCode":500}},{"AddRequest":{"requestId":"path_0Ukieqy5tc}_get","pathId":"MbYzVz_path_6","httpMethod":"get"}},{"AddResponse":{"responseId":"response_qBRRFW8mnL","requestId":"path_0Ukieqy5tc}_get","httpStatusCode":200}},{"DefineInlineConcept":{"root":"shape_zBwAcwd0Fu","conceptId":"concept_czZgQL3YDrsS"}},{"AssignType":{"id":"shape_zBwAcwd0Fu","to":{"RefT":{"conceptId":"concept_EGfwB7_waterlinkedconfiguration"}},"conceptId":"concept_czZgQL3YDrsS"}},{"AddResponse":{"responseId":"response_g4R9VT65Ot","requestId":"path_0Ukieqy5tc}_get","httpStatusCode":500}},{"AddRequest":{"requestId":"path_0Ukieqy5tc}_put","pathId":"MbYzVz_path_6","httpMethod":"put"}},{"DefineInlineConcept":{"root":"shape_9fE06cAcQ2","conceptId":"concept_apiv1configgeneric_put_body"}},{"AssignType":{"id":"shape_9fE06cAcQ2","to":{"RefT":{"conceptId":"concept_uHBnCr_modifyconfigpayload"}},"conceptId":"concept_apiv1configgeneric_put_body"}},{"AddResponse":{"responseId":"response_A1VdZPMc9Y","requestId":"path_0Ukieqy5tc}_put","httpStatusCode":200}},{"AddResponse":{"responseId":"response_0JLp8Htijg","requestId":"path_0Ukieqy5tc}_put","httpStatusCode":500}},{"AddResponse":{"responseId":"response_z7bw40Npia","requestId":"path_0Ukieqy5tc}_put","httpStatusCode":503}},{"AddRequest":{"requestId":"path_oe6TU4MTZx}_put","pathId":"MbYzVz_path_11","httpMethod":"put"}},{"DefineInlineConcept":{"root":"shape_jkgUwFVMmw","conceptId":"concept_apiv1externalmaster_put_body"}},{"AssignType":{"id":"shape_jkgUwFVMmw","to":{"RefT":{"conceptId":"concept_jFymmY_setmasterexternalpayload"}},"conceptId":"concept_apiv1externalmaster_put_body"}},{"AddResponse":{"responseId":"response_mNDK1k4sLc","requestId":"path_oe6TU4MTZx}_put","httpStatusCode":200}},{"AddResponse":{"responseId":"response_BCGt4hSS1N","requestId":"path_oe6TU4MTZx}_put","httpStatusCode":500}},{"AddRequest":{"requestId":"path_671T3SpkTN}_get","pathId":"MbYzVz_path_21","httpMethod":"get"}},{"AddResponse":{"responseId":"response_jipsA2v2fB","requestId":"path_671T3SpkTN}_get","httpStatusCode":200}},{"DefineInlineConcept":{"root":"shape_8OrPKWXmU7","conceptId":"concept_FpdEP4C1lWyn"}},{"AssignType":{"id":"shape_8OrPKWXmU7","to":{"RefT":{"conceptId":"concept_stvoiW_wlwarningcollection"}},"conceptId":"concept_FpdEP4C1lWyn"}},{"AddRequest":{"requestId":"path_qAFtrS3iH3}_get","pathId":"MbYzVz_path_7","httpMethod":"get"}},{"AddResponse":{"responseId":"response_YZUWofYPP2","requestId":"path_qAFtrS3iH3}_get","httpStatusCode":200}},{"DefineInlineConcept":{"root":"shape_6RynKSkVpW","conceptId":"concept_tbNKeJr0OFxk"}},{"AssignType":{"id":"shape_6RynKSkVpW","to":{"RefT":{"conceptId":"concept_1KpuFY_waterlinkedreceivercollection"}},"conceptId":"concept_tbNKeJr0OFxk"}},{"SetResponseBodyShape":{"responseId":"response_lIKvtiF93P","bodyDescriptor":{"httpContentType":"application/vnd.wl.external.locator.orientation+json","conceptId":"concept_SJiDwu2ybS1m"}}},{"SetRequestBodyShape":{"requestId":"path_P6g2NqWxBF}_put","bodyDescriptor":{"httpContentType":"application/json","conceptId":"concept_apiv1externalorientation_put_body"}}},{"SetResponseBodyShape":{"responseId":"response_cygIHlR3pk","bodyDescriptor":{"httpContentType":"application/vnd.waterlinked.accoustic.position+json","conceptId":"concept_vd5A3y0FI59B"}}},{"SetResponseBodyShape":{"responseId":"response_ydRYChICP9","bodyDescriptor":{"httpContentType":"application/vnd.wl.satellite.position+json","conceptId":"concept_fAFRsqsJvN2r"}}},{"SetResponseBodyShape":{"responseId":"response_UmsHay53HH","bodyDescriptor":{"httpContentType":"application/vnd.waterlinked.poi+json; type=collection","conceptId":"concept_qp6KcoFwP0tE"}}},{"SetResponseBodyShape":{"responseId":"response_RJbu7h7jyl","bodyDescriptor":{"httpContentType":"application/vnd.goa.error","conceptId":"concept_l0ixZN7cBWJx"}}},{"SetResponseBodyShape":{"responseId":"response_1aubbEh15l","bodyDescriptor":{"httpContentType":"application/vnd.waterlinked.poi+json","conceptId":"concept_lJlwVrXGvNnG"}}},{"SetRequestBodyShape":{"requestId":"path_kEhxbwrpcA}_patch","bodyDescriptor":{"httpContentType":"application/json","conceptId":"concept_apiv1poiid_patch_body"}}},{"SetResponseBodyShape":{"responseId":"response_trCNFmwV5x","bodyDescriptor":{"httpContentType":"application/vnd.goa.error","conceptId":"concept_Py6SIXOoS0wS"}}},{"SetRequestBodyShape":{"requestId":"path_EDWXFiLIxe}_post","bodyDescriptor":{"httpContentType":"application/json","conceptId":"concept_apiv1poi_post_body"}}},{"SetResponseBodyShape":{"responseId":"response_FT8vBfqO5Y","bodyDescriptor":{"httpContentType":"application/vnd.goa.error","conceptId":"concept_UduOzTsN9Vai"}}},{"SetResponseBodyShape":{"responseId":"response_jowqn4LjeV","bodyDescriptor":{"httpContentType":"application/vnd.waterlinked.temperature+json","conceptId":"concept_7JRFD761XEvn"}}},{"SetResponseBodyShape":{"responseId":"response_MeVNjw5mwj","bodyDescriptor":{"httpContentType":"application/vnd.wl.satellite.position+json","conceptId":"concept_e2ha5oXUM8PB"}}},{"SetResponseBodyShape":{"responseId":"response_UxOg7f29YW","bodyDescriptor":{"httpContentType":"application/vnd.wupdater.apiversion","conceptId":"concept_Yabf5PCP6Hwm"}}},{"SetResponseBodyShape":{"responseId":"response_tRu3DXtIhl","bodyDescriptor":{"httpContentType":"application/vnd.waterlinked.receiver+json","conceptId":"concept_096DxTjuPktv"}}},{"SetRequestBodyShape":{"requestId":"path_iQId4mTE1K}_put","bodyDescriptor":{"httpContentType":"application/json","conceptId":"concept_apiv1configreceiversid_put_body"}}},{"SetResponseBodyShape":{"responseId":"response_ooJF60w8pR","bodyDescriptor":{"httpContentType":"application/vnd.waterlinked.status+json","conceptId":"concept_OHXIg2GI2QPa"}}},{"SetResponseBodyShape":{"responseId":"response_va9thU9VMk","bodyDescriptor":{"httpContentType":"application/vnd.waterlinked.about+json","conceptId":"concept_XVOWwFm9cOe2"}}},{"SetResponseBodyShape":{"responseId":"response_k4ftNjkchS","bodyDescriptor":{"httpContentType":"application/vnd.waterlinked.accoustic.position+json","conceptId":"concept_ySHAH6UNcain"}}},{"SetRequestBodyShape":{"requestId":"path_SKUKjMyCzp}_put","bodyDescriptor":{"httpContentType":"application/json","conceptId":"concept_apiv1externaldepth_put_body"}}},{"SetResponseBodyShape":{"responseId":"response_qBRRFW8mnL","bodyDescriptor":{"httpContentType":"application/vnd.waterlinked.configuration+json","conceptId":"concept_czZgQL3YDrsS"}}},{"SetRequestBodyShape":{"requestId":"path_0Ukieqy5tc}_put","bodyDescriptor":{"httpContentType":"application/json","conceptId":"concept_apiv1configgeneric_put_body"}}},{"SetRequestBodyShape":{"requestId":"path_oe6TU4MTZx}_put","bodyDescriptor":{"httpContentType":"application/json","conceptId":"concept_apiv1externalmaster_put_body"}}},{"SetResponseBodyShape":{"responseId":"response_jipsA2v2fB","bodyDescriptor":{"httpContentType":"application/vnd.wl.warning+json; type=collection","conceptId":"concept_FpdEP4C1lWyn"}}},{"SetResponseBodyShape":{"responseId":"response_YZUWofYPP2","bodyDescriptor":{"httpContentType":"application/vnd.waterlinked.receiver+json; type=collection","conceptId":"concept_tbNKeJr0OFxk"}}}]