[{"DefineConcept":{"name":"BulkSmsRequestCompact","root":"shape_HDt4L2a3wW","conceptId":"concept_cSbmSR_bulksmsrequestcompact"}},{"SetConceptName":{"newName":"BulkSmsRequestCompact","conceptId":"concept_cSbmSR_bulksmsrequestcompact"}},{"DefineConcept":{"name":"SmsResponse","root":"shape_7fm3H8dvdw","conceptId":"concept_hXfNjV_smsresponse"}},{"SetConceptName":{"newName":"SmsResponse","conceptId":"concept_hXfNjV_smsresponse"}},{"DefineConcept":{"name":"SmsRequest","root":"shape_nXYnDQExWO","conceptId":"concept_5Q4Ap9_smsrequest"}},{"SetConceptName":{"newName":"SmsRequest","conceptId":"concept_5Q4Ap9_smsrequest"}},{"DefineConcept":{"name":"BulkSmsRequest","root":"shape_p4hfWVIb3K","conceptId":"concept_POImdG_bulksmsrequest"}},{"SetConceptName":{"newName":"BulkSmsRequest","conceptId":"concept_POImdG_bulksmsrequest"}},{"DefineConcept":{"name":"SmsTemplate","root":"shape_bJBn5UqY5z","conceptId":"concept_esyG7E_smstemplate"}},{"SetConceptName":{"newName":"SmsTemplate","conceptId":"concept_esyG7E_smstemplate"}},{"DefineConcept":{"name":"SmsStatus","root":"shape_NE4M0xPoYZ","conceptId":"concept_QykbJa_smsstatus"}},{"SetConceptName":{"newName":"SmsStatus","conceptId":"concept_QykbJa_smsstatus"}},{"DefineConcept":{"name":"ErrorResponse","root":"shape_pNf9cKQZfB","conceptId":"concept_l2S58J_errorresponse"}},{"SetConceptName":{"newName":"ErrorResponse","conceptId":"concept_l2S58J_errorresponse"}},{"DefineConcept":{"name":"BulkSmsResponse","root":"shape_s6nG2JPQol","conceptId":"concept_wy0KLr_bulksmsresponse"}},{"SetConceptName":{"newName":"BulkSmsResponse","conceptId":"concept_wy0KLr_bulksmsresponse"}},{"AssignType":{"id":"shape_HDt4L2a3wW","to":{"ObjectT":{}},"conceptId":"concept_cSbmSR_bulksmsrequestcompact"}},{"AddField":{"parentId":"shape_HDt4L2a3wW","id":"shape_LTa56CmWJU","conceptId":"concept_cSbmSR_bulksmsrequestcompact"}},{"SetFieldName":{"id":"shape_LTa56CmWJU","newName":"clientBatchId","conceptId":"concept_cSbmSR_bulksmsrequestcompact"}},{"AssignType":{"id":"shape_LTa56CmWJU","to":{"StringT":{}},"conceptId":"concept_cSbmSR_bulksmsrequestcompact"}},{"AddField":{"parentId":"shape_HDt4L2a3wW","id":"shape_Kn4NAxHjw1","conceptId":"concept_cSbmSR_bulksmsrequestcompact"}},{"SetFieldName":{"id":"shape_Kn4NAxHjw1","newName":"destinations","conceptId":"concept_cSbmSR_bulksmsrequestcompact"}},{"AssignType":{"id":"shape_Kn4NAxHjw1","to":{"ListT":{}},"conceptId":"concept_cSbmSR_bulksmsrequestcompact"}},{"AddTypeParameter":{"parentId":"shape_Kn4NAxHjw1","id":"shape_MiVztPLlWV","conceptId":"concept_cSbmSR_bulksmsrequestcompact"}},{"AssignType":{"id":"shape_MiVztPLlWV","to":{"StringT":{}},"conceptId":"concept_cSbmSR_bulksmsrequestcompact"}},{"AddField":{"parentId":"shape_HDt4L2a3wW","id":"shape_5L0vCSnuaO","conceptId":"concept_cSbmSR_bulksmsrequestcompact"}},{"SetFieldName":{"id":"shape_5L0vCSnuaO","newName":"includeMessagesInResponse","conceptId":"concept_cSbmSR_bulksmsrequestcompact"}},{"AssignType":{"id":"shape_5L0vCSnuaO","to":{"BooleanT":{}},"conceptId":"concept_cSbmSR_bulksmsrequestcompact"}},{"AddField":{"parentId":"shape_HDt4L2a3wW","id":"shape_wFq1Bmgosi","conceptId":"concept_cSbmSR_bulksmsrequestcompact"}},{"SetFieldName":{"id":"shape_wFq1Bmgosi","newName":"template","conceptId":"concept_cSbmSR_bulksmsrequestcompact"}},{"AssignType":{"id":"shape_wFq1Bmgosi","to":{"RefT":{"conceptId":"concept_esyG7E_smstemplate"}},"conceptId":"concept_cSbmSR_bulksmsrequestcompact"}},{"AssignType":{"id":"shape_7fm3H8dvdw","to":{"ObjectT":{}},"conceptId":"concept_hXfNjV_smsresponse"}},{"AddField":{"parentId":"shape_7fm3H8dvdw","id":"shape_NPh0PAzYJR","conceptId":"concept_hXfNjV_smsresponse"}},{"SetFieldName":{"id":"shape_NPh0PAzYJR","newName":"clientMessageId","conceptId":"concept_hXfNjV_smsresponse"}},{"AssignType":{"id":"shape_NPh0PAzYJR","to":{"StringT":{}},"conceptId":"concept_hXfNjV_smsresponse"}},{"AddField":{"parentId":"shape_7fm3H8dvdw","id":"shape_D1Jxea2eYJ","conceptId":"concept_hXfNjV_smsresponse"}},{"SetFieldName":{"id":"shape_D1Jxea2eYJ","newName":"destination","conceptId":"concept_hXfNjV_smsresponse"}},{"AssignType":{"id":"shape_D1Jxea2eYJ","to":{"StringT":{}},"conceptId":"concept_hXfNjV_smsresponse"}},{"AddField":{"parentId":"shape_7fm3H8dvdw","id":"shape_mu8ZF4elM3","conceptId":"concept_hXfNjV_smsresponse"}},{"SetFieldName":{"id":"shape_mu8ZF4elM3","newName":"status","conceptId":"concept_hXfNjV_smsresponse"}},{"AssignType":{"id":"shape_mu8ZF4elM3","to":{"RefT":{"conceptId":"concept_QykbJa_smsstatus"}},"conceptId":"concept_hXfNjV_smsresponse"}},{"AddField":{"parentId":"shape_7fm3H8dvdw","id":"shape_sudcm75f1D","conceptId":"concept_hXfNjV_smsresponse"}},{"SetFieldName":{"id":"shape_sudcm75f1D","newName":"umid","conceptId":"concept_hXfNjV_smsresponse"}},{"AssignType":{"id":"shape_sudcm75f1D","to":{"StringT":{}},"conceptId":"concept_hXfNjV_smsresponse"}},{"AssignType":{"id":"shape_nXYnDQExWO","to":{"ObjectT":{}},"conceptId":"concept_5Q4Ap9_smsrequest"}},{"AddField":{"parentId":"shape_nXYnDQExWO","id":"shape_GGHB6sD4pL","conceptId":"concept_5Q4Ap9_smsrequest"}},{"SetFieldName":{"id":"shape_GGHB6sD4pL","newName":"source","conceptId":"concept_5Q4Ap9_smsrequest"}},{"AssignType":{"id":"shape_GGHB6sD4pL","to":{"StringT":{}},"conceptId":"concept_5Q4Ap9_smsrequest"}},{"AddField":{"parentId":"shape_nXYnDQExWO","id":"shape_5u03fOsXOb","conceptId":"concept_5Q4Ap9_smsrequest"}},{"SetFieldName":{"id":"shape_5u03fOsXOb","newName":"text","conceptId":"concept_5Q4Ap9_smsrequest"}},{"AssignType":{"id":"shape_5u03fOsXOb","to":{"StringT":{}},"conceptId":"concept_5Q4Ap9_smsrequest"}},{"AddField":{"parentId":"shape_nXYnDQExWO","id":"shape_5W0F4JOa0O","conceptId":"concept_5Q4Ap9_smsrequest"}},{"SetFieldName":{"id":"shape_5W0F4JOa0O","newName":"encoding","conceptId":"concept_5Q4Ap9_smsrequest"}},{"AssignType":{"id":"shape_5W0F4JOa0O","to":{"StringT":{}},"conceptId":"concept_5Q4Ap9_smsrequest"}},{"AddField":{"parentId":"shape_nXYnDQExWO","id":"shape_hpCuDwcQk7","conceptId":"concept_5Q4Ap9_smsrequest"}},{"SetFieldName":{"id":"shape_hpCuDwcQk7","newName":"scheduled","conceptId":"concept_5Q4Ap9_smsrequest"}},{"AssignType":{"id":"shape_hpCuDwcQk7","to":{"StringT":{}},"conceptId":"concept_5Q4Ap9_smsrequest"}},{"AddField":{"parentId":"shape_nXYnDQExWO","id":"shape_jKnZRMFbo1","conceptId":"concept_5Q4Ap9_smsrequest"}},{"SetFieldName":{"id":"shape_jKnZRMFbo1","newName":"clientMessageId","conceptId":"concept_5Q4Ap9_smsrequest"}},{"AssignType":{"id":"shape_jKnZRMFbo1","to":{"StringT":{}},"conceptId":"concept_5Q4Ap9_smsrequest"}},{"AddField":{"parentId":"shape_nXYnDQExWO","id":"shape_aVMaL718vQ","conceptId":"concept_5Q4Ap9_smsrequest"}},{"SetFieldName":{"id":"shape_aVMaL718vQ","newName":"expiry","conceptId":"concept_5Q4Ap9_smsrequest"}},{"AssignType":{"id":"shape_aVMaL718vQ","to":{"StringT":{}},"conceptId":"concept_5Q4Ap9_smsrequest"}},{"AddField":{"parentId":"shape_nXYnDQExWO","id":"shape_4lFgRa0Plv","conceptId":"concept_5Q4Ap9_smsrequest"}},{"SetFieldName":{"id":"shape_4lFgRa0Plv","newName":"destination","conceptId":"concept_5Q4Ap9_smsrequest"}},{"AssignType":{"id":"shape_4lFgRa0Plv","to":{"StringT":{}},"conceptId":"concept_5Q4Ap9_smsrequest"}},{"AssignType":{"id":"shape_p4hfWVIb3K","to":{"ObjectT":{}},"conceptId":"concept_POImdG_bulksmsrequest"}},{"AddField":{"parentId":"shape_p4hfWVIb3K","id":"shape_bjQOUsqWyV","conceptId":"concept_POImdG_bulksmsrequest"}},{"SetFieldName":{"id":"shape_bjQOUsqWyV","newName":"clientBatchId","conceptId":"concept_POImdG_bulksmsrequest"}},{"AssignType":{"id":"shape_bjQOUsqWyV","to":{"StringT":{}},"conceptId":"concept_POImdG_bulksmsrequest"}},{"AddField":{"parentId":"shape_p4hfWVIb3K","id":"shape_vMB9WjBbfQ","conceptId":"concept_POImdG_bulksmsrequest"}},{"SetFieldName":{"id":"shape_vMB9WjBbfQ","newName":"includeMessagesInResponse","conceptId":"concept_POImdG_bulksmsrequest"}},{"AssignType":{"id":"shape_vMB9WjBbfQ","to":{"BooleanT":{}},"conceptId":"concept_POImdG_bulksmsrequest"}},{"AddField":{"parentId":"shape_p4hfWVIb3K","id":"shape_JiOMFS7Mnv","conceptId":"concept_POImdG_bulksmsrequest"}},{"SetFieldName":{"id":"shape_JiOMFS7Mnv","newName":"messages","conceptId":"concept_POImdG_bulksmsrequest"}},{"AssignType":{"id":"shape_JiOMFS7Mnv","to":{"ListT":{}},"conceptId":"concept_POImdG_bulksmsrequest"}},{"AddTypeParameter":{"parentId":"shape_JiOMFS7Mnv","id":"shape_N9b8vWz4QT","conceptId":"concept_POImdG_bulksmsrequest"}},{"AssignType":{"id":"shape_N9b8vWz4QT","to":{"RefT":{"conceptId":"concept_5Q4Ap9_smsrequest"}},"conceptId":"concept_POImdG_bulksmsrequest"}},{"AddField":{"parentId":"shape_p4hfWVIb3K","id":"shape_myomJSkxHN","conceptId":"concept_POImdG_bulksmsrequest"}},{"SetFieldName":{"id":"shape_myomJSkxHN","newName":"template","conceptId":"concept_POImdG_bulksmsrequest"}},{"AssignType":{"id":"shape_myomJSkxHN","to":{"RefT":{"conceptId":"concept_esyG7E_smstemplate"}},"conceptId":"concept_POImdG_bulksmsrequest"}},{"AssignType":{"id":"shape_bJBn5UqY5z","to":{"ObjectT":{}},"conceptId":"concept_esyG7E_smstemplate"}},{"AddField":{"parentId":"shape_bJBn5UqY5z","id":"shape_euTwma5zWB","conceptId":"concept_esyG7E_smstemplate"}},{"SetFieldName":{"id":"shape_euTwma5zWB","newName":"source","conceptId":"concept_esyG7E_smstemplate"}},{"AssignType":{"id":"shape_euTwma5zWB","to":{"StringT":{}},"conceptId":"concept_esyG7E_smstemplate"}},{"AddField":{"parentId":"shape_bJBn5UqY5z","id":"shape_oswQEgsLe1","conceptId":"concept_esyG7E_smstemplate"}},{"SetFieldName":{"id":"shape_oswQEgsLe1","newName":"text","conceptId":"concept_esyG7E_smstemplate"}},{"AssignType":{"id":"shape_oswQEgsLe1","to":{"StringT":{}},"conceptId":"concept_esyG7E_smstemplate"}},{"AddField":{"parentId":"shape_bJBn5UqY5z","id":"shape_wOJXfshJyh","conceptId":"concept_esyG7E_smstemplate"}},{"SetFieldName":{"id":"shape_wOJXfshJyh","newName":"encoding","conceptId":"concept_esyG7E_smstemplate"}},{"AssignType":{"id":"shape_wOJXfshJyh","to":{"StringT":{}},"conceptId":"concept_esyG7E_smstemplate"}},{"AddField":{"parentId":"shape_bJBn5UqY5z","id":"shape_psnYNsNRjk","conceptId":"concept_esyG7E_smstemplate"}},{"SetFieldName":{"id":"shape_psnYNsNRjk","newName":"scheduled","conceptId":"concept_esyG7E_smstemplate"}},{"AssignType":{"id":"shape_psnYNsNRjk","to":{"StringT":{}},"conceptId":"concept_esyG7E_smstemplate"}},{"AddField":{"parentId":"shape_bJBn5UqY5z","id":"shape_wij7zY45xR","conceptId":"concept_esyG7E_smstemplate"}},{"SetFieldName":{"id":"shape_wij7zY45xR","newName":"expiry","conceptId":"concept_esyG7E_smstemplate"}},{"AssignType":{"id":"shape_wij7zY45xR","to":{"StringT":{}},"conceptId":"concept_esyG7E_smstemplate"}},{"AssignType":{"id":"shape_NE4M0xPoYZ","to":{"ObjectT":{}},"conceptId":"concept_QykbJa_smsstatus"}},{"AddField":{"parentId":"shape_NE4M0xPoYZ","id":"shape_Obacf2lJBP","conceptId":"concept_QykbJa_smsstatus"}},{"SetFieldName":{"id":"shape_Obacf2lJBP","newName":"code","conceptId":"concept_QykbJa_smsstatus"}},{"AssignType":{"id":"shape_Obacf2lJBP","to":{"StringT":{}},"conceptId":"concept_QykbJa_smsstatus"}},{"AddField":{"parentId":"shape_NE4M0xPoYZ","id":"shape_aPzxwJUc7x","conceptId":"concept_QykbJa_smsstatus"}},{"SetFieldName":{"id":"shape_aPzxwJUc7x","newName":"description","conceptId":"concept_QykbJa_smsstatus"}},{"AssignType":{"id":"shape_aPzxwJUc7x","to":{"StringT":{}},"conceptId":"concept_QykbJa_smsstatus"}},{"AssignType":{"id":"shape_pNf9cKQZfB","to":{"ObjectT":{}},"conceptId":"concept_l2S58J_errorresponse"}},{"AddField":{"parentId":"shape_pNf9cKQZfB","id":"shape_vPZBJ0SEnV","conceptId":"concept_l2S58J_errorresponse"}},{"SetFieldName":{"id":"shape_vPZBJ0SEnV","newName":"code","conceptId":"concept_l2S58J_errorresponse"}},{"AssignType":{"id":"shape_vPZBJ0SEnV","to":{"IntegerT":{}},"conceptId":"concept_l2S58J_errorresponse"}},{"AddField":{"parentId":"shape_pNf9cKQZfB","id":"shape_cYQbmI92cm","conceptId":"concept_l2S58J_errorresponse"}},{"SetFieldName":{"id":"shape_cYQbmI92cm","newName":"errorId","conceptId":"concept_l2S58J_errorresponse"}},{"AssignType":{"id":"shape_cYQbmI92cm","to":{"StringT":{}},"conceptId":"concept_l2S58J_errorresponse"}},{"AddField":{"parentId":"shape_pNf9cKQZfB","id":"shape_jdAkAKUrnF","conceptId":"concept_l2S58J_errorresponse"}},{"SetFieldName":{"id":"shape_jdAkAKUrnF","newName":"message","conceptId":"concept_l2S58J_errorresponse"}},{"AssignType":{"id":"shape_jdAkAKUrnF","to":{"StringT":{}},"conceptId":"concept_l2S58J_errorresponse"}},{"AddField":{"parentId":"shape_pNf9cKQZfB","id":"shape_vDWVGj5AFd","conceptId":"concept_l2S58J_errorresponse"}},{"SetFieldName":{"id":"shape_vDWVGj5AFd","newName":"timestamp","conceptId":"concept_l2S58J_errorresponse"}},{"AssignType":{"id":"shape_vDWVGj5AFd","to":{"StringT":{}},"conceptId":"concept_l2S58J_errorresponse"}},{"AssignType":{"id":"shape_s6nG2JPQol","to":{"ObjectT":{}},"conceptId":"concept_wy0KLr_bulksmsresponse"}},{"AddField":{"parentId":"shape_s6nG2JPQol","id":"shape_6aumInUZkF","conceptId":"concept_wy0KLr_bulksmsresponse"}},{"SetFieldName":{"id":"shape_6aumInUZkF","newName":"messages","conceptId":"concept_wy0KLr_bulksmsresponse"}},{"AssignType":{"id":"shape_6aumInUZkF","to":{"ListT":{}},"conceptId":"concept_wy0KLr_bulksmsresponse"}},{"AddTypeParameter":{"parentId":"shape_6aumInUZkF","id":"shape_tj2h8TP5NL","conceptId":"concept_wy0KLr_bulksmsresponse"}},{"AssignType":{"id":"shape_tj2h8TP5NL","to":{"RefT":{"conceptId":"concept_hXfNjV_smsresponse"}},"conceptId":"concept_wy0KLr_bulksmsresponse"}},{"AddField":{"parentId":"shape_s6nG2JPQol","id":"shape_yS6qFRsAWs","conceptId":"concept_wy0KLr_bulksmsresponse"}},{"SetFieldName":{"id":"shape_yS6qFRsAWs","newName":"rejectedCount","conceptId":"concept_wy0KLr_bulksmsresponse"}},{"AssignType":{"id":"shape_yS6qFRsAWs","to":{"IntegerT":{}},"conceptId":"concept_wy0KLr_bulksmsresponse"}},{"AddField":{"parentId":"shape_s6nG2JPQol","id":"shape_xQ2XvUYWyS","conceptId":"concept_wy0KLr_bulksmsresponse"}},{"SetFieldName":{"id":"shape_xQ2XvUYWyS","newName":"batchId","conceptId":"concept_wy0KLr_bulksmsresponse"}},{"AssignType":{"id":"shape_xQ2XvUYWyS","to":{"StringT":{}},"conceptId":"concept_wy0KLr_bulksmsresponse"}},{"AddField":{"parentId":"shape_s6nG2JPQol","id":"shape_atTASKdlBX","conceptId":"concept_wy0KLr_bulksmsresponse"}},{"SetFieldName":{"id":"shape_atTASKdlBX","newName":"clientBatchId","conceptId":"concept_wy0KLr_bulksmsresponse"}},{"AssignType":{"id":"shape_atTASKdlBX","to":{"StringT":{}},"conceptId":"concept_wy0KLr_bulksmsresponse"}},{"AddField":{"parentId":"shape_s6nG2JPQol","id":"shape_v0YjBufgfL","conceptId":"concept_wy0KLr_bulksmsresponse"}},{"SetFieldName":{"id":"shape_v0YjBufgfL","newName":"acceptedCount","conceptId":"concept_wy0KLr_bulksmsresponse"}},{"AssignType":{"id":"shape_v0YjBufgfL","to":{"IntegerT":{}},"conceptId":"concept_wy0KLr_bulksmsresponse"}},{"AddPathComponent":{"pathId":"YB2QR1_path_0","parentPathId":"root","name":"sms"}},{"AddPathComponent":{"pathId":"YB2QR1_path_1","parentPathId":"YB2QR1_path_0","name":"v1"}},{"AddPathComponent":{"pathId":"YB2QR1_path_2","parentPathId":"YB2QR1_path_1","name":"status"}},{"AddPathParameter":{"pathId":"YB2QR1_path_3","parentPathId":"YB2QR1_path_1","name":""}},{"AddPathComponent":{"pathId":"YB2QR1_path_4","parentPathId":"YB2QR1_path_3","name":"many"}},{"AddPathComponent":{"pathId":"YB2QR1_path_5","parentPathId":"YB2QR1_path_4","name":"compact"}},{"AddPathComponent":{"pathId":"YB2QR1_path_6","parentPathId":"YB2QR1_path_3","name":"single"}},{"AddRequest":{"requestId":"path_8r4zyYyB8e}_get","pathId":"YB2QR1_path_2","httpMethod":"get"}},{"AddResponse":{"responseId":"response_x8KBO3bC8X","requestId":"path_8r4zyYyB8e}_get","httpStatusCode":204}},{"AddRequest":{"requestId":"path_abOnCJodYN}_post","pathId":"YB2QR1_path_4","httpMethod":"post"}},{"DefineInlineConcept":{"root":"shape_r2pkiLQElN","conceptId":"concept_smsv1subaccountidmany_post_body"}},{"AssignType":{"id":"shape_r2pkiLQElN","to":{"RefT":{"conceptId":"concept_POImdG_bulksmsrequest"}},"conceptId":"concept_smsv1subaccountidmany_post_body"}},{"AddResponse":{"responseId":"response_skt66HkB4k","requestId":"path_abOnCJodYN}_post","httpStatusCode":400}},{"DefineInlineConcept":{"root":"shape_8YEROAoBH6","conceptId":"concept_Tu9Q9JHBBOFt"}},{"AssignType":{"id":"shape_8YEROAoBH6","to":{"RefT":{"conceptId":"concept_l2S58J_errorresponse"}},"conceptId":"concept_Tu9Q9JHBBOFt"}},{"AddResponse":{"responseId":"response_q7ds9eeTme","requestId":"path_abOnCJodYN}_post","httpStatusCode":500}},{"DefineInlineConcept":{"root":"shape_cNuZTYE637","conceptId":"concept_2qanmV1d8nJK"}},{"AssignType":{"id":"shape_cNuZTYE637","to":{"RefT":{"conceptId":"concept_l2S58J_errorresponse"}},"conceptId":"concept_2qanmV1d8nJK"}},{"AddResponse":{"responseId":"response_8WXgmuhGqv","requestId":"path_abOnCJodYN}_post","httpStatusCode":204}},{"AddResponse":{"responseId":"response_f19h39TB3h","requestId":"path_abOnCJodYN}_post","httpStatusCode":401}},{"DefineInlineConcept":{"root":"shape_oyNbfxSiXw","conceptId":"concept_VFYGImiupzE0"}},{"AssignType":{"id":"shape_oyNbfxSiXw","to":{"RefT":{"conceptId":"concept_l2S58J_errorresponse"}},"conceptId":"concept_VFYGImiupzE0"}},{"AddResponse":{"responseId":"response_bkkFLOyOxB","requestId":"path_abOnCJodYN}_post","httpStatusCode":200}},{"DefineInlineConcept":{"root":"shape_v0Q0LLe7lE","conceptId":"concept_KZFzvCyaS95L"}},{"AssignType":{"id":"shape_v0Q0LLe7lE","to":{"RefT":{"conceptId":"concept_wy0KLr_bulksmsresponse"}},"conceptId":"concept_KZFzvCyaS95L"}},{"AddRequest":{"requestId":"path_kEIHCTCZgH}_post","pathId":"YB2QR1_path_5","httpMethod":"post"}},{"DefineInlineConcept":{"root":"shape_DCjc9LKC7U","conceptId":"concept_smsv1subaccountidmanycompact_post_body"}},{"AssignType":{"id":"shape_DCjc9LKC7U","to":{"RefT":{"conceptId":"concept_cSbmSR_bulksmsrequestcompact"}},"conceptId":"concept_smsv1subaccountidmanycompact_post_body"}},{"AddResponse":{"responseId":"response_Pxi6Gr4yzD","requestId":"path_kEIHCTCZgH}_post","httpStatusCode":400}},{"DefineInlineConcept":{"root":"shape_FC33sl49GM","conceptId":"concept_NW5jQTU99dqJ"}},{"AssignType":{"id":"shape_FC33sl49GM","to":{"RefT":{"conceptId":"concept_l2S58J_errorresponse"}},"conceptId":"concept_NW5jQTU99dqJ"}},{"AddResponse":{"responseId":"response_j8EnAlAlvQ","requestId":"path_kEIHCTCZgH}_post","httpStatusCode":500}},{"DefineInlineConcept":{"root":"shape_0eu6L9AHAm","conceptId":"concept_hKtF2z3kBgHm"}},{"AssignType":{"id":"shape_0eu6L9AHAm","to":{"RefT":{"conceptId":"concept_l2S58J_errorresponse"}},"conceptId":"concept_hKtF2z3kBgHm"}},{"AddResponse":{"responseId":"response_rv3byobij9","requestId":"path_kEIHCTCZgH}_post","httpStatusCode":204}},{"AddResponse":{"responseId":"response_SIoDOwEboH","requestId":"path_kEIHCTCZgH}_post","httpStatusCode":401}},{"DefineInlineConcept":{"root":"shape_qVKUJcjIhu","conceptId":"concept_q96ghkfjuqvv"}},{"AssignType":{"id":"shape_qVKUJcjIhu","to":{"RefT":{"conceptId":"concept_l2S58J_errorresponse"}},"conceptId":"concept_q96ghkfjuqvv"}},{"AddResponse":{"responseId":"response_6nE4RFoQuX","requestId":"path_kEIHCTCZgH}_post","httpStatusCode":200}},{"DefineInlineConcept":{"root":"shape_sRrjZ47ATs","conceptId":"concept_5dY8PW3hawsH"}},{"AssignType":{"id":"shape_sRrjZ47ATs","to":{"RefT":{"conceptId":"concept_wy0KLr_bulksmsresponse"}},"conceptId":"concept_5dY8PW3hawsH"}},{"AddRequest":{"requestId":"path_Xs5cAbpKic}_post","pathId":"YB2QR1_path_6","httpMethod":"post"}},{"DefineInlineConcept":{"root":"shape_CJgtvoTWyO","conceptId":"concept_smsv1subaccountidsingle_post_body"}},{"AssignType":{"id":"shape_CJgtvoTWyO","to":{"RefT":{"conceptId":"concept_5Q4Ap9_smsrequest"}},"conceptId":"concept_smsv1subaccountidsingle_post_body"}},{"AddResponse":{"responseId":"response_OCKxWXyEIe","requestId":"path_Xs5cAbpKic}_post","httpStatusCode":400}},{"DefineInlineConcept":{"root":"shape_vILaOdpmiZ","conceptId":"concept_SWOWvl3whEkE"}},{"AssignType":{"id":"shape_vILaOdpmiZ","to":{"RefT":{"conceptId":"concept_l2S58J_errorresponse"}},"conceptId":"concept_SWOWvl3whEkE"}},{"AddResponse":{"responseId":"response_QQWcUUJSc7","requestId":"path_Xs5cAbpKic}_post","httpStatusCode":500}},{"DefineInlineConcept":{"root":"shape_MTkYIphkGE","conceptId":"concept_iBpjQOPinHJd"}},{"AssignType":{"id":"shape_MTkYIphkGE","to":{"RefT":{"conceptId":"concept_l2S58J_errorresponse"}},"conceptId":"concept_iBpjQOPinHJd"}},{"AddResponse":{"responseId":"response_j7aBtXPVTy","requestId":"path_Xs5cAbpKic}_post","httpStatusCode":204}},{"AddResponse":{"responseId":"response_8wbBvC7GvA","requestId":"path_Xs5cAbpKic}_post","httpStatusCode":401}},{"DefineInlineConcept":{"root":"shape_0CncVxeGAR","conceptId":"concept_6IDvh3YpCfgP"}},{"AssignType":{"id":"shape_0CncVxeGAR","to":{"RefT":{"conceptId":"concept_l2S58J_errorresponse"}},"conceptId":"concept_6IDvh3YpCfgP"}},{"AddResponse":{"responseId":"response_cDUgvCtW2K","requestId":"path_Xs5cAbpKic}_post","httpStatusCode":200}},{"DefineInlineConcept":{"root":"shape_EfwwOY8BpB","conceptId":"concept_qn8C2kSeqwXM"}},{"AssignType":{"id":"shape_EfwwOY8BpB","to":{"RefT":{"conceptId":"concept_hXfNjV_smsresponse"}},"conceptId":"concept_qn8C2kSeqwXM"}},{"SetRequestBodyShape":{"requestId":"path_abOnCJodYN}_post","bodyDescriptor":{"httpContentType":"application/json","conceptId":"concept_smsv1subaccountidmany_post_body"}}},{"SetResponseBodyShape":{"responseId":"response_skt66HkB4k","bodyDescriptor":{"httpContentType":"application/json","conceptId":"concept_Tu9Q9JHBBOFt"}}},{"SetResponseBodyShape":{"responseId":"response_q7ds9eeTme","bodyDescriptor":{"httpContentType":"application/json","conceptId":"concept_2qanmV1d8nJK"}}},{"SetResponseBodyShape":{"responseId":"response_f19h39TB3h","bodyDescriptor":{"httpContentType":"application/json","conceptId":"concept_VFYGImiupzE0"}}},{"SetResponseBodyShape":{"responseId":"response_bkkFLOyOxB","bodyDescriptor":{"httpContentType":"application/json","conceptId":"concept_KZFzvCyaS95L"}}},{"SetRequestBodyShape":{"requestId":"path_kEIHCTCZgH}_post","bodyDescriptor":{"httpContentType":"application/json","conceptId":"concept_smsv1subaccountidmanycompact_post_body"}}},{"SetResponseBodyShape":{"responseId":"response_Pxi6Gr4yzD","bodyDescriptor":{"httpContentType":"application/json","conceptId":"concept_NW5jQTU99dqJ"}}},{"SetResponseBodyShape":{"responseId":"response_j8EnAlAlvQ","bodyDescriptor":{"httpContentType":"application/json","conceptId":"concept_hKtF2z3kBgHm"}}},{"SetResponseBodyShape":{"responseId":"response_SIoDOwEboH","bodyDescriptor":{"httpContentType":"application/json","conceptId":"concept_q96ghkfjuqvv"}}},{"SetResponseBodyShape":{"responseId":"response_6nE4RFoQuX","bodyDescriptor":{"httpContentType":"application/json","conceptId":"concept_5dY8PW3hawsH"}}},{"SetRequestBodyShape":{"requestId":"path_Xs5cAbpKic}_post","bodyDescriptor":{"httpContentType":"application/json","conceptId":"concept_smsv1subaccountidsingle_post_body"}}},{"SetResponseBodyShape":{"responseId":"response_OCKxWXyEIe","bodyDescriptor":{"httpContentType":"application/json","conceptId":"concept_SWOWvl3whEkE"}}},{"SetResponseBodyShape":{"responseId":"response_QQWcUUJSc7","bodyDescriptor":{"httpContentType":"application/json","conceptId":"concept_iBpjQOPinHJd"}}},{"SetResponseBodyShape":{"responseId":"response_8wbBvC7GvA","bodyDescriptor":{"httpContentType":"application/json","conceptId":"concept_6IDvh3YpCfgP"}}},{"SetResponseBodyShape":{"responseId":"response_cDUgvCtW2K","bodyDescriptor":{"httpContentType":"application/json","conceptId":"concept_qn8C2kSeqwXM"}}}]