[{"DefineConcept":{"name":"JobReleaseTaskExecutionInformation","root":"shape_qIx1ilxHCP","conceptId":"concept_s91055_jobreleasetaskexecutioninformation"}},{"SetConceptName":{"newName":"JobReleaseTaskExecutionInformation","conceptId":"concept_s91055_jobreleasetaskexecutioninformation"}},{"DefineConcept":{"name":"TaskAddCollectionResult","root":"shape_szMHQgyQjH","conceptId":"concept_RNYzME_taskaddcollectionresult"}},{"SetConceptName":{"newName":"TaskAddCollectionResult","conceptId":"concept_RNYzME_taskaddcollectionresult"}},{"DefineConcept":{"name":"NodeAgentSku","root":"shape_ihDf84xlli","conceptId":"concept_Crj19x_nodeagentsku"}},{"SetConceptName":{"newName":"NodeAgentSku","conceptId":"concept_Crj19x_nodeagentsku"}},{"DefineConcept":{"name":"AutoPoolSpecification","root":"shape_YeoxRq4pN9","conceptId":"concept_magVd7_autopoolspecification"}},{"SetConceptName":{"newName":"AutoPoolSpecification","conceptId":"concept_magVd7_autopoolspecification"}},{"DefineConcept":{"name":"ComputeNodeListResult","root":"shape_cJJfx4IvDv","conceptId":"concept_IU4DGG_computenodelistresult"}},{"SetConceptName":{"newName":"ComputeNodeListResult","conceptId":"concept_IU4DGG_computenodelistresult"}},{"DefineConcept":{"name":"JobStatistics","root":"shape_ARjbzLZbKb","conceptId":"concept_nvBuL3_jobstatistics"}},{"SetConceptName":{"newName":"JobStatistics","conceptId":"concept_nvBuL3_jobstatistics"}},{"DefineConcept":{"name":"ApplicationSummary","root":"shape_f3Bpu26umQ","conceptId":"concept_skFSDy_applicationsummary"}},{"SetConceptName":{"newName":"ApplicationSummary","conceptId":"concept_skFSDy_applicationsummary"}},{"DefineConcept":{"name":"ApplicationListResult","root":"shape_bXCZ5lZJJI","conceptId":"concept_pB94jT_applicationlistresult"}},{"SetConceptName":{"newName":"ApplicationListResult","conceptId":"concept_pB94jT_applicationlistresult"}},{"DefineConcept":{"name":"NodeReimageParameter","root":"shape_YOnCRxcp20","conceptId":"concept_WnknL6_nodereimageparameter"}},{"SetConceptName":{"newName":"NodeReimageParameter","conceptId":"concept_WnknL6_nodereimageparameter"}},{"DefineConcept":{"name":"ApplicationPackageReference","root":"shape_2utzvPmfeu","conceptId":"concept_dCsCpD_applicationpackagereference"}},{"SetConceptName":{"newName":"ApplicationPackageReference","conceptId":"concept_dCsCpD_applicationpackagereference"}},{"DefineConcept":{"name":"JobManagerTask","root":"shape_oZAppg9VWi","conceptId":"concept_Rroqbf_jobmanagertask"}},{"SetConceptName":{"newName":"JobManagerTask","conceptId":"concept_Rroqbf_jobmanagertask"}},{"DefineConcept":{"name":"CloudJobScheduleListResult","root":"shape_TDzGCPsoTJ","conceptId":"concept_mVOM8l_cloudjobschedulelistresult"}},{"SetConceptName":{"newName":"CloudJobScheduleListResult","conceptId":"concept_mVOM8l_cloudjobschedulelistresult"}},{"DefineConcept":{"name":"ExitConditions","root":"shape_fkqNKZMk8f","conceptId":"concept_9U2kh6_exitconditions"}},{"SetConceptName":{"newName":"ExitConditions","conceptId":"concept_9U2kh6_exitconditions"}},{"DefineConcept":{"name":"StartTask","root":"shape_v5AAqNNL7i","conceptId":"concept_LaVjkI_starttask"}},{"SetConceptName":{"newName":"StartTask","conceptId":"concept_LaVjkI_starttask"}},{"DefineConcept":{"name":"TaskInformation","root":"shape_EkUSSdy6Me","conceptId":"concept_i4eL55_taskinformation"}},{"SetConceptName":{"newName":"TaskInformation","conceptId":"concept_i4eL55_taskinformation"}},{"DefineConcept":{"name":"PoolUpgradeOSParameter","root":"shape_X9LHtrK4zq","conceptId":"concept_fAH5wt_poolupgradeosparameter"}},{"SetConceptName":{"newName":"PoolUpgradeOSParameter","conceptId":"concept_fAH5wt_poolupgradeosparameter"}},{"DefineConcept":{"name":"CloudJobListPreparationAndReleaseTaskStatusResult","root":"shape_Lxnwc37BKc","conceptId":"concept_VZyneD_cloudjoblistpreparationandreleasetaskstatusresult"}},{"SetConceptName":{"newName":"CloudJobListPreparationAndReleaseTaskStatusResult","conceptId":"concept_VZyneD_cloudjoblistpreparationandreleasetaskstatusresult"}},{"DefineConcept":{"name":"PoolUpdatePropertiesParameter","root":"shape_6jzxTnH6Ul","conceptId":"concept_x3HIMA_poolupdatepropertiesparameter"}},{"SetConceptName":{"newName":"PoolUpdatePropertiesParameter","conceptId":"concept_x3HIMA_poolupdatepropertiesparameter"}},{"DefineConcept":{"name":"NetworkConfiguration","root":"shape_LbkiqJPtxE","conceptId":"concept_Ii8uxe_networkconfiguration"}},{"SetConceptName":{"newName":"NetworkConfiguration","conceptId":"concept_Ii8uxe_networkconfiguration"}},{"DefineConcept":{"name":"ResizeError","root":"shape_MpM7woack6","conceptId":"concept_OQyXY4_resizeerror"}},{"SetConceptName":{"newName":"ResizeError","conceptId":"concept_OQyXY4_resizeerror"}},{"DefineConcept":{"name":"PoolEnableAutoScaleParameter","root":"shape_4mxLLfeSem","conceptId":"concept_gaywQF_poolenableautoscaleparameter"}},{"SetConceptName":{"newName":"PoolEnableAutoScaleParameter","conceptId":"concept_gaywQF_poolenableautoscaleparameter"}},{"DefineConcept":{"name":"NodeRebootParameter","root":"shape_QvaOtDfgTk","conceptId":"concept_msNslH_noderebootparameter"}},{"SetConceptName":{"newName":"NodeRebootParameter","conceptId":"concept_msNslH_noderebootparameter"}},{"DefineConcept":{"name":"JobConstraints","root":"shape_qa1Jb8M6vI","conceptId":"concept_6vCq2K_jobconstraints"}},{"SetConceptName":{"newName":"JobConstraints","conceptId":"concept_6vCq2K_jobconstraints"}},{"DefineConcept":{"name":"ResourceFile","root":"shape_rPnu8Q0odj","conceptId":"concept_nQmupP_resourcefile"}},{"SetConceptName":{"newName":"ResourceFile","conceptId":"concept_nQmupP_resourcefile"}},{"DefineConcept":{"name":"ExitCodeMapping","root":"shape_A5lWPl5s4e","conceptId":"concept_l6eSRN_exitcodemapping"}},{"SetConceptName":{"newName":"ExitCodeMapping","conceptId":"concept_l6eSRN_exitcodemapping"}},{"DefineConcept":{"name":"BatchError","root":"shape_SRBA3aUEBZ","conceptId":"concept_kX2su6_batcherror"}},{"SetConceptName":{"newName":"BatchError","conceptId":"concept_kX2su6_batcherror"}},{"DefineConcept":{"name":"JobPatchParameter","root":"shape_Zi8gQK9xPR","conceptId":"concept_6KDZ6N_jobpatchparameter"}},{"SetConceptName":{"newName":"JobPatchParameter","conceptId":"concept_6KDZ6N_jobpatchparameter"}},{"DefineConcept":{"name":"TaskUpdateParameter","root":"shape_7QCfCuK8hu","conceptId":"concept_MpGekO_taskupdateparameter"}},{"SetConceptName":{"newName":"TaskUpdateParameter","conceptId":"concept_MpGekO_taskupdateparameter"}},{"DefineConcept":{"name":"NodeRemoveParameter","root":"shape_6tF8Hk6LWv","conceptId":"concept_iebMny_noderemoveparameter"}},{"SetConceptName":{"newName":"NodeRemoveParameter","conceptId":"concept_iebMny_noderemoveparameter"}},{"DefineConcept":{"name":"ComputeNodeUser","root":"shape_9JSaKAHtiQ","conceptId":"concept_9iGtEH_computenodeuser"}},{"SetConceptName":{"newName":"ComputeNodeUser","conceptId":"concept_9iGtEH_computenodeuser"}},{"DefineConcept":{"name":"JobPreparationTaskExecutionInformation","root":"shape_8PsT6rF4n4","conceptId":"concept_TSLnbq_jobpreparationtaskexecutioninformation"}},{"SetConceptName":{"newName":"JobPreparationTaskExecutionInformation","conceptId":"concept_TSLnbq_jobpreparationtaskexecutioninformation"}},{"DefineConcept":{"name":"JobScheduleExecutionInformation","root":"shape_h5okTNHtIF","conceptId":"concept_5JdcVI_jobscheduleexecutioninformation"}},{"SetConceptName":{"newName":"JobScheduleExecutionInformation","conceptId":"concept_5JdcVI_jobscheduleexecutioninformation"}},{"DefineConcept":{"name":"UsageStatistics","root":"shape_5GGL6A9JRx","conceptId":"concept_N8CZaE_usagestatistics"}},{"SetConceptName":{"newName":"UsageStatistics","conceptId":"concept_N8CZaE_usagestatistics"}},{"DefineConcept":{"name":"JobTerminateParameter","root":"shape_5mTO6PYUxx","conceptId":"concept_nFQxN4_jobterminateparameter"}},{"SetConceptName":{"newName":"JobTerminateParameter","conceptId":"concept_nFQxN4_jobterminateparameter"}},{"DefineConcept":{"name":"TaskAddCollectionParameter","root":"shape_IypsENW7RS","conceptId":"concept_FmPIuy_taskaddcollectionparameter"}},{"SetConceptName":{"newName":"TaskAddCollectionParameter","conceptId":"concept_FmPIuy_taskaddcollectionparameter"}},{"DefineConcept":{"name":"JobExecutionInformation","root":"shape_ZW048XTo71","conceptId":"concept_PWvAh7_jobexecutioninformation"}},{"SetConceptName":{"newName":"JobExecutionInformation","conceptId":"concept_PWvAh7_jobexecutioninformation"}},{"DefineConcept":{"name":"JobPreparationTask","root":"shape_76ge07QwfG","conceptId":"concept_4AWvQ9_jobpreparationtask"}},{"SetConceptName":{"newName":"JobPreparationTask","conceptId":"concept_4AWvQ9_jobpreparationtask"}},{"DefineConcept":{"name":"TaskConstraints","root":"shape_hefIzJp7CG","conceptId":"concept_J1J0Fc_taskconstraints"}},{"SetConceptName":{"newName":"TaskConstraints","conceptId":"concept_J1J0Fc_taskconstraints"}},{"DefineConcept":{"name":"TaskStatistics","root":"shape_ddwniYfmYl","conceptId":"concept_7ThPP0_taskstatistics"}},{"SetConceptName":{"newName":"TaskStatistics","conceptId":"concept_7ThPP0_taskstatistics"}},{"DefineConcept":{"name":"ComputeNode","root":"shape_7zasRHTQwX","conceptId":"concept_jBDCtC_computenode"}},{"SetConceptName":{"newName":"ComputeNode","conceptId":"concept_jBDCtC_computenode"}},{"DefineConcept":{"name":"AccountListNodeAgentSkusResult","root":"shape_1EFyTMIPUX","conceptId":"concept_ju5ZXH_accountlistnodeagentskusresult"}},{"SetConceptName":{"newName":"AccountListNodeAgentSkusResult","conceptId":"concept_ju5ZXH_accountlistnodeagentskusresult"}},{"DefineConcept":{"name":"ComputeNodeError","root":"shape_SvGmw350HO","conceptId":"concept_Cj8FT6_computenodeerror"}},{"SetConceptName":{"newName":"ComputeNodeError","conceptId":"concept_Cj8FT6_computenodeerror"}},{"DefineConcept":{"name":"DeleteCertificateError","root":"shape_F6nV7pWan1","conceptId":"concept_F3WeIZ_deletecertificateerror"}},{"SetConceptName":{"newName":"DeleteCertificateError","conceptId":"concept_F3WeIZ_deletecertificateerror"}},{"DefineConcept":{"name":"JobSchedulingError","root":"shape_0whuom0NZC","conceptId":"concept_sdHnIy_jobschedulingerror"}},{"SetConceptName":{"newName":"JobSchedulingError","conceptId":"concept_sdHnIy_jobschedulingerror"}},{"DefineConcept":{"name":"JobUpdateParameter","root":"shape_23tXYeGM0c","conceptId":"concept_derfa0_jobupdateparameter"}},{"SetConceptName":{"newName":"JobUpdateParameter","conceptId":"concept_derfa0_jobupdateparameter"}},{"DefineConcept":{"name":"RecentJob","root":"shape_QysDZiU7xs","conceptId":"concept_iUzEmH_recentjob"}},{"SetConceptName":{"newName":"RecentJob","conceptId":"concept_iUzEmH_recentjob"}},{"DefineConcept":{"name":"PoolSpecification","root":"shape_sD5gGwhX4I","conceptId":"concept_3ZAkmH_poolspecification"}},{"SetConceptName":{"newName":"PoolSpecification","conceptId":"concept_3ZAkmH_poolspecification"}},{"DefineConcept":{"name":"NodeDisableSchedulingParameter","root":"shape_TUawySBRi9","conceptId":"concept_dA66En_nodedisableschedulingparameter"}},{"SetConceptName":{"newName":"NodeDisableSchedulingParameter","conceptId":"concept_dA66En_nodedisableschedulingparameter"}},{"DefineConcept":{"name":"JobScheduleUpdateParameter","root":"shape_TLrY3se8ix","conceptId":"concept_1iCUgb_jobscheduleupdateparameter"}},{"SetConceptName":{"newName":"JobScheduleUpdateParameter","conceptId":"concept_1iCUgb_jobscheduleupdateparameter"}},{"DefineConcept":{"name":"CertificateAddParameter","root":"shape_a0sPFlUig0","conceptId":"concept_UGgSxD_certificateaddparameter"}},{"SetConceptName":{"newName":"CertificateAddParameter","conceptId":"concept_UGgSxD_certificateaddparameter"}},{"DefineConcept":{"name":"CloudTaskListResult","root":"shape_Pn0Bm3GLF7","conceptId":"concept_ImWONT_cloudtasklistresult"}},{"SetConceptName":{"newName":"CloudTaskListResult","conceptId":"concept_ImWONT_cloudtasklistresult"}},{"DefineConcept":{"name":"CertificateListResult","root":"shape_jEaKw84GWb","conceptId":"concept_fT7GeV_certificatelistresult"}},{"SetConceptName":{"newName":"CertificateListResult","conceptId":"concept_fT7GeV_certificatelistresult"}},{"DefineConcept":{"name":"CloudServiceConfiguration","root":"shape_wkboRTu6Kq","conceptId":"concept_BzBMGA_cloudserviceconfiguration"}},{"SetConceptName":{"newName":"CloudServiceConfiguration","conceptId":"concept_BzBMGA_cloudserviceconfiguration"}},{"DefineConcept":{"name":"CloudTaskListSubtasksResult","root":"shape_4ot2lBTwHK","conceptId":"concept_WFhddv_cloudtasklistsubtasksresult"}},{"SetConceptName":{"newName":"CloudTaskListSubtasksResult","conceptId":"concept_WFhddv_cloudtasklistsubtasksresult"}},{"DefineConcept":{"name":"TaskIdRange","root":"shape_mlux7wv7yg","conceptId":"concept_17gdvD_taskidrange"}},{"SetConceptName":{"newName":"TaskIdRange","conceptId":"concept_17gdvD_taskidrange"}},{"DefineConcept":{"name":"JobSpecification","root":"shape_ZhrFo5x34C","conceptId":"concept_V6LCjx_jobspecification"}},{"SetConceptName":{"newName":"JobSpecification","conceptId":"concept_V6LCjx_jobspecification"}},{"DefineConcept":{"name":"MultiInstanceSettings","root":"shape_Osa9bTLwBZ","conceptId":"concept_lOTupI_multiinstancesettings"}},{"SetConceptName":{"newName":"MultiInstanceSettings","conceptId":"concept_lOTupI_multiinstancesettings"}},{"DefineConcept":{"name":"ExitCodeRangeMapping","root":"shape_KaC2jWcR7o","conceptId":"concept_T4DVIy_exitcoderangemapping"}},{"SetConceptName":{"newName":"ExitCodeRangeMapping","conceptId":"concept_T4DVIy_exitcoderangemapping"}},{"DefineConcept":{"name":"TaskDependencies","root":"shape_lo6ME2WBGU","conceptId":"concept_rb6Kap_taskdependencies"}},{"SetConceptName":{"newName":"TaskDependencies","conceptId":"concept_rb6Kap_taskdependencies"}},{"DefineConcept":{"name":"PoolStatistics","root":"shape_wXmIjgXjYw","conceptId":"concept_gyqKkf_poolstatistics"}},{"SetConceptName":{"newName":"PoolStatistics","conceptId":"concept_gyqKkf_poolstatistics"}},{"DefineConcept":{"name":"EnvironmentSetting","root":"shape_QbD0hmMfMb","conceptId":"concept_CyZy9a_environmentsetting"}},{"SetConceptName":{"newName":"EnvironmentSetting","conceptId":"concept_CyZy9a_environmentsetting"}},{"DefineConcept":{"name":"CertificateReference","root":"shape_1SQuN2nZfZ","conceptId":"concept_ZSHOUF_certificatereference"}},{"SetConceptName":{"newName":"CertificateReference","conceptId":"concept_ZSHOUF_certificatereference"}},{"DefineConcept":{"name":"NodeUpdateUserParameter","root":"shape_xulVXA8JvP","conceptId":"concept_Emx3S2_nodeupdateuserparameter"}},{"SetConceptName":{"newName":"NodeUpdateUserParameter","conceptId":"concept_Emx3S2_nodeupdateuserparameter"}},{"DefineConcept":{"name":"NodeFile","root":"shape_E7o1ZBWXnW","conceptId":"concept_LgspqB_nodefile"}},{"SetConceptName":{"newName":"NodeFile","conceptId":"concept_LgspqB_nodefile"}},{"DefineConcept":{"name":"AffinityInformation","root":"shape_5PcGEYKAXy","conceptId":"concept_XyvcRq_affinityinformation"}},{"SetConceptName":{"newName":"AffinityInformation","conceptId":"concept_XyvcRq_affinityinformation"}},{"DefineConcept":{"name":"ComputeNodeInformation","root":"shape_vVIrKU6yJB","conceptId":"concept_Lzppjl_computenodeinformation"}},{"SetConceptName":{"newName":"ComputeNodeInformation","conceptId":"concept_Lzppjl_computenodeinformation"}},{"DefineConcept":{"name":"JobSchedulePatchParameter","root":"shape_XjBhFdJMpU","conceptId":"concept_umlWiX_jobschedulepatchparameter"}},{"SetConceptName":{"newName":"JobSchedulePatchParameter","conceptId":"concept_umlWiX_jobschedulepatchparameter"}},{"DefineConcept":{"name":"TaskAddResult","root":"shape_in46C3aD3q","conceptId":"concept_XhTmWp_taskaddresult"}},{"SetConceptName":{"newName":"TaskAddResult","conceptId":"concept_XhTmWp_taskaddresult"}},{"DefineConcept":{"name":"ExitOptions","root":"shape_7k9Kt2nyr9","conceptId":"concept_rjWSLi_exitoptions"}},{"SetConceptName":{"newName":"ExitOptions","conceptId":"concept_rjWSLi_exitoptions"}},{"DefineConcept":{"name":"CloudTask","root":"shape_QgTJ37urXo","conceptId":"concept_lxzxJE_cloudtask"}},{"SetConceptName":{"newName":"CloudTask","conceptId":"concept_lxzxJE_cloudtask"}},{"DefineConcept":{"name":"TaskExecutionInformation","root":"shape_qF4A4Gc0Va","conceptId":"concept_cx4XYP_taskexecutioninformation"}},{"SetConceptName":{"newName":"TaskExecutionInformation","conceptId":"concept_cx4XYP_taskexecutioninformation"}},{"DefineConcept":{"name":"CloudPoolListResult","root":"shape_8RmAW8kcdh","conceptId":"concept_whJwll_cloudpoollistresult"}},{"SetConceptName":{"newName":"CloudPoolListResult","conceptId":"concept_whJwll_cloudpoollistresult"}},{"DefineConcept":{"name":"CloudJobSchedule","root":"shape_LbYJynRnr0","conceptId":"concept_vSsDof_cloudjobschedule"}},{"SetConceptName":{"newName":"CloudJobSchedule","conceptId":"concept_vSsDof_cloudjobschedule"}},{"DefineConcept":{"name":"ComputeNodeGetRemoteLoginSettingsResult","root":"shape_fEYgFp25Dv","conceptId":"concept_ln13Sa_computenodegetremoteloginsettingsresult"}},{"SetConceptName":{"newName":"ComputeNodeGetRemoteLoginSettingsResult","conceptId":"concept_ln13Sa_computenodegetremoteloginsettingsresult"}},{"DefineConcept":{"name":"FileProperties","root":"shape_FValJRF37l","conceptId":"concept_C5uwwF_fileproperties"}},{"SetConceptName":{"newName":"FileProperties","conceptId":"concept_C5uwwF_fileproperties"}},{"DefineConcept":{"name":"PoolListPoolUsageMetricsResult","root":"shape_TZZ9g7ichS","conceptId":"concept_bAs8mY_poollistpoolusagemetricsresult"}},{"SetConceptName":{"newName":"PoolListPoolUsageMetricsResult","conceptId":"concept_bAs8mY_poollistpoolusagemetricsresult"}},{"DefineConcept":{"name":"JobReleaseTask","root":"shape_7JFUN8ucPu","conceptId":"concept_P2QVE8_jobreleasetask"}},{"SetConceptName":{"newName":"JobReleaseTask","conceptId":"concept_P2QVE8_jobreleasetask"}},{"DefineConcept":{"name":"JobPreparationAndReleaseTaskExecutionInformation","root":"shape_dapekMYomO","conceptId":"concept_tJt99a_jobpreparationandreleasetaskexecutioninformation"}},{"SetConceptName":{"newName":"JobPreparationAndReleaseTaskExecutionInformation","conceptId":"concept_tJt99a_jobpreparationandreleasetaskexecutioninformation"}},{"DefineConcept":{"name":"VirtualMachineConfiguration","root":"shape_XjzkzABPSz","conceptId":"concept_9d29vj_virtualmachineconfiguration"}},{"SetConceptName":{"newName":"VirtualMachineConfiguration","conceptId":"concept_9d29vj_virtualmachineconfiguration"}},{"DefineConcept":{"name":"ResourceStatistics","root":"shape_zkj2ol89fH","conceptId":"concept_3EF9Hi_resourcestatistics"}},{"SetConceptName":{"newName":"ResourceStatistics","conceptId":"concept_3EF9Hi_resourcestatistics"}},{"DefineConcept":{"name":"TaskSchedulingPolicy","root":"shape_kAJgPwyMVW","conceptId":"concept_JpI3x3_taskschedulingpolicy"}},{"SetConceptName":{"newName":"TaskSchedulingPolicy","conceptId":"concept_JpI3x3_taskschedulingpolicy"}},{"DefineConcept":{"name":"CloudPool","root":"shape_mrOSluBAQq","conceptId":"concept_ynUb9V_cloudpool"}},{"SetConceptName":{"newName":"CloudPool","conceptId":"concept_ynUb9V_cloudpool"}},{"DefineConcept":{"name":"PoolResizeParameter","root":"shape_0UQdzAbn9l","conceptId":"concept_Xauh5Z_poolresizeparameter"}},{"SetConceptName":{"newName":"PoolResizeParameter","conceptId":"concept_Xauh5Z_poolresizeparameter"}},{"DefineConcept":{"name":"StartTaskInformation","root":"shape_mOysT5Svci","conceptId":"concept_HBoltu_starttaskinformation"}},{"SetConceptName":{"newName":"StartTaskInformation","conceptId":"concept_HBoltu_starttaskinformation"}},{"DefineConcept":{"name":"JobScheduleAddParameter","root":"shape_pjUoPdtSe4","conceptId":"concept_LkFDuA_jobscheduleaddparameter"}},{"SetConceptName":{"newName":"JobScheduleAddParameter","conceptId":"concept_LkFDuA_jobscheduleaddparameter"}},{"DefineConcept":{"name":"Schedule","root":"shape_O7zla584nP","conceptId":"concept_tqJeCR_schedule"}},{"SetConceptName":{"newName":"Schedule","conceptId":"concept_tqJeCR_schedule"}},{"DefineConcept":{"name":"PoolPatchParameter","root":"shape_1pDh8EuLyy","conceptId":"concept_7R8eH5_poolpatchparameter"}},{"SetConceptName":{"newName":"PoolPatchParameter","conceptId":"concept_7R8eH5_poolpatchparameter"}},{"DefineConcept":{"name":"AutoScaleRun","root":"shape_4wQhx0RyoT","conceptId":"concept_R39jVf_autoscalerun"}},{"SetConceptName":{"newName":"AutoScaleRun","conceptId":"concept_R39jVf_autoscalerun"}},{"DefineConcept":{"name":"WindowsConfiguration","root":"shape_7IgZ0flO6T","conceptId":"concept_VqQQZP_windowsconfiguration"}},{"SetConceptName":{"newName":"WindowsConfiguration","conceptId":"concept_VqQQZP_windowsconfiguration"}},{"DefineConcept":{"name":"CloudJob","root":"shape_3MFFlGQbRt","conceptId":"concept_FyqRzB_cloudjob"}},{"SetConceptName":{"newName":"CloudJob","conceptId":"concept_FyqRzB_cloudjob"}},{"DefineConcept":{"name":"SubtaskInformation","root":"shape_IUPSw7axBw","conceptId":"concept_qfDvIt_subtaskinformation"}},{"SetConceptName":{"newName":"SubtaskInformation","conceptId":"concept_qfDvIt_subtaskinformation"}},{"DefineConcept":{"name":"ImageReference","root":"shape_913L8sErsf","conceptId":"concept_8urRFR_imagereference"}},{"SetConceptName":{"newName":"ImageReference","conceptId":"concept_8urRFR_imagereference"}},{"DefineConcept":{"name":"PoolEvaluateAutoScaleParameter","root":"shape_uRx0iDqHcv","conceptId":"concept_6sFjK5_poolevaluateautoscaleparameter"}},{"SetConceptName":{"newName":"PoolEvaluateAutoScaleParameter","conceptId":"concept_6sFjK5_poolevaluateautoscaleparameter"}},{"DefineConcept":{"name":"JobAddParameter","root":"shape_pUjrmXp0dW","conceptId":"concept_CWoXp4_jobaddparameter"}},{"SetConceptName":{"newName":"JobAddParameter","conceptId":"concept_CWoXp4_jobaddparameter"}},{"DefineConcept":{"name":"TaskAddParameter","root":"shape_FgIzhalvc9","conceptId":"concept_rvY2HF_taskaddparameter"}},{"SetConceptName":{"newName":"TaskAddParameter","conceptId":"concept_rvY2HF_taskaddparameter"}},{"DefineConcept":{"name":"MetadataItem","root":"shape_X2CqTchRrn","conceptId":"concept_VEV84J_metadataitem"}},{"SetConceptName":{"newName":"MetadataItem","conceptId":"concept_VEV84J_metadataitem"}},{"DefineConcept":{"name":"Certificate","root":"shape_vln7Kbpau6","conceptId":"concept_XP0l1T_certificate"}},{"SetConceptName":{"newName":"Certificate","conceptId":"concept_XP0l1T_certificate"}},{"DefineConcept":{"name":"ErrorMessage","root":"shape_lVpFNJ8KIP","conceptId":"concept_Eb9ZPD_errormessage"}},{"SetConceptName":{"newName":"ErrorMessage","conceptId":"concept_Eb9ZPD_errormessage"}},{"DefineConcept":{"name":"AutoScaleRunError","root":"shape_TbrFxAjqS3","conceptId":"concept_idD3Pe_autoscalerunerror"}},{"SetConceptName":{"newName":"AutoScaleRunError","conceptId":"concept_idD3Pe_autoscalerunerror"}},{"DefineConcept":{"name":"NameValuePair","root":"shape_GqZwWwylc5","conceptId":"concept_dzLjTx_namevaluepair"}},{"SetConceptName":{"newName":"NameValuePair","conceptId":"concept_dzLjTx_namevaluepair"}},{"DefineConcept":{"name":"NodeFileListResult","root":"shape_4X9R7PCNwZ","conceptId":"concept_0fGZeM_nodefilelistresult"}},{"SetConceptName":{"newName":"NodeFileListResult","conceptId":"concept_0fGZeM_nodefilelistresult"}},{"DefineConcept":{"name":"JobScheduleStatistics","root":"shape_VbEgUARxhv","conceptId":"concept_BfN1m8_jobschedulestatistics"}},{"SetConceptName":{"newName":"JobScheduleStatistics","conceptId":"concept_BfN1m8_jobschedulestatistics"}},{"DefineConcept":{"name":"CloudJobListResult","root":"shape_HE7ZCb9m7K","conceptId":"concept_m7X1ei_cloudjoblistresult"}},{"SetConceptName":{"newName":"CloudJobListResult","conceptId":"concept_m7X1ei_cloudjoblistresult"}},{"DefineConcept":{"name":"TaskSchedulingError","root":"shape_XAXYbY9e5p","conceptId":"concept_eX8MeQ_taskschedulingerror"}},{"SetConceptName":{"newName":"TaskSchedulingError","conceptId":"concept_eX8MeQ_taskschedulingerror"}},{"DefineConcept":{"name":"JobDisableParameter","root":"shape_iRR2PjuxtH","conceptId":"concept_SQ1tjx_jobdisableparameter"}},{"SetConceptName":{"newName":"JobDisableParameter","conceptId":"concept_SQ1tjx_jobdisableparameter"}},{"DefineConcept":{"name":"PoolUsageMetrics","root":"shape_oO3ZRhy6WT","conceptId":"concept_gHYyR0_poolusagemetrics"}},{"SetConceptName":{"newName":"PoolUsageMetrics","conceptId":"concept_gHYyR0_poolusagemetrics"}},{"DefineConcept":{"name":"PoolInformation","root":"shape_6zUC9a8FOe","conceptId":"concept_ZBpeXO_poolinformation"}},{"SetConceptName":{"newName":"PoolInformation","conceptId":"concept_ZBpeXO_poolinformation"}},{"DefineConcept":{"name":"BatchErrorDetail","root":"shape_J1Pj1U1Oem","conceptId":"concept_4SY9jF_batcherrordetail"}},{"SetConceptName":{"newName":"BatchErrorDetail","conceptId":"concept_4SY9jF_batcherrordetail"}},{"DefineConcept":{"name":"PoolAddParameter","root":"shape_XRNqIyw68L","conceptId":"concept_R7fwr8_pooladdparameter"}},{"SetConceptName":{"newName":"PoolAddParameter","conceptId":"concept_R7fwr8_pooladdparameter"}},{"AssignType":{"id":"shape_qIx1ilxHCP","to":{"AnyT":{}},"conceptId":"concept_s91055_jobreleasetaskexecutioninformation"}},{"AssignType":{"id":"shape_szMHQgyQjH","to":{"AnyT":{}},"conceptId":"concept_RNYzME_taskaddcollectionresult"}},{"AssignType":{"id":"shape_ihDf84xlli","to":{"AnyT":{}},"conceptId":"concept_Crj19x_nodeagentsku"}},{"AssignType":{"id":"shape_YeoxRq4pN9","to":{"AnyT":{}},"conceptId":"concept_magVd7_autopoolspecification"}},{"AssignType":{"id":"shape_cJJfx4IvDv","to":{"AnyT":{}},"conceptId":"concept_IU4DGG_computenodelistresult"}},{"AssignType":{"id":"shape_ARjbzLZbKb","to":{"AnyT":{}},"conceptId":"concept_nvBuL3_jobstatistics"}},{"AssignType":{"id":"shape_f3Bpu26umQ","to":{"AnyT":{}},"conceptId":"concept_skFSDy_applicationsummary"}},{"AssignType":{"id":"shape_bXCZ5lZJJI","to":{"AnyT":{}},"conceptId":"concept_pB94jT_applicationlistresult"}},{"AssignType":{"id":"shape_YOnCRxcp20","to":{"AnyT":{}},"conceptId":"concept_WnknL6_nodereimageparameter"}},{"AssignType":{"id":"shape_2utzvPmfeu","to":{"AnyT":{}},"conceptId":"concept_dCsCpD_applicationpackagereference"}},{"AssignType":{"id":"shape_oZAppg9VWi","to":{"AnyT":{}},"conceptId":"concept_Rroqbf_jobmanagertask"}},{"AssignType":{"id":"shape_TDzGCPsoTJ","to":{"AnyT":{}},"conceptId":"concept_mVOM8l_cloudjobschedulelistresult"}},{"AssignType":{"id":"shape_fkqNKZMk8f","to":{"AnyT":{}},"conceptId":"concept_9U2kh6_exitconditions"}},{"AssignType":{"id":"shape_v5AAqNNL7i","to":{"AnyT":{}},"conceptId":"concept_LaVjkI_starttask"}},{"AssignType":{"id":"shape_EkUSSdy6Me","to":{"AnyT":{}},"conceptId":"concept_i4eL55_taskinformation"}},{"AssignType":{"id":"shape_X9LHtrK4zq","to":{"AnyT":{}},"conceptId":"concept_fAH5wt_poolupgradeosparameter"}},{"AssignType":{"id":"shape_Lxnwc37BKc","to":{"AnyT":{}},"conceptId":"concept_VZyneD_cloudjoblistpreparationandreleasetaskstatusresult"}},{"AssignType":{"id":"shape_6jzxTnH6Ul","to":{"AnyT":{}},"conceptId":"concept_x3HIMA_poolupdatepropertiesparameter"}},{"AssignType":{"id":"shape_LbkiqJPtxE","to":{"AnyT":{}},"conceptId":"concept_Ii8uxe_networkconfiguration"}},{"AssignType":{"id":"shape_MpM7woack6","to":{"AnyT":{}},"conceptId":"concept_OQyXY4_resizeerror"}},{"AssignType":{"id":"shape_4mxLLfeSem","to":{"AnyT":{}},"conceptId":"concept_gaywQF_poolenableautoscaleparameter"}},{"AssignType":{"id":"shape_QvaOtDfgTk","to":{"AnyT":{}},"conceptId":"concept_msNslH_noderebootparameter"}},{"AssignType":{"id":"shape_qa1Jb8M6vI","to":{"AnyT":{}},"conceptId":"concept_6vCq2K_jobconstraints"}},{"AssignType":{"id":"shape_rPnu8Q0odj","to":{"AnyT":{}},"conceptId":"concept_nQmupP_resourcefile"}},{"AssignType":{"id":"shape_A5lWPl5s4e","to":{"AnyT":{}},"conceptId":"concept_l6eSRN_exitcodemapping"}},{"AssignType":{"id":"shape_SRBA3aUEBZ","to":{"AnyT":{}},"conceptId":"concept_kX2su6_batcherror"}},{"AssignType":{"id":"shape_Zi8gQK9xPR","to":{"AnyT":{}},"conceptId":"concept_6KDZ6N_jobpatchparameter"}},{"AssignType":{"id":"shape_7QCfCuK8hu","to":{"AnyT":{}},"conceptId":"concept_MpGekO_taskupdateparameter"}},{"AssignType":{"id":"shape_6tF8Hk6LWv","to":{"AnyT":{}},"conceptId":"concept_iebMny_noderemoveparameter"}},{"AssignType":{"id":"shape_9JSaKAHtiQ","to":{"AnyT":{}},"conceptId":"concept_9iGtEH_computenodeuser"}},{"AssignType":{"id":"shape_8PsT6rF4n4","to":{"AnyT":{}},"conceptId":"concept_TSLnbq_jobpreparationtaskexecutioninformation"}},{"AssignType":{"id":"shape_h5okTNHtIF","to":{"AnyT":{}},"conceptId":"concept_5JdcVI_jobscheduleexecutioninformation"}},{"AssignType":{"id":"shape_5GGL6A9JRx","to":{"AnyT":{}},"conceptId":"concept_N8CZaE_usagestatistics"}},{"AssignType":{"id":"shape_5mTO6PYUxx","to":{"AnyT":{}},"conceptId":"concept_nFQxN4_jobterminateparameter"}},{"AssignType":{"id":"shape_IypsENW7RS","to":{"AnyT":{}},"conceptId":"concept_FmPIuy_taskaddcollectionparameter"}},{"AssignType":{"id":"shape_ZW048XTo71","to":{"AnyT":{}},"conceptId":"concept_PWvAh7_jobexecutioninformation"}},{"AssignType":{"id":"shape_76ge07QwfG","to":{"AnyT":{}},"conceptId":"concept_4AWvQ9_jobpreparationtask"}},{"AssignType":{"id":"shape_hefIzJp7CG","to":{"AnyT":{}},"conceptId":"concept_J1J0Fc_taskconstraints"}},{"AssignType":{"id":"shape_ddwniYfmYl","to":{"AnyT":{}},"conceptId":"concept_7ThPP0_taskstatistics"}},{"AssignType":{"id":"shape_7zasRHTQwX","to":{"AnyT":{}},"conceptId":"concept_jBDCtC_computenode"}},{"AssignType":{"id":"shape_1EFyTMIPUX","to":{"AnyT":{}},"conceptId":"concept_ju5ZXH_accountlistnodeagentskusresult"}},{"AssignType":{"id":"shape_SvGmw350HO","to":{"AnyT":{}},"conceptId":"concept_Cj8FT6_computenodeerror"}},{"AssignType":{"id":"shape_F6nV7pWan1","to":{"AnyT":{}},"conceptId":"concept_F3WeIZ_deletecertificateerror"}},{"AssignType":{"id":"shape_0whuom0NZC","to":{"AnyT":{}},"conceptId":"concept_sdHnIy_jobschedulingerror"}},{"AssignType":{"id":"shape_23tXYeGM0c","to":{"AnyT":{}},"conceptId":"concept_derfa0_jobupdateparameter"}},{"AssignType":{"id":"shape_QysDZiU7xs","to":{"AnyT":{}},"conceptId":"concept_iUzEmH_recentjob"}},{"AssignType":{"id":"shape_sD5gGwhX4I","to":{"AnyT":{}},"conceptId":"concept_3ZAkmH_poolspecification"}},{"AssignType":{"id":"shape_TUawySBRi9","to":{"AnyT":{}},"conceptId":"concept_dA66En_nodedisableschedulingparameter"}},{"AssignType":{"id":"shape_TLrY3se8ix","to":{"AnyT":{}},"conceptId":"concept_1iCUgb_jobscheduleupdateparameter"}},{"AssignType":{"id":"shape_a0sPFlUig0","to":{"AnyT":{}},"conceptId":"concept_UGgSxD_certificateaddparameter"}},{"AssignType":{"id":"shape_Pn0Bm3GLF7","to":{"AnyT":{}},"conceptId":"concept_ImWONT_cloudtasklistresult"}},{"AssignType":{"id":"shape_jEaKw84GWb","to":{"AnyT":{}},"conceptId":"concept_fT7GeV_certificatelistresult"}},{"AssignType":{"id":"shape_wkboRTu6Kq","to":{"AnyT":{}},"conceptId":"concept_BzBMGA_cloudserviceconfiguration"}},{"AssignType":{"id":"shape_4ot2lBTwHK","to":{"AnyT":{}},"conceptId":"concept_WFhddv_cloudtasklistsubtasksresult"}},{"AssignType":{"id":"shape_mlux7wv7yg","to":{"AnyT":{}},"conceptId":"concept_17gdvD_taskidrange"}},{"AssignType":{"id":"shape_ZhrFo5x34C","to":{"AnyT":{}},"conceptId":"concept_V6LCjx_jobspecification"}},{"AssignType":{"id":"shape_Osa9bTLwBZ","to":{"AnyT":{}},"conceptId":"concept_lOTupI_multiinstancesettings"}},{"AssignType":{"id":"shape_KaC2jWcR7o","to":{"AnyT":{}},"conceptId":"concept_T4DVIy_exitcoderangemapping"}},{"AssignType":{"id":"shape_lo6ME2WBGU","to":{"AnyT":{}},"conceptId":"concept_rb6Kap_taskdependencies"}},{"AssignType":{"id":"shape_wXmIjgXjYw","to":{"AnyT":{}},"conceptId":"concept_gyqKkf_poolstatistics"}},{"AssignType":{"id":"shape_QbD0hmMfMb","to":{"AnyT":{}},"conceptId":"concept_CyZy9a_environmentsetting"}},{"AssignType":{"id":"shape_1SQuN2nZfZ","to":{"AnyT":{}},"conceptId":"concept_ZSHOUF_certificatereference"}},{"AssignType":{"id":"shape_xulVXA8JvP","to":{"AnyT":{}},"conceptId":"concept_Emx3S2_nodeupdateuserparameter"}},{"AssignType":{"id":"shape_E7o1ZBWXnW","to":{"AnyT":{}},"conceptId":"concept_LgspqB_nodefile"}},{"AssignType":{"id":"shape_5PcGEYKAXy","to":{"AnyT":{}},"conceptId":"concept_XyvcRq_affinityinformation"}},{"AssignType":{"id":"shape_vVIrKU6yJB","to":{"AnyT":{}},"conceptId":"concept_Lzppjl_computenodeinformation"}},{"AssignType":{"id":"shape_XjBhFdJMpU","to":{"AnyT":{}},"conceptId":"concept_umlWiX_jobschedulepatchparameter"}},{"AssignType":{"id":"shape_in46C3aD3q","to":{"AnyT":{}},"conceptId":"concept_XhTmWp_taskaddresult"}},{"AssignType":{"id":"shape_7k9Kt2nyr9","to":{"AnyT":{}},"conceptId":"concept_rjWSLi_exitoptions"}},{"AssignType":{"id":"shape_QgTJ37urXo","to":{"AnyT":{}},"conceptId":"concept_lxzxJE_cloudtask"}},{"AssignType":{"id":"shape_qF4A4Gc0Va","to":{"AnyT":{}},"conceptId":"concept_cx4XYP_taskexecutioninformation"}},{"AssignType":{"id":"shape_8RmAW8kcdh","to":{"AnyT":{}},"conceptId":"concept_whJwll_cloudpoollistresult"}},{"AssignType":{"id":"shape_LbYJynRnr0","to":{"AnyT":{}},"conceptId":"concept_vSsDof_cloudjobschedule"}},{"AssignType":{"id":"shape_fEYgFp25Dv","to":{"AnyT":{}},"conceptId":"concept_ln13Sa_computenodegetremoteloginsettingsresult"}},{"AssignType":{"id":"shape_FValJRF37l","to":{"AnyT":{}},"conceptId":"concept_C5uwwF_fileproperties"}},{"AssignType":{"id":"shape_TZZ9g7ichS","to":{"AnyT":{}},"conceptId":"concept_bAs8mY_poollistpoolusagemetricsresult"}},{"AssignType":{"id":"shape_7JFUN8ucPu","to":{"AnyT":{}},"conceptId":"concept_P2QVE8_jobreleasetask"}},{"AssignType":{"id":"shape_dapekMYomO","to":{"AnyT":{}},"conceptId":"concept_tJt99a_jobpreparationandreleasetaskexecutioninformation"}},{"AssignType":{"id":"shape_XjzkzABPSz","to":{"AnyT":{}},"conceptId":"concept_9d29vj_virtualmachineconfiguration"}},{"AssignType":{"id":"shape_zkj2ol89fH","to":{"AnyT":{}},"conceptId":"concept_3EF9Hi_resourcestatistics"}},{"AssignType":{"id":"shape_kAJgPwyMVW","to":{"AnyT":{}},"conceptId":"concept_JpI3x3_taskschedulingpolicy"}},{"AssignType":{"id":"shape_mrOSluBAQq","to":{"AnyT":{}},"conceptId":"concept_ynUb9V_cloudpool"}},{"AssignType":{"id":"shape_0UQdzAbn9l","to":{"AnyT":{}},"conceptId":"concept_Xauh5Z_poolresizeparameter"}},{"AssignType":{"id":"shape_mOysT5Svci","to":{"AnyT":{}},"conceptId":"concept_HBoltu_starttaskinformation"}},{"AssignType":{"id":"shape_pjUoPdtSe4","to":{"AnyT":{}},"conceptId":"concept_LkFDuA_jobscheduleaddparameter"}},{"AssignType":{"id":"shape_O7zla584nP","to":{"AnyT":{}},"conceptId":"concept_tqJeCR_schedule"}},{"AssignType":{"id":"shape_1pDh8EuLyy","to":{"AnyT":{}},"conceptId":"concept_7R8eH5_poolpatchparameter"}},{"AssignType":{"id":"shape_4wQhx0RyoT","to":{"AnyT":{}},"conceptId":"concept_R39jVf_autoscalerun"}},{"AssignType":{"id":"shape_7IgZ0flO6T","to":{"AnyT":{}},"conceptId":"concept_VqQQZP_windowsconfiguration"}},{"AssignType":{"id":"shape_3MFFlGQbRt","to":{"AnyT":{}},"conceptId":"concept_FyqRzB_cloudjob"}},{"AssignType":{"id":"shape_IUPSw7axBw","to":{"AnyT":{}},"conceptId":"concept_qfDvIt_subtaskinformation"}},{"AssignType":{"id":"shape_913L8sErsf","to":{"AnyT":{}},"conceptId":"concept_8urRFR_imagereference"}},{"AssignType":{"id":"shape_uRx0iDqHcv","to":{"AnyT":{}},"conceptId":"concept_6sFjK5_poolevaluateautoscaleparameter"}},{"AssignType":{"id":"shape_pUjrmXp0dW","to":{"AnyT":{}},"conceptId":"concept_CWoXp4_jobaddparameter"}},{"AssignType":{"id":"shape_FgIzhalvc9","to":{"AnyT":{}},"conceptId":"concept_rvY2HF_taskaddparameter"}},{"AssignType":{"id":"shape_X2CqTchRrn","to":{"AnyT":{}},"conceptId":"concept_VEV84J_metadataitem"}},{"AssignType":{"id":"shape_vln7Kbpau6","to":{"AnyT":{}},"conceptId":"concept_XP0l1T_certificate"}},{"AssignType":{"id":"shape_lVpFNJ8KIP","to":{"AnyT":{}},"conceptId":"concept_Eb9ZPD_errormessage"}},{"AssignType":{"id":"shape_TbrFxAjqS3","to":{"AnyT":{}},"conceptId":"concept_idD3Pe_autoscalerunerror"}},{"AssignType":{"id":"shape_GqZwWwylc5","to":{"AnyT":{}},"conceptId":"concept_dzLjTx_namevaluepair"}},{"AssignType":{"id":"shape_4X9R7PCNwZ","to":{"AnyT":{}},"conceptId":"concept_0fGZeM_nodefilelistresult"}},{"AssignType":{"id":"shape_VbEgUARxhv","to":{"AnyT":{}},"conceptId":"concept_BfN1m8_jobschedulestatistics"}},{"AssignType":{"id":"shape_HE7ZCb9m7K","to":{"AnyT":{}},"conceptId":"concept_m7X1ei_cloudjoblistresult"}},{"AssignType":{"id":"shape_XAXYbY9e5p","to":{"AnyT":{}},"conceptId":"concept_eX8MeQ_taskschedulingerror"}},{"AssignType":{"id":"shape_iRR2PjuxtH","to":{"AnyT":{}},"conceptId":"concept_SQ1tjx_jobdisableparameter"}},{"AssignType":{"id":"shape_oO3ZRhy6WT","to":{"AnyT":{}},"conceptId":"concept_gHYyR0_poolusagemetrics"}},{"AssignType":{"id":"shape_6zUC9a8FOe","to":{"AnyT":{}},"conceptId":"concept_ZBpeXO_poolinformation"}},{"AssignType":{"id":"shape_J1Pj1U1Oem","to":{"AnyT":{}},"conceptId":"concept_4SY9jF_batcherrordetail"}},{"AssignType":{"id":"shape_XRNqIyw68L","to":{"AnyT":{}},"conceptId":"concept_R7fwr8_pooladdparameter"}},{"AddPathComponent":{"pathId":"IvR3Qn_path_0","parentPathId":"root","name":"applications"}},{"AddPathParameter":{"pathId":"IvR3Qn_path_1","parentPathId":"IvR3Qn_path_0","name":"applicationId"}},{"AddPathComponent":{"pathId":"IvR3Qn_path_2","parentPathId":"root","name":"certificates"}},{"AddPathComponent":{"pathId":"IvR3Qn_path_3","parentPathId":"root","name":"certificates(thumbprintAlgorithm={thumbprintAlgorithm},thumbprint={thumbprint})"}},{"AddPathComponent":{"pathId":"IvR3Qn_path_4","parentPathId":"IvR3Qn_path_3","name":"canceldelete"}},{"AddPathComponent":{"pathId":"IvR3Qn_path_5","parentPathId":"root","name":"jobs"}},{"AddPathParameter":{"pathId":"IvR3Qn_path_6","parentPathId":"IvR3Qn_path_5","name":"jobId"}},{"AddPathComponent":{"pathId":"IvR3Qn_path_7","parentPathId":"IvR3Qn_path_6","name":"addtaskcollection"}},{"AddPathComponent":{"pathId":"IvR3Qn_path_8","parentPathId":"IvR3Qn_path_6","name":"disable"}},{"AddPathComponent":{"pathId":"IvR3Qn_path_9","parentPathId":"IvR3Qn_path_6","name":"enable"}},{"AddPathComponent":{"pathId":"IvR3Qn_path_10","parentPathId":"IvR3Qn_path_6","name":"jobpreparationandreleasetaskstatus"}},{"AddPathComponent":{"pathId":"IvR3Qn_path_11","parentPathId":"IvR3Qn_path_6","name":"tasks"}},{"AddPathParameter":{"pathId":"IvR3Qn_path_12","parentPathId":"IvR3Qn_path_11","name":"taskId"}},{"AddPathComponent":{"pathId":"IvR3Qn_path_13","parentPathId":"IvR3Qn_path_12","name":"files"}},{"AddPathParameter":{"pathId":"IvR3Qn_path_14","parentPathId":"IvR3Qn_path_13","name":"fileName"}},{"AddPathComponent":{"pathId":"IvR3Qn_path_15","parentPathId":"IvR3Qn_path_12","name":"reactivate"}},{"AddPathComponent":{"pathId":"IvR3Qn_path_16","parentPathId":"IvR3Qn_path_12","name":"subtasksinfo"}},{"AddPathComponent":{"pathId":"IvR3Qn_path_17","parentPathId":"IvR3Qn_path_12","name":"terminate"}},{"AddPathComponent":{"pathId":"IvR3Qn_path_18","parentPathId":"IvR3Qn_path_6","name":"terminate"}},{"AddPathComponent":{"pathId":"IvR3Qn_path_19","parentPathId":"root","name":"jobschedules"}},{"AddPathParameter":{"pathId":"IvR3Qn_path_20","parentPathId":"IvR3Qn_path_19","name":"jobScheduleId"}},{"AddPathComponent":{"pathId":"IvR3Qn_path_21","parentPathId":"IvR3Qn_path_20","name":"disable"}},{"AddPathComponent":{"pathId":"IvR3Qn_path_22","parentPathId":"IvR3Qn_path_20","name":"enable"}},{"AddPathComponent":{"pathId":"IvR3Qn_path_23","parentPathId":"IvR3Qn_path_20","name":"jobs"}},{"AddPathComponent":{"pathId":"IvR3Qn_path_24","parentPathId":"IvR3Qn_path_20","name":"terminate"}},{"AddPathComponent":{"pathId":"IvR3Qn_path_25","parentPathId":"root","name":"lifetimejobstats"}},{"AddPathComponent":{"pathId":"IvR3Qn_path_26","parentPathId":"root","name":"lifetimepoolstats"}},{"AddPathComponent":{"pathId":"IvR3Qn_path_27","parentPathId":"root","name":"nodeagentskus"}},{"AddPathComponent":{"pathId":"IvR3Qn_path_28","parentPathId":"root","name":"pools"}},{"AddPathParameter":{"pathId":"IvR3Qn_path_29","parentPathId":"IvR3Qn_path_28","name":"poolId"}},{"AddPathComponent":{"pathId":"IvR3Qn_path_30","parentPathId":"IvR3Qn_path_29","name":"disableautoscale"}},{"AddPathComponent":{"pathId":"IvR3Qn_path_31","parentPathId":"IvR3Qn_path_29","name":"enableautoscale"}},{"AddPathComponent":{"pathId":"IvR3Qn_path_32","parentPathId":"IvR3Qn_path_29","name":"evaluateautoscale"}},{"AddPathComponent":{"pathId":"IvR3Qn_path_33","parentPathId":"IvR3Qn_path_29","name":"nodes"}},{"AddPathParameter":{"pathId":"IvR3Qn_path_34","parentPathId":"IvR3Qn_path_33","name":"nodeId"}},{"AddPathComponent":{"pathId":"IvR3Qn_path_35","parentPathId":"IvR3Qn_path_34","name":"disablescheduling"}},{"AddPathComponent":{"pathId":"IvR3Qn_path_36","parentPathId":"IvR3Qn_path_34","name":"enablescheduling"}},{"AddPathComponent":{"pathId":"IvR3Qn_path_37","parentPathId":"IvR3Qn_path_34","name":"files"}},{"AddPathParameter":{"pathId":"IvR3Qn_path_38","parentPathId":"IvR3Qn_path_37","name":"fileName"}},{"AddPathComponent":{"pathId":"IvR3Qn_path_39","parentPathId":"IvR3Qn_path_34","name":"rdp"}},{"AddPathComponent":{"pathId":"IvR3Qn_path_40","parentPathId":"IvR3Qn_path_34","name":"reboot"}},{"AddPathComponent":{"pathId":"IvR3Qn_path_41","parentPathId":"IvR3Qn_path_34","name":"reimage"}},{"AddPathComponent":{"pathId":"IvR3Qn_path_42","parentPathId":"IvR3Qn_path_34","name":"remoteloginsettings"}},{"AddPathComponent":{"pathId":"IvR3Qn_path_43","parentPathId":"IvR3Qn_path_34","name":"users"}},{"AddPathParameter":{"pathId":"IvR3Qn_path_44","parentPathId":"IvR3Qn_path_43","name":"userName"}},{"AddPathComponent":{"pathId":"IvR3Qn_path_45","parentPathId":"IvR3Qn_path_29","name":"removenodes"}},{"AddPathComponent":{"pathId":"IvR3Qn_path_46","parentPathId":"IvR3Qn_path_29","name":"resize"}},{"AddPathComponent":{"pathId":"IvR3Qn_path_47","parentPathId":"IvR3Qn_path_29","name":"stopresize"}},{"AddPathComponent":{"pathId":"IvR3Qn_path_48","parentPathId":"IvR3Qn_path_29","name":"updateproperties"}},{"AddPathComponent":{"pathId":"IvR3Qn_path_49","parentPathId":"IvR3Qn_path_29","name":"upgradeos"}},{"AddPathComponent":{"pathId":"IvR3Qn_path_50","parentPathId":"root","name":"poolusagemetrics"}},{"AddRequest":{"requestId":"path_HVp184ZSSY}_get","pathId":"IvR3Qn_path_16","httpMethod":"get"}},{"AddResponse":{"responseId":"response_Wj7rW7BpLt","requestId":"path_HVp184ZSSY}_get","httpStatusCode":200}},{"DefineInlineConcept":{"root":"shape_TJwEe9UETs","conceptId":"concept_NjgrsoT2lHh3"}},{"AssignType":{"id":"shape_TJwEe9UETs","to":{"RefT":{"conceptId":"concept_WFhddv_cloudtasklistsubtasksresult"}},"conceptId":"concept_NjgrsoT2lHh3"}},{"AddRequest":{"requestId":"path_d80ToaWTUn}_post","pathId":"IvR3Qn_path_32","httpMethod":"post"}},{"DefineInlineConcept":{"root":"shape_VQawu3KlZo","conceptId":"concept_poolspoolidevaluateautoscale_post_body"}},{"AssignType":{"id":"shape_VQawu3KlZo","to":{"RefT":{"conceptId":"concept_6sFjK5_poolevaluateautoscaleparameter"}},"conceptId":"concept_poolspoolidevaluateautoscale_post_body"}},{"AddResponse":{"responseId":"response_SNbSh6cfkQ","requestId":"path_d80ToaWTUn}_post","httpStatusCode":200}},{"DefineInlineConcept":{"root":"shape_Av4Qq5dRIT","conceptId":"concept_BR8DLEvLCcd4"}},{"AssignType":{"id":"shape_Av4Qq5dRIT","to":{"RefT":{"conceptId":"concept_R39jVf_autoscalerun"}},"conceptId":"concept_BR8DLEvLCcd4"}},{"AddRequest":{"requestId":"path_rGq3yQAWT0}_post","pathId":"IvR3Qn_path_17","httpMethod":"post"}},{"AddResponse":{"responseId":"response_LO34AkOT2K","requestId":"path_rGq3yQAWT0}_post","httpStatusCode":204}},{"AddRequest":{"requestId":"path_kZ4FguGo5V}_post","pathId":"IvR3Qn_path_31","httpMethod":"post"}},{"DefineInlineConcept":{"root":"shape_tpWfa7aRUJ","conceptId":"concept_poolspoolidenableautoscale_post_body"}},{"AssignType":{"id":"shape_tpWfa7aRUJ","to":{"RefT":{"conceptId":"concept_gaywQF_poolenableautoscaleparameter"}},"conceptId":"concept_poolspoolidenableautoscale_post_body"}},{"AddResponse":{"responseId":"response_Z5UXTcBrEE","requestId":"path_kZ4FguGo5V}_post","httpStatusCode":200}},{"AddRequest":{"requestId":"path_oIxW8kYWWL}_head","pathId":"IvR3Qn_path_20","httpMethod":"head"}},{"AddResponse":{"responseId":"response_TF6oNtrRBP","requestId":"path_oIxW8kYWWL}_head","httpStatusCode":200}},{"AddResponse":{"responseId":"response_6rPC518bxJ","requestId":"path_oIxW8kYWWL}_head","httpStatusCode":404}},{"AddRequest":{"requestId":"path_oIxW8kYWWL}_delete","pathId":"IvR3Qn_path_20","httpMethod":"delete"}},{"AddResponse":{"responseId":"response_mRhWEnpY80","requestId":"path_oIxW8kYWWL}_delete","httpStatusCode":202}},{"AddRequest":{"requestId":"path_oIxW8kYWWL}_put","pathId":"IvR3Qn_path_20","httpMethod":"put"}},{"DefineInlineConcept":{"root":"shape_ckezN3rhfO","conceptId":"concept_jobschedulesjobscheduleid_put_body"}},{"AssignType":{"id":"shape_ckezN3rhfO","to":{"RefT":{"conceptId":"concept_1iCUgb_jobscheduleupdateparameter"}},"conceptId":"concept_jobschedulesjobscheduleid_put_body"}},{"AddResponse":{"responseId":"response_jZVS2aGtbt","requestId":"path_oIxW8kYWWL}_put","httpStatusCode":200}},{"AddRequest":{"requestId":"path_oIxW8kYWWL}_get","pathId":"IvR3Qn_path_20","httpMethod":"get"}},{"AddResponse":{"responseId":"response_N6WdBHQm3p","requestId":"path_oIxW8kYWWL}_get","httpStatusCode":200}},{"DefineInlineConcept":{"root":"shape_CP0CkFvflQ","conceptId":"concept_hy0eNDos7VA8"}},{"AssignType":{"id":"shape_CP0CkFvflQ","to":{"RefT":{"conceptId":"concept_vSsDof_cloudjobschedule"}},"conceptId":"concept_hy0eNDos7VA8"}},{"AddRequest":{"requestId":"path_oIxW8kYWWL}_patch","pathId":"IvR3Qn_path_20","httpMethod":"patch"}},{"DefineInlineConcept":{"root":"shape_N6wDX3tUsQ","conceptId":"concept_jobschedulesjobscheduleid_patch_body"}},{"AssignType":{"id":"shape_N6wDX3tUsQ","to":{"RefT":{"conceptId":"concept_umlWiX_jobschedulepatchparameter"}},"conceptId":"concept_jobschedulesjobscheduleid_patch_body"}},{"AddResponse":{"responseId":"response_8aUdGykAmM","requestId":"path_oIxW8kYWWL}_patch","httpStatusCode":200}},{"AddRequest":{"requestId":"path_ppckL6RowC}_post","pathId":"IvR3Qn_path_49","httpMethod":"post"}},{"DefineInlineConcept":{"root":"shape_jKc256T9qD","conceptId":"concept_poolspoolidupgradeos_post_body"}},{"AssignType":{"id":"shape_jKc256T9qD","to":{"RefT":{"conceptId":"concept_fAH5wt_poolupgradeosparameter"}},"conceptId":"concept_poolspoolidupgradeos_post_body"}},{"AddResponse":{"responseId":"response_tn8oMhNGLL","requestId":"path_ppckL6RowC}_post","httpStatusCode":202}},{"AddRequest":{"requestId":"path_0JyYdrf5M7}_post","pathId":"IvR3Qn_path_15","httpMethod":"post"}},{"AddResponse":{"responseId":"response_bpZTmghJdA","requestId":"path_0JyYdrf5M7}_post","httpStatusCode":204}},{"AddRequest":{"requestId":"path_D8I7xf3o0T}_post","pathId":"IvR3Qn_path_48","httpMethod":"post"}},{"DefineInlineConcept":{"root":"shape_HAS1ryBXBj","conceptId":"concept_poolspoolidupdateproperties_post_body"}},{"AssignType":{"id":"shape_HAS1ryBXBj","to":{"RefT":{"conceptId":"concept_x3HIMA_poolupdatepropertiesparameter"}},"conceptId":"concept_poolspoolidupdateproperties_post_body"}},{"AddResponse":{"responseId":"response_2Go3Q6c5Tk","requestId":"path_D8I7xf3o0T}_post","httpStatusCode":204}},{"AddRequest":{"requestId":"path_duAXk0VtaS}_post","pathId":"IvR3Qn_path_41","httpMethod":"post"}},{"DefineInlineConcept":{"root":"shape_3NV3iCF1Zk","conceptId":"concept_poolspoolidnodesnodeidreimage_post_body"}},{"AssignType":{"id":"shape_3NV3iCF1Zk","to":{"RefT":{"conceptId":"concept_WnknL6_nodereimageparameter"}},"conceptId":"concept_poolspoolidnodesnodeidreimage_post_body"}},{"AddResponse":{"responseId":"response_wrZm69oeqR","requestId":"path_duAXk0VtaS}_post","httpStatusCode":202}},{"AddRequest":{"requestId":"path_WgRCTLWBAS}_get","pathId":"IvR3Qn_path_26","httpMethod":"get"}},{"AddResponse":{"responseId":"response_b12tu3cY7g","requestId":"path_WgRCTLWBAS}_get","httpStatusCode":200}},{"DefineInlineConcept":{"root":"shape_C1gn4xPgUz","conceptId":"concept_KwkXCf8Mux45"}},{"AssignType":{"id":"shape_C1gn4xPgUz","to":{"RefT":{"conceptId":"concept_gyqKkf_poolstatistics"}},"conceptId":"concept_KwkXCf8Mux45"}},{"AddRequest":{"requestId":"path_eqmUiqdC4G}_post","pathId":"IvR3Qn_path_40","httpMethod":"post"}},{"DefineInlineConcept":{"root":"shape_Yh906f2ZgF","conceptId":"concept_poolspoolidnodesnodeidreboot_post_body"}},{"AssignType":{"id":"shape_Yh906f2ZgF","to":{"RefT":{"conceptId":"concept_msNslH_noderebootparameter"}},"conceptId":"concept_poolspoolidnodesnodeidreboot_post_body"}},{"AddResponse":{"responseId":"response_RDVSrSbwMo","requestId":"path_eqmUiqdC4G}_post","httpStatusCode":202}},{"AddRequest":{"requestId":"path_E8rl7XzFyQ}_get","pathId":"IvR3Qn_path_11","httpMethod":"get"}},{"AddResponse":{"responseId":"response_GoH5TUemVJ","requestId":"path_E8rl7XzFyQ}_get","httpStatusCode":200}},{"DefineInlineConcept":{"root":"shape_jOHSXpfJTv","conceptId":"concept_HQzLl0uo9IqS"}},{"AssignType":{"id":"shape_jOHSXpfJTv","to":{"RefT":{"conceptId":"concept_ImWONT_cloudtasklistresult"}},"conceptId":"concept_HQzLl0uo9IqS"}},{"AddRequest":{"requestId":"path_E8rl7XzFyQ}_post","pathId":"IvR3Qn_path_11","httpMethod":"post"}},{"DefineInlineConcept":{"root":"shape_uM0amYJgAt","conceptId":"concept_jobsjobidtasks_post_body"}},{"AssignType":{"id":"shape_uM0amYJgAt","to":{"RefT":{"conceptId":"concept_rvY2HF_taskaddparameter"}},"conceptId":"concept_jobsjobidtasks_post_body"}},{"AddResponse":{"responseId":"response_rhaQYkDmno","requestId":"path_E8rl7XzFyQ}_post","httpStatusCode":201}},{"AddRequest":{"requestId":"path_9EIPUgIlQc}_post","pathId":"IvR3Qn_path_7","httpMethod":"post"}},{"DefineInlineConcept":{"root":"shape_PR2MuKOs7N","conceptId":"concept_jobsjobidaddtaskcollection_post_body"}},{"AssignType":{"id":"shape_PR2MuKOs7N","to":{"RefT":{"conceptId":"concept_FmPIuy_taskaddcollectionparameter"}},"conceptId":"concept_jobsjobidaddtaskcollection_post_body"}},{"AddResponse":{"responseId":"response_WB4LofdiWS","requestId":"path_9EIPUgIlQc}_post","httpStatusCode":200}},{"DefineInlineConcept":{"root":"shape_hVWwzjVdcm","conceptId":"concept_M0y4KFLrSoxn"}},{"AssignType":{"id":"shape_hVWwzjVdcm","to":{"RefT":{"conceptId":"concept_RNYzME_taskaddcollectionresult"}},"conceptId":"concept_M0y4KFLrSoxn"}},{"AddRequest":{"requestId":"path_8Tbnpisa3c}_delete","pathId":"IvR3Qn_path_3","httpMethod":"delete"}},{"AddResponse":{"responseId":"response_ME9vKu5ZtI","requestId":"path_8Tbnpisa3c}_delete","httpStatusCode":202}},{"AddRequest":{"requestId":"path_8Tbnpisa3c}_get","pathId":"IvR3Qn_path_3","httpMethod":"get"}},{"AddResponse":{"responseId":"response_dSpWUAlVrC","requestId":"path_8Tbnpisa3c}_get","httpStatusCode":200}},{"DefineInlineConcept":{"root":"shape_HxsuchS9ug","conceptId":"concept_oMMeqT4KjIx6"}},{"AssignType":{"id":"shape_HxsuchS9ug","to":{"RefT":{"conceptId":"concept_XP0l1T_certificate"}},"conceptId":"concept_oMMeqT4KjIx6"}},{"AddRequest":{"requestId":"path_elJsKAMPVC}_get","pathId":"IvR3Qn_path_27","httpMethod":"get"}},{"AddResponse":{"responseId":"response_PJASgiK8oS","requestId":"path_elJsKAMPVC}_get","httpStatusCode":200}},{"DefineInlineConcept":{"root":"shape_N2e2vu5EuB","conceptId":"concept_GJdgXE2TUa9z"}},{"AssignType":{"id":"shape_N2e2vu5EuB","to":{"RefT":{"conceptId":"concept_ju5ZXH_accountlistnodeagentskusresult"}},"conceptId":"concept_GJdgXE2TUa9z"}},{"AddRequest":{"requestId":"path_AxKSgzl3VO}_delete","pathId":"IvR3Qn_path_29","httpMethod":"delete"}},{"AddResponse":{"responseId":"response_HoxP1Msfrl","requestId":"path_AxKSgzl3VO}_delete","httpStatusCode":202}},{"AddRequest":{"requestId":"path_AxKSgzl3VO}_get","pathId":"IvR3Qn_path_29","httpMethod":"get"}},{"AddResponse":{"responseId":"response_VwGBn49KaT","requestId":"path_AxKSgzl3VO}_get","httpStatusCode":200}},{"DefineInlineConcept":{"root":"shape_2HzQht7SKV","conceptId":"concept_MT7KClV0jx7M"}},{"AssignType":{"id":"shape_2HzQht7SKV","to":{"RefT":{"conceptId":"concept_ynUb9V_cloudpool"}},"conceptId":"concept_MT7KClV0jx7M"}},{"AddRequest":{"requestId":"path_AxKSgzl3VO}_head","pathId":"IvR3Qn_path_29","httpMethod":"head"}},{"AddResponse":{"responseId":"response_nuZX6RZzuv","requestId":"path_AxKSgzl3VO}_head","httpStatusCode":200}},{"AddResponse":{"responseId":"response_6zf73Hi8tb","requestId":"path_AxKSgzl3VO}_head","httpStatusCode":404}},{"AddRequest":{"requestId":"path_AxKSgzl3VO}_patch","pathId":"IvR3Qn_path_29","httpMethod":"patch"}},{"DefineInlineConcept":{"root":"shape_VDXC9xdth7","conceptId":"concept_poolspoolid_patch_body"}},{"AssignType":{"id":"shape_VDXC9xdth7","to":{"RefT":{"conceptId":"concept_7R8eH5_poolpatchparameter"}},"conceptId":"concept_poolspoolid_patch_body"}},{"AddResponse":{"responseId":"response_MgzBhQXFv0","requestId":"path_AxKSgzl3VO}_patch","httpStatusCode":200}},{"AddRequest":{"requestId":"path_B8HKdvWtk5}_post","pathId":"IvR3Qn_path_36","httpMethod":"post"}},{"AddResponse":{"responseId":"response_5JaH5TcNth","requestId":"path_B8HKdvWtk5}_post","httpStatusCode":200}},{"AddRequest":{"requestId":"path_WxQjg81DFn}_post","pathId":"IvR3Qn_path_18","httpMethod":"post"}},{"DefineInlineConcept":{"root":"shape_ZbMTdhTlEy","conceptId":"concept_jobsjobidterminate_post_body"}},{"AssignType":{"id":"shape_ZbMTdhTlEy","to":{"RefT":{"conceptId":"concept_nFQxN4_jobterminateparameter"}},"conceptId":"concept_jobsjobidterminate_post_body"}},{"AddResponse":{"responseId":"response_M6nKMznCI6","requestId":"path_WxQjg81DFn}_post","httpStatusCode":202}},{"AddRequest":{"requestId":"path_ef8hXYTfuD}_get","pathId":"IvR3Qn_path_19","httpMethod":"get"}},{"AddResponse":{"responseId":"response_nhx9Gshfxm","requestId":"path_ef8hXYTfuD}_get","httpStatusCode":200}},{"DefineInlineConcept":{"root":"shape_vebNug2wq1","conceptId":"concept_TQoyBFAy7HcJ"}},{"AssignType":{"id":"shape_vebNug2wq1","to":{"RefT":{"conceptId":"concept_mVOM8l_cloudjobschedulelistresult"}},"conceptId":"concept_TQoyBFAy7HcJ"}},{"AddRequest":{"requestId":"path_ef8hXYTfuD}_post","pathId":"IvR3Qn_path_19","httpMethod":"post"}},{"DefineInlineConcept":{"root":"shape_F98ohVkcUZ","conceptId":"concept_jobschedules_post_body"}},{"AssignType":{"id":"shape_F98ohVkcUZ","to":{"RefT":{"conceptId":"concept_LkFDuA_jobscheduleaddparameter"}},"conceptId":"concept_jobschedules_post_body"}},{"AddResponse":{"responseId":"response_jj8oolcnFN","requestId":"path_ef8hXYTfuD}_post","httpStatusCode":201}},{"AddRequest":{"requestId":"path_vP4NfvPREe}_get","pathId":"IvR3Qn_path_34","httpMethod":"get"}},{"AddResponse":{"responseId":"response_qTnBnFaMB0","requestId":"path_vP4NfvPREe}_get","httpStatusCode":200}},{"DefineInlineConcept":{"root":"shape_cuBL9IRUFn","conceptId":"concept_O8bsdMOlJxTk"}},{"AssignType":{"id":"shape_cuBL9IRUFn","to":{"RefT":{"conceptId":"concept_jBDCtC_computenode"}},"conceptId":"concept_O8bsdMOlJxTk"}},{"AddRequest":{"requestId":"path_UhdB53PHeR}_post","pathId":"IvR3Qn_path_35","httpMethod":"post"}},{"DefineInlineConcept":{"root":"shape_p7P44Zxbws","conceptId":"concept_poolspoolidnodesnodeiddisablescheduling_post_body"}},{"AssignType":{"id":"shape_p7P44Zxbws","to":{"RefT":{"conceptId":"concept_dA66En_nodedisableschedulingparameter"}},"conceptId":"concept_poolspoolidnodesnodeiddisablescheduling_post_body"}},{"AddResponse":{"responseId":"response_RVC1ZtbpRE","requestId":"path_UhdB53PHeR}_post","httpStatusCode":200}},{"AddRequest":{"requestId":"path_mvCMowcIXh}_get","pathId":"IvR3Qn_path_1","httpMethod":"get"}},{"AddResponse":{"responseId":"response_weXpBzmDZy","requestId":"path_mvCMowcIXh}_get","httpStatusCode":200}},{"DefineInlineConcept":{"root":"shape_qLRbl95ON2","conceptId":"concept_OiS0oUlEgCX9"}},{"AssignType":{"id":"shape_qLRbl95ON2","to":{"RefT":{"conceptId":"concept_skFSDy_applicationsummary"}},"conceptId":"concept_OiS0oUlEgCX9"}},{"AddRequest":{"requestId":"path_8ht2Cs7GlR}_get","pathId":"IvR3Qn_path_13","httpMethod":"get"}},{"AddResponse":{"responseId":"response_9BGej3sVId","requestId":"path_8ht2Cs7GlR}_get","httpStatusCode":200}},{"DefineInlineConcept":{"root":"shape_kcQtwy7Jvw","conceptId":"concept_4trpzJ4j7hRj"}},{"AssignType":{"id":"shape_kcQtwy7Jvw","to":{"RefT":{"conceptId":"concept_0fGZeM_nodefilelistresult"}},"conceptId":"concept_4trpzJ4j7hRj"}},{"AddRequest":{"requestId":"path_xGP97YlCHq}_post","pathId":"IvR3Qn_path_4","httpMethod":"post"}},{"AddResponse":{"responseId":"response_RX4bmpjcdK","requestId":"path_xGP97YlCHq}_post","httpStatusCode":204}},{"AddRequest":{"requestId":"path_1K2Xm84ow4}_delete","pathId":"IvR3Qn_path_6","httpMethod":"delete"}},{"AddResponse":{"responseId":"response_Ipu4gHqJKI","requestId":"path_1K2Xm84ow4}_delete","httpStatusCode":202}},{"AddRequest":{"requestId":"path_1K2Xm84ow4}_get","pathId":"IvR3Qn_path_6","httpMethod":"get"}},{"AddResponse":{"responseId":"response_CHhQSLmMVX","requestId":"path_1K2Xm84ow4}_get","httpStatusCode":200}},{"DefineInlineConcept":{"root":"shape_DAGvk1xt2W","conceptId":"concept_0GHo3QoQSI0j"}},{"AssignType":{"id":"shape_DAGvk1xt2W","to":{"RefT":{"conceptId":"concept_FyqRzB_cloudjob"}},"conceptId":"concept_0GHo3QoQSI0j"}},{"AddRequest":{"requestId":"path_1K2Xm84ow4}_patch","pathId":"IvR3Qn_path_6","httpMethod":"patch"}},{"DefineInlineConcept":{"root":"shape_HJnszwlufy","conceptId":"concept_jobsjobid_patch_body"}},{"AssignType":{"id":"shape_HJnszwlufy","to":{"RefT":{"conceptId":"concept_6KDZ6N_jobpatchparameter"}},"conceptId":"concept_jobsjobid_patch_body"}},{"AddResponse":{"responseId":"response_B9U7Co28Jr","requestId":"path_1K2Xm84ow4}_patch","httpStatusCode":200}},{"AddRequest":{"requestId":"path_1K2Xm84ow4}_put","pathId":"IvR3Qn_path_6","httpMethod":"put"}},{"DefineInlineConcept":{"root":"shape_eYvADIQ0BT","conceptId":"concept_jobsjobid_put_body"}},{"AssignType":{"id":"shape_eYvADIQ0BT","to":{"RefT":{"conceptId":"concept_derfa0_jobupdateparameter"}},"conceptId":"concept_jobsjobid_put_body"}},{"AddResponse":{"responseId":"response_8NYL9HhnBF","requestId":"path_1K2Xm84ow4}_put","httpStatusCode":200}},{"AddRequest":{"requestId":"path_mjuuNQb4dl}_delete","pathId":"IvR3Qn_path_14","httpMethod":"delete"}},{"AddResponse":{"responseId":"response_9aAPCOddhx","requestId":"path_mjuuNQb4dl}_delete","httpStatusCode":200}},{"AddRequest":{"requestId":"path_mjuuNQb4dl}_get","pathId":"IvR3Qn_path_14","httpMethod":"get"}},{"AddResponse":{"responseId":"response_FyAzX18e3W","requestId":"path_mjuuNQb4dl}_get","httpStatusCode":200}},{"DefineInlineConcept":{"root":"shape_v32henbM8p","conceptId":"concept_7aw5pchjPMyJ"}},{"AssignType":{"id":"shape_v32henbM8p","to":{"AnyT":{}},"conceptId":"concept_7aw5pchjPMyJ"}},{"AddRequest":{"requestId":"path_mjuuNQb4dl}_head","pathId":"IvR3Qn_path_14","httpMethod":"head"}},{"AddResponse":{"responseId":"response_xISf7YFx4y","requestId":"path_mjuuNQb4dl}_head","httpStatusCode":200}},{"AddRequest":{"requestId":"path_7v2mfarTF6}_post","pathId":"IvR3Qn_path_43","httpMethod":"post"}},{"DefineInlineConcept":{"root":"shape_PgAdzJtBgD","conceptId":"concept_poolspoolidnodesnodeidusers_post_body"}},{"AssignType":{"id":"shape_PgAdzJtBgD","to":{"RefT":{"conceptId":"concept_9iGtEH_computenodeuser"}},"conceptId":"concept_poolspoolidnodesnodeidusers_post_body"}},{"AddResponse":{"responseId":"response_12OMrXZzaO","requestId":"path_7v2mfarTF6}_post","httpStatusCode":201}},{"AddRequest":{"requestId":"path_FC6IZ9e80U}_get","pathId":"IvR3Qn_path_39","httpMethod":"get"}},{"AddResponse":{"responseId":"response_HOX2hYyC1B","requestId":"path_FC6IZ9e80U}_get","httpStatusCode":200}},{"DefineInlineConcept":{"root":"shape_o3VlDCyAAy","conceptId":"concept_TD0cKw4NeaUA"}},{"AssignType":{"id":"shape_o3VlDCyAAy","to":{"AnyT":{}},"conceptId":"concept_TD0cKw4NeaUA"}},{"AddRequest":{"requestId":"path_f2WDK4z1lL}_post","pathId":"IvR3Qn_path_30","httpMethod":"post"}},{"AddResponse":{"responseId":"response_egfGraLC7m","requestId":"path_f2WDK4z1lL}_post","httpStatusCode":200}},{"AddRequest":{"requestId":"path_vuWMQduW2B}_get","pathId":"IvR3Qn_path_28","httpMethod":"get"}},{"AddResponse":{"responseId":"response_MpWQ2BdxOj","requestId":"path_vuWMQduW2B}_get","httpStatusCode":200}},{"DefineInlineConcept":{"root":"shape_GPKhcRWxII","conceptId":"concept_DPTYE2z94yBo"}},{"AssignType":{"id":"shape_GPKhcRWxII","to":{"RefT":{"conceptId":"concept_whJwll_cloudpoollistresult"}},"conceptId":"concept_DPTYE2z94yBo"}},{"AddRequest":{"requestId":"path_vuWMQduW2B}_post","pathId":"IvR3Qn_path_28","httpMethod":"post"}},{"DefineInlineConcept":{"root":"shape_tSzXhkXDRr","conceptId":"concept_pools_post_body"}},{"AssignType":{"id":"shape_tSzXhkXDRr","to":{"RefT":{"conceptId":"concept_R7fwr8_pooladdparameter"}},"conceptId":"concept_pools_post_body"}},{"AddResponse":{"responseId":"response_BEQ8LP32jX","requestId":"path_vuWMQduW2B}_post","httpStatusCode":201}},{"AddRequest":{"requestId":"path_mZH4LkFkpp}_post","pathId":"IvR3Qn_path_46","httpMethod":"post"}},{"DefineInlineConcept":{"root":"shape_4TAZiGUxrg","conceptId":"concept_poolspoolidresize_post_body"}},{"AssignType":{"id":"shape_4TAZiGUxrg","to":{"RefT":{"conceptId":"concept_Xauh5Z_poolresizeparameter"}},"conceptId":"concept_poolspoolidresize_post_body"}},{"AddResponse":{"responseId":"response_FDKKALojNe","requestId":"path_mZH4LkFkpp}_post","httpStatusCode":202}},{"AddRequest":{"requestId":"path_LY3vcl08em}_post","pathId":"IvR3Qn_path_45","httpMethod":"post"}},{"DefineInlineConcept":{"root":"shape_5wCX79bz3N","conceptId":"concept_poolspoolidremovenodes_post_body"}},{"AssignType":{"id":"shape_5wCX79bz3N","to":{"RefT":{"conceptId":"concept_iebMny_noderemoveparameter"}},"conceptId":"concept_poolspoolidremovenodes_post_body"}},{"AddResponse":{"responseId":"response_gvJUEw2vPg","requestId":"path_LY3vcl08em}_post","httpStatusCode":202}},{"AddRequest":{"requestId":"path_E9xq21xuuF}_post","pathId":"IvR3Qn_path_8","httpMethod":"post"}},{"DefineInlineConcept":{"root":"shape_dyExC7QVAs","conceptId":"concept_jobsjobiddisable_post_body"}},{"AssignType":{"id":"shape_dyExC7QVAs","to":{"RefT":{"conceptId":"concept_SQ1tjx_jobdisableparameter"}},"conceptId":"concept_jobsjobiddisable_post_body"}},{"AddResponse":{"responseId":"response_NrvC0ozH4U","requestId":"path_E9xq21xuuF}_post","httpStatusCode":202}},{"AddRequest":{"requestId":"path_jFZog3gPNj}_get","pathId":"IvR3Qn_path_5","httpMethod":"get"}},{"AddResponse":{"responseId":"response_K9Yom1uYms","requestId":"path_jFZog3gPNj}_get","httpStatusCode":200}},{"DefineInlineConcept":{"root":"shape_ZFoDYct1AD","conceptId":"concept_VDGgPOTGjgpG"}},{"AssignType":{"id":"shape_ZFoDYct1AD","to":{"RefT":{"conceptId":"concept_m7X1ei_cloudjoblistresult"}},"conceptId":"concept_VDGgPOTGjgpG"}},{"AddRequest":{"requestId":"path_jFZog3gPNj}_post","pathId":"IvR3Qn_path_5","httpMethod":"post"}},{"DefineInlineConcept":{"root":"shape_KKdNnWaIA0","conceptId":"concept_jobs_post_body"}},{"AssignType":{"id":"shape_KKdNnWaIA0","to":{"RefT":{"conceptId":"concept_CWoXp4_jobaddparameter"}},"conceptId":"concept_jobs_post_body"}},{"AddResponse":{"responseId":"response_1ljRRuLZi5","requestId":"path_jFZog3gPNj}_post","httpStatusCode":201}},{"AddRequest":{"requestId":"path_Kje72wGbrd}_get","pathId":"IvR3Qn_path_42","httpMethod":"get"}},{"AddResponse":{"responseId":"response_LKCPuAxcCS","requestId":"path_Kje72wGbrd}_get","httpStatusCode":200}},{"DefineInlineConcept":{"root":"shape_Ye400U5dkb","conceptId":"concept_zBCQDujU2SiH"}},{"AssignType":{"id":"shape_Ye400U5dkb","to":{"RefT":{"conceptId":"concept_ln13Sa_computenodegetremoteloginsettingsresult"}},"conceptId":"concept_zBCQDujU2SiH"}},{"AddRequest":{"requestId":"path_2luxQ4yQES}_get","pathId":"IvR3Qn_path_2","httpMethod":"get"}},{"AddResponse":{"responseId":"response_fgwWsKTYTf","requestId":"path_2luxQ4yQES}_get","httpStatusCode":200}},{"DefineInlineConcept":{"root":"shape_fHWCgPv0se","conceptId":"concept_04aegp51GFp6"}},{"AssignType":{"id":"shape_fHWCgPv0se","to":{"RefT":{"conceptId":"concept_fT7GeV_certificatelistresult"}},"conceptId":"concept_04aegp51GFp6"}},{"AddRequest":{"requestId":"path_2luxQ4yQES}_post","pathId":"IvR3Qn_path_2","httpMethod":"post"}},{"DefineInlineConcept":{"root":"shape_LVbLPJ497w","conceptId":"concept_certificates_post_body"}},{"AssignType":{"id":"shape_LVbLPJ497w","to":{"RefT":{"conceptId":"concept_UGgSxD_certificateaddparameter"}},"conceptId":"concept_certificates_post_body"}},{"AddResponse":{"responseId":"response_IiMnaoajGm","requestId":"path_2luxQ4yQES}_post","httpStatusCode":201}},{"AddRequest":{"requestId":"path_bjwmrk1kov}_get","pathId":"IvR3Qn_path_50","httpMethod":"get"}},{"AddResponse":{"responseId":"response_Pq3i4Nk3wO","requestId":"path_bjwmrk1kov}_get","httpStatusCode":200}},{"DefineInlineConcept":{"root":"shape_BC4oFAPM2C","conceptId":"concept_8Yun2M41jIMw"}},{"AssignType":{"id":"shape_BC4oFAPM2C","to":{"RefT":{"conceptId":"concept_bAs8mY_poollistpoolusagemetricsresult"}},"conceptId":"concept_8Yun2M41jIMw"}},{"AddRequest":{"requestId":"path_3SxwAGkOyx}_get","pathId":"IvR3Qn_path_23","httpMethod":"get"}},{"AddResponse":{"responseId":"response_p6bHwvdcby","requestId":"path_3SxwAGkOyx}_get","httpStatusCode":200}},{"DefineInlineConcept":{"root":"shape_wO7DIsD1oD","conceptId":"concept_CPoHsWPKKRrQ"}},{"AssignType":{"id":"shape_wO7DIsD1oD","to":{"RefT":{"conceptId":"concept_m7X1ei_cloudjoblistresult"}},"conceptId":"concept_CPoHsWPKKRrQ"}},{"AddRequest":{"requestId":"path_5NlHoDHeMq}_post","pathId":"IvR3Qn_path_9","httpMethod":"post"}},{"AddResponse":{"responseId":"response_XLpW0bEQN3","requestId":"path_5NlHoDHeMq}_post","httpStatusCode":202}},{"AddRequest":{"requestId":"path_aYiNnO11Is}_get","pathId":"IvR3Qn_path_0","httpMethod":"get"}},{"AddResponse":{"responseId":"response_axCt3e2eee","requestId":"path_aYiNnO11Is}_get","httpStatusCode":200}},{"DefineInlineConcept":{"root":"shape_7vAVtxrJnM","conceptId":"concept_M7yNA5qObbDV"}},{"AssignType":{"id":"shape_7vAVtxrJnM","to":{"RefT":{"conceptId":"concept_pB94jT_applicationlistresult"}},"conceptId":"concept_M7yNA5qObbDV"}},{"AddRequest":{"requestId":"path_Jah2FLzuKy}_post","pathId":"IvR3Qn_path_21","httpMethod":"post"}},{"AddResponse":{"responseId":"response_2LIRhdkkOZ","requestId":"path_Jah2FLzuKy}_post","httpStatusCode":204}},{"AddRequest":{"requestId":"path_RSp8pcyIOv}_delete","pathId":"IvR3Qn_path_44","httpMethod":"delete"}},{"AddResponse":{"responseId":"response_Ny7tmnK7Np","requestId":"path_RSp8pcyIOv}_delete","httpStatusCode":200}},{"AddRequest":{"requestId":"path_RSp8pcyIOv}_put","pathId":"IvR3Qn_path_44","httpMethod":"put"}},{"DefineInlineConcept":{"root":"shape_heuQcedmnc","conceptId":"concept_poolspoolidnodesnodeidusersusername_put_body"}},{"AssignType":{"id":"shape_heuQcedmnc","to":{"RefT":{"conceptId":"concept_Emx3S2_nodeupdateuserparameter"}},"conceptId":"concept_poolspoolidnodesnodeidusersusername_put_body"}},{"AddResponse":{"responseId":"response_xKGP6KiUjk","requestId":"path_RSp8pcyIOv}_put","httpStatusCode":200}},{"AddRequest":{"requestId":"path_PmkPX8lzjs}_get","pathId":"IvR3Qn_path_37","httpMethod":"get"}},{"AddResponse":{"responseId":"response_TFMUzOc6SF","requestId":"path_PmkPX8lzjs}_get","httpStatusCode":200}},{"DefineInlineConcept":{"root":"shape_3c7DB7reAt","conceptId":"concept_WXFZzVWZhGcQ"}},{"AssignType":{"id":"shape_3c7DB7reAt","to":{"RefT":{"conceptId":"concept_0fGZeM_nodefilelistresult"}},"conceptId":"concept_WXFZzVWZhGcQ"}},{"AddRequest":{"requestId":"path_e4hH8Ier62}_post","pathId":"IvR3Qn_path_47","httpMethod":"post"}},{"AddResponse":{"responseId":"response_Mn1wjXya69","requestId":"path_e4hH8Ier62}_post","httpStatusCode":202}},{"AddRequest":{"requestId":"path_iLvUo9aTiW}_post","pathId":"IvR3Qn_path_22","httpMethod":"post"}},{"AddResponse":{"responseId":"response_9OVkwwjPAC","requestId":"path_iLvUo9aTiW}_post","httpStatusCode":204}},{"AddRequest":{"requestId":"path_3vsYJ41I45}_get","pathId":"IvR3Qn_path_33","httpMethod":"get"}},{"AddResponse":{"responseId":"response_lpGmOYhPjQ","requestId":"path_3vsYJ41I45}_get","httpStatusCode":200}},{"DefineInlineConcept":{"root":"shape_3gbqb31mZC","conceptId":"concept_zVQansPanjqz"}},{"AssignType":{"id":"shape_3gbqb31mZC","to":{"RefT":{"conceptId":"concept_IU4DGG_computenodelistresult"}},"conceptId":"concept_zVQansPanjqz"}},{"AddRequest":{"requestId":"path_a0aXcwSiHD}_get","pathId":"IvR3Qn_path_25","httpMethod":"get"}},{"AddResponse":{"responseId":"response_Z9EhxSouE8","requestId":"path_a0aXcwSiHD}_get","httpStatusCode":200}},{"DefineInlineConcept":{"root":"shape_UUIZBbxp7R","conceptId":"concept_LFJI6zvigSGn"}},{"AssignType":{"id":"shape_UUIZBbxp7R","to":{"RefT":{"conceptId":"concept_nvBuL3_jobstatistics"}},"conceptId":"concept_LFJI6zvigSGn"}},{"AddRequest":{"requestId":"path_shW58k6fbn}_post","pathId":"IvR3Qn_path_24","httpMethod":"post"}},{"AddResponse":{"responseId":"response_jabbW36FBw","requestId":"path_shW58k6fbn}_post","httpStatusCode":202}},{"AddRequest":{"requestId":"path_ypaYfsBZR3}_delete","pathId":"IvR3Qn_path_12","httpMethod":"delete"}},{"AddResponse":{"responseId":"response_Ta70eMldz8","requestId":"path_ypaYfsBZR3}_delete","httpStatusCode":200}},{"AddRequest":{"requestId":"path_ypaYfsBZR3}_get","pathId":"IvR3Qn_path_12","httpMethod":"get"}},{"AddResponse":{"responseId":"response_IfNXKv91HX","requestId":"path_ypaYfsBZR3}_get","httpStatusCode":200}},{"DefineInlineConcept":{"root":"shape_JuwBLrI6dD","conceptId":"concept_LFCOdTeEqzjS"}},{"AssignType":{"id":"shape_JuwBLrI6dD","to":{"RefT":{"conceptId":"concept_lxzxJE_cloudtask"}},"conceptId":"concept_LFCOdTeEqzjS"}},{"AddRequest":{"requestId":"path_ypaYfsBZR3}_put","pathId":"IvR3Qn_path_12","httpMethod":"put"}},{"DefineInlineConcept":{"root":"shape_WQJ02hVYQa","conceptId":"concept_jobsjobidtaskstaskid_put_body"}},{"AssignType":{"id":"shape_WQJ02hVYQa","to":{"RefT":{"conceptId":"concept_MpGekO_taskupdateparameter"}},"conceptId":"concept_jobsjobidtaskstaskid_put_body"}},{"AddResponse":{"responseId":"response_RGTKEHeAmH","requestId":"path_ypaYfsBZR3}_put","httpStatusCode":200}},{"AddRequest":{"requestId":"path_NFT7Ydwelx}_get","pathId":"IvR3Qn_path_10","httpMethod":"get"}},{"AddResponse":{"responseId":"response_pn4htGflvX","requestId":"path_NFT7Ydwelx}_get","httpStatusCode":200}},{"DefineInlineConcept":{"root":"shape_Hnna1mdZ63","conceptId":"concept_JPSp25qu3WzV"}},{"AssignType":{"id":"shape_Hnna1mdZ63","to":{"RefT":{"conceptId":"concept_VZyneD_cloudjoblistpreparationandreleasetaskstatusresult"}},"conceptId":"concept_JPSp25qu3WzV"}},{"AddRequest":{"requestId":"path_YZzrArPYQA}_delete","pathId":"IvR3Qn_path_38","httpMethod":"delete"}},{"AddResponse":{"responseId":"response_ZyBTHWIxQx","requestId":"path_YZzrArPYQA}_delete","httpStatusCode":200}},{"AddRequest":{"requestId":"path_YZzrArPYQA}_get","pathId":"IvR3Qn_path_38","httpMethod":"get"}},{"AddResponse":{"responseId":"response_jBMeULEZHu","requestId":"path_YZzrArPYQA}_get","httpStatusCode":200}},{"DefineInlineConcept":{"root":"shape_ovozq525zw","conceptId":"concept_MLt0tYsy6rPe"}},{"AssignType":{"id":"shape_ovozq525zw","to":{"AnyT":{}},"conceptId":"concept_MLt0tYsy6rPe"}},{"AddRequest":{"requestId":"path_YZzrArPYQA}_head","pathId":"IvR3Qn_path_38","httpMethod":"head"}},{"AddResponse":{"responseId":"response_H9MYfd36zE","requestId":"path_YZzrArPYQA}_head","httpStatusCode":200}},{"SetResponseBodyShape":{"responseId":"response_Wj7rW7BpLt","bodyDescriptor":{"httpContentType":"application/json","conceptId":"concept_NjgrsoT2lHh3"}}},{"SetRequestBodyShape":{"requestId":"path_d80ToaWTUn}_post","bodyDescriptor":{"httpContentType":"application/json; odata=minimalmetadata","conceptId":"concept_poolspoolidevaluateautoscale_post_body"}}},{"SetResponseBodyShape":{"responseId":"response_SNbSh6cfkQ","bodyDescriptor":{"httpContentType":"application/json","conceptId":"concept_BR8DLEvLCcd4"}}},{"SetRequestBodyShape":{"requestId":"path_kZ4FguGo5V}_post","bodyDescriptor":{"httpContentType":"application/json; odata=minimalmetadata","conceptId":"concept_poolspoolidenableautoscale_post_body"}}},{"SetRequestBodyShape":{"requestId":"path_oIxW8kYWWL}_put","bodyDescriptor":{"httpContentType":"application/json; odata=minimalmetadata","conceptId":"concept_jobschedulesjobscheduleid_put_body"}}},{"SetResponseBodyShape":{"responseId":"response_N6WdBHQm3p","bodyDescriptor":{"httpContentType":"application/json","conceptId":"concept_hy0eNDos7VA8"}}},{"SetRequestBodyShape":{"requestId":"path_oIxW8kYWWL}_patch","bodyDescriptor":{"httpContentType":"application/json; odata=minimalmetadata","conceptId":"concept_jobschedulesjobscheduleid_patch_body"}}},{"SetRequestBodyShape":{"requestId":"path_ppckL6RowC}_post","bodyDescriptor":{"httpContentType":"application/json; odata=minimalmetadata","conceptId":"concept_poolspoolidupgradeos_post_body"}}},{"SetRequestBodyShape":{"requestId":"path_D8I7xf3o0T}_post","bodyDescriptor":{"httpContentType":"application/json; odata=minimalmetadata","conceptId":"concept_poolspoolidupdateproperties_post_body"}}},{"SetRequestBodyShape":{"requestId":"path_duAXk0VtaS}_post","bodyDescriptor":{"httpContentType":"application/json; odata=minimalmetadata","conceptId":"concept_poolspoolidnodesnodeidreimage_post_body"}}},{"SetResponseBodyShape":{"responseId":"response_b12tu3cY7g","bodyDescriptor":{"httpContentType":"application/json","conceptId":"concept_KwkXCf8Mux45"}}},{"SetRequestBodyShape":{"requestId":"path_eqmUiqdC4G}_post","bodyDescriptor":{"httpContentType":"application/json; odata=minimalmetadata","conceptId":"concept_poolspoolidnodesnodeidreboot_post_body"}}},{"SetResponseBodyShape":{"responseId":"response_GoH5TUemVJ","bodyDescriptor":{"httpContentType":"application/json","conceptId":"concept_HQzLl0uo9IqS"}}},{"SetRequestBodyShape":{"requestId":"path_E8rl7XzFyQ}_post","bodyDescriptor":{"httpContentType":"application/json; odata=minimalmetadata","conceptId":"concept_jobsjobidtasks_post_body"}}},{"SetRequestBodyShape":{"requestId":"path_9EIPUgIlQc}_post","bodyDescriptor":{"httpContentType":"application/json; odata=minimalmetadata","conceptId":"concept_jobsjobidaddtaskcollection_post_body"}}},{"SetResponseBodyShape":{"responseId":"response_WB4LofdiWS","bodyDescriptor":{"httpContentType":"application/json","conceptId":"concept_M0y4KFLrSoxn"}}},{"SetResponseBodyShape":{"responseId":"response_dSpWUAlVrC","bodyDescriptor":{"httpContentType":"application/json","conceptId":"concept_oMMeqT4KjIx6"}}},{"SetResponseBodyShape":{"responseId":"response_PJASgiK8oS","bodyDescriptor":{"httpContentType":"application/json","conceptId":"concept_GJdgXE2TUa9z"}}},{"SetResponseBodyShape":{"responseId":"response_VwGBn49KaT","bodyDescriptor":{"httpContentType":"application/json","conceptId":"concept_MT7KClV0jx7M"}}},{"SetRequestBodyShape":{"requestId":"path_AxKSgzl3VO}_patch","bodyDescriptor":{"httpContentType":"application/json; odata=minimalmetadata","conceptId":"concept_poolspoolid_patch_body"}}},{"SetRequestBodyShape":{"requestId":"path_WxQjg81DFn}_post","bodyDescriptor":{"httpContentType":"application/json; odata=minimalmetadata","conceptId":"concept_jobsjobidterminate_post_body"}}},{"SetResponseBodyShape":{"responseId":"response_nhx9Gshfxm","bodyDescriptor":{"httpContentType":"application/json","conceptId":"concept_TQoyBFAy7HcJ"}}},{"SetRequestBodyShape":{"requestId":"path_ef8hXYTfuD}_post","bodyDescriptor":{"httpContentType":"application/json; odata=minimalmetadata","conceptId":"concept_jobschedules_post_body"}}},{"SetResponseBodyShape":{"responseId":"response_qTnBnFaMB0","bodyDescriptor":{"httpContentType":"application/json","conceptId":"concept_O8bsdMOlJxTk"}}},{"SetRequestBodyShape":{"requestId":"path_UhdB53PHeR}_post","bodyDescriptor":{"httpContentType":"application/json; odata=minimalmetadata","conceptId":"concept_poolspoolidnodesnodeiddisablescheduling_post_body"}}},{"SetResponseBodyShape":{"responseId":"response_weXpBzmDZy","bodyDescriptor":{"httpContentType":"application/json","conceptId":"concept_OiS0oUlEgCX9"}}},{"SetResponseBodyShape":{"responseId":"response_9BGej3sVId","bodyDescriptor":{"httpContentType":"application/json","conceptId":"concept_4trpzJ4j7hRj"}}},{"SetResponseBodyShape":{"responseId":"response_CHhQSLmMVX","bodyDescriptor":{"httpContentType":"application/json","conceptId":"concept_0GHo3QoQSI0j"}}},{"SetRequestBodyShape":{"requestId":"path_1K2Xm84ow4}_patch","bodyDescriptor":{"httpContentType":"application/json; odata=minimalmetadata","conceptId":"concept_jobsjobid_patch_body"}}},{"SetRequestBodyShape":{"requestId":"path_1K2Xm84ow4}_put","bodyDescriptor":{"httpContentType":"application/json; odata=minimalmetadata","conceptId":"concept_jobsjobid_put_body"}}},{"SetResponseBodyShape":{"responseId":"response_FyAzX18e3W","bodyDescriptor":{"httpContentType":"application/json","conceptId":"concept_7aw5pchjPMyJ"}}},{"SetRequestBodyShape":{"requestId":"path_7v2mfarTF6}_post","bodyDescriptor":{"httpContentType":"application/json; odata=minimalmetadata","conceptId":"concept_poolspoolidnodesnodeidusers_post_body"}}},{"SetResponseBodyShape":{"responseId":"response_HOX2hYyC1B","bodyDescriptor":{"httpContentType":"application/json","conceptId":"concept_TD0cKw4NeaUA"}}},{"SetResponseBodyShape":{"responseId":"response_MpWQ2BdxOj","bodyDescriptor":{"httpContentType":"application/json","conceptId":"concept_DPTYE2z94yBo"}}},{"SetRequestBodyShape":{"requestId":"path_vuWMQduW2B}_post","bodyDescriptor":{"httpContentType":"application/json; odata=minimalmetadata","conceptId":"concept_pools_post_body"}}},{"SetRequestBodyShape":{"requestId":"path_mZH4LkFkpp}_post","bodyDescriptor":{"httpContentType":"application/json; odata=minimalmetadata","conceptId":"concept_poolspoolidresize_post_body"}}},{"SetRequestBodyShape":{"requestId":"path_LY3vcl08em}_post","bodyDescriptor":{"httpContentType":"application/json; odata=minimalmetadata","conceptId":"concept_poolspoolidremovenodes_post_body"}}},{"SetRequestBodyShape":{"requestId":"path_E9xq21xuuF}_post","bodyDescriptor":{"httpContentType":"application/json; odata=minimalmetadata","conceptId":"concept_jobsjobiddisable_post_body"}}},{"SetResponseBodyShape":{"responseId":"response_K9Yom1uYms","bodyDescriptor":{"httpContentType":"application/json","conceptId":"concept_VDGgPOTGjgpG"}}},{"SetRequestBodyShape":{"requestId":"path_jFZog3gPNj}_post","bodyDescriptor":{"httpContentType":"application/json; odata=minimalmetadata","conceptId":"concept_jobs_post_body"}}},{"SetResponseBodyShape":{"responseId":"response_LKCPuAxcCS","bodyDescriptor":{"httpContentType":"application/json","conceptId":"concept_zBCQDujU2SiH"}}},{"SetResponseBodyShape":{"responseId":"response_fgwWsKTYTf","bodyDescriptor":{"httpContentType":"application/json","conceptId":"concept_04aegp51GFp6"}}},{"SetRequestBodyShape":{"requestId":"path_2luxQ4yQES}_post","bodyDescriptor":{"httpContentType":"application/json; odata=minimalmetadata","conceptId":"concept_certificates_post_body"}}},{"SetResponseBodyShape":{"responseId":"response_Pq3i4Nk3wO","bodyDescriptor":{"httpContentType":"application/json","conceptId":"concept_8Yun2M41jIMw"}}},{"SetResponseBodyShape":{"responseId":"response_p6bHwvdcby","bodyDescriptor":{"httpContentType":"application/json","conceptId":"concept_CPoHsWPKKRrQ"}}},{"SetResponseBodyShape":{"responseId":"response_axCt3e2eee","bodyDescriptor":{"httpContentType":"application/json","conceptId":"concept_M7yNA5qObbDV"}}},{"SetRequestBodyShape":{"requestId":"path_RSp8pcyIOv}_put","bodyDescriptor":{"httpContentType":"application/json; odata=minimalmetadata","conceptId":"concept_poolspoolidnodesnodeidusersusername_put_body"}}},{"SetResponseBodyShape":{"responseId":"response_TFMUzOc6SF","bodyDescriptor":{"httpContentType":"application/json","conceptId":"concept_WXFZzVWZhGcQ"}}},{"SetResponseBodyShape":{"responseId":"response_lpGmOYhPjQ","bodyDescriptor":{"httpContentType":"application/json","conceptId":"concept_zVQansPanjqz"}}},{"SetResponseBodyShape":{"responseId":"response_Z9EhxSouE8","bodyDescriptor":{"httpContentType":"application/json","conceptId":"concept_LFJI6zvigSGn"}}},{"SetResponseBodyShape":{"responseId":"response_IfNXKv91HX","bodyDescriptor":{"httpContentType":"application/json","conceptId":"concept_LFCOdTeEqzjS"}}},{"SetRequestBodyShape":{"requestId":"path_ypaYfsBZR3}_put","bodyDescriptor":{"httpContentType":"application/json; odata=minimalmetadata","conceptId":"concept_jobsjobidtaskstaskid_put_body"}}},{"SetResponseBodyShape":{"responseId":"response_pn4htGflvX","bodyDescriptor":{"httpContentType":"application/json","conceptId":"concept_JPSp25qu3WzV"}}},{"SetResponseBodyShape":{"responseId":"response_jBMeULEZHu","bodyDescriptor":{"httpContentType":"application/json","conceptId":"concept_MLt0tYsy6rPe"}}}]