[{"DefineConcept":{"name":"ErrorModel","root":"shape_HtOSpLXB4j","conceptId":"concept_jRgsr8_errormodel"}},{"SetConceptName":{"newName":"ErrorModel","conceptId":"concept_jRgsr8_errormodel"}},{"DefineConcept":{"name":"Report","root":"shape_m7PD5tp1AS","conceptId":"concept_EGeA1c_report"}},{"SetConceptName":{"newName":"Report","conceptId":"concept_EGeA1c_report"}},{"DefineConcept":{"name":"Service","root":"shape_PH77mygpjb","conceptId":"concept_rq5wNM_service"}},{"SetConceptName":{"newName":"Service","conceptId":"concept_rq5wNM_service"}},{"AssignType":{"id":"shape_HtOSpLXB4j","to":{"AnyT":{}},"conceptId":"concept_jRgsr8_errormodel"}},{"AssignType":{"id":"shape_m7PD5tp1AS","to":{"AnyT":{}},"conceptId":"concept_EGeA1c_report"}},{"AssignType":{"id":"shape_PH77mygpjb","to":{"AnyT":{}},"conceptId":"concept_rq5wNM_service"}},{"AddPathComponent":{"pathId":"fH0tiC_path_0","parentPathId":"root","name":"email-booster"}},{"AddPathComponent":{"pathId":"fH0tiC_path_1","parentPathId":"root","name":"rate-limit-status"}},{"AddPathComponent":{"pathId":"fH0tiC_path_2","parentPathId":"root","name":"status"}},{"AddRequest":{"requestId":"path_Thv9iGRx1F}_post","pathId":"fH0tiC_path_0","httpMethod":"post"}},{"AddResponse":{"responseId":"response_qFn5qQMoUs","requestId":"path_Thv9iGRx1F}_post","httpStatusCode":200}},{"DefineInlineConcept":{"root":"shape_Y7AVCqC6Zs","conceptId":"concept_4WlrjXpMfVeQ"}},{"AssignType":{"id":"shape_Y7AVCqC6Zs","to":{"ObjectT":{}},"conceptId":"concept_4WlrjXpMfVeQ"}},{"AddField":{"parentId":"shape_Y7AVCqC6Zs","id":"shape_Q6NqWa7uVX","conceptId":"concept_4WlrjXpMfVeQ"}},{"SetFieldName":{"id":"shape_Q6NqWa7uVX","newName":"message","conceptId":"concept_4WlrjXpMfVeQ"}},{"AssignType":{"id":"shape_Q6NqWa7uVX","to":{"StringT":{}},"conceptId":"concept_4WlrjXpMfVeQ"}},{"AddField":{"parentId":"shape_Y7AVCqC6Zs","id":"shape_uDlOM1QZMB","conceptId":"concept_4WlrjXpMfVeQ"}},{"SetFieldName":{"id":"shape_uDlOM1QZMB","newName":"report","conceptId":"concept_4WlrjXpMfVeQ"}},{"AssignType":{"id":"shape_uDlOM1QZMB","to":{"RefT":{"conceptId":"concept_EGeA1c_report"}},"conceptId":"concept_4WlrjXpMfVeQ"}},{"AddField":{"parentId":"shape_Y7AVCqC6Zs","id":"shape_jfVo7kxVSO","conceptId":"concept_4WlrjXpMfVeQ"}},{"SetFieldName":{"id":"shape_jfVo7kxVSO","newName":"status","conceptId":"concept_4WlrjXpMfVeQ"}},{"AssignType":{"id":"shape_jfVo7kxVSO","to":{"IntegerT":{}},"conceptId":"concept_4WlrjXpMfVeQ"}},{"AddResponse":{"responseId":"response_V5ENiuxtPA","requestId":"path_Thv9iGRx1F}_post","httpStatusCode":400}},{"DefineInlineConcept":{"root":"shape_Q92XT0QPGc","conceptId":"concept_xZuf8qKxT5xv"}},{"AssignType":{"id":"shape_Q92XT0QPGc","to":{"ObjectT":{}},"conceptId":"concept_xZuf8qKxT5xv"}},{"AddField":{"parentId":"shape_Q92XT0QPGc","id":"shape_Ihg9RJSGws","conceptId":"concept_xZuf8qKxT5xv"}},{"SetFieldName":{"id":"shape_Ihg9RJSGws","newName":"errors","conceptId":"concept_xZuf8qKxT5xv"}},{"AssignType":{"id":"shape_Ihg9RJSGws","to":{"ListT":{}},"conceptId":"concept_xZuf8qKxT5xv"}},{"AddTypeParameter":{"parentId":"shape_Ihg9RJSGws","id":"shape_EZ7Mdbeha1","conceptId":"concept_xZuf8qKxT5xv"}},{"AssignType":{"id":"shape_EZ7Mdbeha1","to":{"ObjectT":{}},"conceptId":"concept_xZuf8qKxT5xv"}},{"AddField":{"parentId":"shape_Q92XT0QPGc","id":"shape_PqasRcQV4M","conceptId":"concept_xZuf8qKxT5xv"}},{"SetFieldName":{"id":"shape_PqasRcQV4M","newName":"message","conceptId":"concept_xZuf8qKxT5xv"}},{"AssignType":{"id":"shape_PqasRcQV4M","to":{"StringT":{}},"conceptId":"concept_xZuf8qKxT5xv"}},{"AddField":{"parentId":"shape_Q92XT0QPGc","id":"shape_phnTuRDFxT","conceptId":"concept_xZuf8qKxT5xv"}},{"SetFieldName":{"id":"shape_phnTuRDFxT","newName":"status","conceptId":"concept_xZuf8qKxT5xv"}},{"AssignType":{"id":"shape_phnTuRDFxT","to":{"IntegerT":{}},"conceptId":"concept_xZuf8qKxT5xv"}},{"AddRequest":{"requestId":"path_mevUMVJTJ4}_get","pathId":"fH0tiC_path_1","httpMethod":"get"}},{"AddResponse":{"responseId":"response_a3gStQvgR6","requestId":"path_mevUMVJTJ4}_get","httpStatusCode":200}},{"DefineInlineConcept":{"root":"shape_AJRvmzdIjN","conceptId":"concept_1drRAYVptOzR"}},{"AssignType":{"id":"shape_AJRvmzdIjN","to":{"ObjectT":{}},"conceptId":"concept_1drRAYVptOzR"}},{"AddField":{"parentId":"shape_AJRvmzdIjN","id":"shape_4vDIMWO4hY","conceptId":"concept_1drRAYVptOzR"}},{"SetFieldName":{"id":"shape_4vDIMWO4hY","newName":"message","conceptId":"concept_1drRAYVptOzR"}},{"AssignType":{"id":"shape_4vDIMWO4hY","to":{"StringT":{}},"conceptId":"concept_1drRAYVptOzR"}},{"AddField":{"parentId":"shape_AJRvmzdIjN","id":"shape_XgLs03HM8g","conceptId":"concept_1drRAYVptOzR"}},{"SetFieldName":{"id":"shape_XgLs03HM8g","newName":"services","conceptId":"concept_1drRAYVptOzR"}},{"AssignType":{"id":"shape_XgLs03HM8g","to":{"ListT":{}},"conceptId":"concept_1drRAYVptOzR"}},{"AddTypeParameter":{"parentId":"shape_XgLs03HM8g","id":"shape_70f4aZ9aNH","conceptId":"concept_1drRAYVptOzR"}},{"AssignType":{"id":"shape_70f4aZ9aNH","to":{"RefT":{"conceptId":"concept_rq5wNM_service"}},"conceptId":"concept_1drRAYVptOzR"}},{"AddField":{"parentId":"shape_AJRvmzdIjN","id":"shape_CmunSRV58R","conceptId":"concept_1drRAYVptOzR"}},{"SetFieldName":{"id":"shape_CmunSRV58R","newName":"status","conceptId":"concept_1drRAYVptOzR"}},{"AssignType":{"id":"shape_CmunSRV58R","to":{"IntegerT":{}},"conceptId":"concept_1drRAYVptOzR"}},{"AddRequest":{"requestId":"path_a4MjtBME4K}_get","pathId":"fH0tiC_path_2","httpMethod":"get"}},{"AddResponse":{"responseId":"response_h8LBO43Jip","requestId":"path_a4MjtBME4K}_get","httpStatusCode":200}},{"DefineInlineConcept":{"root":"shape_IYWzjYUFqt","conceptId":"concept_yZAeacImVqZs"}},{"AssignType":{"id":"shape_IYWzjYUFqt","to":{"ObjectT":{}},"conceptId":"concept_yZAeacImVqZs"}},{"AddField":{"parentId":"shape_IYWzjYUFqt","id":"shape_ciGIWvYV26","conceptId":"concept_yZAeacImVqZs"}},{"SetFieldName":{"id":"shape_ciGIWvYV26","newName":"message","conceptId":"concept_yZAeacImVqZs"}},{"AssignType":{"id":"shape_ciGIWvYV26","to":{"StringT":{}},"conceptId":"concept_yZAeacImVqZs"}},{"AddField":{"parentId":"shape_IYWzjYUFqt","id":"shape_44khFmBYbo","conceptId":"concept_yZAeacImVqZs"}},{"SetFieldName":{"id":"shape_44khFmBYbo","newName":"status","conceptId":"concept_yZAeacImVqZs"}},{"AssignType":{"id":"shape_44khFmBYbo","to":{"IntegerT":{}},"conceptId":"concept_yZAeacImVqZs"}},{"AddField":{"parentId":"shape_IYWzjYUFqt","id":"shape_Q5ZRmJQim0","conceptId":"concept_yZAeacImVqZs"}},{"SetFieldName":{"id":"shape_Q5ZRmJQim0","newName":"uptime","conceptId":"concept_yZAeacImVqZs"}},{"AssignType":{"id":"shape_Q5ZRmJQim0","to":{"NumberT":{}},"conceptId":"concept_yZAeacImVqZs"}},{"SetResponseBodyShape":{"responseId":"response_qFn5qQMoUs","bodyDescriptor":{"httpContentType":"application/json","conceptId":"concept_4WlrjXpMfVeQ"}}},{"SetResponseBodyShape":{"responseId":"response_V5ENiuxtPA","bodyDescriptor":{"httpContentType":"application/json","conceptId":"concept_xZuf8qKxT5xv"}}},{"SetResponseBodyShape":{"responseId":"response_a3gStQvgR6","bodyDescriptor":{"httpContentType":"application/json","conceptId":"concept_1drRAYVptOzR"}}},{"SetResponseBodyShape":{"responseId":"response_h8LBO43Jip","bodyDescriptor":{"httpContentType":"application/json","conceptId":"concept_yZAeacImVqZs"}}}]