[{"DefineConcept":{"name":"comic","root":"shape_0Om5XH3PS2","conceptId":"concept_LxItdf_comic"}},{"SetConceptName":{"newName":"comic","conceptId":"concept_LxItdf_comic"}},{"AssignType":{"id":"shape_0Om5XH3PS2","to":{"ObjectT":{}},"conceptId":"concept_LxItdf_comic"}},{"AddField":{"parentId":"shape_0Om5XH3PS2","id":"shape_JoT2v8ocuh","conceptId":"concept_LxItdf_comic"}},{"SetFieldName":{"id":"shape_JoT2v8ocuh","newName":"img","conceptId":"concept_LxItdf_comic"}},{"AssignType":{"id":"shape_JoT2v8ocuh","to":{"StringT":{}},"conceptId":"concept_LxItdf_comic"}},{"AddField":{"parentId":"shape_0Om5XH3PS2","id":"shape_ta9PFVmz0k","conceptId":"concept_LxItdf_comic"}},{"SetFieldName":{"id":"shape_ta9PFVmz0k","newName":"year","conceptId":"concept_LxItdf_comic"}},{"AssignType":{"id":"shape_ta9PFVmz0k","to":{"StringT":{}},"conceptId":"concept_LxItdf_comic"}},{"AddField":{"parentId":"shape_0Om5XH3PS2","id":"shape_92TNhSV2yK","conceptId":"concept_LxItdf_comic"}},{"SetFieldName":{"id":"shape_92TNhSV2yK","newName":"num","conceptId":"concept_LxItdf_comic"}},{"AssignType":{"id":"shape_92TNhSV2yK","to":{"NumberT":{}},"conceptId":"concept_LxItdf_comic"}},{"AddField":{"parentId":"shape_0Om5XH3PS2","id":"shape_54OrwkggvP","conceptId":"concept_LxItdf_comic"}},{"SetFieldName":{"id":"shape_54OrwkggvP","newName":"transcript","conceptId":"concept_LxItdf_comic"}},{"AssignType":{"id":"shape_54OrwkggvP","to":{"StringT":{}},"conceptId":"concept_LxItdf_comic"}},{"AddField":{"parentId":"shape_0Om5XH3PS2","id":"shape_FOB8t4Mpmo","conceptId":"concept_LxItdf_comic"}},{"SetFieldName":{"id":"shape_FOB8t4Mpmo","newName":"alt","conceptId":"concept_LxItdf_comic"}},{"AssignType":{"id":"shape_FOB8t4Mpmo","to":{"StringT":{}},"conceptId":"concept_LxItdf_comic"}},{"AddField":{"parentId":"shape_0Om5XH3PS2","id":"shape_njmEODxNdw","conceptId":"concept_LxItdf_comic"}},{"SetFieldName":{"id":"shape_njmEODxNdw","newName":"link","conceptId":"concept_LxItdf_comic"}},{"AssignType":{"id":"shape_njmEODxNdw","to":{"StringT":{}},"conceptId":"concept_LxItdf_comic"}},{"AddField":{"parentId":"shape_0Om5XH3PS2","id":"shape_NYMDXVi8UM","conceptId":"concept_LxItdf_comic"}},{"SetFieldName":{"id":"shape_NYMDXVi8UM","newName":"news","conceptId":"concept_LxItdf_comic"}},{"AssignType":{"id":"shape_NYMDXVi8UM","to":{"StringT":{}},"conceptId":"concept_LxItdf_comic"}},{"AddField":{"parentId":"shape_0Om5XH3PS2","id":"shape_0YW876wSbJ","conceptId":"concept_LxItdf_comic"}},{"SetFieldName":{"id":"shape_0YW876wSbJ","newName":"title","conceptId":"concept_LxItdf_comic"}},{"AssignType":{"id":"shape_0YW876wSbJ","to":{"StringT":{}},"conceptId":"concept_LxItdf_comic"}},{"AddField":{"parentId":"shape_0Om5XH3PS2","id":"shape_sdYyemCLoC","conceptId":"concept_LxItdf_comic"}},{"SetFieldName":{"id":"shape_sdYyemCLoC","newName":"day","conceptId":"concept_LxItdf_comic"}},{"AssignType":{"id":"shape_sdYyemCLoC","to":{"StringT":{}},"conceptId":"concept_LxItdf_comic"}},{"AddField":{"parentId":"shape_0Om5XH3PS2","id":"shape_eufwtIwZyF","conceptId":"concept_LxItdf_comic"}},{"SetFieldName":{"id":"shape_eufwtIwZyF","newName":"safe_title","conceptId":"concept_LxItdf_comic"}},{"AssignType":{"id":"shape_eufwtIwZyF","to":{"StringT":{}},"conceptId":"concept_LxItdf_comic"}},{"AddField":{"parentId":"shape_0Om5XH3PS2","id":"shape_ycPzKB62at","conceptId":"concept_LxItdf_comic"}},{"SetFieldName":{"id":"shape_ycPzKB62at","newName":"month","conceptId":"concept_LxItdf_comic"}},{"AssignType":{"id":"shape_ycPzKB62at","to":{"StringT":{}},"conceptId":"concept_LxItdf_comic"}},{"AddPathComponent":{"pathId":"vuuVxo_path_0","parentPathId":"root","name":"info.0.json"}},{"AddPathParameter":{"pathId":"vuuVxo_path_1","parentPathId":"root","name":""}},{"AddPathComponent":{"pathId":"vuuVxo_path_2","parentPathId":"vuuVxo_path_1","name":"info.0.json"}},{"AddRequest":{"requestId":"path_p1fp5wzobt}_get","pathId":"vuuVxo_path_0","httpMethod":"get"}},{"AddResponse":{"responseId":"response_deXHyCfEEK","requestId":"path_p1fp5wzobt}_get","httpStatusCode":200}},{"DefineInlineConcept":{"root":"shape_JQhYYrz0kY","conceptId":"concept_mxwssRqKowSa"}},{"AssignType":{"id":"shape_JQhYYrz0kY","to":{"RefT":{"conceptId":"concept_LxItdf_comic"}},"conceptId":"concept_mxwssRqKowSa"}},{"AddRequest":{"requestId":"path_axYTO6tgkK}_get","pathId":"vuuVxo_path_2","httpMethod":"get"}},{"AddResponse":{"responseId":"response_rye000hlHj","requestId":"path_axYTO6tgkK}_get","httpStatusCode":200}},{"DefineInlineConcept":{"root":"shape_fHAY1mYW37","conceptId":"concept_vbjrds607S30"}},{"AssignType":{"id":"shape_fHAY1mYW37","to":{"RefT":{"conceptId":"concept_LxItdf_comic"}},"conceptId":"concept_vbjrds607S30"}},{"SetResponseBodyShape":{"responseId":"response_deXHyCfEEK","bodyDescriptor":{"httpContentType":"application/json","conceptId":"concept_mxwssRqKowSa"}}},{"SetResponseBodyShape":{"responseId":"response_rye000hlHj","bodyDescriptor":{"httpContentType":"application/json","conceptId":"concept_vbjrds607S30"}}}]