[{"DefineConcept":{"name":"LastMediaRequest","root":"shape_75O7EHNjJb","conceptId":"concept_0sn6hd_lastmediarequest"}},{"SetConceptName":{"newName":"LastMediaRequest","conceptId":"concept_0sn6hd_lastmediarequest"}},{"DefineConcept":{"name":"LastMediaResult","root":"shape_GuKChEJlHu","conceptId":"concept_KZU9Yg_lastmediaresult"}},{"SetConceptName":{"newName":"LastMediaResult","conceptId":"concept_KZU9Yg_lastmediaresult"}},{"DefineConcept":{"name":"CheckZappitiServiceRequest","root":"shape_cYFob4RQm4","conceptId":"concept_9CLrFK_checkzappitiservicerequest"}},{"SetConceptName":{"newName":"CheckZappitiServiceRequest","conceptId":"concept_9CLrFK_checkzappitiservicerequest"}},{"DefineConcept":{"name":"ConnectionDetailsRequest","root":"shape_GBA9wnNe72","conceptId":"concept_AYFFmV_connectiondetailsrequest"}},{"SetConceptName":{"newName":"ConnectionDetailsRequest","conceptId":"concept_AYFFmV_connectiondetailsrequest"}},{"DefineConcept":{"name":"InstallZappitiServiceRequest","root":"shape_nl40H5xAcb","conceptId":"concept_igLiDT_installzappitiservicerequest"}},{"SetConceptName":{"newName":"InstallZappitiServiceRequest","conceptId":"concept_igLiDT_installzappitiservicerequest"}},{"DefineConcept":{"name":"ErrorCode","root":"shape_H5zeYdta24","conceptId":"concept_hRUYo5_errorcode"}},{"SetConceptName":{"newName":"ErrorCode","conceptId":"concept_hRUYo5_errorcode"}},{"DefineConcept":{"name":"CheckZappitiServiceResult","root":"shape_uBMu7SfIAZ","conceptId":"concept_HBqVzl_checkzappitiserviceresult"}},{"SetConceptName":{"newName":"CheckZappitiServiceResult","conceptId":"concept_HBqVzl_checkzappitiserviceresult"}},{"DefineConcept":{"name":"StartZappitiServiceResult","root":"shape_g6tmKjG17M","conceptId":"concept_gWAgBm_startzappitiserviceresult"}},{"SetConceptName":{"newName":"StartZappitiServiceResult","conceptId":"concept_gWAgBm_startzappitiserviceresult"}},{"DefineConcept":{"name":"StartZappitiServiceRequest","root":"shape_siPka9T6oH","conceptId":"concept_0K5M1I_startzappitiservicerequest"}},{"SetConceptName":{"newName":"StartZappitiServiceRequest","conceptId":"concept_0K5M1I_startzappitiservicerequest"}},{"DefineConcept":{"name":"IsAliveRequest","root":"shape_eL4lrP7mUT","conceptId":"concept_aGlzF1_isaliverequest"}},{"SetConceptName":{"newName":"IsAliveRequest","conceptId":"concept_aGlzF1_isaliverequest"}},{"DefineConcept":{"name":"StartVideoRequest","root":"shape_D15JoGDnUU","conceptId":"concept_Zt63B0_startvideorequest"}},{"SetConceptName":{"newName":"StartVideoRequest","conceptId":"concept_Zt63B0_startvideorequest"}},{"DefineConcept":{"name":"IsAliveResult","root":"shape_dYXOr3IQ4R","conceptId":"concept_HoN2Ff_isaliveresult"}},{"SetConceptName":{"newName":"IsAliveResult","conceptId":"concept_HoN2Ff_isaliveresult"}},{"DefineConcept":{"name":"StartVideoResult","root":"shape_nGRC3tc6CQ","conceptId":"concept_18lBPH_startvideoresult"}},{"SetConceptName":{"newName":"StartVideoResult","conceptId":"concept_18lBPH_startvideoresult"}},{"DefineConcept":{"name":"InstallZappitiServiceResult","root":"shape_LZbY0ReSyY","conceptId":"concept_ofgtgB_installzappitiserviceresult"}},{"SetConceptName":{"newName":"InstallZappitiServiceResult","conceptId":"concept_ofgtgB_installzappitiserviceresult"}},{"DefineConcept":{"name":"ConnectionDetailsResult","root":"shape_tWMvjFrJ4x","conceptId":"concept_w8c0lx_connectiondetailsresult"}},{"SetConceptName":{"newName":"ConnectionDetailsResult","conceptId":"concept_w8c0lx_connectiondetailsresult"}},{"AssignType":{"id":"shape_75O7EHNjJb","to":{"ObjectT":{}},"conceptId":"concept_0sn6hd_lastmediarequest"}},{"AddField":{"parentId":"shape_75O7EHNjJb","id":"shape_o2WAowKjsl","conceptId":"concept_0sn6hd_lastmediarequest"}},{"SetFieldName":{"id":"shape_o2WAowKjsl","newName":"ApiKey","conceptId":"concept_0sn6hd_lastmediarequest"}},{"AssignType":{"id":"shape_o2WAowKjsl","to":{"StringT":{}},"conceptId":"concept_0sn6hd_lastmediarequest"}},{"AssignType":{"id":"shape_GuKChEJlHu","to":{"ObjectT":{}},"conceptId":"concept_KZU9Yg_lastmediaresult"}},{"AddField":{"parentId":"shape_GuKChEJlHu","id":"shape_F7NcJzEVED","conceptId":"concept_KZU9Yg_lastmediaresult"}},{"SetFieldName":{"id":"shape_F7NcJzEVED","newName":"Title","conceptId":"concept_KZU9Yg_lastmediaresult"}},{"AssignType":{"id":"shape_F7NcJzEVED","to":{"StringT":{}},"conceptId":"concept_KZU9Yg_lastmediaresult"}},{"AddField":{"parentId":"shape_GuKChEJlHu","id":"shape_sZyLV1vItj","conceptId":"concept_KZU9Yg_lastmediaresult"}},{"SetFieldName":{"id":"shape_sZyLV1vItj","newName":"Season","conceptId":"concept_KZU9Yg_lastmediaresult"}},{"AssignType":{"id":"shape_sZyLV1vItj","to":{"IntegerT":{}},"conceptId":"concept_KZU9Yg_lastmediaresult"}},{"AddField":{"parentId":"shape_GuKChEJlHu","id":"shape_meEsB9AfGz","conceptId":"concept_KZU9Yg_lastmediaresult"}},{"SetFieldName":{"id":"shape_meEsB9AfGz","newName":"Synopsis","conceptId":"concept_KZU9Yg_lastmediaresult"}},{"AssignType":{"id":"shape_meEsB9AfGz","to":{"StringT":{}},"conceptId":"concept_KZU9Yg_lastmediaresult"}},{"AddField":{"parentId":"shape_GuKChEJlHu","id":"shape_t34XVxGTzy","conceptId":"concept_KZU9Yg_lastmediaresult"}},{"SetFieldName":{"id":"shape_t34XVxGTzy","newName":"ErrorCode","conceptId":"concept_KZU9Yg_lastmediaresult"}},{"AssignType":{"id":"shape_t34XVxGTzy","to":{"RefT":{"conceptId":"concept_hRUYo5_errorcode"}},"conceptId":"concept_KZU9Yg_lastmediaresult"}},{"AddField":{"parentId":"shape_GuKChEJlHu","id":"shape_0ftxa3gINc","conceptId":"concept_KZU9Yg_lastmediaresult"}},{"SetFieldName":{"id":"shape_0ftxa3gINc","newName":"Episode","conceptId":"concept_KZU9Yg_lastmediaresult"}},{"AssignType":{"id":"shape_0ftxa3gINc","to":{"IntegerT":{}},"conceptId":"concept_KZU9Yg_lastmediaresult"}},{"AddField":{"parentId":"shape_GuKChEJlHu","id":"shape_kMnIMvxerF","conceptId":"concept_KZU9Yg_lastmediaresult"}},{"SetFieldName":{"id":"shape_kMnIMvxerF","newName":"TvShowName","conceptId":"concept_KZU9Yg_lastmediaresult"}},{"AssignType":{"id":"shape_kMnIMvxerF","to":{"StringT":{}},"conceptId":"concept_KZU9Yg_lastmediaresult"}},{"AddField":{"parentId":"shape_GuKChEJlHu","id":"shape_jT1NUTgJHd","conceptId":"concept_KZU9Yg_lastmediaresult"}},{"SetFieldName":{"id":"shape_jT1NUTgJHd","newName":"PosterUrl","conceptId":"concept_KZU9Yg_lastmediaresult"}},{"AssignType":{"id":"shape_jT1NUTgJHd","to":{"StringT":{}},"conceptId":"concept_KZU9Yg_lastmediaresult"}},{"AddField":{"parentId":"shape_GuKChEJlHu","id":"shape_lrl1ahfqwP","conceptId":"concept_KZU9Yg_lastmediaresult"}},{"SetFieldName":{"id":"shape_lrl1ahfqwP","newName":"Runtime","conceptId":"concept_KZU9Yg_lastmediaresult"}},{"AssignType":{"id":"shape_lrl1ahfqwP","to":{"IntegerT":{}},"conceptId":"concept_KZU9Yg_lastmediaresult"}},{"AddField":{"parentId":"shape_GuKChEJlHu","id":"shape_xP0mJjK2h2","conceptId":"concept_KZU9Yg_lastmediaresult"}},{"SetFieldName":{"id":"shape_xP0mJjK2h2","newName":"Actors","conceptId":"concept_KZU9Yg_lastmediaresult"}},{"AssignType":{"id":"shape_xP0mJjK2h2","to":{"ListT":{}},"conceptId":"concept_KZU9Yg_lastmediaresult"}},{"AddTypeParameter":{"parentId":"shape_xP0mJjK2h2","id":"shape_dnAXalWaOM","conceptId":"concept_KZU9Yg_lastmediaresult"}},{"AssignType":{"id":"shape_dnAXalWaOM","to":{"StringT":{}},"conceptId":"concept_KZU9Yg_lastmediaresult"}},{"AddField":{"parentId":"shape_GuKChEJlHu","id":"shape_UwHnSL5PEf","conceptId":"concept_KZU9Yg_lastmediaresult"}},{"SetFieldName":{"id":"shape_UwHnSL5PEf","newName":"Directors","conceptId":"concept_KZU9Yg_lastmediaresult"}},{"AssignType":{"id":"shape_UwHnSL5PEf","to":{"ListT":{}},"conceptId":"concept_KZU9Yg_lastmediaresult"}},{"AddTypeParameter":{"parentId":"shape_UwHnSL5PEf","id":"shape_1bcsXxJi1e","conceptId":"concept_KZU9Yg_lastmediaresult"}},{"AssignType":{"id":"shape_1bcsXxJi1e","to":{"StringT":{}},"conceptId":"concept_KZU9Yg_lastmediaresult"}},{"AddField":{"parentId":"shape_GuKChEJlHu","id":"shape_KnSndW9xf4","conceptId":"concept_KZU9Yg_lastmediaresult"}},{"SetFieldName":{"id":"shape_KnSndW9xf4","newName":"BackgroundUrl","conceptId":"concept_KZU9Yg_lastmediaresult"}},{"AssignType":{"id":"shape_KnSndW9xf4","to":{"StringT":{}},"conceptId":"concept_KZU9Yg_lastmediaresult"}},{"AssignType":{"id":"shape_cYFob4RQm4","to":{"ObjectT":{}},"conceptId":"concept_9CLrFK_checkzappitiservicerequest"}},{"AddField":{"parentId":"shape_cYFob4RQm4","id":"shape_f8070c5ohe","conceptId":"concept_9CLrFK_checkzappitiservicerequest"}},{"SetFieldName":{"id":"shape_f8070c5ohe","newName":"ApiKey","conceptId":"concept_9CLrFK_checkzappitiservicerequest"}},{"AssignType":{"id":"shape_f8070c5ohe","to":{"StringT":{}},"conceptId":"concept_9CLrFK_checkzappitiservicerequest"}},{"AssignType":{"id":"shape_GBA9wnNe72","to":{"ObjectT":{}},"conceptId":"concept_AYFFmV_connectiondetailsrequest"}},{"AddField":{"parentId":"shape_GBA9wnNe72","id":"shape_7BMuCOYUNp","conceptId":"concept_AYFFmV_connectiondetailsrequest"}},{"SetFieldName":{"id":"shape_7BMuCOYUNp","newName":"ApiKey","conceptId":"concept_AYFFmV_connectiondetailsrequest"}},{"AssignType":{"id":"shape_7BMuCOYUNp","to":{"StringT":{}},"conceptId":"concept_AYFFmV_connectiondetailsrequest"}},{"AssignType":{"id":"shape_nl40H5xAcb","to":{"ObjectT":{}},"conceptId":"concept_igLiDT_installzappitiservicerequest"}},{"AddField":{"parentId":"shape_nl40H5xAcb","id":"shape_hb9hgdEv8y","conceptId":"concept_igLiDT_installzappitiservicerequest"}},{"SetFieldName":{"id":"shape_hb9hgdEv8y","newName":"ApiKey","conceptId":"concept_igLiDT_installzappitiservicerequest"}},{"AssignType":{"id":"shape_hb9hgdEv8y","to":{"StringT":{}},"conceptId":"concept_igLiDT_installzappitiservicerequest"}},{"AssignType":{"id":"shape_H5zeYdta24","to":{"StringT":{}},"conceptId":"concept_hRUYo5_errorcode"}},{"AssignType":{"id":"shape_uBMu7SfIAZ","to":{"ObjectT":{}},"conceptId":"concept_HBqVzl_checkzappitiserviceresult"}},{"AddField":{"parentId":"shape_uBMu7SfIAZ","id":"shape_Yy8KOFZ6nE","conceptId":"concept_HBqVzl_checkzappitiserviceresult"}},{"SetFieldName":{"id":"shape_Yy8KOFZ6nE","newName":"ErrorCode","conceptId":"concept_HBqVzl_checkzappitiserviceresult"}},{"AssignType":{"id":"shape_Yy8KOFZ6nE","to":{"RefT":{"conceptId":"concept_hRUYo5_errorcode"}},"conceptId":"concept_HBqVzl_checkzappitiserviceresult"}},{"AssignType":{"id":"shape_g6tmKjG17M","to":{"ObjectT":{}},"conceptId":"concept_gWAgBm_startzappitiserviceresult"}},{"AddField":{"parentId":"shape_g6tmKjG17M","id":"shape_p0FmD3uuvg","conceptId":"concept_gWAgBm_startzappitiserviceresult"}},{"SetFieldName":{"id":"shape_p0FmD3uuvg","newName":"ErrorCode","conceptId":"concept_gWAgBm_startzappitiserviceresult"}},{"AssignType":{"id":"shape_p0FmD3uuvg","to":{"RefT":{"conceptId":"concept_hRUYo5_errorcode"}},"conceptId":"concept_gWAgBm_startzappitiserviceresult"}},{"AssignType":{"id":"shape_siPka9T6oH","to":{"ObjectT":{}},"conceptId":"concept_0K5M1I_startzappitiservicerequest"}},{"AddField":{"parentId":"shape_siPka9T6oH","id":"shape_hICcYFoxHG","conceptId":"concept_0K5M1I_startzappitiservicerequest"}},{"SetFieldName":{"id":"shape_hICcYFoxHG","newName":"ApiKey","conceptId":"concept_0K5M1I_startzappitiservicerequest"}},{"AssignType":{"id":"shape_hICcYFoxHG","to":{"StringT":{}},"conceptId":"concept_0K5M1I_startzappitiservicerequest"}},{"AssignType":{"id":"shape_eL4lrP7mUT","to":{"ObjectT":{}},"conceptId":"concept_aGlzF1_isaliverequest"}},{"AddField":{"parentId":"shape_eL4lrP7mUT","id":"shape_ZgiwDyN1DI","conceptId":"concept_aGlzF1_isaliverequest"}},{"SetFieldName":{"id":"shape_ZgiwDyN1DI","newName":"ApiKey","conceptId":"concept_aGlzF1_isaliverequest"}},{"AssignType":{"id":"shape_ZgiwDyN1DI","to":{"StringT":{}},"conceptId":"concept_aGlzF1_isaliverequest"}},{"AssignType":{"id":"shape_D15JoGDnUU","to":{"ObjectT":{}},"conceptId":"concept_Zt63B0_startvideorequest"}},{"AddField":{"parentId":"shape_D15JoGDnUU","id":"shape_7U0XbS0q02","conceptId":"concept_Zt63B0_startvideorequest"}},{"SetFieldName":{"id":"shape_7U0XbS0q02","newName":"AuthKey","conceptId":"concept_Zt63B0_startvideorequest"}},{"AssignType":{"id":"shape_7U0XbS0q02","to":{"StringT":{}},"conceptId":"concept_Zt63B0_startvideorequest"}},{"AddField":{"parentId":"shape_D15JoGDnUU","id":"shape_8YuBbAPEeW","conceptId":"concept_Zt63B0_startvideorequest"}},{"SetFieldName":{"id":"shape_8YuBbAPEeW","newName":"Collection","conceptId":"concept_Zt63B0_startvideorequest"}},{"AssignType":{"id":"shape_8YuBbAPEeW","to":{"StringT":{}},"conceptId":"concept_Zt63B0_startvideorequest"}},{"AddField":{"parentId":"shape_D15JoGDnUU","id":"shape_HYwrth59HZ","conceptId":"concept_Zt63B0_startvideorequest"}},{"SetFieldName":{"id":"shape_HYwrth59HZ","newName":"MediaId","conceptId":"concept_Zt63B0_startvideorequest"}},{"AssignType":{"id":"shape_HYwrth59HZ","to":{"StringT":{}},"conceptId":"concept_Zt63B0_startvideorequest"}},{"AddField":{"parentId":"shape_D15JoGDnUU","id":"shape_NPDuWRn7H7","conceptId":"concept_Zt63B0_startvideorequest"}},{"SetFieldName":{"id":"shape_NPDuWRn7H7","newName":"Port","conceptId":"concept_Zt63B0_startvideorequest"}},{"AssignType":{"id":"shape_NPDuWRn7H7","to":{"IntegerT":{}},"conceptId":"concept_Zt63B0_startvideorequest"}},{"AddField":{"parentId":"shape_D15JoGDnUU","id":"shape_eILdRTfJXM","conceptId":"concept_Zt63B0_startvideorequest"}},{"SetFieldName":{"id":"shape_eILdRTfJXM","newName":"Ip","conceptId":"concept_Zt63B0_startvideorequest"}},{"AssignType":{"id":"shape_eILdRTfJXM","to":{"StringT":{}},"conceptId":"concept_Zt63B0_startvideorequest"}},{"AddField":{"parentId":"shape_D15JoGDnUU","id":"shape_3prPIQhERW","conceptId":"concept_Zt63B0_startvideorequest"}},{"SetFieldName":{"id":"shape_3prPIQhERW","newName":"ApiKey","conceptId":"concept_Zt63B0_startvideorequest"}},{"AssignType":{"id":"shape_3prPIQhERW","to":{"StringT":{}},"conceptId":"concept_Zt63B0_startvideorequest"}},{"AssignType":{"id":"shape_dYXOr3IQ4R","to":{"ObjectT":{}},"conceptId":"concept_HoN2Ff_isaliveresult"}},{"AddField":{"parentId":"shape_dYXOr3IQ4R","id":"shape_1fkQtydxGQ","conceptId":"concept_HoN2Ff_isaliveresult"}},{"SetFieldName":{"id":"shape_1fkQtydxGQ","newName":"ErrorCode","conceptId":"concept_HoN2Ff_isaliveresult"}},{"AssignType":{"id":"shape_1fkQtydxGQ","to":{"RefT":{"conceptId":"concept_hRUYo5_errorcode"}},"conceptId":"concept_HoN2Ff_isaliveresult"}},{"AssignType":{"id":"shape_nGRC3tc6CQ","to":{"ObjectT":{}},"conceptId":"concept_18lBPH_startvideoresult"}},{"AddField":{"parentId":"shape_nGRC3tc6CQ","id":"shape_9pMdPQjE80","conceptId":"concept_18lBPH_startvideoresult"}},{"SetFieldName":{"id":"shape_9pMdPQjE80","newName":"ErrorCode","conceptId":"concept_18lBPH_startvideoresult"}},{"AssignType":{"id":"shape_9pMdPQjE80","to":{"RefT":{"conceptId":"concept_hRUYo5_errorcode"}},"conceptId":"concept_18lBPH_startvideoresult"}},{"AssignType":{"id":"shape_LZbY0ReSyY","to":{"ObjectT":{}},"conceptId":"concept_ofgtgB_installzappitiserviceresult"}},{"AddField":{"parentId":"shape_LZbY0ReSyY","id":"shape_hgJTJ6gGFz","conceptId":"concept_ofgtgB_installzappitiserviceresult"}},{"SetFieldName":{"id":"shape_hgJTJ6gGFz","newName":"ErrorCode","conceptId":"concept_ofgtgB_installzappitiserviceresult"}},{"AssignType":{"id":"shape_hgJTJ6gGFz","to":{"RefT":{"conceptId":"concept_hRUYo5_errorcode"}},"conceptId":"concept_ofgtgB_installzappitiserviceresult"}},{"AssignType":{"id":"shape_tWMvjFrJ4x","to":{"ObjectT":{}},"conceptId":"concept_w8c0lx_connectiondetailsresult"}},{"AddField":{"parentId":"shape_tWMvjFrJ4x","id":"shape_lG0QRCcGXv","conceptId":"concept_w8c0lx_connectiondetailsresult"}},{"SetFieldName":{"id":"shape_lG0QRCcGXv","newName":"AuthKey","conceptId":"concept_w8c0lx_connectiondetailsresult"}},{"AssignType":{"id":"shape_lG0QRCcGXv","to":{"StringT":{}},"conceptId":"concept_w8c0lx_connectiondetailsresult"}},{"AddField":{"parentId":"shape_tWMvjFrJ4x","id":"shape_8fngTrDStA","conceptId":"concept_w8c0lx_connectiondetailsresult"}},{"SetFieldName":{"id":"shape_8fngTrDStA","newName":"ServerIp","conceptId":"concept_w8c0lx_connectiondetailsresult"}},{"AssignType":{"id":"shape_8fngTrDStA","to":{"StringT":{}},"conceptId":"concept_w8c0lx_connectiondetailsresult"}},{"AddField":{"parentId":"shape_tWMvjFrJ4x","id":"shape_uvWjk5E08u","conceptId":"concept_w8c0lx_connectiondetailsresult"}},{"SetFieldName":{"id":"shape_uvWjk5E08u","newName":"Collection","conceptId":"concept_w8c0lx_connectiondetailsresult"}},{"AssignType":{"id":"shape_uvWjk5E08u","to":{"StringT":{}},"conceptId":"concept_w8c0lx_connectiondetailsresult"}},{"AddField":{"parentId":"shape_tWMvjFrJ4x","id":"shape_lli7ZMtHY8","conceptId":"concept_w8c0lx_connectiondetailsresult"}},{"SetFieldName":{"id":"shape_lli7ZMtHY8","newName":"ErrorCode","conceptId":"concept_w8c0lx_connectiondetailsresult"}},{"AssignType":{"id":"shape_lli7ZMtHY8","to":{"RefT":{"conceptId":"concept_hRUYo5_errorcode"}},"conceptId":"concept_w8c0lx_connectiondetailsresult"}},{"AddField":{"parentId":"shape_tWMvjFrJ4x","id":"shape_NYxKPMQosv","conceptId":"concept_w8c0lx_connectiondetailsresult"}},{"SetFieldName":{"id":"shape_NYxKPMQosv","newName":"Email","conceptId":"concept_w8c0lx_connectiondetailsresult"}},{"AssignType":{"id":"shape_NYxKPMQosv","to":{"StringT":{}},"conceptId":"concept_w8c0lx_connectiondetailsresult"}},{"AddField":{"parentId":"shape_tWMvjFrJ4x","id":"shape_EWouMsP45t","conceptId":"concept_w8c0lx_connectiondetailsresult"}},{"SetFieldName":{"id":"shape_EWouMsP45t","newName":"ServerPort","conceptId":"concept_w8c0lx_connectiondetailsresult"}},{"AssignType":{"id":"shape_EWouMsP45t","to":{"IntegerT":{}},"conceptId":"concept_w8c0lx_connectiondetailsresult"}},{"AddPathComponent":{"pathId":"3TvPGd_path_0","parentPathId":"root","name":"CheckZappitiService"}},{"AddPathComponent":{"pathId":"3TvPGd_path_1","parentPathId":"root","name":"ConnectionDetails"}},{"AddPathComponent":{"pathId":"3TvPGd_path_2","parentPathId":"root","name":"InstallZappitiService"}},{"AddPathComponent":{"pathId":"3TvPGd_path_3","parentPathId":"root","name":"IsAlive"}},{"AddPathComponent":{"pathId":"3TvPGd_path_4","parentPathId":"root","name":"LastMedia"}},{"AddPathComponent":{"pathId":"3TvPGd_path_5","parentPathId":"root","name":"StartVideo"}},{"AddPathComponent":{"pathId":"3TvPGd_path_6","parentPathId":"root","name":"StartZappitiService"}},{"AddRequest":{"requestId":"path_relOFNl556}_post","pathId":"3TvPGd_path_1","httpMethod":"post"}},{"DefineInlineConcept":{"root":"shape_CMxGCcCJ69","conceptId":"concept_connectiondetails_post_body"}},{"AssignType":{"id":"shape_CMxGCcCJ69","to":{"RefT":{"conceptId":"concept_0sn6hd_lastmediarequest"}},"conceptId":"concept_connectiondetails_post_body"}},{"AddResponse":{"responseId":"response_Jugb7TNicR","requestId":"path_relOFNl556}_post","httpStatusCode":200}},{"DefineInlineConcept":{"root":"shape_POX7ZAUflD","conceptId":"concept_AFdK3FMCzGE3"}},{"AssignType":{"id":"shape_POX7ZAUflD","to":{"RefT":{"conceptId":"concept_w8c0lx_connectiondetailsresult"}},"conceptId":"concept_AFdK3FMCzGE3"}},{"AddRequest":{"requestId":"path_bTZtK6p4Pb}_post","pathId":"3TvPGd_path_5","httpMethod":"post"}},{"DefineInlineConcept":{"root":"shape_yITYYQsdTu","conceptId":"concept_startvideo_post_body"}},{"AssignType":{"id":"shape_yITYYQsdTu","to":{"RefT":{"conceptId":"concept_Zt63B0_startvideorequest"}},"conceptId":"concept_startvideo_post_body"}},{"AddResponse":{"responseId":"response_NXpjK1ar6J","requestId":"path_bTZtK6p4Pb}_post","httpStatusCode":200}},{"DefineInlineConcept":{"root":"shape_mAP1wWVzKB","conceptId":"concept_o4dPgB7R6oSF"}},{"AssignType":{"id":"shape_mAP1wWVzKB","to":{"RefT":{"conceptId":"concept_HBqVzl_checkzappitiserviceresult"}},"conceptId":"concept_o4dPgB7R6oSF"}},{"AddRequest":{"requestId":"path_4WwY2tP8Ep}_post","pathId":"3TvPGd_path_0","httpMethod":"post"}},{"DefineInlineConcept":{"root":"shape_i8HXoqe10Q","conceptId":"concept_checkzappitiservice_post_body"}},{"AssignType":{"id":"shape_i8HXoqe10Q","to":{"RefT":{"conceptId":"concept_0sn6hd_lastmediarequest"}},"conceptId":"concept_checkzappitiservice_post_body"}},{"AddResponse":{"responseId":"response_1o1gh9TTEQ","requestId":"path_4WwY2tP8Ep}_post","httpStatusCode":200}},{"DefineInlineConcept":{"root":"shape_odBwuI6obK","conceptId":"concept_wLs8KzpEfgFY"}},{"AssignType":{"id":"shape_odBwuI6obK","to":{"RefT":{"conceptId":"concept_HBqVzl_checkzappitiserviceresult"}},"conceptId":"concept_wLs8KzpEfgFY"}},{"AddRequest":{"requestId":"path_GnfYvCAbzA}_post","pathId":"3TvPGd_path_3","httpMethod":"post"}},{"DefineInlineConcept":{"root":"shape_E095nHjntQ","conceptId":"concept_isalive_post_body"}},{"AssignType":{"id":"shape_E095nHjntQ","to":{"RefT":{"conceptId":"concept_0sn6hd_lastmediarequest"}},"conceptId":"concept_isalive_post_body"}},{"AddResponse":{"responseId":"response_7ikLFgmrK4","requestId":"path_GnfYvCAbzA}_post","httpStatusCode":200}},{"DefineInlineConcept":{"root":"shape_oCmdAP8NA8","conceptId":"concept_GbmQKmzaDxHa"}},{"AssignType":{"id":"shape_oCmdAP8NA8","to":{"RefT":{"conceptId":"concept_HBqVzl_checkzappitiserviceresult"}},"conceptId":"concept_GbmQKmzaDxHa"}},{"AddRequest":{"requestId":"path_DMOC2GHpMI}_post","pathId":"3TvPGd_path_2","httpMethod":"post"}},{"DefineInlineConcept":{"root":"shape_gvlC7jfkqA","conceptId":"concept_installzappitiservice_post_body"}},{"AssignType":{"id":"shape_gvlC7jfkqA","to":{"RefT":{"conceptId":"concept_0sn6hd_lastmediarequest"}},"conceptId":"concept_installzappitiservice_post_body"}},{"AddResponse":{"responseId":"response_dmDAYB2tQF","requestId":"path_DMOC2GHpMI}_post","httpStatusCode":200}},{"DefineInlineConcept":{"root":"shape_egDQFMtPZF","conceptId":"concept_LMv6ZxNep1BO"}},{"AssignType":{"id":"shape_egDQFMtPZF","to":{"RefT":{"conceptId":"concept_HBqVzl_checkzappitiserviceresult"}},"conceptId":"concept_LMv6ZxNep1BO"}},{"AddRequest":{"requestId":"path_sjyfBIWjdE}_post","pathId":"3TvPGd_path_4","httpMethod":"post"}},{"DefineInlineConcept":{"root":"shape_Fj0pjjPUcM","conceptId":"concept_lastmedia_post_body"}},{"AssignType":{"id":"shape_Fj0pjjPUcM","to":{"RefT":{"conceptId":"concept_0sn6hd_lastmediarequest"}},"conceptId":"concept_lastmedia_post_body"}},{"AddResponse":{"responseId":"response_UE8oaxGtYL","requestId":"path_sjyfBIWjdE}_post","httpStatusCode":200}},{"DefineInlineConcept":{"root":"shape_0YlBslqumT","conceptId":"concept_uWe17uyZkhcA"}},{"AssignType":{"id":"shape_0YlBslqumT","to":{"RefT":{"conceptId":"concept_KZU9Yg_lastmediaresult"}},"conceptId":"concept_uWe17uyZkhcA"}},{"AddRequest":{"requestId":"path_AaMSsRkch0}_post","pathId":"3TvPGd_path_6","httpMethod":"post"}},{"DefineInlineConcept":{"root":"shape_r3Nc4smqis","conceptId":"concept_startzappitiservice_post_body"}},{"AssignType":{"id":"shape_r3Nc4smqis","to":{"RefT":{"conceptId":"concept_0sn6hd_lastmediarequest"}},"conceptId":"concept_startzappitiservice_post_body"}},{"AddResponse":{"responseId":"response_vpWrDu5Ghw","requestId":"path_AaMSsRkch0}_post","httpStatusCode":200}},{"DefineInlineConcept":{"root":"shape_WEG5eWdCue","conceptId":"concept_vB5527MjR6Gq"}},{"AssignType":{"id":"shape_WEG5eWdCue","to":{"RefT":{"conceptId":"concept_HBqVzl_checkzappitiserviceresult"}},"conceptId":"concept_vB5527MjR6Gq"}},{"SetRequestBodyShape":{"requestId":"path_relOFNl556}_post","bodyDescriptor":{"httpContentType":"application/json","conceptId":"concept_connectiondetails_post_body"}}},{"SetResponseBodyShape":{"responseId":"response_Jugb7TNicR","bodyDescriptor":{"httpContentType":"application/json","conceptId":"concept_AFdK3FMCzGE3"}}},{"SetRequestBodyShape":{"requestId":"path_bTZtK6p4Pb}_post","bodyDescriptor":{"httpContentType":"application/json","conceptId":"concept_startvideo_post_body"}}},{"SetResponseBodyShape":{"responseId":"response_NXpjK1ar6J","bodyDescriptor":{"httpContentType":"application/json","conceptId":"concept_o4dPgB7R6oSF"}}},{"SetRequestBodyShape":{"requestId":"path_4WwY2tP8Ep}_post","bodyDescriptor":{"httpContentType":"application/json","conceptId":"concept_checkzappitiservice_post_body"}}},{"SetResponseBodyShape":{"responseId":"response_1o1gh9TTEQ","bodyDescriptor":{"httpContentType":"application/json","conceptId":"concept_wLs8KzpEfgFY"}}},{"SetRequestBodyShape":{"requestId":"path_GnfYvCAbzA}_post","bodyDescriptor":{"httpContentType":"application/json","conceptId":"concept_isalive_post_body"}}},{"SetResponseBodyShape":{"responseId":"response_7ikLFgmrK4","bodyDescriptor":{"httpContentType":"application/json","conceptId":"concept_GbmQKmzaDxHa"}}},{"SetRequestBodyShape":{"requestId":"path_DMOC2GHpMI}_post","bodyDescriptor":{"httpContentType":"application/json","conceptId":"concept_installzappitiservice_post_body"}}},{"SetResponseBodyShape":{"responseId":"response_dmDAYB2tQF","bodyDescriptor":{"httpContentType":"application/json","conceptId":"concept_LMv6ZxNep1BO"}}},{"SetRequestBodyShape":{"requestId":"path_sjyfBIWjdE}_post","bodyDescriptor":{"httpContentType":"application/json","conceptId":"concept_lastmedia_post_body"}}},{"SetResponseBodyShape":{"responseId":"response_UE8oaxGtYL","bodyDescriptor":{"httpContentType":"application/json","conceptId":"concept_uWe17uyZkhcA"}}},{"SetRequestBodyShape":{"requestId":"path_AaMSsRkch0}_post","bodyDescriptor":{"httpContentType":"application/json","conceptId":"concept_startzappitiservice_post_body"}}},{"SetResponseBodyShape":{"responseId":"response_vpWrDu5Ghw","bodyDescriptor":{"httpContentType":"application/json","conceptId":"concept_vB5527MjR6Gq"}}}]