[{"DefineConcept":{"name":"WebServiceAccountStatistics","root":"shape_sGsZaMSrEl","conceptId":"concept_pS5dcq_webserviceaccountstatistics"}},{"SetConceptName":{"newName":"WebServiceAccountStatistics","conceptId":"concept_pS5dcq_webserviceaccountstatistics"}},{"DefineConcept":{"name":"WebServiceGroup","root":"shape_iTaTurX5WA","conceptId":"concept_ea9vd2_webservicegroup"}},{"SetConceptName":{"newName":"WebServiceGroup","conceptId":"concept_ea9vd2_webservicegroup"}},{"DefineConcept":{"name":"WebServiceSendVoiceMessageResponse","root":"shape_XjczJCf8yN","conceptId":"concept_KKJDtv_webservicesendvoicemessageresponse"}},{"SetConceptName":{"newName":"WebServiceSendVoiceMessageResponse","conceptId":"concept_KKJDtv_webservicesendvoicemessageresponse"}},{"DefineConcept":{"name":"WebServiceSendSmsResponses","root":"shape_cUBoPOcgBU","conceptId":"concept_YXNP5i_webservicesendsmsresponses"}},{"SetConceptName":{"newName":"WebServiceSendSmsResponses","conceptId":"concept_YXNP5i_webservicesendsmsresponses"}},{"DefineConcept":{"name":"WebServiceNumberContextLookupRequest","root":"shape_WQOsJtWmaG","conceptId":"concept_Dfec3f_webservicenumbercontextlookuprequest"}},{"SetConceptName":{"newName":"WebServiceNumberContextLookupRequest","conceptId":"concept_Dfec3f_webservicenumbercontextlookuprequest"}},{"DefineConcept":{"name":"WebServiceGroups","root":"shape_Mv6f5Mpmzw","conceptId":"concept_MISrZ0_webservicegroups"}},{"SetConceptName":{"newName":"WebServiceGroups","conceptId":"concept_MISrZ0_webservicegroups"}},{"DefineConcept":{"name":"WebServiceAccount","root":"shape_4bh4aPwGNe","conceptId":"concept_t0oEmr_webserviceaccount"}},{"SetConceptName":{"newName":"WebServiceAccount","conceptId":"concept_t0oEmr_webserviceaccount"}},{"DefineConcept":{"name":"WebServiceUsers","root":"shape_q45xAig0EG","conceptId":"concept_H92qS5_webserviceusers"}},{"SetConceptName":{"newName":"WebServiceUsers","conceptId":"concept_H92qS5_webserviceusers"}},{"DefineConcept":{"name":"WebServiceAnalyseMessageRequestMessageAndRecipientNumber","root":"shape_VaJewcL3lh","conceptId":"concept_6D34ZP_webserviceanalysemessagerequestmessageandrecipientnumber"}},{"SetConceptName":{"newName":"WebServiceAnalyseMessageRequestMessageAndRecipientNumber","conceptId":"concept_6D34ZP_webserviceanalysemessagerequestmessageandrecipientnumber"}},{"DefineConcept":{"name":"WebServiceSendSmsRequests","root":"shape_UunTfDauuX","conceptId":"concept_bGx39l_webservicesendsmsrequests"}},{"SetConceptName":{"newName":"WebServiceSendSmsRequests","conceptId":"concept_bGx39l_webservicesendsmsrequests"}},{"DefineConcept":{"name":"WebServiceMessageLink","root":"shape_6ERdUHAi52","conceptId":"concept_nbEXAa_webservicemessagelink"}},{"SetConceptName":{"newName":"WebServiceMessageLink","conceptId":"concept_nbEXAa_webservicemessagelink"}},{"DefineConcept":{"name":"WebServiceVoiceMessages","root":"shape_ITGA1EjCQ7","conceptId":"concept_33FW29_webservicevoicemessages"}},{"SetConceptName":{"newName":"WebServiceVoiceMessages","conceptId":"concept_33FW29_webservicevoicemessages"}},{"DefineConcept":{"name":"WebServiceMessages","root":"shape_6vF71syBcC","conceptId":"concept_vwYKLO_webservicemessages"}},{"SetConceptName":{"newName":"WebServiceMessages","conceptId":"concept_vwYKLO_webservicemessages"}},{"DefineConcept":{"name":"WebServiceNumberContextLookupResponse","root":"shape_0WduXOlElc","conceptId":"concept_bUm0wg_webservicenumbercontextlookupresponse"}},{"SetConceptName":{"newName":"WebServiceNumberContextLookupResponse","conceptId":"concept_bUm0wg_webservicenumbercontextlookupresponse"}},{"DefineConcept":{"name":"WebServiceContact","root":"shape_2XATGIbazz","conceptId":"concept_GiZikS_webservicecontact"}},{"SetConceptName":{"newName":"WebServiceContact","conceptId":"concept_GiZikS_webservicecontact"}},{"DefineConcept":{"name":"WebServiceAnalyseMessageResponse","root":"shape_EO9uH40n5M","conceptId":"concept_IG5ULS_webserviceanalysemessageresponse"}},{"SetConceptName":{"newName":"WebServiceAnalyseMessageResponse","conceptId":"concept_IG5ULS_webserviceanalysemessageresponse"}},{"DefineConcept":{"name":"WebServiceStatistics","root":"shape_d7ynRI6rem","conceptId":"concept_rHI0aP_webservicestatistics"}},{"SetConceptName":{"newName":"WebServiceStatistics","conceptId":"concept_rHI0aP_webservicestatistics"}},{"DefineConcept":{"name":"WebServiceMessage","root":"shape_wwhOtQSyM4","conceptId":"concept_r8IiOP_webservicemessage"}},{"SetConceptName":{"newName":"WebServiceMessage","conceptId":"concept_r8IiOP_webservicemessage"}},{"DefineConcept":{"name":"WebServiceContactLink","root":"shape_MY11LncMaA","conceptId":"concept_YqfNEN_webservicecontactlink"}},{"SetConceptName":{"newName":"WebServiceContactLink","conceptId":"concept_YqfNEN_webservicecontactlink"}},{"DefineConcept":{"name":"RestErrorDTO","root":"shape_sMSSvQt8gq","conceptId":"concept_yPGy1R_resterrordto"}},{"SetConceptName":{"newName":"RestErrorDTO","conceptId":"concept_yPGy1R_resterrordto"}},{"DefineConcept":{"name":"WebServiceTemplate","root":"shape_4IRNoWhePb","conceptId":"concept_Eif3I1_webservicetemplate"}},{"SetConceptName":{"newName":"WebServiceTemplate","conceptId":"concept_Eif3I1_webservicetemplate"}},{"DefineConcept":{"name":"WebServiceUser","root":"shape_sZ01l7m97X","conceptId":"concept_XhtK4v_webserviceuser"}},{"SetConceptName":{"newName":"WebServiceUser","conceptId":"concept_XhtK4v_webserviceuser"}},{"DefineConcept":{"name":"WebServiceSendSmsRequest","root":"shape_8i9THkwSB2","conceptId":"concept_ZMya17_webservicesendsmsrequest"}},{"SetConceptName":{"newName":"WebServiceSendSmsRequest","conceptId":"concept_ZMya17_webservicesendsmsrequest"}},{"DefineConcept":{"name":"WebServiceTemplates","root":"shape_S3Az9F268f","conceptId":"concept_oNWbTv_webservicetemplates"}},{"SetConceptName":{"newName":"WebServiceTemplates","conceptId":"concept_oNWbTv_webservicetemplates"}},{"DefineConcept":{"name":"WebServiceVoiceMessage","root":"shape_E4utzqd898","conceptId":"concept_6T7W0E_webservicevoicemessage"}},{"SetConceptName":{"newName":"WebServiceVoiceMessage","conceptId":"concept_6T7W0E_webservicevoicemessage"}},{"DefineConcept":{"name":"WebServiceContacts","root":"shape_teIhpxHVkm","conceptId":"concept_YnpiCD_webservicecontacts"}},{"SetConceptName":{"newName":"WebServiceContacts","conceptId":"concept_YnpiCD_webservicecontacts"}},{"DefineConcept":{"name":"WebServiceSendSmsResponse","root":"shape_EugOUg3Yru","conceptId":"concept_b7bqDY_webservicesendsmsresponse"}},{"SetConceptName":{"newName":"WebServiceSendSmsResponse","conceptId":"concept_b7bqDY_webservicesendsmsresponse"}},{"DefineConcept":{"name":"WebServiceCampaignStatistics","root":"shape_3vBzXdsy1k","conceptId":"concept_RSvNLq_webservicecampaignstatistics"}},{"SetConceptName":{"newName":"WebServiceCampaignStatistics","conceptId":"concept_RSvNLq_webservicecampaignstatistics"}},{"DefineConcept":{"name":"WebServiceTransferCreditsRequest","root":"shape_3ygRSjSqFx","conceptId":"concept_mLGooE_webservicetransfercreditsrequest"}},{"SetConceptName":{"newName":"WebServiceTransferCreditsRequest","conceptId":"concept_mLGooE_webservicetransfercreditsrequest"}},{"DefineConcept":{"name":"WebServiceAnalyseMessageRequestMessageOnly","root":"shape_9l9YCDTPWt","conceptId":"concept_dhuITA_webserviceanalysemessagerequestmessageonly"}},{"SetConceptName":{"newName":"WebServiceAnalyseMessageRequestMessageOnly","conceptId":"concept_dhuITA_webserviceanalysemessagerequestmessageonly"}},{"DefineConcept":{"name":"WebServiceVoiceMessageSendSingleTextRequest","root":"shape_xvCY3TPTbO","conceptId":"concept_NzxvVq_webservicevoicemessagesendsingletextrequest"}},{"SetConceptName":{"newName":"WebServiceVoiceMessageSendSingleTextRequest","conceptId":"concept_NzxvVq_webservicevoicemessagesendsingletextrequest"}},{"DefineConcept":{"name":"WebServiceUserStatistics","root":"shape_x7a0XzqZeU","conceptId":"concept_AqB2eQ_webserviceuserstatistics"}},{"SetConceptName":{"newName":"WebServiceUserStatistics","conceptId":"concept_AqB2eQ_webserviceuserstatistics"}},{"DefineConcept":{"name":"Link","root":"shape_BLQcGgzAYe","conceptId":"concept_JJv6eW_link"}},{"SetConceptName":{"newName":"Link","conceptId":"concept_JJv6eW_link"}},{"DefineConcept":{"name":"Void","root":"shape_FP7z03Zhxq","conceptId":"concept_zNV5s9_void"}},{"SetConceptName":{"newName":"Void","conceptId":"concept_zNV5s9_void"}},{"AssignType":{"id":"shape_sGsZaMSrEl","to":{"AnyT":{}},"conceptId":"concept_pS5dcq_webserviceaccountstatistics"}},{"AssignType":{"id":"shape_iTaTurX5WA","to":{"AnyT":{}},"conceptId":"concept_ea9vd2_webservicegroup"}},{"AssignType":{"id":"shape_XjczJCf8yN","to":{"AnyT":{}},"conceptId":"concept_KKJDtv_webservicesendvoicemessageresponse"}},{"AssignType":{"id":"shape_cUBoPOcgBU","to":{"AnyT":{}},"conceptId":"concept_YXNP5i_webservicesendsmsresponses"}},{"AssignType":{"id":"shape_WQOsJtWmaG","to":{"AnyT":{}},"conceptId":"concept_Dfec3f_webservicenumbercontextlookuprequest"}},{"AssignType":{"id":"shape_Mv6f5Mpmzw","to":{"AnyT":{}},"conceptId":"concept_MISrZ0_webservicegroups"}},{"AssignType":{"id":"shape_4bh4aPwGNe","to":{"AnyT":{}},"conceptId":"concept_t0oEmr_webserviceaccount"}},{"AssignType":{"id":"shape_q45xAig0EG","to":{"AnyT":{}},"conceptId":"concept_H92qS5_webserviceusers"}},{"AssignType":{"id":"shape_VaJewcL3lh","to":{"AnyT":{}},"conceptId":"concept_6D34ZP_webserviceanalysemessagerequestmessageandrecipientnumber"}},{"AssignType":{"id":"shape_UunTfDauuX","to":{"AnyT":{}},"conceptId":"concept_bGx39l_webservicesendsmsrequests"}},{"AssignType":{"id":"shape_6ERdUHAi52","to":{"AnyT":{}},"conceptId":"concept_nbEXAa_webservicemessagelink"}},{"AssignType":{"id":"shape_ITGA1EjCQ7","to":{"AnyT":{}},"conceptId":"concept_33FW29_webservicevoicemessages"}},{"AssignType":{"id":"shape_6vF71syBcC","to":{"AnyT":{}},"conceptId":"concept_vwYKLO_webservicemessages"}},{"AssignType":{"id":"shape_0WduXOlElc","to":{"AnyT":{}},"conceptId":"concept_bUm0wg_webservicenumbercontextlookupresponse"}},{"AssignType":{"id":"shape_2XATGIbazz","to":{"AnyT":{}},"conceptId":"concept_GiZikS_webservicecontact"}},{"AssignType":{"id":"shape_EO9uH40n5M","to":{"AnyT":{}},"conceptId":"concept_IG5ULS_webserviceanalysemessageresponse"}},{"AssignType":{"id":"shape_d7ynRI6rem","to":{"AnyT":{}},"conceptId":"concept_rHI0aP_webservicestatistics"}},{"AssignType":{"id":"shape_wwhOtQSyM4","to":{"AnyT":{}},"conceptId":"concept_r8IiOP_webservicemessage"}},{"AssignType":{"id":"shape_MY11LncMaA","to":{"AnyT":{}},"conceptId":"concept_YqfNEN_webservicecontactlink"}},{"AssignType":{"id":"shape_sMSSvQt8gq","to":{"AnyT":{}},"conceptId":"concept_yPGy1R_resterrordto"}},{"AssignType":{"id":"shape_4IRNoWhePb","to":{"AnyT":{}},"conceptId":"concept_Eif3I1_webservicetemplate"}},{"AssignType":{"id":"shape_sZ01l7m97X","to":{"AnyT":{}},"conceptId":"concept_XhtK4v_webserviceuser"}},{"AssignType":{"id":"shape_8i9THkwSB2","to":{"AnyT":{}},"conceptId":"concept_ZMya17_webservicesendsmsrequest"}},{"AssignType":{"id":"shape_S3Az9F268f","to":{"AnyT":{}},"conceptId":"concept_oNWbTv_webservicetemplates"}},{"AssignType":{"id":"shape_E4utzqd898","to":{"AnyT":{}},"conceptId":"concept_6T7W0E_webservicevoicemessage"}},{"AssignType":{"id":"shape_teIhpxHVkm","to":{"AnyT":{}},"conceptId":"concept_YnpiCD_webservicecontacts"}},{"AssignType":{"id":"shape_EugOUg3Yru","to":{"AnyT":{}},"conceptId":"concept_b7bqDY_webservicesendsmsresponse"}},{"AssignType":{"id":"shape_3vBzXdsy1k","to":{"AnyT":{}},"conceptId":"concept_RSvNLq_webservicecampaignstatistics"}},{"AssignType":{"id":"shape_3ygRSjSqFx","to":{"AnyT":{}},"conceptId":"concept_mLGooE_webservicetransfercreditsrequest"}},{"AssignType":{"id":"shape_9l9YCDTPWt","to":{"AnyT":{}},"conceptId":"concept_dhuITA_webserviceanalysemessagerequestmessageonly"}},{"AssignType":{"id":"shape_xvCY3TPTbO","to":{"AnyT":{}},"conceptId":"concept_NzxvVq_webservicevoicemessagesendsingletextrequest"}},{"AssignType":{"id":"shape_x7a0XzqZeU","to":{"AnyT":{}},"conceptId":"concept_AqB2eQ_webserviceuserstatistics"}},{"AssignType":{"id":"shape_BLQcGgzAYe","to":{"AnyT":{}},"conceptId":"concept_JJv6eW_link"}},{"AssignType":{"id":"shape_FP7z03Zhxq","to":{"AnyT":{}},"conceptId":"concept_zNV5s9_void"}},{"AddPathComponent":{"pathId":"y2ojfr_path_0","parentPathId":"root","name":"api"}},{"AddPathComponent":{"pathId":"y2ojfr_path_1","parentPathId":"y2ojfr_path_0","name":"rest"}},{"AddPathComponent":{"pathId":"y2ojfr_path_2","parentPathId":"y2ojfr_path_1","name":"v1"}},{"AddPathComponent":{"pathId":"y2ojfr_path_3","parentPathId":"y2ojfr_path_2","name":"account"}},{"AddPathComponent":{"pathId":"y2ojfr_path_4","parentPathId":"y2ojfr_path_3","name":"balance"}},{"AddPathComponent":{"pathId":"y2ojfr_path_5","parentPathId":"y2ojfr_path_3","name":"statistics"}},{"AddPathComponent":{"pathId":"y2ojfr_path_6","parentPathId":"y2ojfr_path_3","name":"transfer"}},{"AddPathComponent":{"pathId":"y2ojfr_path_7","parentPathId":"y2ojfr_path_3","name":"user"}},{"AddPathParameter":{"pathId":"y2ojfr_path_8","parentPathId":"y2ojfr_path_7","name":"userId"}},{"AddPathComponent":{"pathId":"y2ojfr_path_9","parentPathId":"y2ojfr_path_2","name":"contacts"}},{"AddPathComponent":{"pathId":"y2ojfr_path_10","parentPathId":"y2ojfr_path_9","name":"all"}},{"AddPathComponent":{"pathId":"y2ojfr_path_11","parentPathId":"y2ojfr_path_9","name":"create"}},{"AddPathParameter":{"pathId":"y2ojfr_path_12","parentPathId":"y2ojfr_path_9","name":"contactId"}},{"AddPathComponent":{"pathId":"y2ojfr_path_13","parentPathId":"y2ojfr_path_12","name":"addFromGroup"}},{"AddPathParameter":{"pathId":"y2ojfr_path_14","parentPathId":"y2ojfr_path_13","name":"groupId"}},{"AddPathComponent":{"pathId":"y2ojfr_path_15","parentPathId":"y2ojfr_path_12","name":"addToGroup"}},{"AddPathParameter":{"pathId":"y2ojfr_path_16","parentPathId":"y2ojfr_path_15","name":"groupId"}},{"AddPathComponent":{"pathId":"y2ojfr_path_17","parentPathId":"y2ojfr_path_2","name":"context"}},{"AddPathComponent":{"pathId":"y2ojfr_path_18","parentPathId":"y2ojfr_path_17","name":"lookup"}},{"AddPathComponent":{"pathId":"y2ojfr_path_19","parentPathId":"y2ojfr_path_2","name":"groups"}},{"AddPathComponent":{"pathId":"y2ojfr_path_20","parentPathId":"y2ojfr_path_19","name":"all"}},{"AddPathComponent":{"pathId":"y2ojfr_path_21","parentPathId":"y2ojfr_path_19","name":"create"}},{"AddPathParameter":{"pathId":"y2ojfr_path_22","parentPathId":"y2ojfr_path_19","name":"groupId"}},{"AddPathComponent":{"pathId":"y2ojfr_path_23","parentPathId":"y2ojfr_path_22","name":"addContact"}},{"AddPathParameter":{"pathId":"y2ojfr_path_24","parentPathId":"y2ojfr_path_23","name":"contactId"}},{"AddPathComponent":{"pathId":"y2ojfr_path_25","parentPathId":"y2ojfr_path_22","name":"removeContact"}},{"AddPathParameter":{"pathId":"y2ojfr_path_26","parentPathId":"y2ojfr_path_25","name":"contactId"}},{"AddPathComponent":{"pathId":"y2ojfr_path_27","parentPathId":"y2ojfr_path_2","name":"messages"}},{"AddPathComponent":{"pathId":"y2ojfr_path_28","parentPathId":"y2ojfr_path_27","name":"all"}},{"AddPathComponent":{"pathId":"y2ojfr_path_29","parentPathId":"y2ojfr_path_27","name":"analyse"}},{"AddPathComponent":{"pathId":"y2ojfr_path_30","parentPathId":"y2ojfr_path_29","name":"full"}},{"AddPathComponent":{"pathId":"y2ojfr_path_31","parentPathId":"y2ojfr_path_29","name":"message-credit-cost"}},{"AddPathComponent":{"pathId":"y2ojfr_path_32","parentPathId":"y2ojfr_path_29","name":"message-encoding"}},{"AddPathComponent":{"pathId":"y2ojfr_path_33","parentPathId":"y2ojfr_path_29","name":"message-length"}},{"AddPathComponent":{"pathId":"y2ojfr_path_34","parentPathId":"y2ojfr_path_29","name":"message-length-within-max-allowed"}},{"AddPathComponent":{"pathId":"y2ojfr_path_35","parentPathId":"y2ojfr_path_29","name":"number-of-messages"}},{"AddPathParameter":{"pathId":"y2ojfr_path_36","parentPathId":"y2ojfr_path_27","name":"messageId"}},{"AddPathComponent":{"pathId":"y2ojfr_path_37","parentPathId":"y2ojfr_path_36","name":"markRead"}},{"AddPathComponent":{"pathId":"y2ojfr_path_38","parentPathId":"y2ojfr_path_36","name":"markUnread"}},{"AddPathComponent":{"pathId":"y2ojfr_path_39","parentPathId":"y2ojfr_path_2","name":"sms"}},{"AddPathComponent":{"pathId":"y2ojfr_path_40","parentPathId":"y2ojfr_path_39","name":"send"}},{"AddPathComponent":{"pathId":"y2ojfr_path_41","parentPathId":"y2ojfr_path_39","name":"send-bulk"}},{"AddPathComponent":{"pathId":"y2ojfr_path_42","parentPathId":"y2ojfr_path_39","name":"send-url"}},{"AddPathComponent":{"pathId":"y2ojfr_path_43","parentPathId":"y2ojfr_path_39","name":"send-url-parameters"}},{"AddPathParameter":{"pathId":"y2ojfr_path_44","parentPathId":"y2ojfr_path_42","name":"token"}},{"AddPathComponent":{"pathId":"y2ojfr_path_45","parentPathId":"y2ojfr_path_2","name":"templates"}},{"AddPathComponent":{"pathId":"y2ojfr_path_46","parentPathId":"y2ojfr_path_45","name":"all"}},{"AddPathParameter":{"pathId":"y2ojfr_path_47","parentPathId":"y2ojfr_path_45","name":"templateId"}},{"AddPathComponent":{"pathId":"y2ojfr_path_48","parentPathId":"y2ojfr_path_2","name":"voice"}},{"AddPathComponent":{"pathId":"y2ojfr_path_49","parentPathId":"y2ojfr_path_48","name":"all"}},{"AddPathComponent":{"pathId":"y2ojfr_path_50","parentPathId":"y2ojfr_path_48","name":"single-audio"}},{"AddPathComponent":{"pathId":"y2ojfr_path_51","parentPathId":"y2ojfr_path_48","name":"single-text"}},{"AddPathParameter":{"pathId":"y2ojfr_path_52","parentPathId":"y2ojfr_path_48","name":"messageId"}},{"AddRequest":{"requestId":"path_JKy4N3F9FD}_post","pathId":"y2ojfr_path_31","httpMethod":"post"}},{"DefineInlineConcept":{"root":"shape_cuSjUY6sGS","conceptId":"concept_apirestv1messagesanalysemessagecreditcost_post_body"}},{"AssignType":{"id":"shape_cuSjUY6sGS","to":{"RefT":{"conceptId":"concept_6D34ZP_webserviceanalysemessagerequestmessageandrecipientnumber"}},"conceptId":"concept_apirestv1messagesanalysemessagecreditcost_post_body"}},{"AddResponse":{"responseId":"response_MXiGzsSmYK","requestId":"path_JKy4N3F9FD}_post","httpStatusCode":404}},{"AddResponse":{"responseId":"response_QBuCyolxvs","requestId":"path_JKy4N3F9FD}_post","httpStatusCode":201}},{"AddResponse":{"responseId":"response_VTAA4Ktua3","requestId":"path_JKy4N3F9FD}_post","httpStatusCode":403}},{"AddResponse":{"responseId":"response_jepZpuQbvw","requestId":"path_JKy4N3F9FD}_post","httpStatusCode":401}},{"AddResponse":{"responseId":"response_rdybTJeVXC","requestId":"path_JKy4N3F9FD}_post","httpStatusCode":200}},{"DefineInlineConcept":{"root":"shape_uezFFZtrPc","conceptId":"concept_vO1pM6WEW0Vc"}},{"AssignType":{"id":"shape_uezFFZtrPc","to":{"NumberT":{}},"conceptId":"concept_vO1pM6WEW0Vc"}},{"AddRequest":{"requestId":"path_WbeWRTZXGP}_post","pathId":"y2ojfr_path_30","httpMethod":"post"}},{"DefineInlineConcept":{"root":"shape_Kt8tkEXaQT","conceptId":"concept_apirestv1messagesanalysefull_post_body"}},{"AssignType":{"id":"shape_Kt8tkEXaQT","to":{"RefT":{"conceptId":"concept_6D34ZP_webserviceanalysemessagerequestmessageandrecipientnumber"}},"conceptId":"concept_apirestv1messagesanalysefull_post_body"}},{"AddResponse":{"responseId":"response_cNFiE0v5HM","requestId":"path_WbeWRTZXGP}_post","httpStatusCode":404}},{"AddResponse":{"responseId":"response_CgacuNqNPb","requestId":"path_WbeWRTZXGP}_post","httpStatusCode":201}},{"AddResponse":{"responseId":"response_vdpg8pOfV3","requestId":"path_WbeWRTZXGP}_post","httpStatusCode":403}},{"AddResponse":{"responseId":"response_YjnnuvdJtk","requestId":"path_WbeWRTZXGP}_post","httpStatusCode":401}},{"AddResponse":{"responseId":"response_4YImKT684W","requestId":"path_WbeWRTZXGP}_post","httpStatusCode":200}},{"DefineInlineConcept":{"root":"shape_lZSrVetLhq","conceptId":"concept_GoukHbZzqL3p"}},{"AssignType":{"id":"shape_lZSrVetLhq","to":{"RefT":{"conceptId":"concept_IG5ULS_webserviceanalysemessageresponse"}},"conceptId":"concept_GoukHbZzqL3p"}},{"AddRequest":{"requestId":"path_My3gbnt3Q9}_post","pathId":"y2ojfr_path_11","httpMethod":"post"}},{"DefineInlineConcept":{"root":"shape_WhPqmrAF00","conceptId":"concept_apirestv1contactscreate_post_body"}},{"AssignType":{"id":"shape_WhPqmrAF00","to":{"RefT":{"conceptId":"concept_GiZikS_webservicecontact"}},"conceptId":"concept_apirestv1contactscreate_post_body"}},{"AddResponse":{"responseId":"response_STiA5mXENq","requestId":"path_My3gbnt3Q9}_post","httpStatusCode":404}},{"AddResponse":{"responseId":"response_gvV4P5C8BK","requestId":"path_My3gbnt3Q9}_post","httpStatusCode":201}},{"DefineInlineConcept":{"root":"shape_sQRodNrpmf","conceptId":"concept_E67vF4TZV0gk"}},{"AssignType":{"id":"shape_sQRodNrpmf","to":{"RefT":{"conceptId":"concept_GiZikS_webservicecontact"}},"conceptId":"concept_E67vF4TZV0gk"}},{"AddResponse":{"responseId":"response_hNuVPgas2h","requestId":"path_My3gbnt3Q9}_post","httpStatusCode":403}},{"AddResponse":{"responseId":"response_DPMzvh2v8E","requestId":"path_My3gbnt3Q9}_post","httpStatusCode":401}},{"AddResponse":{"responseId":"response_w3KzxsHU3o","requestId":"path_My3gbnt3Q9}_post","httpStatusCode":200}},{"DefineInlineConcept":{"root":"shape_B1y2YuAMFt","conceptId":"concept_4Hkjeyjy1UOS"}},{"AssignType":{"id":"shape_B1y2YuAMFt","to":{"RefT":{"conceptId":"concept_GiZikS_webservicecontact"}},"conceptId":"concept_4Hkjeyjy1UOS"}},{"AddRequest":{"requestId":"path_x94HyKCF9w}_delete","pathId":"y2ojfr_path_52","httpMethod":"delete"}},{"AddResponse":{"responseId":"response_XOaI4fM5gE","requestId":"path_x94HyKCF9w}_delete","httpStatusCode":200}},{"AddResponse":{"responseId":"response_KCKG6KjGfy","requestId":"path_x94HyKCF9w}_delete","httpStatusCode":204}},{"AddResponse":{"responseId":"response_VFiIuvv5OK","requestId":"path_x94HyKCF9w}_delete","httpStatusCode":401}},{"AddResponse":{"responseId":"response_ymd63mSl4I","requestId":"path_x94HyKCF9w}_delete","httpStatusCode":403}},{"AddRequest":{"requestId":"path_x94HyKCF9w}_get","pathId":"y2ojfr_path_52","httpMethod":"get"}},{"AddResponse":{"responseId":"response_WTWiPAWIx0","requestId":"path_x94HyKCF9w}_get","httpStatusCode":200}},{"DefineInlineConcept":{"root":"shape_f4hNvTii73","conceptId":"concept_bpQfhdBT3am0"}},{"AssignType":{"id":"shape_f4hNvTii73","to":{"RefT":{"conceptId":"concept_6T7W0E_webservicevoicemessage"}},"conceptId":"concept_bpQfhdBT3am0"}},{"AddResponse":{"responseId":"response_qMRKbC6pxK","requestId":"path_x94HyKCF9w}_get","httpStatusCode":401}},{"AddResponse":{"responseId":"response_6z0bJLxBzG","requestId":"path_x94HyKCF9w}_get","httpStatusCode":403}},{"AddResponse":{"responseId":"response_gRSX6mJJvW","requestId":"path_x94HyKCF9w}_get","httpStatusCode":404}},{"AddRequest":{"requestId":"path_8ycmJv7Pvd}_get","pathId":"y2ojfr_path_41","httpMethod":"get"}},{"AddResponse":{"responseId":"response_0yTOIkVofU","requestId":"path_8ycmJv7Pvd}_get","httpStatusCode":200}},{"DefineInlineConcept":{"root":"shape_A0EdoIQXlt","conceptId":"concept_Aovdup320C2e"}},{"AssignType":{"id":"shape_A0EdoIQXlt","to":{"RefT":{"conceptId":"concept_bGx39l_webservicesendsmsrequests"}},"conceptId":"concept_Aovdup320C2e"}},{"AddResponse":{"responseId":"response_VaVQLupz1H","requestId":"path_8ycmJv7Pvd}_get","httpStatusCode":401}},{"AddResponse":{"responseId":"response_yiRItuazyv","requestId":"path_8ycmJv7Pvd}_get","httpStatusCode":403}},{"AddResponse":{"responseId":"response_l210g99x4t","requestId":"path_8ycmJv7Pvd}_get","httpStatusCode":404}},{"AddRequest":{"requestId":"path_8ycmJv7Pvd}_post","pathId":"y2ojfr_path_41","httpMethod":"post"}},{"DefineInlineConcept":{"root":"shape_wcssSXne3P","conceptId":"concept_apirestv1smssendbulk_post_body"}},{"AssignType":{"id":"shape_wcssSXne3P","to":{"RefT":{"conceptId":"concept_bGx39l_webservicesendsmsrequests"}},"conceptId":"concept_apirestv1smssendbulk_post_body"}},{"AddResponse":{"responseId":"response_suMkGpPzI7","requestId":"path_8ycmJv7Pvd}_post","httpStatusCode":404}},{"AddResponse":{"responseId":"response_WSdq4V9ELh","requestId":"path_8ycmJv7Pvd}_post","httpStatusCode":201}},{"AddResponse":{"responseId":"response_rhLoyjgQbw","requestId":"path_8ycmJv7Pvd}_post","httpStatusCode":403}},{"AddResponse":{"responseId":"response_XXPrif9Nwi","requestId":"path_8ycmJv7Pvd}_post","httpStatusCode":401}},{"AddResponse":{"responseId":"response_9FP4MakJ8z","requestId":"path_8ycmJv7Pvd}_post","httpStatusCode":200}},{"DefineInlineConcept":{"root":"shape_qvadP02oTT","conceptId":"concept_YADaAgHeXGFA"}},{"AssignType":{"id":"shape_qvadP02oTT","to":{"RefT":{"conceptId":"concept_YXNP5i_webservicesendsmsresponses"}},"conceptId":"concept_YADaAgHeXGFA"}},{"AddRequest":{"requestId":"path_AsQpj5Imcv}_delete","pathId":"y2ojfr_path_22","httpMethod":"delete"}},{"AddResponse":{"responseId":"response_GBTbGo4iz7","requestId":"path_AsQpj5Imcv}_delete","httpStatusCode":200}},{"AddResponse":{"responseId":"response_9QkSnb9ggv","requestId":"path_AsQpj5Imcv}_delete","httpStatusCode":204}},{"AddResponse":{"responseId":"response_9JTIlh9U2P","requestId":"path_AsQpj5Imcv}_delete","httpStatusCode":401}},{"AddResponse":{"responseId":"response_iVOpoBAnei","requestId":"path_AsQpj5Imcv}_delete","httpStatusCode":403}},{"AddRequest":{"requestId":"path_AsQpj5Imcv}_get","pathId":"y2ojfr_path_22","httpMethod":"get"}},{"AddResponse":{"responseId":"response_7c1bJT96Dv","requestId":"path_AsQpj5Imcv}_get","httpStatusCode":200}},{"DefineInlineConcept":{"root":"shape_a1Kw4raZRK","conceptId":"concept_PPtdSqEF798c"}},{"AssignType":{"id":"shape_a1Kw4raZRK","to":{"RefT":{"conceptId":"concept_ea9vd2_webservicegroup"}},"conceptId":"concept_PPtdSqEF798c"}},{"AddResponse":{"responseId":"response_f9ZV9T6NkN","requestId":"path_AsQpj5Imcv}_get","httpStatusCode":401}},{"AddResponse":{"responseId":"response_aPjniZIzse","requestId":"path_AsQpj5Imcv}_get","httpStatusCode":403}},{"AddResponse":{"responseId":"response_KhQQCqV29L","requestId":"path_AsQpj5Imcv}_get","httpStatusCode":404}},{"AddRequest":{"requestId":"path_AsQpj5Imcv}_post","pathId":"y2ojfr_path_22","httpMethod":"post"}},{"DefineInlineConcept":{"root":"shape_gkqjzhqThn","conceptId":"concept_apirestv1groupsgroupid_post_body"}},{"AssignType":{"id":"shape_gkqjzhqThn","to":{"RefT":{"conceptId":"concept_ea9vd2_webservicegroup"}},"conceptId":"concept_apirestv1groupsgroupid_post_body"}},{"AddResponse":{"responseId":"response_bdcV8DwScd","requestId":"path_AsQpj5Imcv}_post","httpStatusCode":404}},{"AddResponse":{"responseId":"response_Bz1Yr2LRTc","requestId":"path_AsQpj5Imcv}_post","httpStatusCode":201}},{"AddResponse":{"responseId":"response_lynieNv88i","requestId":"path_AsQpj5Imcv}_post","httpStatusCode":403}},{"AddResponse":{"responseId":"response_dMg9nb4TXo","requestId":"path_AsQpj5Imcv}_post","httpStatusCode":401}},{"AddResponse":{"responseId":"response_P5FzUBVC4o","requestId":"path_AsQpj5Imcv}_post","httpStatusCode":200}},{"DefineInlineConcept":{"root":"shape_CzFJSbDvMf","conceptId":"concept_AGgCtVJDjUSk"}},{"AssignType":{"id":"shape_CzFJSbDvMf","to":{"RefT":{"conceptId":"concept_ea9vd2_webservicegroup"}},"conceptId":"concept_AGgCtVJDjUSk"}},{"AddRequest":{"requestId":"path_izpBlqJQ64}_get","pathId":"y2ojfr_path_8","httpMethod":"get"}},{"AddResponse":{"responseId":"response_Bvf9WFx1bG","requestId":"path_izpBlqJQ64}_get","httpStatusCode":200}},{"DefineInlineConcept":{"root":"shape_d5nxqwTcAl","conceptId":"concept_lIoJTD4oDd0Z"}},{"AssignType":{"id":"shape_d5nxqwTcAl","to":{"RefT":{"conceptId":"concept_XhtK4v_webserviceuser"}},"conceptId":"concept_lIoJTD4oDd0Z"}},{"AddResponse":{"responseId":"response_Fr3j9NTOuE","requestId":"path_izpBlqJQ64}_get","httpStatusCode":401}},{"AddResponse":{"responseId":"response_N8J9m0mQ3R","requestId":"path_izpBlqJQ64}_get","httpStatusCode":403}},{"AddResponse":{"responseId":"response_HQUDI7JrCB","requestId":"path_izpBlqJQ64}_get","httpStatusCode":404}},{"AddRequest":{"requestId":"path_izpBlqJQ64}_post","pathId":"y2ojfr_path_8","httpMethod":"post"}},{"DefineInlineConcept":{"root":"shape_W1664y8od9","conceptId":"concept_apirestv1accountuseruserid_post_body"}},{"AssignType":{"id":"shape_W1664y8od9","to":{"RefT":{"conceptId":"concept_XhtK4v_webserviceuser"}},"conceptId":"concept_apirestv1accountuseruserid_post_body"}},{"AddResponse":{"responseId":"response_FXwDiMlVOz","requestId":"path_izpBlqJQ64}_post","httpStatusCode":404}},{"AddResponse":{"responseId":"response_QUpCH0yGwf","requestId":"path_izpBlqJQ64}_post","httpStatusCode":201}},{"AddResponse":{"responseId":"response_lz9HRt0LUW","requestId":"path_izpBlqJQ64}_post","httpStatusCode":403}},{"AddResponse":{"responseId":"response_jJA3pGRcmv","requestId":"path_izpBlqJQ64}_post","httpStatusCode":401}},{"AddResponse":{"responseId":"response_PbdIb7gAhW","requestId":"path_izpBlqJQ64}_post","httpStatusCode":200}},{"DefineInlineConcept":{"root":"shape_mjO5ZhNqAR","conceptId":"concept_cJJLjfBkfuE6"}},{"AssignType":{"id":"shape_mjO5ZhNqAR","to":{"RefT":{"conceptId":"concept_XhtK4v_webserviceuser"}},"conceptId":"concept_cJJLjfBkfuE6"}},{"AddRequest":{"requestId":"path_WSqbvJ4YPA}_get","pathId":"y2ojfr_path_14","httpMethod":"get"}},{"AddResponse":{"responseId":"response_xFt7b1Lsme","requestId":"path_WSqbvJ4YPA}_get","httpStatusCode":200}},{"AddResponse":{"responseId":"response_tYOXiNxlsa","requestId":"path_WSqbvJ4YPA}_get","httpStatusCode":401}},{"AddResponse":{"responseId":"response_ry9lIcLCv7","requestId":"path_WSqbvJ4YPA}_get","httpStatusCode":403}},{"AddResponse":{"responseId":"response_Xe0xrTuvks","requestId":"path_WSqbvJ4YPA}_get","httpStatusCode":404}},{"AddRequest":{"requestId":"path_WSqbvJ4YPA}_post","pathId":"y2ojfr_path_14","httpMethod":"post"}},{"AddResponse":{"responseId":"response_FvC8g6EBNq","requestId":"path_WSqbvJ4YPA}_post","httpStatusCode":404}},{"AddResponse":{"responseId":"response_Axo2bJnIQF","requestId":"path_WSqbvJ4YPA}_post","httpStatusCode":201}},{"AddResponse":{"responseId":"response_wKnaAl3lMP","requestId":"path_WSqbvJ4YPA}_post","httpStatusCode":403}},{"AddResponse":{"responseId":"response_htozLWLQg6","requestId":"path_WSqbvJ4YPA}_post","httpStatusCode":401}},{"AddResponse":{"responseId":"response_8G5AVx9fQR","requestId":"path_WSqbvJ4YPA}_post","httpStatusCode":200}},{"AddRequest":{"requestId":"path_Xm2yeOUh0C}_get","pathId":"y2ojfr_path_43","httpMethod":"get"}},{"AddResponse":{"responseId":"response_j981Ns2JXM","requestId":"path_Xm2yeOUh0C}_get","httpStatusCode":200}},{"DefineInlineConcept":{"root":"shape_f1DUWfG51m","conceptId":"concept_NjMHtnv71iHk"}},{"AssignType":{"id":"shape_f1DUWfG51m","to":{"StringT":{}},"conceptId":"concept_NjMHtnv71iHk"}},{"AddResponse":{"responseId":"response_Rp5yTfa2D0","requestId":"path_Xm2yeOUh0C}_get","httpStatusCode":401}},{"AddResponse":{"responseId":"response_WNHAYvPXy2","requestId":"path_Xm2yeOUh0C}_get","httpStatusCode":403}},{"AddResponse":{"responseId":"response_HZqbJgVRQt","requestId":"path_Xm2yeOUh0C}_get","httpStatusCode":404}},{"AddRequest":{"requestId":"path_Xm2yeOUh0C}_post","pathId":"y2ojfr_path_43","httpMethod":"post"}},{"AddResponse":{"responseId":"response_p0HMEpiDPP","requestId":"path_Xm2yeOUh0C}_post","httpStatusCode":404}},{"AddResponse":{"responseId":"response_c4SyyV23DB","requestId":"path_Xm2yeOUh0C}_post","httpStatusCode":201}},{"AddResponse":{"responseId":"response_3xnzOCyIUg","requestId":"path_Xm2yeOUh0C}_post","httpStatusCode":403}},{"AddResponse":{"responseId":"response_8sGjc1Bxk9","requestId":"path_Xm2yeOUh0C}_post","httpStatusCode":401}},{"AddResponse":{"responseId":"response_wHJjK6ECjp","requestId":"path_Xm2yeOUh0C}_post","httpStatusCode":200}},{"DefineInlineConcept":{"root":"shape_5JC7PdfIdr","conceptId":"concept_ac84SG88Vbuu"}},{"AssignType":{"id":"shape_5JC7PdfIdr","to":{"StringT":{}},"conceptId":"concept_ac84SG88Vbuu"}},{"AddRequest":{"requestId":"path_8GbeV7NVcW}_delete","pathId":"y2ojfr_path_12","httpMethod":"delete"}},{"AddResponse":{"responseId":"response_RBrt63Zgsn","requestId":"path_8GbeV7NVcW}_delete","httpStatusCode":200}},{"AddResponse":{"responseId":"response_oNViXNz0vL","requestId":"path_8GbeV7NVcW}_delete","httpStatusCode":204}},{"AddResponse":{"responseId":"response_piwHs3yvwA","requestId":"path_8GbeV7NVcW}_delete","httpStatusCode":401}},{"AddResponse":{"responseId":"response_VYRDsAVaGA","requestId":"path_8GbeV7NVcW}_delete","httpStatusCode":403}},{"AddRequest":{"requestId":"path_8GbeV7NVcW}_get","pathId":"y2ojfr_path_12","httpMethod":"get"}},{"AddResponse":{"responseId":"response_4h5hJGDwFD","requestId":"path_8GbeV7NVcW}_get","httpStatusCode":200}},{"DefineInlineConcept":{"root":"shape_0F8zMIHbl5","conceptId":"concept_O7P55Iq46C2l"}},{"AssignType":{"id":"shape_0F8zMIHbl5","to":{"RefT":{"conceptId":"concept_GiZikS_webservicecontact"}},"conceptId":"concept_O7P55Iq46C2l"}},{"AddResponse":{"responseId":"response_ukFuLIPby5","requestId":"path_8GbeV7NVcW}_get","httpStatusCode":401}},{"AddResponse":{"responseId":"response_dms8ybeWxg","requestId":"path_8GbeV7NVcW}_get","httpStatusCode":403}},{"AddResponse":{"responseId":"response_stVFLTqi8r","requestId":"path_8GbeV7NVcW}_get","httpStatusCode":404}},{"AddRequest":{"requestId":"path_8GbeV7NVcW}_post","pathId":"y2ojfr_path_12","httpMethod":"post"}},{"DefineInlineConcept":{"root":"shape_GeVLDVq398","conceptId":"concept_apirestv1contactscontactid_post_body"}},{"AssignType":{"id":"shape_GeVLDVq398","to":{"RefT":{"conceptId":"concept_GiZikS_webservicecontact"}},"conceptId":"concept_apirestv1contactscontactid_post_body"}},{"AddResponse":{"responseId":"response_igDDtuxvaT","requestId":"path_8GbeV7NVcW}_post","httpStatusCode":404}},{"AddResponse":{"responseId":"response_1QfDazmx1w","requestId":"path_8GbeV7NVcW}_post","httpStatusCode":201}},{"AddResponse":{"responseId":"response_Kz9W3rrAUr","requestId":"path_8GbeV7NVcW}_post","httpStatusCode":403}},{"AddResponse":{"responseId":"response_ZCLqQv32Zi","requestId":"path_8GbeV7NVcW}_post","httpStatusCode":401}},{"AddResponse":{"responseId":"response_JOP3raXV4k","requestId":"path_8GbeV7NVcW}_post","httpStatusCode":200}},{"DefineInlineConcept":{"root":"shape_zIVgSOcAKe","conceptId":"concept_CG0V7zf0e6c0"}},{"AssignType":{"id":"shape_zIVgSOcAKe","to":{"RefT":{"conceptId":"concept_GiZikS_webservicecontact"}},"conceptId":"concept_CG0V7zf0e6c0"}},{"AddRequest":{"requestId":"path_E7mYP1HcNS}_get","pathId":"y2ojfr_path_49","httpMethod":"get"}},{"AddResponse":{"responseId":"response_THX0sgkuQR","requestId":"path_E7mYP1HcNS}_get","httpStatusCode":200}},{"DefineInlineConcept":{"root":"shape_XUEKFlADdD","conceptId":"concept_rZZXCv4IpBaG"}},{"AssignType":{"id":"shape_XUEKFlADdD","to":{"RefT":{"conceptId":"concept_33FW29_webservicevoicemessages"}},"conceptId":"concept_rZZXCv4IpBaG"}},{"AddResponse":{"responseId":"response_7a4JglZj43","requestId":"path_E7mYP1HcNS}_get","httpStatusCode":401}},{"AddResponse":{"responseId":"response_LK5Z7DPRDX","requestId":"path_E7mYP1HcNS}_get","httpStatusCode":403}},{"AddResponse":{"responseId":"response_wmhpCAjSYw","requestId":"path_E7mYP1HcNS}_get","httpStatusCode":404}},{"AddRequest":{"requestId":"path_A5DquCTEyx}_get","pathId":"y2ojfr_path_26","httpMethod":"get"}},{"AddResponse":{"responseId":"response_e9rPPzKcro","requestId":"path_A5DquCTEyx}_get","httpStatusCode":200}},{"AddResponse":{"responseId":"response_NNbDhrq03W","requestId":"path_A5DquCTEyx}_get","httpStatusCode":401}},{"AddResponse":{"responseId":"response_RwcqWG86Lr","requestId":"path_A5DquCTEyx}_get","httpStatusCode":403}},{"AddResponse":{"responseId":"response_erXpCZ5Era","requestId":"path_A5DquCTEyx}_get","httpStatusCode":404}},{"AddRequest":{"requestId":"path_A5DquCTEyx}_post","pathId":"y2ojfr_path_26","httpMethod":"post"}},{"AddResponse":{"responseId":"response_jddE9g5sBi","requestId":"path_A5DquCTEyx}_post","httpStatusCode":404}},{"AddResponse":{"responseId":"response_kwYdKa4FgR","requestId":"path_A5DquCTEyx}_post","httpStatusCode":201}},{"AddResponse":{"responseId":"response_TF09gmlc1J","requestId":"path_A5DquCTEyx}_post","httpStatusCode":403}},{"AddResponse":{"responseId":"response_L1N4nTk3uY","requestId":"path_A5DquCTEyx}_post","httpStatusCode":401}},{"AddResponse":{"responseId":"response_RXtk2F3P5o","requestId":"path_A5DquCTEyx}_post","httpStatusCode":200}},{"AddRequest":{"requestId":"path_FrzkMAyxu4}_post","pathId":"y2ojfr_path_34","httpMethod":"post"}},{"DefineInlineConcept":{"root":"shape_PQId7lrCPN","conceptId":"concept_apirestv1messagesanalysemessagelengthwithinmaxallowed_post_body"}},{"AssignType":{"id":"shape_PQId7lrCPN","to":{"RefT":{"conceptId":"concept_6D34ZP_webserviceanalysemessagerequestmessageandrecipientnumber"}},"conceptId":"concept_apirestv1messagesanalysemessagelengthwithinmaxallowed_post_body"}},{"AddResponse":{"responseId":"response_GCJdzJ9Q0k","requestId":"path_FrzkMAyxu4}_post","httpStatusCode":404}},{"AddResponse":{"responseId":"response_ezIczlTsa7","requestId":"path_FrzkMAyxu4}_post","httpStatusCode":201}},{"AddResponse":{"responseId":"response_oFJM05BMso","requestId":"path_FrzkMAyxu4}_post","httpStatusCode":403}},{"AddResponse":{"responseId":"response_IpglHHZN2K","requestId":"path_FrzkMAyxu4}_post","httpStatusCode":401}},{"AddResponse":{"responseId":"response_XmqScTmb3P","requestId":"path_FrzkMAyxu4}_post","httpStatusCode":200}},{"DefineInlineConcept":{"root":"shape_JALH7V37ID","conceptId":"concept_buBfSxqH6qpS"}},{"AssignType":{"id":"shape_JALH7V37ID","to":{"BooleanT":{}},"conceptId":"concept_buBfSxqH6qpS"}},{"AddRequest":{"requestId":"path_UWYML3g5KQ}_get","pathId":"y2ojfr_path_5","httpMethod":"get"}},{"AddResponse":{"responseId":"response_qAKGVNUSn7","requestId":"path_UWYML3g5KQ}_get","httpStatusCode":200}},{"DefineInlineConcept":{"root":"shape_pYalfQCRYU","conceptId":"concept_rNskBQYsa68Q"}},{"AssignType":{"id":"shape_pYalfQCRYU","to":{"RefT":{"conceptId":"concept_pS5dcq_webserviceaccountstatistics"}},"conceptId":"concept_rNskBQYsa68Q"}},{"AddResponse":{"responseId":"response_7ePVkF2KCW","requestId":"path_UWYML3g5KQ}_get","httpStatusCode":401}},{"AddResponse":{"responseId":"response_pD4xkg3192","requestId":"path_UWYML3g5KQ}_get","httpStatusCode":403}},{"AddResponse":{"responseId":"response_DC1eWtXFbf","requestId":"path_UWYML3g5KQ}_get","httpStatusCode":404}},{"AddRequest":{"requestId":"path_DuWNBfAM6A}_get","pathId":"y2ojfr_path_46","httpMethod":"get"}},{"AddResponse":{"responseId":"response_umbw3qL05w","requestId":"path_DuWNBfAM6A}_get","httpStatusCode":200}},{"DefineInlineConcept":{"root":"shape_B3WPmx6bAN","conceptId":"concept_gEOmQgbwoU1D"}},{"AssignType":{"id":"shape_B3WPmx6bAN","to":{"RefT":{"conceptId":"concept_oNWbTv_webservicetemplates"}},"conceptId":"concept_gEOmQgbwoU1D"}},{"AddResponse":{"responseId":"response_8eJhbR4fWB","requestId":"path_DuWNBfAM6A}_get","httpStatusCode":401}},{"AddResponse":{"responseId":"response_Ne9BhF0L41","requestId":"path_DuWNBfAM6A}_get","httpStatusCode":403}},{"AddResponse":{"responseId":"response_8clfNFSiEv","requestId":"path_DuWNBfAM6A}_get","httpStatusCode":404}},{"AddRequest":{"requestId":"path_qZSelUJL1q}_post","pathId":"y2ojfr_path_6","httpMethod":"post"}},{"DefineInlineConcept":{"root":"shape_9O1syWJuAn","conceptId":"concept_apirestv1accounttransfer_post_body"}},{"AssignType":{"id":"shape_9O1syWJuAn","to":{"RefT":{"conceptId":"concept_mLGooE_webservicetransfercreditsrequest"}},"conceptId":"concept_apirestv1accounttransfer_post_body"}},{"AddResponse":{"responseId":"response_N2MuLXxjZp","requestId":"path_qZSelUJL1q}_post","httpStatusCode":404}},{"AddResponse":{"responseId":"response_mCDJV3LMzg","requestId":"path_qZSelUJL1q}_post","httpStatusCode":201}},{"AddResponse":{"responseId":"response_q32CDsVJe7","requestId":"path_qZSelUJL1q}_post","httpStatusCode":403}},{"AddResponse":{"responseId":"response_1GGjA3EmsH","requestId":"path_qZSelUJL1q}_post","httpStatusCode":401}},{"AddResponse":{"responseId":"response_NdSzk5W9rN","requestId":"path_qZSelUJL1q}_post","httpStatusCode":200}},{"DefineInlineConcept":{"root":"shape_UTkuDO0WRT","conceptId":"concept_EQgU8ZdRCG9W"}},{"AssignType":{"id":"shape_UTkuDO0WRT","to":{"RefT":{"conceptId":"concept_XhtK4v_webserviceuser"}},"conceptId":"concept_EQgU8ZdRCG9W"}},{"AddRequest":{"requestId":"path_EK5wb5m3Xf}_get","pathId":"y2ojfr_path_24","httpMethod":"get"}},{"AddResponse":{"responseId":"response_2gyZzhUlKY","requestId":"path_EK5wb5m3Xf}_get","httpStatusCode":200}},{"AddResponse":{"responseId":"response_bMYAqsgs13","requestId":"path_EK5wb5m3Xf}_get","httpStatusCode":401}},{"AddResponse":{"responseId":"response_zQP0xHVcjG","requestId":"path_EK5wb5m3Xf}_get","httpStatusCode":403}},{"AddResponse":{"responseId":"response_JAPAA2KhI6","requestId":"path_EK5wb5m3Xf}_get","httpStatusCode":404}},{"AddRequest":{"requestId":"path_EK5wb5m3Xf}_post","pathId":"y2ojfr_path_24","httpMethod":"post"}},{"AddResponse":{"responseId":"response_7zB5dwgf9u","requestId":"path_EK5wb5m3Xf}_post","httpStatusCode":404}},{"AddResponse":{"responseId":"response_2cK5pNhm6i","requestId":"path_EK5wb5m3Xf}_post","httpStatusCode":201}},{"AddResponse":{"responseId":"response_1vyCM2UDjM","requestId":"path_EK5wb5m3Xf}_post","httpStatusCode":403}},{"AddResponse":{"responseId":"response_AtCwxcgHQt","requestId":"path_EK5wb5m3Xf}_post","httpStatusCode":401}},{"AddResponse":{"responseId":"response_YPXfh411Tl","requestId":"path_EK5wb5m3Xf}_post","httpStatusCode":200}},{"AddRequest":{"requestId":"path_AFHBNd5VEg}_post","pathId":"y2ojfr_path_33","httpMethod":"post"}},{"DefineInlineConcept":{"root":"shape_aoCtA5sIHf","conceptId":"concept_apirestv1messagesanalysemessagelength_post_body"}},{"AssignType":{"id":"shape_aoCtA5sIHf","to":{"RefT":{"conceptId":"concept_6D34ZP_webserviceanalysemessagerequestmessageandrecipientnumber"}},"conceptId":"concept_apirestv1messagesanalysemessagelength_post_body"}},{"AddResponse":{"responseId":"response_NBM0cAiCKz","requestId":"path_AFHBNd5VEg}_post","httpStatusCode":404}},{"AddResponse":{"responseId":"response_Yx48l9iRwC","requestId":"path_AFHBNd5VEg}_post","httpStatusCode":201}},{"AddResponse":{"responseId":"response_sbMInxMtWQ","requestId":"path_AFHBNd5VEg}_post","httpStatusCode":403}},{"AddResponse":{"responseId":"response_WO1ZMVc9g9","requestId":"path_AFHBNd5VEg}_post","httpStatusCode":401}},{"AddResponse":{"responseId":"response_0kRwlLYsNW","requestId":"path_AFHBNd5VEg}_post","httpStatusCode":200}},{"DefineInlineConcept":{"root":"shape_CFkJYRpFVa","conceptId":"concept_vUmS7m74JsSE"}},{"AssignType":{"id":"shape_CFkJYRpFVa","to":{"IntegerT":{}},"conceptId":"concept_vUmS7m74JsSE"}},{"AddRequest":{"requestId":"path_4u56D7jKNE}_get","pathId":"y2ojfr_path_20","httpMethod":"get"}},{"AddResponse":{"responseId":"response_oRlMN6jOQb","requestId":"path_4u56D7jKNE}_get","httpStatusCode":200}},{"DefineInlineConcept":{"root":"shape_XIvzoYwHlk","conceptId":"concept_fjFHBcJFpErh"}},{"AssignType":{"id":"shape_XIvzoYwHlk","to":{"RefT":{"conceptId":"concept_MISrZ0_webservicegroups"}},"conceptId":"concept_fjFHBcJFpErh"}},{"AddResponse":{"responseId":"response_Vd9XGhHWQa","requestId":"path_4u56D7jKNE}_get","httpStatusCode":401}},{"AddResponse":{"responseId":"response_o2lbDQrtY7","requestId":"path_4u56D7jKNE}_get","httpStatusCode":403}},{"AddResponse":{"responseId":"response_fcwocWptrK","requestId":"path_4u56D7jKNE}_get","httpStatusCode":404}},{"AddRequest":{"requestId":"path_2w1uxh2nXy}_delete","pathId":"y2ojfr_path_36","httpMethod":"delete"}},{"AddResponse":{"responseId":"response_TQmXqeL4lU","requestId":"path_2w1uxh2nXy}_delete","httpStatusCode":200}},{"AddResponse":{"responseId":"response_ZmTkM6J9JB","requestId":"path_2w1uxh2nXy}_delete","httpStatusCode":204}},{"AddResponse":{"responseId":"response_yJdu2AV8Iu","requestId":"path_2w1uxh2nXy}_delete","httpStatusCode":401}},{"AddResponse":{"responseId":"response_BHJXRvP6GF","requestId":"path_2w1uxh2nXy}_delete","httpStatusCode":403}},{"AddRequest":{"requestId":"path_2w1uxh2nXy}_get","pathId":"y2ojfr_path_36","httpMethod":"get"}},{"AddResponse":{"responseId":"response_J6bGhhB9LZ","requestId":"path_2w1uxh2nXy}_get","httpStatusCode":200}},{"DefineInlineConcept":{"root":"shape_MWnCFKCH82","conceptId":"concept_ESznURK90JPV"}},{"AssignType":{"id":"shape_MWnCFKCH82","to":{"RefT":{"conceptId":"concept_r8IiOP_webservicemessage"}},"conceptId":"concept_ESznURK90JPV"}},{"AddResponse":{"responseId":"response_KIB8ifcGjn","requestId":"path_2w1uxh2nXy}_get","httpStatusCode":401}},{"AddResponse":{"responseId":"response_1HtGXMZ6R7","requestId":"path_2w1uxh2nXy}_get","httpStatusCode":403}},{"AddResponse":{"responseId":"response_kc9FWatCsQ","requestId":"path_2w1uxh2nXy}_get","httpStatusCode":404}},{"AddRequest":{"requestId":"path_AdQq12DIhE}_get","pathId":"y2ojfr_path_28","httpMethod":"get"}},{"AddResponse":{"responseId":"response_B1rXy6VwZz","requestId":"path_AdQq12DIhE}_get","httpStatusCode":200}},{"DefineInlineConcept":{"root":"shape_cPrpTwcBZ9","conceptId":"concept_yUYRJhKmd1Jk"}},{"AssignType":{"id":"shape_cPrpTwcBZ9","to":{"RefT":{"conceptId":"concept_vwYKLO_webservicemessages"}},"conceptId":"concept_yUYRJhKmd1Jk"}},{"AddResponse":{"responseId":"response_zYtLPSHiJ4","requestId":"path_AdQq12DIhE}_get","httpStatusCode":401}},{"AddResponse":{"responseId":"response_XpG2de3xfQ","requestId":"path_AdQq12DIhE}_get","httpStatusCode":403}},{"AddResponse":{"responseId":"response_B8yW4JH78q","requestId":"path_AdQq12DIhE}_get","httpStatusCode":404}},{"AddRequest":{"requestId":"path_hak4ZR8CBx}_post","pathId":"y2ojfr_path_21","httpMethod":"post"}},{"DefineInlineConcept":{"root":"shape_TNgPOQkzyn","conceptId":"concept_apirestv1groupscreate_post_body"}},{"AssignType":{"id":"shape_TNgPOQkzyn","to":{"RefT":{"conceptId":"concept_ea9vd2_webservicegroup"}},"conceptId":"concept_apirestv1groupscreate_post_body"}},{"AddResponse":{"responseId":"response_f0zH6yWlKO","requestId":"path_hak4ZR8CBx}_post","httpStatusCode":404}},{"AddResponse":{"responseId":"response_RctbZJdJfh","requestId":"path_hak4ZR8CBx}_post","httpStatusCode":201}},{"DefineInlineConcept":{"root":"shape_SB7uOqZ4y7","conceptId":"concept_FPVmMcztjOlE"}},{"AssignType":{"id":"shape_SB7uOqZ4y7","to":{"RefT":{"conceptId":"concept_ea9vd2_webservicegroup"}},"conceptId":"concept_FPVmMcztjOlE"}},{"AddResponse":{"responseId":"response_AsZnHURPWP","requestId":"path_hak4ZR8CBx}_post","httpStatusCode":403}},{"AddResponse":{"responseId":"response_zsaRXWigUZ","requestId":"path_hak4ZR8CBx}_post","httpStatusCode":401}},{"AddResponse":{"responseId":"response_HzHcsEnPB5","requestId":"path_hak4ZR8CBx}_post","httpStatusCode":200}},{"DefineInlineConcept":{"root":"shape_ezKCMgdvRc","conceptId":"concept_QieJN6T1W3eS"}},{"AssignType":{"id":"shape_ezKCMgdvRc","to":{"RefT":{"conceptId":"concept_ea9vd2_webservicegroup"}},"conceptId":"concept_QieJN6T1W3eS"}},{"AddRequest":{"requestId":"path_2UA1RaFmCl}_delete","pathId":"y2ojfr_path_47","httpMethod":"delete"}},{"AddResponse":{"responseId":"response_hUbuXeCGJx","requestId":"path_2UA1RaFmCl}_delete","httpStatusCode":200}},{"AddResponse":{"responseId":"response_BT9l7OEZp5","requestId":"path_2UA1RaFmCl}_delete","httpStatusCode":204}},{"AddResponse":{"responseId":"response_2SLTLSib35","requestId":"path_2UA1RaFmCl}_delete","httpStatusCode":401}},{"AddResponse":{"responseId":"response_ASbiclLydx","requestId":"path_2UA1RaFmCl}_delete","httpStatusCode":403}},{"AddRequest":{"requestId":"path_2UA1RaFmCl}_get","pathId":"y2ojfr_path_47","httpMethod":"get"}},{"AddResponse":{"responseId":"response_HbRvHtD3GZ","requestId":"path_2UA1RaFmCl}_get","httpStatusCode":200}},{"DefineInlineConcept":{"root":"shape_8lCWlNHqhh","conceptId":"concept_VIAJXdwtD8Tv"}},{"AssignType":{"id":"shape_8lCWlNHqhh","to":{"RefT":{"conceptId":"concept_Eif3I1_webservicetemplate"}},"conceptId":"concept_VIAJXdwtD8Tv"}},{"AddResponse":{"responseId":"response_i1a0xEQDl7","requestId":"path_2UA1RaFmCl}_get","httpStatusCode":401}},{"AddResponse":{"responseId":"response_TB1ob7869v","requestId":"path_2UA1RaFmCl}_get","httpStatusCode":403}},{"AddResponse":{"responseId":"response_xJ5PEozMVR","requestId":"path_2UA1RaFmCl}_get","httpStatusCode":404}},{"AddRequest":{"requestId":"path_ONXgnbbG3L}_post","pathId":"y2ojfr_path_50","httpMethod":"post"}},{"AddResponse":{"responseId":"response_xtjKSAGXHm","requestId":"path_ONXgnbbG3L}_post","httpStatusCode":404}},{"AddResponse":{"responseId":"response_6f8LVzd88J","requestId":"path_ONXgnbbG3L}_post","httpStatusCode":201}},{"AddResponse":{"responseId":"response_2BRo9L5CEB","requestId":"path_ONXgnbbG3L}_post","httpStatusCode":403}},{"AddResponse":{"responseId":"response_xiTxnpTv7Q","requestId":"path_ONXgnbbG3L}_post","httpStatusCode":401}},{"AddResponse":{"responseId":"response_HQ6s1NEtAq","requestId":"path_ONXgnbbG3L}_post","httpStatusCode":200}},{"DefineInlineConcept":{"root":"shape_NSBiCEOdfw","conceptId":"concept_SLHouev8KCcj"}},{"AssignType":{"id":"shape_NSBiCEOdfw","to":{"RefT":{"conceptId":"concept_KKJDtv_webservicesendvoicemessageresponse"}},"conceptId":"concept_SLHouev8KCcj"}},{"AddRequest":{"requestId":"path_PeLu2pjbd4}_get","pathId":"y2ojfr_path_40","httpMethod":"get"}},{"AddResponse":{"responseId":"response_AZSkM13PE7","requestId":"path_PeLu2pjbd4}_get","httpStatusCode":200}},{"DefineInlineConcept":{"root":"shape_wDQGIeNS89","conceptId":"concept_UJcxGoYBbUEv"}},{"AssignType":{"id":"shape_wDQGIeNS89","to":{"RefT":{"conceptId":"concept_ZMya17_webservicesendsmsrequest"}},"conceptId":"concept_UJcxGoYBbUEv"}},{"AddResponse":{"responseId":"response_qYtfZk1T4l","requestId":"path_PeLu2pjbd4}_get","httpStatusCode":401}},{"AddResponse":{"responseId":"response_LuPu255lwb","requestId":"path_PeLu2pjbd4}_get","httpStatusCode":403}},{"AddResponse":{"responseId":"response_A4dIHZ4s5m","requestId":"path_PeLu2pjbd4}_get","httpStatusCode":404}},{"AddRequest":{"requestId":"path_PeLu2pjbd4}_post","pathId":"y2ojfr_path_40","httpMethod":"post"}},{"DefineInlineConcept":{"root":"shape_aswAD8A0mQ","conceptId":"concept_apirestv1smssend_post_body"}},{"AssignType":{"id":"shape_aswAD8A0mQ","to":{"RefT":{"conceptId":"concept_ZMya17_webservicesendsmsrequest"}},"conceptId":"concept_apirestv1smssend_post_body"}},{"AddResponse":{"responseId":"response_li6k9YW5CY","requestId":"path_PeLu2pjbd4}_post","httpStatusCode":400}},{"DefineInlineConcept":{"root":"shape_QkkWe14zvz","conceptId":"concept_zV3zeYrOupQV"}},{"AssignType":{"id":"shape_QkkWe14zvz","to":{"RefT":{"conceptId":"concept_yPGy1R_resterrordto"}},"conceptId":"concept_zV3zeYrOupQV"}},{"AddResponse":{"responseId":"response_anI1cYhA6L","requestId":"path_PeLu2pjbd4}_post","httpStatusCode":404}},{"AddResponse":{"responseId":"response_Wiz181jKzv","requestId":"path_PeLu2pjbd4}_post","httpStatusCode":201}},{"AddResponse":{"responseId":"response_l4Amymap93","requestId":"path_PeLu2pjbd4}_post","httpStatusCode":403}},{"AddResponse":{"responseId":"response_shs7oQCXyz","requestId":"path_PeLu2pjbd4}_post","httpStatusCode":401}},{"AddResponse":{"responseId":"response_DLuZuHILQK","requestId":"path_PeLu2pjbd4}_post","httpStatusCode":200}},{"DefineInlineConcept":{"root":"shape_GzqEuWZOJ8","conceptId":"concept_xiDttSNZDYrE"}},{"AssignType":{"id":"shape_GzqEuWZOJ8","to":{"RefT":{"conceptId":"concept_b7bqDY_webservicesendsmsresponse"}},"conceptId":"concept_xiDttSNZDYrE"}},{"AddRequest":{"requestId":"path_Xj8VEuDMnb}_get","pathId":"y2ojfr_path_7","httpMethod":"get"}},{"AddResponse":{"responseId":"response_4GZUg48MAF","requestId":"path_Xj8VEuDMnb}_get","httpStatusCode":200}},{"DefineInlineConcept":{"root":"shape_kmE1mAc1WP","conceptId":"concept_jMztf47FmxmO"}},{"AssignType":{"id":"shape_kmE1mAc1WP","to":{"RefT":{"conceptId":"concept_H92qS5_webserviceusers"}},"conceptId":"concept_jMztf47FmxmO"}},{"AddResponse":{"responseId":"response_a30PWxx9hZ","requestId":"path_Xj8VEuDMnb}_get","httpStatusCode":401}},{"AddResponse":{"responseId":"response_9x4G08zqSC","requestId":"path_Xj8VEuDMnb}_get","httpStatusCode":403}},{"AddResponse":{"responseId":"response_wpT35P8JMg","requestId":"path_Xj8VEuDMnb}_get","httpStatusCode":404}},{"AddRequest":{"requestId":"path_Xj8VEuDMnb}_put","pathId":"y2ojfr_path_7","httpMethod":"put"}},{"DefineInlineConcept":{"root":"shape_IyjDlbg72p","conceptId":"concept_apirestv1accountuser_put_body"}},{"AssignType":{"id":"shape_IyjDlbg72p","to":{"RefT":{"conceptId":"concept_XhtK4v_webserviceuser"}},"conceptId":"concept_apirestv1accountuser_put_body"}},{"AddResponse":{"responseId":"response_8wfFUO0OOn","requestId":"path_Xj8VEuDMnb}_put","httpStatusCode":404}},{"AddResponse":{"responseId":"response_zaalm3i9KX","requestId":"path_Xj8VEuDMnb}_put","httpStatusCode":201}},{"AddResponse":{"responseId":"response_fq8Cd1CU5l","requestId":"path_Xj8VEuDMnb}_put","httpStatusCode":403}},{"AddResponse":{"responseId":"response_19P6Fs4h4F","requestId":"path_Xj8VEuDMnb}_put","httpStatusCode":401}},{"AddResponse":{"responseId":"response_iaO8KQ9nLx","requestId":"path_Xj8VEuDMnb}_put","httpStatusCode":200}},{"DefineInlineConcept":{"root":"shape_1nnYJ5QHV5","conceptId":"concept_lzn1KpqQo0hX"}},{"AssignType":{"id":"shape_1nnYJ5QHV5","to":{"RefT":{"conceptId":"concept_XhtK4v_webserviceuser"}},"conceptId":"concept_lzn1KpqQo0hX"}},{"AddRequest":{"requestId":"path_QdzLs6vMb4}_post","pathId":"y2ojfr_path_51","httpMethod":"post"}},{"DefineInlineConcept":{"root":"shape_6BufhyJhmO","conceptId":"concept_apirestv1voicesingletext_post_body"}},{"AssignType":{"id":"shape_6BufhyJhmO","to":{"RefT":{"conceptId":"concept_NzxvVq_webservicevoicemessagesendsingletextrequest"}},"conceptId":"concept_apirestv1voicesingletext_post_body"}},{"AddResponse":{"responseId":"response_ReqPOwneX9","requestId":"path_QdzLs6vMb4}_post","httpStatusCode":404}},{"AddResponse":{"responseId":"response_jMWIN7LmNu","requestId":"path_QdzLs6vMb4}_post","httpStatusCode":201}},{"AddResponse":{"responseId":"response_Sy4qlcp02m","requestId":"path_QdzLs6vMb4}_post","httpStatusCode":403}},{"AddResponse":{"responseId":"response_btBpOAUqfo","requestId":"path_QdzLs6vMb4}_post","httpStatusCode":401}},{"AddResponse":{"responseId":"response_uZmhgYMui8","requestId":"path_QdzLs6vMb4}_post","httpStatusCode":200}},{"DefineInlineConcept":{"root":"shape_rAtMYdOoQ4","conceptId":"concept_fLbc6zMAiyml"}},{"AssignType":{"id":"shape_rAtMYdOoQ4","to":{"RefT":{"conceptId":"concept_KKJDtv_webservicesendvoicemessageresponse"}},"conceptId":"concept_fLbc6zMAiyml"}},{"AddRequest":{"requestId":"path_yt8wIEBzCZ}_get","pathId":"y2ojfr_path_4","httpMethod":"get"}},{"AddResponse":{"responseId":"response_l1oCMEmZvV","requestId":"path_yt8wIEBzCZ}_get","httpStatusCode":200}},{"DefineInlineConcept":{"root":"shape_PuMXsN4Er4","conceptId":"concept_GYrbQ9yGhXsP"}},{"AssignType":{"id":"shape_PuMXsN4Er4","to":{"RefT":{"conceptId":"concept_t0oEmr_webserviceaccount"}},"conceptId":"concept_GYrbQ9yGhXsP"}},{"AddResponse":{"responseId":"response_ecnlqhtBhl","requestId":"path_yt8wIEBzCZ}_get","httpStatusCode":401}},{"AddResponse":{"responseId":"response_Gt1AMx4UWO","requestId":"path_yt8wIEBzCZ}_get","httpStatusCode":403}},{"AddResponse":{"responseId":"response_sefSFDQCLT","requestId":"path_yt8wIEBzCZ}_get","httpStatusCode":404}},{"AddRequest":{"requestId":"path_ess6K0WkLD}_get","pathId":"y2ojfr_path_18","httpMethod":"get"}},{"AddResponse":{"responseId":"response_7AVwEhfgE6","requestId":"path_ess6K0WkLD}_get","httpStatusCode":200}},{"DefineInlineConcept":{"root":"shape_0lTMiVv7yU","conceptId":"concept_79c5lWuI1hOY"}},{"AssignType":{"id":"shape_0lTMiVv7yU","to":{"RefT":{"conceptId":"concept_bUm0wg_webservicenumbercontextlookupresponse"}},"conceptId":"concept_79c5lWuI1hOY"}},{"AddResponse":{"responseId":"response_C1n3rgO1sD","requestId":"path_ess6K0WkLD}_get","httpStatusCode":401}},{"AddResponse":{"responseId":"response_geLY85aPxf","requestId":"path_ess6K0WkLD}_get","httpStatusCode":403}},{"AddResponse":{"responseId":"response_yQcMBb6PAD","requestId":"path_ess6K0WkLD}_get","httpStatusCode":404}},{"AddRequest":{"requestId":"path_ess6K0WkLD}_post","pathId":"y2ojfr_path_18","httpMethod":"post"}},{"DefineInlineConcept":{"root":"shape_cYSLlDgM5i","conceptId":"concept_apirestv1contextlookup_post_body"}},{"AssignType":{"id":"shape_cYSLlDgM5i","to":{"StringT":{}},"conceptId":"concept_apirestv1contextlookup_post_body"}},{"AddResponse":{"responseId":"response_mfqMWpNP7K","requestId":"path_ess6K0WkLD}_post","httpStatusCode":404}},{"AddResponse":{"responseId":"response_hUdqHEo3mP","requestId":"path_ess6K0WkLD}_post","httpStatusCode":201}},{"AddResponse":{"responseId":"response_Avn5TCsftZ","requestId":"path_ess6K0WkLD}_post","httpStatusCode":403}},{"AddResponse":{"responseId":"response_zNohpVoq5d","requestId":"path_ess6K0WkLD}_post","httpStatusCode":401}},{"AddResponse":{"responseId":"response_h2CkIIVCS5","requestId":"path_ess6K0WkLD}_post","httpStatusCode":200}},{"DefineInlineConcept":{"root":"shape_HTbgpUcTJe","conceptId":"concept_BtA7j8WmC5nL"}},{"AssignType":{"id":"shape_HTbgpUcTJe","to":{"RefT":{"conceptId":"concept_bUm0wg_webservicenumbercontextlookupresponse"}},"conceptId":"concept_BtA7j8WmC5nL"}},{"AddRequest":{"requestId":"path_4mnWdJS2ab}_post","pathId":"y2ojfr_path_35","httpMethod":"post"}},{"DefineInlineConcept":{"root":"shape_bQg3x0gHhK","conceptId":"concept_apirestv1messagesanalysenumberofmessages_post_body"}},{"AssignType":{"id":"shape_bQg3x0gHhK","to":{"RefT":{"conceptId":"concept_6D34ZP_webserviceanalysemessagerequestmessageandrecipientnumber"}},"conceptId":"concept_apirestv1messagesanalysenumberofmessages_post_body"}},{"AddResponse":{"responseId":"response_niorMAPcLW","requestId":"path_4mnWdJS2ab}_post","httpStatusCode":404}},{"AddResponse":{"responseId":"response_d6fxRdcnXp","requestId":"path_4mnWdJS2ab}_post","httpStatusCode":201}},{"AddResponse":{"responseId":"response_1SdRsTS921","requestId":"path_4mnWdJS2ab}_post","httpStatusCode":403}},{"AddResponse":{"responseId":"response_utVjzcQnwb","requestId":"path_4mnWdJS2ab}_post","httpStatusCode":401}},{"AddResponse":{"responseId":"response_yCdwnxrliK","requestId":"path_4mnWdJS2ab}_post","httpStatusCode":200}},{"DefineInlineConcept":{"root":"shape_orqTuoaBxH","conceptId":"concept_HGCroHJ311dd"}},{"AssignType":{"id":"shape_orqTuoaBxH","to":{"IntegerT":{}},"conceptId":"concept_HGCroHJ311dd"}},{"AddRequest":{"requestId":"path_KN5uYapGKj}_get","pathId":"y2ojfr_path_44","httpMethod":"get"}},{"AddResponse":{"responseId":"response_bM9ToV8240","requestId":"path_KN5uYapGKj}_get","httpStatusCode":200}},{"DefineInlineConcept":{"root":"shape_pQoPkx9LWf","conceptId":"concept_yCG1EQejVJqB"}},{"AssignType":{"id":"shape_pQoPkx9LWf","to":{"StringT":{}},"conceptId":"concept_yCG1EQejVJqB"}},{"AddResponse":{"responseId":"response_byd1REZSi7","requestId":"path_KN5uYapGKj}_get","httpStatusCode":401}},{"AddResponse":{"responseId":"response_hQ8Oaj0DlO","requestId":"path_KN5uYapGKj}_get","httpStatusCode":403}},{"AddResponse":{"responseId":"response_Qj3NZ0SZEq","requestId":"path_KN5uYapGKj}_get","httpStatusCode":404}},{"AddRequest":{"requestId":"path_KN5uYapGKj}_post","pathId":"y2ojfr_path_44","httpMethod":"post"}},{"AddResponse":{"responseId":"response_tEJTZeCWFe","requestId":"path_KN5uYapGKj}_post","httpStatusCode":404}},{"AddResponse":{"responseId":"response_7kSbtDGG77","requestId":"path_KN5uYapGKj}_post","httpStatusCode":201}},{"AddResponse":{"responseId":"response_YVbSoHbGSW","requestId":"path_KN5uYapGKj}_post","httpStatusCode":403}},{"AddResponse":{"responseId":"response_dqKxUZMYuo","requestId":"path_KN5uYapGKj}_post","httpStatusCode":401}},{"AddResponse":{"responseId":"response_ihq59nEgzq","requestId":"path_KN5uYapGKj}_post","httpStatusCode":200}},{"DefineInlineConcept":{"root":"shape_XvqJtKLQ9O","conceptId":"concept_whTHqPQlhqEd"}},{"AssignType":{"id":"shape_XvqJtKLQ9O","to":{"StringT":{}},"conceptId":"concept_whTHqPQlhqEd"}},{"AddRequest":{"requestId":"path_0gAwGC0Gn6}_post","pathId":"y2ojfr_path_38","httpMethod":"post"}},{"AddResponse":{"responseId":"response_bRSifspAsF","requestId":"path_0gAwGC0Gn6}_post","httpStatusCode":404}},{"AddResponse":{"responseId":"response_opBjb1KNim","requestId":"path_0gAwGC0Gn6}_post","httpStatusCode":201}},{"AddResponse":{"responseId":"response_zhK8y8GRH2","requestId":"path_0gAwGC0Gn6}_post","httpStatusCode":403}},{"AddResponse":{"responseId":"response_PcfLUkaTpo","requestId":"path_0gAwGC0Gn6}_post","httpStatusCode":401}},{"AddResponse":{"responseId":"response_i7pewkS6HP","requestId":"path_0gAwGC0Gn6}_post","httpStatusCode":200}},{"DefineInlineConcept":{"root":"shape_YvZbkc011g","conceptId":"concept_AqS8Etl8AySi"}},{"AssignType":{"id":"shape_YvZbkc011g","to":{"RefT":{"conceptId":"concept_r8IiOP_webservicemessage"}},"conceptId":"concept_AqS8Etl8AySi"}},{"AddRequest":{"requestId":"path_0gAwGC0Gn6}_put","pathId":"y2ojfr_path_38","httpMethod":"put"}},{"AddResponse":{"responseId":"response_Qcb71eyWLT","requestId":"path_0gAwGC0Gn6}_put","httpStatusCode":404}},{"AddResponse":{"responseId":"response_SnXqLAJu41","requestId":"path_0gAwGC0Gn6}_put","httpStatusCode":201}},{"AddResponse":{"responseId":"response_kL57TzJXmi","requestId":"path_0gAwGC0Gn6}_put","httpStatusCode":403}},{"AddResponse":{"responseId":"response_RDc3C5zfCF","requestId":"path_0gAwGC0Gn6}_put","httpStatusCode":401}},{"AddResponse":{"responseId":"response_T2Vi4zAsTm","requestId":"path_0gAwGC0Gn6}_put","httpStatusCode":200}},{"DefineInlineConcept":{"root":"shape_cQZO2HqWte","conceptId":"concept_wY9S3Y61dgw4"}},{"AssignType":{"id":"shape_cQZO2HqWte","to":{"RefT":{"conceptId":"concept_r8IiOP_webservicemessage"}},"conceptId":"concept_wY9S3Y61dgw4"}},{"AddRequest":{"requestId":"path_vnioK47dD6}_get","pathId":"y2ojfr_path_16","httpMethod":"get"}},{"AddResponse":{"responseId":"response_GH7NtN2cnW","requestId":"path_vnioK47dD6}_get","httpStatusCode":200}},{"AddResponse":{"responseId":"response_cWbTxqeU2Z","requestId":"path_vnioK47dD6}_get","httpStatusCode":401}},{"AddResponse":{"responseId":"response_1YOKOqkNuX","requestId":"path_vnioK47dD6}_get","httpStatusCode":403}},{"AddResponse":{"responseId":"response_b9YeydhtWi","requestId":"path_vnioK47dD6}_get","httpStatusCode":404}},{"AddRequest":{"requestId":"path_vnioK47dD6}_post","pathId":"y2ojfr_path_16","httpMethod":"post"}},{"AddResponse":{"responseId":"response_C3mNvvNPKw","requestId":"path_vnioK47dD6}_post","httpStatusCode":404}},{"AddResponse":{"responseId":"response_z47pXfvufX","requestId":"path_vnioK47dD6}_post","httpStatusCode":201}},{"AddResponse":{"responseId":"response_6Fo0fuOVWs","requestId":"path_vnioK47dD6}_post","httpStatusCode":403}},{"AddResponse":{"responseId":"response_Nmm6RNtOkQ","requestId":"path_vnioK47dD6}_post","httpStatusCode":401}},{"AddResponse":{"responseId":"response_LpjKVuWMjF","requestId":"path_vnioK47dD6}_post","httpStatusCode":200}},{"AddRequest":{"requestId":"path_S8vyi5RuqK}_post","pathId":"y2ojfr_path_32","httpMethod":"post"}},{"DefineInlineConcept":{"root":"shape_elstpNs06q","conceptId":"concept_apirestv1messagesanalysemessageencoding_post_body"}},{"AssignType":{"id":"shape_elstpNs06q","to":{"RefT":{"conceptId":"concept_6D34ZP_webserviceanalysemessagerequestmessageandrecipientnumber"}},"conceptId":"concept_apirestv1messagesanalysemessageencoding_post_body"}},{"AddResponse":{"responseId":"response_4hWXmfHreZ","requestId":"path_S8vyi5RuqK}_post","httpStatusCode":404}},{"AddResponse":{"responseId":"response_JgzUqUYnSj","requestId":"path_S8vyi5RuqK}_post","httpStatusCode":201}},{"AddResponse":{"responseId":"response_sMUH2h2IBU","requestId":"path_S8vyi5RuqK}_post","httpStatusCode":403}},{"AddResponse":{"responseId":"response_dWn1LI8Ds2","requestId":"path_S8vyi5RuqK}_post","httpStatusCode":401}},{"AddResponse":{"responseId":"response_kSzWRkTMQJ","requestId":"path_S8vyi5RuqK}_post","httpStatusCode":200}},{"DefineInlineConcept":{"root":"shape_HjYBu4ErP9","conceptId":"concept_1BBTX4Vbp321"}},{"AssignType":{"id":"shape_HjYBu4ErP9","to":{"StringT":{}},"conceptId":"concept_1BBTX4Vbp321"}},{"AddRequest":{"requestId":"path_WqebZgfdJJ}_post","pathId":"y2ojfr_path_37","httpMethod":"post"}},{"AddResponse":{"responseId":"response_wmmiahZO8d","requestId":"path_WqebZgfdJJ}_post","httpStatusCode":404}},{"AddResponse":{"responseId":"response_3ppd00EhjF","requestId":"path_WqebZgfdJJ}_post","httpStatusCode":201}},{"AddResponse":{"responseId":"response_WcDoTalzxa","requestId":"path_WqebZgfdJJ}_post","httpStatusCode":403}},{"AddResponse":{"responseId":"response_A4OGlK3Mmm","requestId":"path_WqebZgfdJJ}_post","httpStatusCode":401}},{"AddResponse":{"responseId":"response_X312OXNbTk","requestId":"path_WqebZgfdJJ}_post","httpStatusCode":200}},{"DefineInlineConcept":{"root":"shape_p4mQ2UB3Qw","conceptId":"concept_t92IfCeRdSoB"}},{"AssignType":{"id":"shape_p4mQ2UB3Qw","to":{"RefT":{"conceptId":"concept_r8IiOP_webservicemessage"}},"conceptId":"concept_t92IfCeRdSoB"}},{"AddRequest":{"requestId":"path_WqebZgfdJJ}_put","pathId":"y2ojfr_path_37","httpMethod":"put"}},{"AddResponse":{"responseId":"response_Q2EpBtr4rM","requestId":"path_WqebZgfdJJ}_put","httpStatusCode":404}},{"AddResponse":{"responseId":"response_XvWu17EMf2","requestId":"path_WqebZgfdJJ}_put","httpStatusCode":201}},{"AddResponse":{"responseId":"response_1UxSUg9ltN","requestId":"path_WqebZgfdJJ}_put","httpStatusCode":403}},{"AddResponse":{"responseId":"response_EFoWNCVV6o","requestId":"path_WqebZgfdJJ}_put","httpStatusCode":401}},{"AddResponse":{"responseId":"response_BIgg7IIhoY","requestId":"path_WqebZgfdJJ}_put","httpStatusCode":200}},{"DefineInlineConcept":{"root":"shape_US88C3ypCN","conceptId":"concept_2CFvDncdKNEx"}},{"AssignType":{"id":"shape_US88C3ypCN","to":{"RefT":{"conceptId":"concept_r8IiOP_webservicemessage"}},"conceptId":"concept_2CFvDncdKNEx"}},{"AddRequest":{"requestId":"path_2nxWByJAYq}_get","pathId":"y2ojfr_path_10","httpMethod":"get"}},{"AddResponse":{"responseId":"response_gFBoo64hZh","requestId":"path_2nxWByJAYq}_get","httpStatusCode":200}},{"DefineInlineConcept":{"root":"shape_jPj9mWtyqS","conceptId":"concept_gu2lkzFE9cuV"}},{"AssignType":{"id":"shape_jPj9mWtyqS","to":{"RefT":{"conceptId":"concept_YnpiCD_webservicecontacts"}},"conceptId":"concept_gu2lkzFE9cuV"}},{"AddResponse":{"responseId":"response_NWSNqlUjPv","requestId":"path_2nxWByJAYq}_get","httpStatusCode":401}},{"AddResponse":{"responseId":"response_7wrx5mkkuT","requestId":"path_2nxWByJAYq}_get","httpStatusCode":403}},{"AddResponse":{"responseId":"response_gy6qcStSWN","requestId":"path_2nxWByJAYq}_get","httpStatusCode":404}},{"SetRequestBodyShape":{"requestId":"path_JKy4N3F9FD}_post","bodyDescriptor":{"httpContentType":"application/json","conceptId":"concept_apirestv1messagesanalysemessagecreditcost_post_body"}}},{"SetResponseBodyShape":{"responseId":"response_rdybTJeVXC","bodyDescriptor":{"httpContentType":"application/json","conceptId":"concept_vO1pM6WEW0Vc"}}},{"SetRequestBodyShape":{"requestId":"path_WbeWRTZXGP}_post","bodyDescriptor":{"httpContentType":"application/json","conceptId":"concept_apirestv1messagesanalysefull_post_body"}}},{"SetResponseBodyShape":{"responseId":"response_4YImKT684W","bodyDescriptor":{"httpContentType":"application/json","conceptId":"concept_GoukHbZzqL3p"}}},{"SetRequestBodyShape":{"requestId":"path_My3gbnt3Q9}_post","bodyDescriptor":{"httpContentType":"application/json","conceptId":"concept_apirestv1contactscreate_post_body"}}},{"SetResponseBodyShape":{"responseId":"response_gvV4P5C8BK","bodyDescriptor":{"httpContentType":"application/json","conceptId":"concept_E67vF4TZV0gk"}}},{"SetResponseBodyShape":{"responseId":"response_w3KzxsHU3o","bodyDescriptor":{"httpContentType":"application/json","conceptId":"concept_4Hkjeyjy1UOS"}}},{"SetResponseBodyShape":{"responseId":"response_WTWiPAWIx0","bodyDescriptor":{"httpContentType":"application/json","conceptId":"concept_bpQfhdBT3am0"}}},{"SetResponseBodyShape":{"responseId":"response_0yTOIkVofU","bodyDescriptor":{"httpContentType":"application/json","conceptId":"concept_Aovdup320C2e"}}},{"SetRequestBodyShape":{"requestId":"path_8ycmJv7Pvd}_post","bodyDescriptor":{"httpContentType":"application/json","conceptId":"concept_apirestv1smssendbulk_post_body"}}},{"SetResponseBodyShape":{"responseId":"response_9FP4MakJ8z","bodyDescriptor":{"httpContentType":"application/json","conceptId":"concept_YADaAgHeXGFA"}}},{"SetResponseBodyShape":{"responseId":"response_7c1bJT96Dv","bodyDescriptor":{"httpContentType":"application/json","conceptId":"concept_PPtdSqEF798c"}}},{"SetRequestBodyShape":{"requestId":"path_AsQpj5Imcv}_post","bodyDescriptor":{"httpContentType":"application/json","conceptId":"concept_apirestv1groupsgroupid_post_body"}}},{"SetResponseBodyShape":{"responseId":"response_P5FzUBVC4o","bodyDescriptor":{"httpContentType":"application/json","conceptId":"concept_AGgCtVJDjUSk"}}},{"SetResponseBodyShape":{"responseId":"response_Bvf9WFx1bG","bodyDescriptor":{"httpContentType":"application/json","conceptId":"concept_lIoJTD4oDd0Z"}}},{"SetRequestBodyShape":{"requestId":"path_izpBlqJQ64}_post","bodyDescriptor":{"httpContentType":"application/json","conceptId":"concept_apirestv1accountuseruserid_post_body"}}},{"SetResponseBodyShape":{"responseId":"response_PbdIb7gAhW","bodyDescriptor":{"httpContentType":"application/json","conceptId":"concept_cJJLjfBkfuE6"}}},{"SetResponseBodyShape":{"responseId":"response_j981Ns2JXM","bodyDescriptor":{"httpContentType":"application/json","conceptId":"concept_NjMHtnv71iHk"}}},{"SetResponseBodyShape":{"responseId":"response_wHJjK6ECjp","bodyDescriptor":{"httpContentType":"application/json","conceptId":"concept_ac84SG88Vbuu"}}},{"SetResponseBodyShape":{"responseId":"response_4h5hJGDwFD","bodyDescriptor":{"httpContentType":"application/json","conceptId":"concept_O7P55Iq46C2l"}}},{"SetRequestBodyShape":{"requestId":"path_8GbeV7NVcW}_post","bodyDescriptor":{"httpContentType":"application/json","conceptId":"concept_apirestv1contactscontactid_post_body"}}},{"SetResponseBodyShape":{"responseId":"response_JOP3raXV4k","bodyDescriptor":{"httpContentType":"application/json","conceptId":"concept_CG0V7zf0e6c0"}}},{"SetResponseBodyShape":{"responseId":"response_THX0sgkuQR","bodyDescriptor":{"httpContentType":"application/json","conceptId":"concept_rZZXCv4IpBaG"}}},{"SetRequestBodyShape":{"requestId":"path_FrzkMAyxu4}_post","bodyDescriptor":{"httpContentType":"application/json","conceptId":"concept_apirestv1messagesanalysemessagelengthwithinmaxallowed_post_body"}}},{"SetResponseBodyShape":{"responseId":"response_XmqScTmb3P","bodyDescriptor":{"httpContentType":"application/json","conceptId":"concept_buBfSxqH6qpS"}}},{"SetResponseBodyShape":{"responseId":"response_qAKGVNUSn7","bodyDescriptor":{"httpContentType":"application/json","conceptId":"concept_rNskBQYsa68Q"}}},{"SetResponseBodyShape":{"responseId":"response_umbw3qL05w","bodyDescriptor":{"httpContentType":"application/json","conceptId":"concept_gEOmQgbwoU1D"}}},{"SetRequestBodyShape":{"requestId":"path_qZSelUJL1q}_post","bodyDescriptor":{"httpContentType":"application/json","conceptId":"concept_apirestv1accounttransfer_post_body"}}},{"SetResponseBodyShape":{"responseId":"response_NdSzk5W9rN","bodyDescriptor":{"httpContentType":"application/json","conceptId":"concept_EQgU8ZdRCG9W"}}},{"SetRequestBodyShape":{"requestId":"path_AFHBNd5VEg}_post","bodyDescriptor":{"httpContentType":"application/json","conceptId":"concept_apirestv1messagesanalysemessagelength_post_body"}}},{"SetResponseBodyShape":{"responseId":"response_0kRwlLYsNW","bodyDescriptor":{"httpContentType":"application/json","conceptId":"concept_vUmS7m74JsSE"}}},{"SetResponseBodyShape":{"responseId":"response_oRlMN6jOQb","bodyDescriptor":{"httpContentType":"application/json","conceptId":"concept_fjFHBcJFpErh"}}},{"SetResponseBodyShape":{"responseId":"response_J6bGhhB9LZ","bodyDescriptor":{"httpContentType":"application/json","conceptId":"concept_ESznURK90JPV"}}},{"SetResponseBodyShape":{"responseId":"response_B1rXy6VwZz","bodyDescriptor":{"httpContentType":"application/json","conceptId":"concept_yUYRJhKmd1Jk"}}},{"SetRequestBodyShape":{"requestId":"path_hak4ZR8CBx}_post","bodyDescriptor":{"httpContentType":"application/json","conceptId":"concept_apirestv1groupscreate_post_body"}}},{"SetResponseBodyShape":{"responseId":"response_RctbZJdJfh","bodyDescriptor":{"httpContentType":"application/json","conceptId":"concept_FPVmMcztjOlE"}}},{"SetResponseBodyShape":{"responseId":"response_HzHcsEnPB5","bodyDescriptor":{"httpContentType":"application/json","conceptId":"concept_QieJN6T1W3eS"}}},{"SetResponseBodyShape":{"responseId":"response_HbRvHtD3GZ","bodyDescriptor":{"httpContentType":"application/json","conceptId":"concept_VIAJXdwtD8Tv"}}},{"SetResponseBodyShape":{"responseId":"response_HQ6s1NEtAq","bodyDescriptor":{"httpContentType":"application/json","conceptId":"concept_SLHouev8KCcj"}}},{"SetResponseBodyShape":{"responseId":"response_AZSkM13PE7","bodyDescriptor":{"httpContentType":"application/json","conceptId":"concept_UJcxGoYBbUEv"}}},{"SetRequestBodyShape":{"requestId":"path_PeLu2pjbd4}_post","bodyDescriptor":{"httpContentType":"application/json","conceptId":"concept_apirestv1smssend_post_body"}}},{"SetResponseBodyShape":{"responseId":"response_li6k9YW5CY","bodyDescriptor":{"httpContentType":"application/json","conceptId":"concept_zV3zeYrOupQV"}}},{"SetResponseBodyShape":{"responseId":"response_DLuZuHILQK","bodyDescriptor":{"httpContentType":"application/json","conceptId":"concept_xiDttSNZDYrE"}}},{"SetResponseBodyShape":{"responseId":"response_4GZUg48MAF","bodyDescriptor":{"httpContentType":"application/json","conceptId":"concept_jMztf47FmxmO"}}},{"SetRequestBodyShape":{"requestId":"path_Xj8VEuDMnb}_put","bodyDescriptor":{"httpContentType":"application/json","conceptId":"concept_apirestv1accountuser_put_body"}}},{"SetResponseBodyShape":{"responseId":"response_iaO8KQ9nLx","bodyDescriptor":{"httpContentType":"application/json","conceptId":"concept_lzn1KpqQo0hX"}}},{"SetRequestBodyShape":{"requestId":"path_QdzLs6vMb4}_post","bodyDescriptor":{"httpContentType":"application/json","conceptId":"concept_apirestv1voicesingletext_post_body"}}},{"SetResponseBodyShape":{"responseId":"response_uZmhgYMui8","bodyDescriptor":{"httpContentType":"application/json","conceptId":"concept_fLbc6zMAiyml"}}},{"SetResponseBodyShape":{"responseId":"response_l1oCMEmZvV","bodyDescriptor":{"httpContentType":"application/json","conceptId":"concept_GYrbQ9yGhXsP"}}},{"SetResponseBodyShape":{"responseId":"response_7AVwEhfgE6","bodyDescriptor":{"httpContentType":"application/json","conceptId":"concept_79c5lWuI1hOY"}}},{"SetRequestBodyShape":{"requestId":"path_ess6K0WkLD}_post","bodyDescriptor":{"httpContentType":"application/json","conceptId":"concept_apirestv1contextlookup_post_body"}}},{"SetResponseBodyShape":{"responseId":"response_h2CkIIVCS5","bodyDescriptor":{"httpContentType":"application/json","conceptId":"concept_BtA7j8WmC5nL"}}},{"SetRequestBodyShape":{"requestId":"path_4mnWdJS2ab}_post","bodyDescriptor":{"httpContentType":"application/json","conceptId":"concept_apirestv1messagesanalysenumberofmessages_post_body"}}},{"SetResponseBodyShape":{"responseId":"response_yCdwnxrliK","bodyDescriptor":{"httpContentType":"application/json","conceptId":"concept_HGCroHJ311dd"}}},{"SetResponseBodyShape":{"responseId":"response_bM9ToV8240","bodyDescriptor":{"httpContentType":"application/json","conceptId":"concept_yCG1EQejVJqB"}}},{"SetResponseBodyShape":{"responseId":"response_ihq59nEgzq","bodyDescriptor":{"httpContentType":"application/json","conceptId":"concept_whTHqPQlhqEd"}}},{"SetResponseBodyShape":{"responseId":"response_i7pewkS6HP","bodyDescriptor":{"httpContentType":"application/json","conceptId":"concept_AqS8Etl8AySi"}}},{"SetResponseBodyShape":{"responseId":"response_T2Vi4zAsTm","bodyDescriptor":{"httpContentType":"application/json","conceptId":"concept_wY9S3Y61dgw4"}}},{"SetRequestBodyShape":{"requestId":"path_S8vyi5RuqK}_post","bodyDescriptor":{"httpContentType":"application/json","conceptId":"concept_apirestv1messagesanalysemessageencoding_post_body"}}},{"SetResponseBodyShape":{"responseId":"response_kSzWRkTMQJ","bodyDescriptor":{"httpContentType":"application/json","conceptId":"concept_1BBTX4Vbp321"}}},{"SetResponseBodyShape":{"responseId":"response_X312OXNbTk","bodyDescriptor":{"httpContentType":"application/json","conceptId":"concept_t92IfCeRdSoB"}}},{"SetResponseBodyShape":{"responseId":"response_BIgg7IIhoY","bodyDescriptor":{"httpContentType":"application/json","conceptId":"concept_2CFvDncdKNEx"}}},{"SetResponseBodyShape":{"responseId":"response_gFBoo64hZh","bodyDescriptor":{"httpContentType":"application/json","conceptId":"concept_gu2lkzFE9cuV"}}}]